#ifndef BMP_BG_HPP
#define BMP_BG_HPP

#include "xmc/gfx.hpp"

static const uint16_t bmpBgData[] = {
    0x0888, 0x0888, 0x0888, 0x0888, 0x0888, 0x0888, 0x0888, 0x0888,
    0x0888, 0x0888, 0x0888, 0x0888, 0x0888, 0x0888, 0x0888, 0x0888,
    0x0888, 0x0888, 0x0888, 0x0888, 0x0888, 0x0888, 0x0888, 0x0888,
    0x0888, 0x0888, 0x0888, 0x0888, 0x0888, 0x0888, 0x0888, 0x0888,
    0x0888, 0x0888, 0x0888, 0x0888, 0x0888, 0x0888, 0x0888, 0x0888,
    0x0888, 0x0888, 0x0888, 0x0888, 0x0888, 0x0888, 0x0888, 0x0888,
    0x0888, 0x0888, 0x0888, 0x0888, 0x0888, 0x0888, 0x0888, 0x0888,
    0x0888, 0x0888, 0x0888, 0x0888, 0x0888, 0x0888, 0x0888, 0x0888,
    0x0888, 0x0888, 0x0888, 0x0888, 0x0888, 0x0888, 0x0888, 0x0888,
    0x0888, 0x0888, 0x0888, 0x0888, 0x0888, 0x0888, 0x0888, 0x0888,
    0x0888, 0x0888, 0x0888, 0x0888, 0x0888, 0x0888, 0x0888, 0x0888,
    0x0888, 0x0888, 0x0888, 0x0888, 0x0888, 0x0888, 0x0888, 0x0888,
    0x0888, 0x0888, 0x0888, 0x0888, 0x0888, 0x0888, 0x0888, 0x0888,
    0x0888, 0x0888, 0x0888, 0x0888, 0x0888, 0x0888, 0x0888, 0x0888,
    0x0888, 0x0888, 0x0888, 0x0888, 0x0888, 0x0888, 0x0888, 0x0888,
    0x0888, 0x0888, 0x0888, 0x0888, 0x0888, 0x0888, 0x0888, 0x0888,
    0x0888, 0x0888, 0x0888, 0x0888, 0x0888, 0x0888, 0x0888, 0x0888,
    0x0888, 0x0888, 0x0888, 0x0888, 0x0888, 0x0888, 0x0888, 0x0888,
    0x0888, 0x0888, 0x0888, 0x0888, 0x0888, 0x0888, 0x0888, 0x0888,
    0x0888, 0x0888, 0x0888, 0x0888, 0x0888, 0x0888, 0x0888, 0x0888,
    0x0888, 0x0888, 0x0888, 0x0888, 0x0888, 0x0888, 0x0888, 0x0888,
    0x0888, 0x0888, 0x0888, 0x0888, 0x0888, 0x0888, 0x0888, 0x0888,
    0x0888, 0x0888, 0x0888, 0x0888, 0x0888, 0x0888, 0x0888, 0x0888,
    0x0888, 0x0888, 0x0888, 0x0888, 0x0888, 0x0888, 0x0888, 0x0888,
    0x0888, 0x0888, 0x0888, 0x0888, 0x0888, 0x0888, 0x0888, 0x0888,
    0x0888, 0x0888, 0x0888, 0x0888, 0x0888, 0x0888, 0x0888, 0x0888,
    0x0888, 0x0888, 0x0888, 0x0888, 0x0888, 0x0888, 0x0888, 0x0888,
    0x0888, 0x0888, 0x0888, 0x0888, 0x0888, 0x0888, 0x0888, 0x0888,
    0x0888, 0x0888, 0x0888, 0x0888, 0x0888, 0x0888, 0x0888, 0x0888,
    0x0888, 0x0888, 0x0888, 0x0888, 0x0888, 0x0888, 0x0888, 0x0888,
    0x0888, 0x0888, 0x0888, 0x0888, 0x0888, 0x0888, 0x0888, 0x0888,
    0x0888, 0x0888, 0x0888, 0x0888, 0x0888, 0x0888, 0x0888, 0x0888,
    0x0888, 0x0888, 0x0888, 0x0888, 0x0888, 0x0888, 0x0888, 0x0888,
    0x0888, 0x0888, 0x0888, 0x0888, 0x0888, 0x0888, 0x0888, 0x0888,
    0x0888, 0x0888, 0x0888, 0x0888, 0x0888, 0x0888, 0x0888, 0x0888,
    0x0888, 0x0888, 0x0888, 0x0888, 0x0888, 0x0888, 0x0888, 0x0888,
    0x0888, 0x0888, 0x0888, 0x0888, 0x0888, 0x0888, 0x0888, 0x0888,
    0x0888, 0x0888, 0x0888, 0x0888, 0x0888, 0x0888, 0x0888, 0x0888,
    0x0888, 0x0888, 0x0888, 0x0888, 0x0888, 0x0888, 0x0888, 0x0888,
    0x0888, 0x0888, 0x0888, 0x0888, 0x0888, 0x0888, 0x0888, 0x0888,
    0x0888, 0x0888, 0x0888, 0x0888, 0x0888, 0x0888, 0x0888, 0x0888,
    0x0888, 0x0888, 0x0888, 0x0888, 0x0888, 0x0888, 0x0888, 0x0888,
    0x0888, 0x0888, 0x0888, 0x0888, 0x0888, 0x0888, 0x0888, 0x0888,
    0x0888, 0x0888, 0x0888, 0x0888, 0x0888, 0x0888, 0x0888, 0x0888,
    0x0888, 0x0888, 0x0888, 0x0888, 0x0888, 0x0888, 0x0888, 0x0888,
    0x0888, 0x0888, 0x0888, 0x0888, 0x0888, 0x0888, 0x0888, 0x0888,
    0x0888, 0x0888, 0x0888, 0x0888, 0x0888, 0x0888, 0x0888, 0x0888,
    0x0888, 0x0888, 0x0888, 0x0888, 0x0888, 0x0888, 0x0888, 0x0888,
    0x0888, 0x0888, 0x0888, 0x0888, 0x0888, 0x0888, 0x0888, 0x0888,
    0x0888, 0x0888, 0x0888, 0x0888, 0x0888, 0x0888, 0x0888, 0x0888,
    0x0888, 0x0888, 0x0888, 0x0888, 0x0888, 0x0888, 0x0888, 0x0888,
    0x0888, 0x0888, 0x0888, 0x0888, 0x0888, 0x0888, 0x0888, 0x0888,
    0x0888, 0x0888, 0x0888, 0x0888, 0x0888, 0x0888, 0x0888, 0x0888,
    0x0888, 0x0888, 0x0888, 0x0888, 0x0888, 0x0888, 0x0888, 0x0888,
    0x0888, 0x0888, 0x0888, 0x0888, 0x0888, 0x0888, 0x0888, 0x0888,
    0x0888, 0x0888, 0x0888, 0x0888, 0x0888, 0x0888, 0x0888, 0x0888,
    0x0888, 0x0888, 0x0888, 0x0888, 0x0888, 0x0888, 0x0888, 0x0888,
    0x0888, 0x0888, 0x0888, 0x0888, 0x0888, 0x0888, 0x0888, 0x0888,
    0x0888, 0x0888, 0x0888, 0x0888, 0x0888, 0x0888, 0x0888, 0x0888,
    0x0888, 0x0888, 0x0888, 0x0888, 0x0888, 0x0888, 0x0888, 0x0888,
    0x0888, 0x0888, 0x0888, 0x0888, 0x0888, 0x0888, 0x0888, 0x0888,
    0x0888, 0x0888, 0x0888, 0x0888, 0x0888, 0x0888, 0x0888, 0x0888,
    0x0888, 0x0888, 0x0888, 0x0888, 0x0888, 0x0888, 0x0888, 0x0888,
    0x0888, 0x0888, 0x0888, 0x0888, 0x0888, 0x0888, 0x0888, 0x0888,
    0x0888, 0x0888, 0x0888, 0x0888, 0x0888, 0x0888, 0x0888, 0x0888,
    0x0888, 0x0888, 0x0888, 0x0888, 0x0888, 0x0888, 0x0888, 0x0888,
    0x0888, 0x0888, 0x0888, 0x0888, 0x0888, 0x0888, 0x0888, 0x0888,
    0x0888, 0x0888, 0x0888, 0x0888, 0x0888, 0x0888, 0x0888, 0x0888,
    0x0888, 0x0888, 0x0888, 0x0888, 0x0888, 0x0888, 0x0888, 0x0888,
    0x0888, 0x0888, 0x0888, 0x0888, 0x0888, 0x0888, 0x0888, 0x0888,
    0x0888, 0x0888, 0x0888, 0x0888, 0x0888, 0x0888, 0x0888, 0x0888,
    0x0888, 0x0888, 0x0888, 0x0888, 0x0888, 0x0888, 0x0888, 0x0888,
    0x0888, 0x0888, 0x0888, 0x0888, 0x0888, 0x0888, 0x0888, 0x0888,
    0x0888, 0x0888, 0x0888, 0x0888, 0x0888, 0x0888, 0x0888, 0x0888,
    0x0888, 0x0888, 0x0888, 0x0888, 0x0888, 0x0888, 0x0888, 0x0888,
    0x0888, 0x0888, 0x0888, 0x0888, 0x0888, 0x0888, 0x0888, 0x0888,
    0x0888, 0x0888, 0x0888, 0x0888, 0x0888, 0x0888, 0x0888, 0x0888,
    0x0888, 0x0888, 0x0888, 0x0888, 0x0888, 0x0888, 0x0888, 0x0888,
    0x0888, 0x0888, 0x0888, 0x0888, 0x0888, 0x0888, 0x0888, 0x0888,
    0x0888, 0x0888, 0x0888, 0x0888, 0x0888, 0x0888, 0x0888, 0x0888,
    0x0888, 0x0888, 0x0888, 0x0888, 0x0888, 0x0888, 0x0888, 0x0888,
    0x0888, 0x0888, 0x0888, 0x0888, 0x0888, 0x0888, 0x0888, 0x0888,
    0x0888, 0x0888, 0x0888, 0x0888, 0x0888, 0x0888, 0x0888, 0x0888,
    0x0888, 0x0888, 0x0888, 0x0888, 0x0888, 0x0888, 0x0888, 0x0888,
    0x0888, 0x0888, 0x0888, 0x0888, 0x0888, 0x0888, 0x0888, 0x0888,
    0x0888, 0x0888, 0x0888, 0x0888, 0x0888, 0x0888, 0x0888, 0x0888,
    0x0888, 0x0888, 0x0888, 0x0888, 0x0888, 0x0888, 0x0888, 0x0888,
    0x0888, 0x0888, 0x0888, 0x0888, 0x0888, 0x0888, 0x0888, 0x0888,
    0x0888, 0x0888, 0x0888, 0x0888, 0x0888, 0x0888, 0x0888, 0x0888,
    0x0888, 0x0888, 0x0888, 0x0888, 0x0888, 0x0888, 0x0888, 0x0888,
    0x0888, 0x0888, 0x0888, 0x0888, 0x0888, 0x0888, 0x0888, 0x0888,
    0x0888, 0x0888, 0x0888, 0x0888, 0x0888, 0x0888, 0x0888, 0x0888,
    0x0888, 0x0888, 0x0888, 0x0888, 0x0888, 0x0888, 0x0888, 0x0888,
    0x0888, 0x0888, 0x0888, 0x0888, 0x0888, 0x0888, 0x0888, 0x0888,
    0x0888, 0x0888, 0x0888, 0x0888, 0x0888, 0x0888, 0x0888, 0x0888,
    0x0888, 0x0888, 0x0888, 0x0888, 0x0888, 0x0888, 0x0888, 0x0888,
    0x0888, 0x0888, 0x0888, 0x0888, 0x0888, 0x0888, 0x0888, 0x0888,
    0x0888, 0x0888, 0x0888, 0x0888, 0x0888, 0x0888, 0x0888, 0x0888,
    0x0888, 0x0888, 0x0888, 0x0888, 0x0888, 0x0888, 0x0888, 0x0888,
    0x0888, 0x0888, 0x0888, 0x0888, 0x0888, 0x0888, 0x0888, 0x0888,
    0x0888, 0x0888, 0x0888, 0x0888, 0x0888, 0x0888, 0x0888, 0x0888,
    0x0888, 0x0888, 0x0888, 0x0888, 0x0888, 0x0888, 0x0888, 0x0888,
    0x0888, 0x0888, 0x0888, 0x0888, 0x0888, 0x0888, 0x0888, 0x0888,
    0x0888, 0x0888, 0x0888, 0x0888, 0x0888, 0x0888, 0x0888, 0x0888,
    0x0888, 0x0888, 0x0888, 0x0888, 0x0888, 0x0888, 0x0888, 0x0888,
    0x0888, 0x0888, 0x0888, 0x0888, 0x0888, 0x0888, 0x0888, 0x0888,
    0x0888, 0x0888, 0x0888, 0x0888, 0x0888, 0x0888, 0x0888, 0x0888,
    0x0888, 0x0888, 0x0888, 0x0888, 0x0888, 0x0888, 0x0888, 0x0888,
    0x0888, 0x0888, 0x0888, 0x0888, 0x0888, 0x0888, 0x0888, 0x0888,
    0x0888, 0x0888, 0x0888, 0x0888, 0x0888, 0x0888, 0x0888, 0x0888,
    0x0888, 0x0888, 0x0888, 0x0888, 0x0888, 0x0888, 0x0888, 0x0888,
    0x0888, 0x0888, 0x0888, 0x0888, 0x0888, 0x0888, 0x0888, 0x0888,
    0x0888, 0x0888, 0x0888, 0x0888, 0x0888, 0x0888, 0x0888, 0x0888,
    0x0888, 0x0888, 0x0888, 0x0888, 0x0888, 0x0888, 0x0888, 0x0888,
    0x0888, 0x0888, 0x0888, 0x0888, 0x0888, 0x0888, 0x0888, 0x0888,
    0x0888, 0x0888, 0x0888, 0x0888, 0x0888, 0x0888, 0x0888, 0x0888,
    0x0888, 0x0888, 0x0888, 0x0888, 0x0888, 0x0888, 0x0888, 0x0888,
    0x0888, 0x0888, 0x0888, 0x0888, 0x0888, 0x0888, 0x0888, 0x0888,
    0x0888, 0x0888, 0x0888, 0x0888, 0x0888, 0x0888, 0x0888, 0x0888,
    0x0888, 0x0888, 0x0888, 0x0888, 0x0888, 0x0888, 0x0888, 0x0888,
    0x0888, 0x0888, 0x0888, 0x0888, 0x0888, 0x0888, 0x0888, 0x0888,
    0x0888, 0x0888, 0x0888, 0x0888, 0x0888, 0x0888, 0x0888, 0x0888,
    0x0888, 0x0888, 0x0888, 0x0888, 0x0888, 0x0888, 0x0888, 0x0888,
    0x0888, 0x0888, 0x0888, 0x0888, 0x0888, 0x0888, 0x0888, 0x0888,
    0x0888, 0x0888, 0x0888, 0x0888, 0x0888, 0x0888, 0x0888, 0x0888,
    0x0888, 0x0888, 0x0888, 0x0888, 0x0888, 0x0888, 0x0888, 0x0888,
    0x0888, 0x0888, 0x0888, 0x0888, 0x0888, 0x0888, 0x0888, 0x0888,
    0x0888, 0x0888, 0x0888, 0x0888, 0x0888, 0x0888, 0x0888, 0x0888,
    0x0888, 0x0888, 0x0888, 0x0888, 0x0888, 0x0888, 0x0888, 0x0888,
    0x0888, 0x0888, 0x0888, 0x0888, 0x0888, 0x0888, 0x0888, 0x0888,
    0x0888, 0x0888, 0x0888, 0x0888, 0x0888, 0x0888, 0x0888, 0x0888,
    0x0888, 0x0888, 0x0888, 0x0888, 0x0888, 0x0888, 0x0888, 0x0888,
    0x0888, 0x0888, 0x0888, 0x0888, 0x0888, 0x0888, 0x0888, 0x0888,
    0x0888, 0x0888, 0x0888, 0x0888, 0x0888, 0x0888, 0x0888, 0x0888,
    0x0888, 0x0888, 0x0888, 0x0888, 0x0888, 0x0888, 0x0888, 0x0888,
    0x0888, 0x0888, 0x0888, 0x0888, 0x0888, 0x0888, 0x0888, 0x0888,
    0x0888, 0x0888, 0x0888, 0x0888, 0x0888, 0x0888, 0x0888, 0x0888,
    0x0888, 0x0888, 0x0888, 0x0888, 0x0888, 0x0888, 0x0888, 0x0888,
    0x0888, 0x0888, 0x0888, 0x0888, 0x0888, 0x0888, 0x0888, 0x0888,
    0x0888, 0x0888, 0x0888, 0x0888, 0x0888, 0x0888, 0x0888, 0x0888,
    0x0888, 0x0888, 0x0888, 0x0888, 0x0888, 0x0888, 0x0888, 0x0888,
    0x0888, 0x0888, 0x0888, 0x0888, 0x0888, 0x0888, 0x0888, 0x0888,
    0x0888, 0x0888, 0x0888, 0x0888, 0x0888, 0x0888, 0x0888, 0x0888,
    0x0888, 0x0888, 0x0888, 0x0888, 0x0888, 0x0888, 0x0888, 0x0888,
    0x0888, 0x0888, 0x0888, 0x0888, 0x0888, 0x0888, 0x0888, 0x0888,
    0x0888, 0x0888, 0x0888, 0x0888, 0x0888, 0x0888, 0x0888, 0x0888,
    0x0888, 0x0888, 0x0888, 0x0888, 0x0888, 0x0888, 0x0888, 0x0888,
    0x0888, 0x0888, 0x0888, 0x0888, 0x0888, 0x0888, 0x0888, 0x0888,
    0x0888, 0x0888, 0x0888, 0x0888, 0x0888, 0x0888, 0x0888, 0x0888,
    0x0888, 0x0888, 0x0888, 0x0888, 0x0888, 0x0888, 0x0888, 0x0888,
    0x0888, 0x0888, 0x0888, 0x0888, 0x0888, 0x0888, 0x0888, 0x0888,
    0x0888, 0x0888, 0x0888, 0x0888, 0x0888, 0x0888, 0x0888, 0x0888,
    0x0888, 0x0888, 0x0888, 0x0888, 0x0888, 0x0888, 0x0888, 0x0888,
    0x0888, 0x0888, 0x0888, 0x0888, 0x0888, 0x0888, 0x0888, 0x0888,
    0x0888, 0x0888, 0x0888, 0x0888, 0x0888, 0x0888, 0x0888, 0x0888,
    0x0888, 0x0888, 0x0888, 0x0888, 0x0888, 0x0888, 0x0888, 0x0888,
    0x0888, 0x0888, 0x0888, 0x0888, 0x0888, 0x0888, 0x0888, 0x0888,
    0x0888, 0x0888, 0x0888, 0x0888, 0x0888, 0x0888, 0x0888, 0x0888,
    0x0888, 0x0888, 0x0888, 0x0888, 0x0888, 0x0888, 0x0888, 0x0888,
    0x0888, 0x0888, 0x0888, 0x0888, 0x0888, 0x0888, 0x0888, 0x0888,
    0x0888, 0x0888, 0x0888, 0x0888, 0x0888, 0x0888, 0x0888, 0x0888,
    0x0888, 0x0888, 0x0888, 0x0888, 0x0888, 0x0888, 0x0888, 0x0888,
    0x0888, 0x0888, 0x0888, 0x0888, 0x0888, 0x0888, 0x0888, 0x0888,
    0x0888, 0x0888, 0x0888, 0x0888, 0x0888, 0x0888, 0x0888, 0x0888,
    0x0888, 0x0888, 0x0888, 0x0888, 0x0888, 0x0888, 0x0888, 0x0888,
    0x0888, 0x0888, 0x0888, 0x0888, 0x0888, 0x0888, 0x0888, 0x0888,
    0x0888, 0x0888, 0x0888, 0x0888, 0x0888, 0x0888, 0x0888, 0x0888,
    0x0888, 0x0888, 0x0888, 0x0888, 0x0888, 0x0888, 0x0888, 0x0888,
    0x0888, 0x0888, 0x0888, 0x0888, 0x0888, 0x0888, 0x0888, 0x0888,
    0x0888, 0x0888, 0x0888, 0x0888, 0x0888, 0x0888, 0x0888, 0x0888,
    0x0888, 0x0888, 0x0888, 0x0888, 0x0888, 0x0888, 0x0888, 0x0888,
    0x0888, 0x0888, 0x0888, 0x0888, 0x0888, 0x0888, 0x0888, 0x0888,
    0x0888, 0x0888, 0x0888, 0x0888, 0x0888, 0x0888, 0x0888, 0x0888,
    0x0888, 0x0888, 0x0888, 0x0888, 0x0888, 0x0888, 0x0888, 0x0888,
    0x0888, 0x0888, 0x0888, 0x0888, 0x0888, 0x0888, 0x0888, 0x0888,
    0x0888, 0x0888, 0x0888, 0x0888, 0x0888, 0x0888, 0x0888, 0x0888,
    0x0888, 0x0888, 0x0888, 0x0888, 0x0888, 0x0888, 0x0888, 0x0888,
    0x0888, 0x0888, 0x0888, 0x0888, 0x0888, 0x0888, 0x0888, 0x0888,
    0x0888, 0x0888, 0x0888, 0x0888, 0x0888, 0x0888, 0x0888, 0x0888,
    0x0888, 0x0888, 0x0888, 0x0888, 0x0888, 0x0888, 0x0888, 0x0888,
    0x0888, 0x0888, 0x0888, 0x0888, 0x0888, 0x0888, 0x0888, 0x0888,
    0x0888, 0x0888, 0x0888, 0x0888, 0x0888, 0x0888, 0x0888, 0x0888,
    0x0888, 0x0888, 0x0888, 0x0888, 0x0888, 0x0888, 0x0888, 0x0888,
    0x0888, 0x0888, 0x0888, 0x0888, 0x0888, 0x0888, 0x0888, 0x0888,
    0x0888, 0x0888, 0x0888, 0x0888, 0x0888, 0x0888, 0x0888, 0x0888,
    0x0888, 0x0888, 0x0888, 0x0888, 0x0888, 0x0888, 0x0888, 0x0888,
    0x0888, 0x0888, 0x0888, 0x0888, 0x0888, 0x0888, 0x0888, 0x0888,
    0x0888, 0x0888, 0x0888, 0x0888, 0x0888, 0x0888, 0x0888, 0x0888,
    0x0888, 0x0888, 0x0888, 0x0888, 0x0888, 0x0888, 0x0888, 0x0888,
    0x0888, 0x0888, 0x0888, 0x0888, 0x0888, 0x0888, 0x0888, 0x0888,
    0x0888, 0x0888, 0x0888, 0x0888, 0x0888, 0x0888, 0x0888, 0x0888,
    0x0888, 0x0888, 0x0888, 0x0888, 0x0888, 0x0888, 0x0888, 0x0888,
    0x0888, 0x0888, 0x0888, 0x0888, 0x0888, 0x0888, 0x0888, 0x0888,
    0x0888, 0x0888, 0x0888, 0x0888, 0x0888, 0x0888, 0x0888, 0x0888,
    0x0888, 0x0888, 0x0888, 0x0888, 0x0888, 0x0888, 0x0888, 0x0888,
    0x0888, 0x0888, 0x0888, 0x0888, 0x0888, 0x0888, 0x0888, 0x0888,
    0x0888, 0x0888, 0xFFFF, 0xFFFF, 0x0888, 0x0888, 0x0888, 0x0888,
    0x0888, 0x0888, 0x0888, 0x0888, 0x0888, 0x0888, 0x0888, 0x0888,
    0x0888, 0x0888, 0x0888, 0x0888, 0x0888, 0x0888, 0x0888, 0x0888,
    0x0888, 0x0888, 0x0888, 0x0888, 0x0888, 0x0888, 0x0888, 0x0888,
    0x0888, 0x0888, 0x0888, 0x0888, 0x0888, 0x0888, 0x0888, 0x0888,
    0x0888, 0x0888, 0x0888, 0x0888, 0x0888, 0x0888, 0x0888, 0x0888,
    0x0888, 0x0888, 0x0888, 0x0888, 0x0888, 0x0888, 0x0888, 0x0888,
    0x0888, 0x0888, 0x0888, 0x0888, 0x0888, 0x0888, 0x0888, 0x0888,
    0x0888, 0x0888, 0x0888, 0x0888, 0x0888, 0x0888, 0x0888, 0x0888,
    0x0888, 0x0888, 0x0888, 0x0888, 0x0888, 0x0888, 0x0888, 0x0888,
    0x0888, 0x0888, 0x0888, 0x0888, 0x0888, 0x0888, 0x0888, 0x0888,
    0x0888, 0x0888, 0x0888, 0x0888, 0x0888, 0x0888, 0x0888, 0x0888,
    0x0888, 0x0888, 0x0888, 0x0888, 0x0888, 0x0888, 0x0888, 0x0888,
    0x0888, 0x0888, 0x0888, 0x0888, 0x0888, 0x0888, 0x0888, 0x0888,
    0x0888, 0x0888, 0x0888, 0x0888, 0x0888, 0x0888, 0x0888, 0x0888,
    0x0888, 0x0888, 0x0888, 0x0888, 0x0888, 0x0888, 0x0888, 0x0888,
    0x0888, 0x0888, 0x0888, 0x0888, 0x0888, 0x0888, 0x0888, 0x0888,
    0x0888, 0x0888, 0x0888, 0x0888, 0x0888, 0x0888, 0x0888, 0x0888,
    0x0888, 0x0888, 0x0888, 0x0888, 0x0888, 0x0888, 0x0888, 0x0888,
    0x0888, 0x0888, 0x0888, 0x0888, 0x0888, 0x0888, 0x0888, 0x0888,
    0x0888, 0x0888, 0x0888, 0x0888, 0x0888, 0x0888, 0x0888, 0x0888,
    0x0888, 0x0888, 0x0888, 0x0888, 0x0888, 0x0888, 0x0888, 0x0888,
    0x0888, 0x0888, 0x0888, 0x0888, 0x0888, 0x0888, 0x0888, 0x0888,
    0x0888, 0x0888, 0x0888, 0x0888, 0x0888, 0x0888, 0x0888, 0x0888,
    0x0888, 0x0888, 0x0888, 0x0888, 0x0888, 0x0888, 0x0888, 0x0888,
    0x0888, 0x0888, 0x0888, 0x0888, 0x0888, 0x0888, 0x0888, 0x0888,
    0x0888, 0x0888, 0x0888, 0x0888, 0x0888, 0x0888, 0x0888, 0x0888,
    0x0888, 0x0888, 0x0888, 0x0888, 0x0888, 0x0888, 0x0888, 0x0888,
    0x0888, 0x0888, 0x0888, 0x0888, 0xF8C0, 0x0888, 0x0888, 0x0888,
    0x0888, 0x0888, 0x0888, 0x0888, 0x0888, 0x0888, 0x0888, 0x0888,
    0x0888, 0x0888, 0x0888, 0x0888, 0x0888, 0x0888, 0xF8C0, 0x0888,
    0x0888, 0x0888, 0x0888, 0x0888, 0x0888, 0x0888, 0x0888, 0x0888,
    0x0888, 0x0888, 0xFFFF, 0xFFFF, 0x0888, 0x0888, 0x0888, 0x0888,
    0x0888, 0x0888, 0x0888, 0x0888, 0x0888, 0x0888, 0x0888, 0x0888,
    0x0888, 0x0888, 0x0888, 0x0888, 0x0888, 0x0888, 0x0888, 0x0888,
    0x0888, 0x0888, 0x0888, 0x0888, 0x0888, 0x0888, 0x0888, 0x0888,
    0x0888, 0x0888, 0x0888, 0x0888, 0xF8C0, 0x0888, 0x0888, 0x0888,
    0x0888, 0x0888, 0x0888, 0x0888, 0x0888, 0x0888, 0x0888, 0x0888,
    0x0888, 0x0888, 0x0888, 0x0888, 0x0888, 0x0888, 0xF8C0, 0x0888,
    0x0888, 0x0888, 0x0888, 0x0888, 0x0888, 0x0888, 0x0888, 0x0888,
    0x0888, 0x0888, 0x0888, 0x0888, 0x0888, 0x0888, 0x0888, 0x0888,
    0x0888, 0x0888, 0x0888, 0x0888, 0x0888, 0x0888, 0x0888, 0x0888,
    0x0888, 0x0888, 0x0888, 0x0888, 0x0888, 0x0888, 0x0888, 0x0888,
    0x0888, 0x0888, 0x0888, 0x0888, 0x0888, 0x0888, 0x0888, 0x0888,
    0x0888, 0x0888, 0x0888, 0x0888, 0x0888, 0x0888, 0x0888, 0x0888,
    0x0888, 0x0888, 0x0888, 0x0888, 0x0888, 0x0888, 0x0888, 0x0888,
    0x0888, 0x0888, 0x0888, 0x0888, 0x0888, 0x0888, 0x0888, 0x0888,
    0x0888, 0x0888, 0x0888, 0x0888, 0x0888, 0x0888, 0x0888, 0x0888,
    0x0888, 0x0888, 0x0888, 0x0888, 0x0888, 0x0888, 0x0888, 0x0888,
    0x0888, 0x0888, 0x0888, 0x0888, 0x0888, 0x0888, 0x0888, 0x0888,
    0x0888, 0x0888, 0x0888, 0x0888, 0x0888, 0x0888, 0x0888, 0x0888,
    0x0888, 0x0888, 0x0888, 0x0888, 0x0888, 0x0888, 0x0888, 0x0888,
    0x0888, 0x0888, 0x0888, 0x0888, 0x0888, 0x0888, 0x0888, 0x0888,
    0x0888, 0x0888, 0x0888, 0x0888, 0x0888, 0x0888, 0x0888, 0x0888,
    0x0888, 0x0888, 0x0888, 0x0888, 0x0888, 0x0888, 0x0888, 0x0888,
    0x0888, 0x0888, 0x0888, 0x0888, 0x0888, 0x0888, 0x0888, 0x0888,
    0x0888, 0x0888, 0x0888, 0x0888, 0x0888, 0x0888, 0x0888, 0x0888,
    0x0888, 0x0888, 0x0888, 0x0888, 0x0888, 0x0888, 0x0888, 0x0888,
    0x0888, 0x0888, 0x0888, 0x0888, 0x0888, 0x0888, 0x0888, 0x0888,
    0x0888, 0x0888, 0x0888, 0x0888, 0x0888, 0x0888, 0x0888, 0x0888,
    0x0888, 0x0888, 0x0888, 0xF8C0, 0xF8C0, 0xFFFF, 0xFFFF, 0x0888,
    0x0888, 0x0888, 0x0888, 0x0888, 0x0888, 0x0888, 0x0888, 0x0888,
    0x0888, 0x0888, 0x0888, 0x0888, 0x0888, 0x0888, 0x0888, 0xF8C0,
    0x0888, 0x0888, 0x0888, 0x0888, 0x0888, 0x0888, 0x0888, 0xF8C0,
    0xFFFF, 0xFFFF, 0xFFB0, 0xFFB0, 0xFFFF, 0xFFFF, 0x0888, 0x0888,
    0x0888, 0x0888, 0x0888, 0xF8C0, 0x0888, 0x0888, 0x0888, 0x0888,
    0x0888, 0x0888, 0x0888, 0x0888, 0x0888, 0x0888, 0x0888, 0xF8C0,
    0x0888, 0x0888, 0x0888, 0x0888, 0x0888, 0x0888, 0x0888, 0x0888,
    0x0888, 0x0888, 0x0888, 0xF8C0, 0xF8C0, 0x0888, 0x0888, 0x0888,
    0x0888, 0x0888, 0x0888, 0x0888, 0x0888, 0x0888, 0x0888, 0x0888,
    0x0888, 0x0888, 0x0888, 0x0888, 0x0888, 0x0888, 0x0888, 0xF8C0,
    0x0888, 0x0888, 0x0888, 0x0888, 0x0888, 0x0888, 0x0888, 0xF8C0,
    0x0888, 0x0888, 0x0888, 0x0888, 0x0888, 0x0888, 0x0888, 0x0888,
    0x0888, 0x0888, 0x0888, 0xF8C0, 0x0888, 0x0888, 0x0888, 0x0888,
    0x0888, 0x0888, 0x0888, 0x0888, 0x0888, 0x0888, 0x0888, 0xF8C0,
    0x0888, 0x0888, 0x0888, 0x0888, 0x0888, 0x0888, 0x0888, 0x0888,
    0x0888, 0x0888, 0x0888, 0x0888, 0x0888, 0x0888, 0x0888, 0x0888,
    0x0888, 0x0888, 0x0888, 0x0888, 0x0888, 0x0888, 0x0888, 0x0888,
    0x0888, 0x0888, 0x0888, 0x0888, 0x0888, 0x0888, 0x0888, 0x0888,
    0x0888, 0x0888, 0x0888, 0x0888, 0x0888, 0x0888, 0x0888, 0x0888,
    0x0888, 0x0888, 0x0888, 0x0888, 0x0888, 0x0888, 0x0888, 0x0888,
    0x0888, 0x0888, 0x0888, 0x0888, 0x0888, 0x0888, 0x0888, 0x0888,
    0x0888, 0x0888, 0x0888, 0x0888, 0x0888, 0x0888, 0x0888, 0x0888,
    0x0888, 0x0888, 0x0888, 0x0888, 0x0888, 0x0888, 0x0888, 0x0888,
    0x0888, 0x0888, 0x0888, 0x0888, 0x0888, 0x0888, 0x0888, 0x0888,
    0x0888, 0x0888, 0x0888, 0x0888, 0x0888, 0x0888, 0x0888, 0x0888,
    0x0888, 0x0888, 0x0888, 0x0888, 0x0888, 0x0888, 0x0888, 0x0888,
    0x0888, 0x0888, 0x0888, 0x0888, 0x0888, 0x0888, 0x0888, 0x0888,
    0x0888, 0x0888, 0x0888, 0x0888, 0x0888, 0x0888, 0x0888, 0x0888,
    0x0888, 0x0888, 0x0888, 0x0888, 0x0888, 0x0888, 0x0888, 0x0888,
    0x0888, 0x0888, 0x0888, 0x0888, 0x0888, 0x0888, 0x0888, 0x0888,
    0x0888, 0x0888, 0x0888, 0x0888, 0x0888, 0x0888, 0x0888, 0x0888,
    0x0888, 0x0888, 0x0888, 0xF8C0, 0x0888, 0xFFFF, 0xFFFF, 0x0888,
    0xF8C0, 0x0888, 0x0888, 0x0888, 0x0888, 0x0888, 0x0888, 0x0888,
    0x0888, 0x0888, 0x0888, 0xF8C0, 0x0888, 0x0888, 0x0888, 0xF8C0,
    0xF8C0, 0x0888, 0x0888, 0x0888, 0x0888, 0x0888, 0xF8C0, 0x0888,
    0xFFFF, 0xFFFF, 0xFFB0, 0xFFB0, 0xFFFF, 0xFFFF, 0x0888, 0x0888,
    0x0888, 0x0888, 0xF8C0, 0x0888, 0x0888, 0x0888, 0x0888, 0x0888,
    0x0888, 0xF8C0, 0x0888, 0x0888, 0x0888, 0x0888, 0x0888, 0xFFFF,
    0xFFFF, 0x0888, 0x0888, 0x0888, 0x0888, 0x0888, 0x0888, 0x0888,
    0x0888, 0x0888, 0x0888, 0xF8C0, 0x0888, 0x0888, 0x0888, 0x0888,
    0xF8C0, 0x0888, 0x0888, 0x0888, 0x0888, 0x0888, 0x0888, 0x0888,
    0x0888, 0x0888, 0x0888, 0xF8C0, 0x0888, 0x0888, 0x0888, 0xF8C0,
    0xF8C0, 0x0888, 0x0888, 0x0888, 0x0888, 0x0888, 0xF8C0, 0x0888,
    0xF8C0, 0x0888, 0x0888, 0x0888, 0x0888, 0x0888, 0x0888, 0x0888,
    0x0888, 0x0888, 0xF8C0, 0x0888, 0x0888, 0x0888, 0x0888, 0x0888,
    0x0888, 0xF8C0, 0x0888, 0x0888, 0x0888, 0x0888, 0x0888, 0xF8C0,
    0x0888, 0x0888, 0x0888, 0x0888, 0x0888, 0x0888, 0x0888, 0x0888,
    0x0888, 0x0888, 0x0888, 0x0888, 0x0888, 0x0888, 0x0888, 0x0888,
    0x0888, 0x0888, 0x0888, 0x0888, 0x0888, 0x0888, 0x0888, 0x0888,
    0x0888, 0x0888, 0x0888, 0x0888, 0x0888, 0x0888, 0x0888, 0x0888,
    0x0888, 0x0888, 0x0888, 0x0888, 0x0888, 0x0888, 0x0888, 0x0888,
    0x0888, 0x0888, 0x0888, 0x0888, 0x0888, 0x0888, 0x0888, 0x0888,
    0x0888, 0x0888, 0x0888, 0x0888, 0x0888, 0x0888, 0x0888, 0x0888,
    0x0888, 0x0888, 0x0888, 0x0888, 0x0888, 0x0888, 0x0888, 0x0888,
    0x0888, 0x0888, 0x0888, 0x0888, 0x0888, 0x0888, 0x0888, 0x0888,
    0x0888, 0x0888, 0x0888, 0x0888, 0x0888, 0x0888, 0x0888, 0x0888,
    0x0888, 0x0888, 0x0888, 0x0888, 0x0888, 0x0888, 0x0888, 0x0888,
    0x0888, 0x0888, 0x0888, 0x0888, 0x0888, 0x0888, 0x0888, 0x0888,
    0x0888, 0x0888, 0x0888, 0x0888, 0x0888, 0x0888, 0x0888, 0x0888,
    0x0888, 0x0888, 0x0888, 0x0888, 0x0888, 0x0888, 0x0888, 0x0888,
    0x0888, 0x0888, 0x0888, 0x0888, 0x0888, 0x0888, 0x0888, 0x0888,
    0x0888, 0x0888, 0x0888, 0x0888, 0x0888, 0x0888, 0x0888, 0x0888,
    0x0888, 0x0888, 0x0888, 0x0888, 0x0888, 0x0888, 0x0888, 0x0888,
    0x0888, 0x0888, 0xF8C0, 0xFFFF, 0xFFFF, 0xFFB0, 0xFFB0, 0xFFFF,
    0xFFFF, 0x0888, 0x0888, 0x0888, 0x0888, 0x0888, 0xF8C0, 0x0888,
    0x0888, 0x0888, 0xF8C0, 0xF8C0, 0x0888, 0x0888, 0x0888, 0x0888,
    0xF8C0, 0x0888, 0x0888, 0x0888, 0xFFFF, 0xFFFF, 0xF8C0, 0x0888,
    0xF8C0, 0x0888, 0xFFFF, 0xFFFF, 0x0888, 0x0888, 0xF8C0, 0x0888,
    0x0888, 0x0888, 0xF8C0, 0x0888, 0x0888, 0x0888, 0x0888, 0x0888,
    0x0888, 0x0888, 0xF8C0, 0x0888, 0x0888, 0x0888, 0xF8C0, 0xFFFF,
    0xFFFF, 0x0888, 0x0888, 0x0888, 0x0888, 0x0888, 0xF8C0, 0x0888,
    0x0888, 0x0888, 0xF8C0, 0xF8C0, 0x0888, 0x0888, 0x0888, 0x0888,
    0xF8C0, 0x0888, 0x0888, 0x0888, 0x0888, 0x0888, 0xF8C0, 0x0888,
    0x0888, 0x0888, 0xF8C0, 0xF8C0, 0x0888, 0x0888, 0x0888, 0x0888,
    0xF8C0, 0x0888, 0x0888, 0x0888, 0x0888, 0x0888, 0xF8C0, 0x0888,
    0xF8C0, 0x0888, 0x0888, 0x0888, 0x0888, 0x0888, 0xF8C0, 0x0888,
    0x0888, 0x0888, 0xF8C0, 0x0888, 0x0888, 0x0888, 0x0888, 0x0888,
    0x0888, 0x0888, 0xF8C0, 0x0888, 0x0888, 0x0888, 0xF8C0, 0x0888,
    0x0888, 0x0888, 0x0888, 0x0888, 0x0888, 0x0888, 0xF8C0, 0x0888,
    0x0888, 0x0888, 0x0888, 0x0888, 0x0888, 0x0888, 0x0888, 0x0888,
    0x0888, 0x0888, 0x0888, 0x0888, 0x0888, 0x0888, 0x0888, 0x0888,
    0x0888, 0x0888, 0x0888, 0x0888, 0x0888, 0x0888, 0x0888, 0x0888,
    0x0888, 0x0888, 0x0888, 0x0888, 0x0888, 0x0888, 0x0888, 0x0888,
    0x0888, 0x0888, 0x0888, 0x0888, 0x0888, 0x0888, 0x0888, 0x0888,
    0x0888, 0x0888, 0x0888, 0x0888, 0x0888, 0x0888, 0x0888, 0x0888,
    0x0888, 0x0888, 0x0888, 0x0888, 0x0888, 0x0888, 0x0888, 0x0888,
    0x0888, 0x0888, 0x0888, 0x0888, 0x0888, 0x0888, 0x0888, 0x0888,
    0x0888, 0x0888, 0x0888, 0x0888, 0x0888, 0x0888, 0x0888, 0x0888,
    0x0888, 0x0888, 0x0888, 0x0888, 0x0888, 0x0888, 0x0888, 0x0888,
    0x0888, 0x0888, 0x0888, 0x0888, 0x0888, 0x0888, 0x0888, 0x0888,
    0x0888, 0x0888, 0x0888, 0x0888, 0x0888, 0x0888, 0x0888, 0x0888,
    0x0888, 0x0888, 0x0888, 0x0888, 0x0888, 0x0888, 0x0888, 0x0888,
    0x0888, 0x0888, 0x0888, 0x0888, 0x0888, 0x0888, 0x0888, 0x0888,
    0x0888, 0x0888, 0x0888, 0x0888, 0x0888, 0x0888, 0x0888, 0x0888,
    0x0888, 0x0888, 0x0888, 0x0888, 0x0888, 0x0888, 0x0888, 0x0888,
    0x0888, 0xF8C0, 0xF8C0, 0xFFFF, 0xFFFF, 0xFFB0, 0xFFB0, 0xFFFF,
    0xFFFF, 0xF8C0, 0x0888, 0x0888, 0x0888, 0xF8C0, 0xF8C0, 0x0888,
    0x0888, 0x0888, 0xF8C0, 0x0888, 0x0888, 0x0888, 0x0888, 0x0888,
    0xF8C0, 0xF8C0, 0x0888, 0x0888, 0xFFFF, 0xFFFF, 0xF8C0, 0x0888,
    0xF8C0, 0xF8C0, 0xFFFF, 0xFFFF, 0x0888, 0xF8C0, 0xF8C0, 0x0888,
    0x0888, 0xF8C0, 0xF8C0, 0x0888, 0xF8C0, 0x0888, 0x0888, 0x0888,
    0x0888, 0x0888, 0xF8C0, 0x0888, 0x0888, 0xFFFF, 0xFFFF, 0xFFB0,
    0xFFB0, 0xFFFF, 0xFFFF, 0x0888, 0x0888, 0xF8C0, 0x0888, 0x0888,
    0x0888, 0xF8C0, 0xF8C0, 0xF8C0, 0x0888, 0xF8C0, 0x0888, 0x0888,
    0x0888, 0xF8C0, 0x0888, 0x0888, 0x0888, 0xF8C0, 0xF8C0, 0x0888,
    0x0888, 0x0888, 0xF8C0, 0x0888, 0x0888, 0x0888, 0x0888, 0x0888,
    0xF8C0, 0xF8C0, 0x0888, 0x0888, 0x0888, 0x0888, 0xF8C0, 0x0888,
    0xF8C0, 0xF8C0, 0x0888, 0x0888, 0x0888, 0xF8C0, 0xF8C0, 0x0888,
    0x0888, 0xF8C0, 0xF8C0, 0x0888, 0xF8C0, 0x0888, 0x0888, 0x0888,
    0x0888, 0x0888, 0xF8C0, 0x0888, 0x0888, 0x0888, 0xF8C0, 0x0888,
    0xF8C0, 0x0888, 0x0888, 0x0888, 0x0888, 0xF8C0, 0x0888, 0x0888,
    0x0888, 0x0888, 0x0888, 0x0888, 0x0888, 0x0888, 0x0888, 0x0888,
    0x0888, 0x0888, 0x0888, 0x0888, 0x0888, 0x0888, 0x0888, 0x0888,
    0x0888, 0x0888, 0x0888, 0x0888, 0x0888, 0x0888, 0x0888, 0x0888,
    0x0888, 0x0888, 0x0888, 0x0888, 0x0888, 0x0888, 0x0888, 0x0888,
    0x0888, 0x0888, 0x0888, 0x0888, 0x0888, 0x0888, 0x0888, 0x0888,
    0x0888, 0x0888, 0x0888, 0x0888, 0x0888, 0x0888, 0x0888, 0x0888,
    0x0888, 0x0888, 0x0888, 0x0888, 0x0888, 0x0888, 0x0888, 0x0888,
    0x0888, 0x0888, 0x0888, 0x0888, 0x0888, 0x0888, 0x0888, 0x0888,
    0x0888, 0x0888, 0x0888, 0x0888, 0x0888, 0x0888, 0x0888, 0x0888,
    0x0888, 0x0888, 0x0888, 0x0888, 0x0888, 0x0888, 0x0888, 0x0888,
    0x0888, 0x0888, 0x0888, 0x0888, 0x0888, 0x0888, 0x0888, 0x0888,
    0x0888, 0x0888, 0x0888, 0x0888, 0x0888, 0x0888, 0x0888, 0x0888,
    0x0888, 0x0888, 0x0888, 0x0888, 0x0888, 0x0888, 0x0888, 0x0888,
    0x0888, 0x0888, 0x0888, 0x0888, 0x0888, 0x0888, 0x0888, 0x0888,
    0x0888, 0x0888, 0x0888, 0x0888, 0x0888, 0x0888, 0x0888, 0x0888,
    0x0888, 0x0888, 0x0888, 0x0888, 0x0888, 0x0888, 0x0888, 0x0888,
    0x0888, 0xF8C0, 0xF8C0, 0x0888, 0x0888, 0xFFFF, 0xFFFF, 0x0888,
    0x0888, 0xF8C0, 0x0888, 0x0888, 0x0888, 0xF8C0, 0x0888, 0x0888,
    0x0888, 0xF8C0, 0xF8C0, 0x0888, 0x0888, 0xF8C0, 0x0888, 0x0888,
    0xF8C0, 0xF8C0, 0xFFFF, 0xFFFF, 0xFFB0, 0xFFB0, 0xFFFF, 0xFFFF,
    0x0888, 0xF8C0, 0x0888, 0x0888, 0x0888, 0xF8C0, 0x0888, 0x0888,
    0x0888, 0xF8C0, 0x0888, 0x0888, 0xF8C0, 0x0888, 0x0888, 0x0888,
    0x0888, 0x0888, 0xF8C0, 0xF8C0, 0x0888, 0xFFFF, 0xFFFF, 0xFFB0,
    0xFFB0, 0xFFFF, 0xFFFF, 0x0888, 0x0888, 0xF8C0, 0x0888, 0x0888,
    0x0888, 0xF8C0, 0xF8C0, 0x0888, 0x0888, 0xF8C0, 0x0888, 0x0888,
    0x0888, 0xF8C0, 0x0888, 0x0888, 0x0888, 0xF8C0, 0x0888, 0x0888,
    0x0888, 0xF8C0, 0xF8C0, 0x0888, 0x0888, 0xF8C0, 0x0888, 0x0888,
    0xF8C0, 0xF8C0, 0x0888, 0x0888, 0x0888, 0xF8C0, 0xF8C0, 0x0888,
    0x0888, 0xF8C0, 0x0888, 0x0888, 0x0888, 0xF8C0, 0x0888, 0x0888,
    0x0888, 0xF8C0, 0x0888, 0x0888, 0xF8C0, 0x0888, 0x0888, 0x0888,
    0x0888, 0x0888, 0xF8C0, 0xF8C0, 0x0888, 0xF8C0, 0xF8C0, 0x0888,
    0x0888, 0xF8C0, 0x0888, 0x0888, 0x0888, 0xF8C0, 0x0888, 0x0888,
    0x0888, 0x0888, 0x0888, 0x0888, 0x0888, 0x0888, 0x0888, 0x0888,
    0x0888, 0x0888, 0x0888, 0x0888, 0x0888, 0x0888, 0x0888, 0x0888,
    0x0888, 0x0888, 0x0888, 0x0888, 0x0888, 0x0888, 0x0888, 0x0888,
    0x0888, 0x0888, 0x0888, 0x0888, 0x0888, 0x0888, 0x0888, 0x0888,
    0x0888, 0x0888, 0x0888, 0x0888, 0x0888, 0x0888, 0x0888, 0x0888,
    0x0888, 0x0888, 0x0888, 0x0888, 0x0888, 0x0888, 0x0888, 0x0888,
    0x0888, 0x0888, 0x0888, 0x0888, 0x0888, 0x0888, 0x0888, 0x0888,
    0x0888, 0x0888, 0x0888, 0x0888, 0x0888, 0x0888, 0x0888, 0x0888,
    0x0888, 0x0888, 0x0888, 0x0888, 0x0888, 0x0888, 0x0888, 0x0888,
    0x0888, 0x0888, 0x0888, 0x0888, 0x0888, 0x0888, 0x0888, 0x0888,
    0x0888, 0x0888, 0x0888, 0x0888, 0x0888, 0x0888, 0x0888, 0x0888,
    0x0888, 0x0888, 0x0888, 0x0888, 0x0888, 0x0888, 0x0888, 0x0888,
    0x0888, 0x0888, 0x0888, 0x0888, 0x0888, 0x0888, 0x0888, 0x0888,
    0x0888, 0x0888, 0x0888, 0x0888, 0x0888, 0x0888, 0x0888, 0x0888,
    0x0888, 0x0888, 0x0888, 0x0888, 0x0888, 0x0888, 0x0888, 0x0888,
    0x0888, 0x0888, 0x0888, 0x0888, 0x0888, 0x0888, 0x0888, 0x0888,
    0xF8C0, 0xF8C0, 0xF8C0, 0x0888, 0x0888, 0xFFFF, 0xFFFF, 0x0888,
    0x0888, 0xF8C0, 0xF8C0, 0x0888, 0xF8C0, 0xF8C0, 0x0888, 0x0888,
    0x0888, 0xF8C0, 0xF8C0, 0x0888, 0x0888, 0xF8C0, 0x0888, 0x0888,
    0x0888, 0xF8C0, 0xFFFF, 0xFFFF, 0xFFB0, 0xFFB0, 0xFFFF, 0xFFFF,
    0x0888, 0xF8C0, 0xF8C0, 0x0888, 0xF8C0, 0xF8C0, 0x0888, 0x0888,
    0xF8C0, 0xF8C0, 0x0888, 0x0888, 0xF8C0, 0xF8C0, 0x0888, 0x0888,
    0x0888, 0x0888, 0x0888, 0xF8C0, 0x0888, 0xF8C0, 0xF8C0, 0xFFFF,
    0xFFFF, 0xF8C0, 0x0888, 0x0888, 0xF8C0, 0xF8C0, 0x0888, 0x0888,
    0xF8C0, 0xF8C0, 0xF8C0, 0x0888, 0x0888, 0xF8C0, 0x0888, 0x0888,
    0x0888, 0xF8C0, 0xF8C0, 0x0888, 0xF8C0, 0xF8C0, 0x0888, 0x0888,
    0x0888, 0xF8C0, 0xF8C0, 0x0888, 0x0888, 0xF8C0, 0x0888, 0x0888,
    0x0888, 0xF8C0, 0xF8C0, 0x0888, 0x0888, 0xF8C0, 0xF8C0, 0x0888,
    0x0888, 0xF8C0, 0xF8C0, 0x0888, 0xF8C0, 0xF8C0, 0x0888, 0x0888,
    0xF8C0, 0xF8C0, 0x0888, 0x0888, 0xF8C0, 0xF8C0, 0x0888, 0x0888,
    0x0888, 0x0888, 0x0888, 0xF8C0, 0x0888, 0xF8C0, 0xF8C0, 0x0888,
    0x0888, 0xF8C0, 0x0888, 0x0888, 0xF8C0, 0xF8C0, 0x0888, 0x0888,
    0x0888, 0x0888, 0x0888, 0x0888, 0x0888, 0x0888, 0x0888, 0x0888,
    0x0888, 0x0888, 0x0888, 0x0888, 0x0888, 0x0888, 0x0888, 0x0888,
    0x0888, 0x0888, 0x0888, 0x0888, 0x0888, 0x0888, 0x0888, 0x0888,
    0x0888, 0x0888, 0x0888, 0x0888, 0x0888, 0x0888, 0x0888, 0x0888,
    0x0888, 0x0888, 0x0888, 0x0888, 0x0888, 0x0888, 0x0888, 0x0888,
    0x0888, 0x0888, 0x0888, 0x0888, 0x0888, 0x0888, 0x0888, 0x0888,
    0x0888, 0x0888, 0x0888, 0x0888, 0x0888, 0x0888, 0x0888, 0x0888,
    0x0888, 0x0888, 0x0888, 0x0888, 0x0888, 0x0888, 0x0888, 0x0888,
    0x0888, 0x0888, 0x0888, 0x0888, 0x0888, 0x0888, 0x0888, 0x0888,
    0x0888, 0x0888, 0x0888, 0x0888, 0x0888, 0x0888, 0x0888, 0x0888,
    0x0888, 0x0888, 0x0888, 0x0888, 0x0888, 0x0888, 0x0888, 0x0888,
    0x0888, 0x0888, 0x0888, 0x0888, 0x0888, 0x0888, 0x0888, 0x0888,
    0x0888, 0x0888, 0x0888, 0x0888, 0x0888, 0x0888, 0x0888, 0x0888,
    0x0888, 0x0888, 0x0888, 0x0888, 0x0888, 0x0888, 0x0888, 0x0888,
    0x0888, 0x0888, 0x0888, 0x0888, 0x0888, 0x0888, 0x0888, 0x0888,
    0x0888, 0x0888, 0x0888, 0x0888, 0x0888, 0x0888, 0x0888, 0x0888,
    0xF8C0, 0xF8C0, 0xF8C0, 0x0888, 0xF8C0, 0xF8C0, 0x0888, 0x0888,
    0xF8C0, 0xF8C0, 0xF8C0, 0x0888, 0xF8C0, 0xF8C0, 0x0888, 0xF8C0,
    0xF8C0, 0xF8C0, 0xF8C0, 0x0888, 0x0888, 0xF8C0, 0xF8C0, 0x0888,
    0x0888, 0xF8C0, 0xF8C0, 0x0888, 0xFFFF, 0xFFFF, 0xF8C0, 0x0888,
    0x0888, 0xF8C0, 0xF8C0, 0x0888, 0xF8C0, 0xF8C0, 0x0888, 0x0888,
    0xF8C0, 0xF8C0, 0x0888, 0x0888, 0xF8C0, 0xF8C0, 0x0888, 0x0888,
    0xF8C0, 0xF8C0, 0x0888, 0xF8C0, 0xF8C0, 0xF8C0, 0xF8C0, 0xFFFF,
    0xFFFF, 0xF8C0, 0xF8C0, 0x0888, 0xF8C0, 0xF8C0, 0x0888, 0xF8C0,
    0xF8C0, 0xF8C0, 0xF8C0, 0x0888, 0xF8C0, 0xF8C0, 0x0888, 0x0888,
    0xF8C0, 0xF8C0, 0xF8C0, 0x0888, 0xF8C0, 0xF8C0, 0x0888, 0xF8C0,
    0xF8C0, 0xF8C0, 0xF8C0, 0x0888, 0x0888, 0xF8C0, 0xF8C0, 0x0888,
    0x0888, 0xF8C0, 0xF8C0, 0x0888, 0x0888, 0xF8C0, 0xF8C0, 0x0888,
    0x0888, 0xF8C0, 0xF8C0, 0x0888, 0xF8C0, 0xF8C0, 0x0888, 0x0888,
    0xF8C0, 0xF8C0, 0x0888, 0x0888, 0xF8C0, 0xF8C0, 0x0888, 0x0888,
    0xF8C0, 0xF8C0, 0x0888, 0xF8C0, 0xF8C0, 0xF8C0, 0xF8C0, 0x0888,
    0x0888, 0xF8C0, 0xF8C0, 0x0888, 0xF8C0, 0xF8C0, 0x0888, 0xF8C0,
    0x0888, 0x0888, 0x0888, 0x0888, 0x0888, 0x0888, 0x0888, 0x0888,
    0x0888, 0x0888, 0x0888, 0x0888, 0x0888, 0x0888, 0x0888, 0x0888,
    0x0888, 0x0888, 0x0888, 0x0888, 0x0888, 0x0888, 0x0888, 0x0888,
    0x0888, 0x0888, 0x0888, 0x0888, 0x0888, 0x0888, 0x0888, 0x0888,
    0x0888, 0x0888, 0x0888, 0x0888, 0x0888, 0x0888, 0x0888, 0x0888,
    0x0888, 0x0888, 0x0888, 0x0888, 0x0888, 0x0888, 0x0888, 0x0888,
    0x0888, 0x0888, 0x0888, 0x0888, 0x0888, 0x0888, 0x0888, 0x0888,
    0x0888, 0x0888, 0x0888, 0x0888, 0x0888, 0x0888, 0x0888, 0x0888,
    0x0888, 0x0888, 0x0888, 0x0888, 0x0888, 0x0888, 0x0888, 0x0888,
    0x0888, 0x0888, 0x0888, 0x0888, 0x0888, 0x0888, 0x0888, 0x0888,
    0x0888, 0x0888, 0x0888, 0x0888, 0x0888, 0x0888, 0x0888, 0x0888,
    0x0888, 0x0888, 0x0888, 0x0888, 0x0888, 0x0888, 0x0888, 0x0888,
    0x0888, 0x0888, 0x0888, 0x0888, 0x0888, 0x0888, 0x0888, 0x0888,
    0x0888, 0x0888, 0x0888, 0x0888, 0x0888, 0x0888, 0x0888, 0x0888,
    0x0888, 0x0888, 0x0888, 0x0888, 0x0888, 0x0888, 0x0888, 0x0888,
    0x0888, 0x0888, 0x0888, 0x0888, 0x0888, 0x0888, 0x0888, 0x0888,
    0xF8C0, 0xF8C0, 0xF8C0, 0xF8C0, 0xF8C0, 0xF8C0, 0x0888, 0xF8C0,
    0xF8C0, 0xF8C0, 0xF8C0, 0x0888, 0xF8C0, 0xF8C0, 0xF8C0, 0xF8C0,
    0xF8C0, 0xF8C0, 0xF8C0, 0xF8C0, 0xF8C0, 0xF8C0, 0xF8C0, 0x0888,
    0x0888, 0xF8C0, 0xF8C0, 0xF8C0, 0xFFFF, 0xFFFF, 0xF8C0, 0xF8C0,
    0x0888, 0xF8C0, 0xF8C0, 0xF8C0, 0xF8C0, 0xF8C0, 0x0888, 0x0888,
    0xF8C0, 0xF8C0, 0x0888, 0xF8C0, 0xF8C0, 0xF8C0, 0xF8C0, 0xF8C0,
    0xF8C0, 0xF8C0, 0x0888, 0xF8C0, 0xF8C0, 0xF8C0, 0xF8C0, 0x0888,
    0x0888, 0xF8C0, 0xF8C0, 0xF8C0, 0xF8C0, 0xF8C0, 0xF8C0, 0xF8C0,
    0xF8C0, 0xF8C0, 0xF8C0, 0xF8C0, 0xF8C0, 0xF8C0, 0x0888, 0xF8C0,
    0xF8C0, 0xF8C0, 0xF8C0, 0x0888, 0xF8C0, 0xF8C0, 0xF8C0, 0xF8C0,
    0xF8C0, 0xF8C0, 0xF8C0, 0xF8C0, 0xF8C0, 0xF8C0, 0xF8C0, 0x0888,
    0x0888, 0xF8C0, 0xF8C0, 0xF8C0, 0xF8C0, 0xF8C0, 0xF8C0, 0xF8C0,
    0x0888, 0xF8C0, 0xF8C0, 0xF8C0, 0xF8C0, 0xF8C0, 0x0888, 0x0888,
    0xF8C0, 0xF8C0, 0x0888, 0xF8C0, 0xF8C0, 0xF8C0, 0xF8C0, 0xF8C0,
    0xF8C0, 0xF8C0, 0x0888, 0xF8C0, 0xF8C0, 0xF8C0, 0xF8C0, 0x0888,
    0x0888, 0xF8C0, 0xF8C0, 0xF8C0, 0xF8C0, 0xF8C0, 0xF8C0, 0xF8C0,
    0x0888, 0x0888, 0x0888, 0x0888, 0x0888, 0x0888, 0x0888, 0x0888,
    0x0888, 0x0888, 0x0888, 0x0888, 0x0888, 0x0888, 0x0888, 0x0888,
    0x0888, 0x0888, 0x0888, 0x0888, 0x0888, 0x0888, 0x0888, 0x0888,
    0x0888, 0x0888, 0x0888, 0x0888, 0x0888, 0x0888, 0x0888, 0x0888,
    0x0888, 0x0888, 0x0888, 0x0888, 0x0888, 0x0888, 0x0888, 0x0888,
    0x0888, 0x0888, 0x0888, 0x0888, 0x0888, 0x0888, 0x0888, 0x0888,
    0x0888, 0x0888, 0x0888, 0x0888, 0x0888, 0x0888, 0x0888, 0x0888,
    0x0888, 0x0888, 0x0888, 0x0888, 0x0888, 0x0888, 0x0888, 0x0888,
    0x0888, 0x0888, 0x0888, 0x0888, 0x0888, 0x0888, 0x0888, 0x0888,
    0x0888, 0x0888, 0x0888, 0x0888, 0x0888, 0x0888, 0x0888, 0x0888,
    0x0888, 0x0888, 0x0888, 0x0888, 0x0888, 0x0888, 0x0888, 0x0888,
    0x0888, 0x0888, 0x0888, 0x0888, 0x0888, 0x0888, 0x0888, 0x0888,
    0x0888, 0x0888, 0x0888, 0x0888, 0x0888, 0x0888, 0x0888, 0x0888,
    0x0888, 0x0888, 0x0888, 0x0888, 0x0888, 0x0888, 0x0888, 0x0888,
    0x0888, 0x0888, 0x0888, 0x0888, 0x0888, 0x0888, 0x0888, 0x0888,
    0x0888, 0x0888, 0x0888, 0x0888, 0x0888, 0x0888, 0x0888, 0x0888,
    0x0888, 0x0888, 0x0888, 0x0888, 0x0888, 0x0888, 0x0888, 0x0888,
    0x0888, 0x0888, 0x0888, 0x0888, 0x0888, 0x0888, 0x0888, 0x0888,
    0x0888, 0x0888, 0x0888, 0x0888, 0x0888, 0x0888, 0x0888, 0x0888,
    0x0888, 0x0888, 0x0888, 0x0888, 0x0888, 0x0888, 0x0888, 0x0888,
    0x0888, 0x0888, 0x0888, 0x0888, 0x0888, 0x0888, 0x0888, 0x0888,
    0x0888, 0x0888, 0x0888, 0x0888, 0x0888, 0x0888, 0x0888, 0x0888,
    0x0888, 0x0888, 0x0888, 0x0888, 0x0888, 0x0888, 0x0888, 0x0888,
    0x0888, 0x0888, 0x0888, 0x0888, 0x0888, 0x0888, 0x0888, 0x0888,
    0x0888, 0x0888, 0x0888, 0x0888, 0x0888, 0x0888, 0x0888, 0x0888,
    0x0888, 0x0888, 0x0888, 0x0888, 0x0888, 0x0888, 0x0888, 0x0888,
    0x0888, 0x0888, 0x0888, 0x0888, 0x0888, 0x0888, 0x0888, 0x0888,
    0x0888, 0x0888, 0x0888, 0x0888, 0x0888, 0x0888, 0x0888, 0x0888,
    0x0888, 0x0888, 0x0888, 0x0888, 0x0888, 0x0888, 0x0888, 0x0888,
    0x0888, 0x0888, 0x0888, 0x0888, 0x0888, 0x0888, 0x0888, 0x0888,
    0x0888, 0x0888, 0x0888, 0x0888, 0x0888, 0x0888, 0x0888, 0x0888,
    0x0888, 0x0888, 0x0888, 0x0888, 0x0888, 0x0888, 0x0888, 0x0888,
    0x0888, 0x0888, 0x0888, 0x0888, 0x0888, 0x0888, 0x0888, 0x0888,
    0x0888, 0x0888, 0x0888, 0x0888, 0x0888, 0x0888, 0x0888, 0x0888,
    0x0888, 0x0888, 0x0888, 0x0888, 0x0888, 0x0888, 0x0888, 0x0888,
    0x0888, 0x0888, 0x0888, 0x0888, 0x0888, 0x0888, 0x0888, 0x0888,
    0x0888, 0x0888, 0x0888, 0x0888, 0x0888, 0x0888, 0x0888, 0x0888,
    0x0888, 0x0888, 0x0888, 0x0888, 0x0888, 0x0888, 0x0888, 0x0888,
    0x0888, 0x0888, 0x0888, 0x0888, 0x0888, 0x0888, 0x0888, 0x0888,
    0x0888, 0x0888, 0x0888, 0x0888, 0x0888, 0x0888, 0x0888, 0x0888,
    0x0888, 0x0888, 0x0888, 0x0888, 0x0888, 0x0888, 0x0888, 0x0888,
    0x0888, 0x0888, 0x0888, 0x0888, 0x0888, 0x0888, 0x0888, 0x0888,
    0x0888, 0x0888, 0x0888, 0x0888, 0x0888, 0x0888, 0x0888, 0x0888,
    0x0888, 0x0888, 0x0888, 0x0888, 0x0888, 0x0888, 0x0888, 0x0888,
    0x0888, 0x0888, 0x0888, 0x0888, 0x0888, 0x0888, 0x0888, 0x0888,
    0x0888, 0x0888, 0x0888, 0x0888, 0x0888, 0x0888, 0x0888, 0x0888,
    0x0888, 0x0888, 0x0888, 0x0888, 0x0888, 0x0888, 0x0888, 0x0888,
    0x0888, 0x0888, 0x0888, 0x0888, 0x0888, 0x0888, 0x0888, 0x0888,
    0x0888, 0x0888, 0x0888, 0x0888, 0x0888, 0x0888, 0x0888, 0x0888,
    0x0888, 0x0888, 0x0888, 0x0888, 0x0888, 0x0888, 0x0888, 0x0888,
    0x0888, 0x0888, 0x0888, 0x0888, 0x0888, 0x0888, 0x0888, 0x0888,
    0x0888, 0x0888, 0x0888, 0x0888, 0x0888, 0x0888, 0x0888, 0x0888,
    0x0888, 0x0888, 0x0888, 0x0888, 0x0888, 0x0888, 0x0888, 0x0888,
    0x0888, 0x0888, 0x0888, 0x0888, 0x0888, 0x0888, 0x0888, 0x0888,
    0x0888, 0x0888, 0x0888, 0x0888, 0x0888, 0x0888, 0x0888, 0x0888,
    0x0888, 0x0888, 0x0888, 0x0888, 0x0888, 0x0888, 0x0888, 0x0888,
    0x0888, 0x0888, 0x0888, 0x0888, 0x0888, 0x0888, 0x0888, 0x0888,
    0x0888, 0x0888, 0x0888, 0x0888, 0x0888, 0x0888, 0x0888, 0x0888,
    0x0888, 0x0888, 0x0888, 0x0888, 0x0888, 0x0888, 0x0888, 0x0888,
    0x0888, 0x0888, 0x0888, 0x0888, 0x0888, 0x0888, 0x0888, 0x0888,
    0x0888, 0x0888, 0x0888, 0x0888, 0x0888, 0x0888, 0x0888, 0x0888,
    0x0888, 0x0888, 0x0888, 0x0888, 0x0888, 0x0888, 0x0888, 0x0888,
    0x0888, 0x0888, 0x0888, 0x0888, 0x0888, 0x0888, 0x0888, 0x0888,
    0x0888, 0x0888, 0x0888, 0x0888, 0x0888, 0x0888, 0x0888, 0x0888,
    0x0888, 0x0888, 0x0888, 0x0888, 0x0888, 0x0888, 0x0888, 0x0888,
    0x0888, 0x0888, 0x0888, 0x0888, 0x0888, 0x0888, 0x0888, 0x0888,
    0x0888, 0x0888, 0x0888, 0x0888, 0x0888, 0x0888, 0x0888, 0x0888,
    0x0888, 0x0888, 0x0888, 0x0888, 0x0888, 0x0888, 0x0888, 0x0888,
    0x0888, 0x0888, 0x0888, 0x0888, 0x0888, 0x0888, 0x0888, 0x0888,
    0x0888, 0x0888, 0x0888, 0x0888, 0x0888, 0x0888, 0x0888, 0x0888,
    0x0888, 0x0888, 0x0888, 0x0888, 0x0888, 0x0888, 0x0888, 0x0888,
    0x0888, 0x0888, 0x0888, 0x0888, 0x0888, 0x0888, 0x0888, 0x0888,
    0x0888, 0x0888, 0x0888, 0x0888, 0x0888, 0x0888, 0x0888, 0x0888,
    0x0888, 0x0888, 0x0888, 0x0888, 0x0888, 0x0888, 0x0888, 0x0888,
    0x0888, 0x0888, 0x0888, 0x0888, 0x0888, 0x0888, 0x0888, 0x0888,
    0x0888, 0x0888, 0x0888, 0x0888, 0x0888, 0x0888, 0x0888, 0x0888,
    0x0888, 0x0888, 0x0888, 0x0888, 0x0888, 0x0888, 0x0888, 0x0888,
    0x0888, 0x0888, 0x0888, 0x0888, 0x0888, 0x0888, 0x0888, 0x0888,
    0x0888, 0x0888, 0x0888, 0x0888, 0x0888, 0x0888, 0x0888, 0x0888,
    0x0888, 0x0888, 0x0888, 0x0888, 0x0888, 0x0888, 0x0888, 0x0888,
    0x0888, 0x0888, 0x0888, 0x0888, 0x0888, 0x0888, 0x0888, 0x0888,
    0x0888, 0x0888, 0x0888, 0x0888, 0x0888, 0x0888, 0x0888, 0x0888,
    0x0888, 0x0888, 0x0888, 0x0888, 0x0888, 0x0888, 0x0888, 0x0888,
    0x0888, 0x0888, 0x0888, 0x0888, 0x0888, 0x0888, 0x0888, 0x0888,
    0x0888, 0x0888, 0x0888, 0x0888, 0x0888, 0x0888, 0x0888, 0x0888,
    0x0888, 0x0888, 0x0888, 0x0888, 0x0888, 0x0888, 0x0888, 0x0888,
    0x0888, 0x0888, 0x0888, 0x0888, 0x0888, 0x0888, 0x0888, 0x0888,
    0x0888, 0x0888, 0x0888, 0x0888, 0x0888, 0x0888, 0x0888, 0x0888,
    0x0888, 0x0888, 0x0888, 0x0888, 0x0888, 0x0888, 0x0888, 0x0888,
    0x0888, 0x0888, 0x0888, 0x0888, 0x0888, 0x0888, 0x0888, 0x0888,
    0x0888, 0x0888, 0x0888, 0x0888, 0x0888, 0x0888, 0x0888, 0x0888,
    0x0888, 0x0888, 0x0888, 0x0888, 0x0888, 0x0888, 0x0888, 0x0888,
    0x0888, 0x0888, 0x0888, 0x0888, 0x0888, 0x0888, 0x0888, 0x0888,
    0x0888, 0x0888, 0x0888, 0x0888, 0x0888, 0x0888, 0x0888, 0x0888,
    0x0888, 0x0888, 0x0888, 0x0888, 0x0888, 0x0888, 0x0888, 0x0888,
    0x0888, 0x0888, 0x0888, 0x0888, 0x0888, 0x0888, 0x0888, 0x0888,
    0x0888, 0x0888, 0x0888, 0x0888, 0x0888, 0x0888, 0x0888, 0x0888,
    0x0888, 0x0888, 0x0888, 0x0888, 0x0888, 0x0888, 0x0888, 0x0888,
    0x0888, 0x0888, 0x0888, 0x0888, 0x0888, 0x0888, 0x0888, 0x0888,
    0x0888, 0x0888, 0x0888, 0x0888, 0x0888, 0x0888, 0x0888, 0x0888,
    0x0888, 0x0888, 0x0888, 0x0888, 0x0888, 0x0888, 0x0888, 0x0888,
    0x0888, 0x0888, 0x0888, 0x0888, 0x0888, 0x0888, 0x0888, 0x0888,
    0x0888, 0x0888, 0x0888, 0x0888, 0x0888, 0x0888, 0x0888, 0x0888,
    0x0888, 0x0888, 0x0888, 0x0888, 0x0888, 0x0888, 0x0888, 0x0888,
    0x0888, 0x0888, 0x0888, 0x0888, 0x0888, 0x0888, 0x0888, 0x0888,
    0x0888, 0x0888, 0x0888, 0x0888, 0x0888, 0x0888, 0x0888, 0x0888,
    0x0888, 0x0888, 0x0888, 0x0888, 0x0888, 0x0888, 0x0888, 0x0888,
    0x0888, 0x0888, 0x0888, 0x0888, 0x0888, 0x0888, 0x0888, 0x0888,
    0x0888, 0x0888, 0x0888, 0x0888, 0x0888, 0x0888, 0x0888, 0x0888,
    0x0888, 0x0888, 0x0888, 0x0888, 0x0888, 0x0888, 0x0888, 0x0888,
    0x0888, 0x0888, 0x0888, 0x0888, 0x0888, 0x0888, 0x0888, 0x0888,
    0x0888, 0x0888, 0x0888, 0x0888, 0x0888, 0x0888, 0x0888, 0x0888,
    0x0888, 0x0888, 0x0888, 0x0888, 0xF086, 0x0888, 0x0888, 0x0888,
    0x0888, 0x0888, 0x0888, 0x0888, 0x0888, 0x0888, 0x0888, 0x0888,
    0x0888, 0x0888, 0x0888, 0xF086, 0x0888, 0x0888, 0x0888, 0x0888,
    0x0888, 0x0888, 0x0888, 0x0888, 0x0888, 0x0888, 0x0888, 0x0888,
    0x0888, 0x0888, 0x0888, 0x0888, 0xF086, 0x0888, 0x0888, 0x0888,
    0xF086, 0x0888, 0x0888, 0x0888, 0x0888, 0x0888, 0x0888, 0xF086,
    0x0888, 0x0888, 0x0888, 0x0888, 0xF086, 0x0888, 0x0888, 0x0888,
    0x0888, 0x0888, 0x0888, 0x0888, 0x0888, 0x0888, 0x0888, 0x0888,
    0x0888, 0x0888, 0x0888, 0x0888, 0x0888, 0x0888, 0x0888, 0x0888,
    0x0888, 0x0888, 0x0888, 0x0888, 0x0888, 0x0888, 0x0888, 0x0888,
    0x0888, 0x0888, 0x0888, 0x0888, 0x0888, 0x0888, 0x0888, 0xF086,
    0x0888, 0x0888, 0x0888, 0x0888, 0x0888, 0x0888, 0x0888, 0x0888,
    0x0888, 0x0888, 0x0888, 0x0888, 0x0888, 0x0888, 0x0888, 0x0888,
    0x0888, 0x0888, 0x0888, 0xF086, 0x0888, 0x0888, 0x0888, 0x0888,
    0x0888, 0x0888, 0x0888, 0x0888, 0x0888, 0x0888, 0x0888, 0x0888,
    0x0888, 0x0888, 0xF086, 0x0888, 0x0888, 0x0888, 0x0888, 0x0888,
    0x0888, 0x0888, 0x0888, 0x0888, 0x0888, 0x0888, 0x0888, 0x0888,
    0x0888, 0x0888, 0x0888, 0x0888, 0x0888, 0x0888, 0x0888, 0x0888,
    0x0888, 0x0888, 0x0888, 0x0888, 0x0888, 0x0888, 0x0888, 0x0888,
    0x0888, 0x0888, 0x0888, 0x0888, 0x0888, 0x0888, 0x0888, 0x0888,
    0x0888, 0x0888, 0x0888, 0x0888, 0x0888, 0x0888, 0x0888, 0x0888,
    0x0888, 0x0888, 0x0888, 0x0888, 0x0888, 0x0888, 0x0888, 0x0888,
    0x0888, 0x0888, 0x0888, 0x0888, 0x0888, 0x0888, 0x0888, 0x0888,
    0x0888, 0x0888, 0x0888, 0x0888, 0x0888, 0x0888, 0x0888, 0x0888,
    0x0888, 0x0888, 0x0888, 0x0888, 0x0888, 0x0888, 0x0888, 0x0888,
    0x0888, 0x0888, 0x0888, 0x0888, 0x0888, 0x0888, 0x0888, 0x0888,
    0x0888, 0x0888, 0x0888, 0x0888, 0x0888, 0x0888, 0x0888, 0x0888,
    0x0888, 0x0888, 0x0888, 0x0888, 0x0888, 0x0888, 0x0888, 0x0888,
    0x0888, 0x0888, 0x0888, 0x0888, 0x0888, 0x0888, 0x0888, 0x0888,
    0x0888, 0x0888, 0x0888, 0x0888, 0x0888, 0x0888, 0x0888, 0x0888,
    0x0888, 0x0888, 0x0888, 0x0888, 0x0888, 0x0888, 0x0888, 0x0888,
    0x0888, 0x0888, 0x0888, 0x0888, 0x0888, 0x0888, 0x0888, 0x0888,
    0x0888, 0x0888, 0x0888, 0xF086, 0x0888, 0x0888, 0x0888, 0xF086,
    0x0888, 0x0888, 0x0888, 0x0888, 0x0888, 0xF086, 0x0888, 0x0888,
    0x0888, 0x0888, 0x0888, 0x0888, 0xF086, 0x0888, 0x0888, 0x0888,
    0x0888, 0x0888, 0xF086, 0x0888, 0x0888, 0x0888, 0x0888, 0x0888,
    0x0888, 0x0888, 0x0888, 0xF086, 0x0888, 0x0888, 0x0888, 0x0888,
    0xF086, 0x0888, 0x0888, 0x0888, 0x0888, 0x0888, 0x0888, 0xF086,
    0x0888, 0x0888, 0x0888, 0x0888, 0xF086, 0x0888, 0x0888, 0x0888,
    0x0888, 0x0888, 0x0888, 0xF086, 0x0888, 0x0888, 0x0888, 0x0888,
    0x0888, 0x0888, 0x0888, 0xF086, 0x0888, 0x0888, 0x0888, 0x0888,
    0x0888, 0x0888, 0x0888, 0x0888, 0x0888, 0x0888, 0xF086, 0x0888,
    0x0888, 0x0888, 0x0888, 0x0888, 0x0888, 0x0888, 0xF086, 0x0888,
    0x0888, 0x0888, 0x0888, 0x0888, 0x0888, 0x0888, 0x0888, 0xF086,
    0x0888, 0x0888, 0x0888, 0x0888, 0x0888, 0x0888, 0x0888, 0xF086,
    0x0888, 0x0888, 0x0888, 0x0888, 0xF086, 0x0888, 0x0888, 0x0888,
    0x0888, 0x0888, 0x0888, 0xF086, 0x0888, 0x0888, 0x0888, 0x0888,
    0x0888, 0x0888, 0xF086, 0x0888, 0x0888, 0x0888, 0x0888, 0x0888,
    0x0888, 0x0888, 0x0888, 0x0888, 0x0888, 0x0888, 0x0888, 0x0888,
    0x0888, 0x0888, 0x0888, 0x0888, 0x0888, 0x0888, 0x0888, 0x0888,
    0x0888, 0x0888, 0x0888, 0x0888, 0x0888, 0x0888, 0x0888, 0x0888,
    0x0888, 0x0888, 0x0888, 0x0888, 0x0888, 0x0888, 0x0888, 0x0888,
    0x0888, 0x0888, 0x0888, 0x0888, 0x0888, 0x0888, 0x0888, 0x0888,
    0x0888, 0x0888, 0x0888, 0x0888, 0x0888, 0x0888, 0x0888, 0x0888,
    0x0888, 0x0888, 0x0888, 0x0888, 0x0888, 0x0888, 0x0888, 0x0888,
    0x0888, 0x0888, 0x0888, 0x0888, 0x0888, 0x0888, 0x0888, 0x0888,
    0x0888, 0x0888, 0x0888, 0x0888, 0x0888, 0x0888, 0x0888, 0x0888,
    0x0888, 0x0888, 0x0888, 0x0888, 0x0888, 0x0888, 0x0888, 0x0888,
    0x0888, 0x0888, 0x0888, 0x0888, 0x0888, 0x0888, 0x0888, 0x0888,
    0x0888, 0x0888, 0x0888, 0x0888, 0x0888, 0x0888, 0x0888, 0x0888,
    0x0888, 0x0888, 0x0888, 0x0888, 0x0888, 0x0888, 0x0888, 0x0888,
    0x0888, 0x0888, 0x0888, 0x0888, 0x0888, 0x0888, 0x0888, 0x0888,
    0x0888, 0x0888, 0x0888, 0x0888, 0x0888, 0x0888, 0x0888, 0x0888,
    0x0888, 0x0888, 0x0888, 0x0888, 0x0888, 0x0888, 0x0888, 0x0888,
    0x0888, 0x0888, 0x0888, 0xF086, 0x0888, 0x0888, 0x0888, 0xF086,
    0x0888, 0x0888, 0x0888, 0x0888, 0x0888, 0xF086, 0x0888, 0x0888,
    0x0888, 0x0888, 0x0888, 0x0888, 0xF086, 0x0888, 0x0888, 0x0888,
    0x0888, 0x0888, 0xF086, 0x0888, 0x0888, 0x0888, 0x0888, 0x0888,
    0x0888, 0x0888, 0x0888, 0xF086, 0x0888, 0x0888, 0xF086, 0x0888,
    0x0888, 0xF086, 0x0888, 0x0888, 0x0888, 0x0888, 0xF086, 0x0888,
    0x0888, 0x0888, 0x0888, 0x0888, 0xF086, 0xF086, 0x0888, 0x0888,
    0x0888, 0x0888, 0x0888, 0xF086, 0x0888, 0x0888, 0x0888, 0x0888,
    0x0888, 0x0888, 0xF086, 0x0888, 0x0888, 0x0888, 0x0888, 0x0888,
    0xF086, 0x0888, 0x0888, 0x0888, 0x0888, 0x0888, 0xF086, 0x0888,
    0x0888, 0x0888, 0x0888, 0x0888, 0x0888, 0x0888, 0xF086, 0x0888,
    0x0888, 0xF086, 0x0888, 0x0888, 0x0888, 0x0888, 0xF086, 0x0888,
    0x0888, 0xF086, 0x0888, 0x0888, 0x0888, 0x0888, 0xF086, 0xF086,
    0x0888, 0x0888, 0x0888, 0x0888, 0xF086, 0xF086, 0x0888, 0x0888,
    0x0888, 0x0888, 0xF086, 0x0888, 0x0888, 0x0888, 0x0888, 0x0888,
    0x0888, 0xF086, 0x0888, 0x0888, 0xF086, 0x0888, 0x0888, 0x0888,
    0x0888, 0x0888, 0x0888, 0x0888, 0x0888, 0x0888, 0x0888, 0x0888,
    0x0888, 0x0888, 0x0888, 0x0888, 0x0888, 0x0888, 0x0888, 0x0888,
    0x0888, 0x0888, 0x0888, 0x0888, 0x0888, 0x0888, 0x0888, 0x0888,
    0x0888, 0x0888, 0x0888, 0x0888, 0x0888, 0x0888, 0x0888, 0x0888,
    0x0888, 0x0888, 0x0888, 0x0888, 0x0888, 0x0888, 0x0888, 0x0888,
    0x0888, 0x0888, 0x0888, 0x0888, 0x0888, 0x0888, 0x0888, 0x0888,
    0x0888, 0x0888, 0x0888, 0x0888, 0x0888, 0x0888, 0x0888, 0x0888,
    0x0888, 0x0888, 0x0888, 0x0888, 0x0888, 0x0888, 0x0888, 0x0888,
    0x0888, 0x0888, 0x0888, 0x0888, 0x0888, 0x0888, 0x0888, 0x0888,
    0x0888, 0x0888, 0x0888, 0x0888, 0x0888, 0x0888, 0x0888, 0x0888,
    0x0888, 0x0888, 0x0888, 0x0888, 0x0888, 0x0888, 0x0888, 0x0888,
    0x0888, 0x0888, 0x0888, 0x0888, 0x0888, 0x0888, 0x0888, 0x0888,
    0x0888, 0x0888, 0x0888, 0x0888, 0x0888, 0x0888, 0x0888, 0x0888,
    0x0888, 0x0888, 0x0888, 0x0888, 0x0888, 0x0888, 0x0888, 0x0888,
    0x0888, 0x0888, 0x0888, 0x0888, 0x0888, 0x0888, 0x0888, 0x0888,
    0x0888, 0x0888, 0x0888, 0x0888, 0x0888, 0x0888, 0x0888, 0x0888,
    0x0888, 0x0888, 0xF086, 0xF086, 0x0888, 0x0888, 0x0888, 0x0888,
    0xF086, 0x0888, 0x0888, 0x0888, 0xF086, 0x0888, 0x0888, 0x0888,
    0x0888, 0x0888, 0xF086, 0x0888, 0xF086, 0xF086, 0x0888, 0x0888,
    0x0888, 0xF086, 0x0888, 0x0888, 0x0888, 0x0888, 0x0888, 0x0888,
    0x0888, 0x0888, 0xF086, 0xF086, 0x0888, 0x0888, 0xF086, 0x0888,
    0x0888, 0xF086, 0x0888, 0x0888, 0x0888, 0x0888, 0xF086, 0x0888,
    0x0888, 0xF086, 0x0888, 0x0888, 0x0888, 0xF086, 0x0888, 0x0888,
    0x0888, 0x0888, 0xF086, 0x0888, 0x0888, 0x0888, 0x0888, 0x0888,
    0x0888, 0x0888, 0xF086, 0x0888, 0x0888, 0x0888, 0x0888, 0x0888,
    0xF086, 0xF086, 0x0888, 0x0888, 0x0888, 0xF086, 0x0888, 0x0888,
    0x0888, 0xF086, 0x0888, 0x0888, 0x0888, 0xF086, 0xF086, 0x0888,
    0x0888, 0xF086, 0x0888, 0x0888, 0x0888, 0x0888, 0xF086, 0x0888,
    0x0888, 0x0888, 0xF086, 0x0888, 0x0888, 0x0888, 0xF086, 0x0888,
    0x0888, 0xF086, 0x0888, 0x0888, 0x0888, 0xF086, 0x0888, 0x0888,
    0x0888, 0x0888, 0xF086, 0x0888, 0x0888, 0xF086, 0x0888, 0x0888,
    0x0888, 0xF086, 0x0888, 0x0888, 0xF086, 0x0888, 0x0888, 0x0888,
    0x0888, 0x0888, 0x0888, 0x0888, 0x0888, 0x0888, 0x0888, 0x0888,
    0x0888, 0x0888, 0x0888, 0x0888, 0x0888, 0x0888, 0x0888, 0x0888,
    0x0888, 0x0888, 0x0888, 0x0888, 0x0888, 0x0888, 0x0888, 0x0888,
    0x0888, 0x0888, 0x0888, 0x0888, 0x0888, 0x0888, 0x0888, 0x0888,
    0x0888, 0x0888, 0x0888, 0x0888, 0x0888, 0x0888, 0x0888, 0x0888,
    0x0888, 0x0888, 0x0888, 0x0888, 0x0888, 0x0888, 0x0888, 0x0888,
    0x0888, 0x0888, 0x0888, 0x0888, 0x0888, 0x0888, 0x0888, 0x0888,
    0x0888, 0x0888, 0x0888, 0x0888, 0x0888, 0x0888, 0x0888, 0x0888,
    0x0888, 0x0888, 0x0888, 0x0888, 0x0888, 0x0888, 0x0888, 0x0888,
    0x0888, 0x0888, 0x0888, 0x0888, 0x0888, 0x0888, 0x0888, 0x0888,
    0x0888, 0x0888, 0x0888, 0x0888, 0x0888, 0x0888, 0x0888, 0x0888,
    0x0888, 0x0888, 0x0888, 0x0888, 0x0888, 0x0888, 0x0888, 0x0888,
    0x0888, 0x0888, 0x0888, 0x0888, 0x0888, 0x0888, 0x0888, 0x0888,
    0x0888, 0x0888, 0x0888, 0x0888, 0x0888, 0x0888, 0x0888, 0x0888,
    0x0888, 0x0888, 0x0888, 0x0888, 0x0888, 0x0888, 0x0888, 0x0888,
    0x0888, 0x0888, 0x0888, 0x0888, 0x0888, 0x0888, 0x0888, 0x0888,
    0x0888, 0x0888, 0xF086, 0x0888, 0x0888, 0xF086, 0x0888, 0x0888,
    0xF086, 0x0888, 0x0888, 0x0888, 0xF086, 0x0888, 0x0888, 0xF086,
    0x0888, 0x0888, 0xF086, 0x0888, 0x0888, 0xF086, 0x0888, 0x0888,
    0x0888, 0xF086, 0x0888, 0x0888, 0xF086, 0x0888, 0x0888, 0x0888,
    0x0888, 0x0888, 0xF086, 0x0888, 0x0888, 0xF086, 0xF086, 0x0888,
    0x0888, 0xF086, 0x0888, 0x0888, 0x0888, 0x0888, 0xF086, 0x0888,
    0x0888, 0xF086, 0x0888, 0x0888, 0x0888, 0xF086, 0xF086, 0x0888,
    0x0888, 0x0888, 0xF086, 0x0888, 0x0888, 0xF086, 0x0888, 0x0888,
    0x0888, 0xF086, 0xF086, 0x0888, 0x0888, 0xF086, 0x0888, 0x0888,
    0x0888, 0xF086, 0x0888, 0x0888, 0x0888, 0xF086, 0x0888, 0x0888,
    0x0888, 0xF086, 0x0888, 0x0888, 0x0888, 0xF086, 0x0888, 0x0888,
    0x0888, 0xF086, 0xF086, 0x0888, 0x0888, 0xF086, 0xF086, 0x0888,
    0x0888, 0x0888, 0xF086, 0x0888, 0x0888, 0x0888, 0xF086, 0x0888,
    0x0888, 0xF086, 0x0888, 0x0888, 0x0888, 0xF086, 0xF086, 0x0888,
    0x0888, 0x0888, 0xF086, 0x0888, 0x0888, 0xF086, 0x0888, 0x0888,
    0x0888, 0xF086, 0x0888, 0x0888, 0xF086, 0xF086, 0x0888, 0x0888,
    0x0888, 0x0888, 0x0888, 0x0888, 0x0888, 0x0888, 0x0888, 0x0888,
    0x0888, 0x0888, 0x0888, 0x0888, 0x0888, 0x0888, 0x0888, 0x0888,
    0x0888, 0x0888, 0x0888, 0x0888, 0x0888, 0x0888, 0x0888, 0x0888,
    0x0888, 0x0888, 0x0888, 0x0888, 0x0888, 0x0888, 0x0888, 0x0888,
    0x0888, 0x0888, 0x0888, 0x0888, 0x0888, 0x0888, 0x0888, 0x0888,
    0x0888, 0x0888, 0x0888, 0x0888, 0x0888, 0x0888, 0x0888, 0x0888,
    0x0888, 0x0888, 0x0888, 0x0888, 0x0888, 0x0888, 0x0888, 0x0888,
    0x0888, 0x0888, 0x0888, 0x0888, 0x0888, 0x0888, 0x0888, 0x0888,
    0x0888, 0x0888, 0x0888, 0x0888, 0x0888, 0x0888, 0x0888, 0x0888,
    0x0888, 0x0888, 0x0888, 0x0888, 0x0888, 0x0888, 0x0888, 0x0888,
    0x0888, 0x0888, 0x0888, 0x0888, 0x0888, 0x0888, 0x0888, 0x0888,
    0x0888, 0x0888, 0x0888, 0x0888, 0x0888, 0x0888, 0x0888, 0x0888,
    0x0888, 0x0888, 0x0888, 0x0888, 0x0888, 0x0888, 0x0888, 0x0888,
    0x0888, 0x0888, 0x0888, 0x0888, 0x0888, 0x0888, 0x0888, 0x0888,
    0x0888, 0x0888, 0x0888, 0x0888, 0x0888, 0x0888, 0x0888, 0x0888,
    0x0888, 0x0888, 0x0888, 0x0888, 0x0888, 0x0888, 0x0888, 0x0888,
    0x0888, 0x0888, 0xF086, 0x0888, 0x0888, 0xF086, 0x0888, 0x0888,
    0xF086, 0x0888, 0x0888, 0xF086, 0xF086, 0x0888, 0x0888, 0xF086,
    0x0888, 0x0888, 0xF086, 0xF086, 0x0888, 0xF086, 0xF086, 0x0888,
    0xF086, 0xF086, 0x0888, 0x0888, 0xF086, 0x0888, 0x0888, 0x0888,
    0x0888, 0xF086, 0xF086, 0x0888, 0x0888, 0xF086, 0xF086, 0x0888,
    0x0888, 0xF086, 0xF086, 0x0888, 0x0888, 0xF086, 0xF086, 0x0888,
    0x0888, 0xF086, 0xF086, 0x0888, 0x0888, 0xF086, 0xF086, 0x0888,
    0x0888, 0xF086, 0xF086, 0x0888, 0x0888, 0xF086, 0x0888, 0x0888,
    0x0888, 0xF086, 0xF086, 0x0888, 0x0888, 0xF086, 0x0888, 0x0888,
    0x0888, 0xF086, 0x0888, 0x0888, 0xF086, 0xF086, 0x0888, 0x0888,
    0x0888, 0xF086, 0xF086, 0x0888, 0xF086, 0xF086, 0x0888, 0xF086,
    0x0888, 0x0888, 0xF086, 0x0888, 0x0888, 0xF086, 0xF086, 0x0888,
    0x0888, 0x0888, 0xF086, 0xF086, 0x0888, 0xF086, 0xF086, 0x0888,
    0x0888, 0xF086, 0xF086, 0x0888, 0x0888, 0xF086, 0xF086, 0x0888,
    0x0888, 0xF086, 0xF086, 0x0888, 0x0888, 0xF086, 0xF086, 0x0888,
    0xF086, 0xF086, 0x0888, 0x0888, 0xF086, 0xF086, 0x0888, 0x0888,
    0x0888, 0x0888, 0x0888, 0x0888, 0x0888, 0x0888, 0x0888, 0x0888,
    0x0888, 0x0888, 0x0888, 0x0888, 0x0888, 0x0888, 0x0888, 0x0888,
    0x0888, 0x0888, 0x0888, 0x0888, 0x0888, 0x0888, 0x0888, 0x0888,
    0x0888, 0x0888, 0x0888, 0x0888, 0x0888, 0x0888, 0x0888, 0x0888,
    0x0888, 0x0888, 0x0888, 0x0888, 0x0888, 0x0888, 0x0888, 0x0888,
    0x0888, 0x0888, 0x0888, 0x0888, 0x0888, 0x0888, 0x0888, 0x0888,
    0x0888, 0x0888, 0x0888, 0x0888, 0x0888, 0x0888, 0x0888, 0x0888,
    0x0888, 0x0888, 0x0888, 0x0888, 0x0888, 0x0888, 0x0888, 0x0888,
    0x0888, 0x0888, 0x0888, 0x0888, 0x0888, 0x0888, 0x0888, 0x0888,
    0x0888, 0x0888, 0x0888, 0x0888, 0x0888, 0x0888, 0x0888, 0x0888,
    0x0888, 0x0888, 0x0888, 0x0888, 0x0888, 0x0888, 0x0888, 0x0888,
    0x0888, 0x0888, 0x0888, 0x0888, 0x0888, 0x0888, 0x0888, 0x0888,
    0x0888, 0x0888, 0x0888, 0x0888, 0x0888, 0x0888, 0x0888, 0x0888,
    0x0888, 0x0888, 0x0888, 0x0888, 0x0888, 0x0888, 0x0888, 0x0888,
    0x0888, 0x0888, 0x0888, 0x0888, 0x0888, 0x0888, 0x0888, 0x0888,
    0x0888, 0x0888, 0x0888, 0x0888, 0x0888, 0x0888, 0x0888, 0x0888,
    0x0888, 0xF086, 0xF086, 0x0888, 0xF086, 0xF086, 0x0888, 0x0888,
    0xF086, 0xF086, 0x0888, 0xF086, 0xF086, 0x0888, 0xF086, 0xF086,
    0x0888, 0xF086, 0xF086, 0xF086, 0x0888, 0xF086, 0xF086, 0x0888,
    0xF086, 0xF086, 0x0888, 0xF086, 0xF086, 0xF086, 0x0888, 0x0888,
    0x0888, 0xF086, 0xF086, 0x0888, 0x0888, 0xF086, 0xF086, 0x0888,
    0x0888, 0xF086, 0xF086, 0x0888, 0x0888, 0xF086, 0xF086, 0x0888,
    0x0888, 0xF086, 0xF086, 0x0888, 0x0888, 0xF086, 0xF086, 0x0888,
    0x0888, 0xF086, 0xF086, 0x0888, 0x0888, 0xF086, 0xF086, 0x0888,
    0x0888, 0xF086, 0xF086, 0x0888, 0x0888, 0xF086, 0xF086, 0x0888,
    0x0888, 0xF086, 0xF086, 0x0888, 0xF086, 0xF086, 0x0888, 0x0888,
    0x0888, 0xF086, 0xF086, 0x0888, 0xF086, 0xF086, 0x0888, 0xF086,
    0x0888, 0x0888, 0xF086, 0xF086, 0x0888, 0xF086, 0xF086, 0x0888,
    0x0888, 0x0888, 0xF086, 0xF086, 0x0888, 0xF086, 0xF086, 0x0888,
    0x0888, 0xF086, 0xF086, 0x0888, 0x0888, 0xF086, 0xF086, 0x0888,
    0x0888, 0xF086, 0xF086, 0x0888, 0x0888, 0xF086, 0xF086, 0x0888,
    0xF086, 0xF086, 0x0888, 0x0888, 0xF086, 0xF086, 0x0888, 0x0888,
    0x0888, 0x0888, 0x0888, 0x0888, 0x0888, 0x0888, 0x0888, 0x0888,
    0x0888, 0x0888, 0x0888, 0x0888, 0x0888, 0x0888, 0x0888, 0x0888,
    0x0888, 0x0888, 0x0888, 0x0888, 0x0888, 0x0888, 0x0888, 0x0888,
    0x0888, 0x0888, 0x0888, 0x0888, 0x0888, 0x0888, 0x0888, 0x0888,
    0x0888, 0x0888, 0x0888, 0x0888, 0x0888, 0x0888, 0x0888, 0x0888,
    0x0888, 0x0888, 0x0888, 0x0888, 0x0888, 0x0888, 0x0888, 0x0888,
    0x0888, 0x0888, 0x0888, 0x0888, 0x0888, 0x0888, 0x0888, 0x0888,
    0x0888, 0x0888, 0x0888, 0x0888, 0x0888, 0x0888, 0x0888, 0x0888,
    0x0888, 0x0888, 0x0888, 0x0888, 0x0888, 0x0888, 0x0888, 0x0888,
    0x0888, 0x0888, 0x0888, 0x0888, 0x0888, 0x0888, 0x0888, 0x0888,
    0x0888, 0x0888, 0x0888, 0x0888, 0x0888, 0x0888, 0x0888, 0x0888,
    0x0888, 0x0888, 0x0888, 0x0888, 0x0888, 0x0888, 0x0888, 0x0888,
    0x0888, 0x0888, 0x0888, 0x0888, 0x0888, 0x0888, 0x0888, 0x0888,
    0x0888, 0x0888, 0x0888, 0x0888, 0x0888, 0x0888, 0x0888, 0x0888,
    0x0888, 0x0888, 0x0888, 0x0888, 0x0888, 0x0888, 0x0888, 0x0888,
    0x0888, 0x0888, 0x0888, 0x0888, 0x0888, 0x0888, 0x0888, 0x0888,
    0x0888, 0xF086, 0xF086, 0x0888, 0xF086, 0xF086, 0xF086, 0x0888,
    0xF086, 0xF086, 0x0888, 0xF086, 0xF086, 0x0888, 0xF086, 0xF086,
    0x0888, 0xF086, 0xF086, 0xF086, 0x0888, 0xF086, 0xF086, 0xF086,
    0xF086, 0xF086, 0x0888, 0xF086, 0xF086, 0xF086, 0x0888, 0x0888,
    0x0888, 0xF086, 0xF086, 0x0888, 0xF086, 0xF086, 0xF086, 0x0888,
    0x0888, 0xF086, 0xF086, 0xF086, 0xF086, 0xF086, 0xF086, 0x0888,
    0x0888, 0xF086, 0xF086, 0x0888, 0x0888, 0xF086, 0xF086, 0xF086,
    0x0888, 0xF086, 0xF086, 0x0888, 0x0888, 0xF086, 0xF086, 0x0888,
    0x0888, 0xF086, 0xF086, 0x0888, 0xF086, 0xF086, 0xF086, 0x0888,
    0x0888, 0xF086, 0xF086, 0x0888, 0xF086, 0xF086, 0xF086, 0xF086,
    0x0888, 0xF086, 0xF086, 0xF086, 0xF086, 0xF086, 0x0888, 0xF086,
    0xF086, 0x0888, 0xF086, 0xF086, 0xF086, 0xF086, 0xF086, 0xF086,
    0x0888, 0x0888, 0x0888, 0xF086, 0xF086, 0xF086, 0xF086, 0x0888,
    0x0888, 0xF086, 0xF086, 0xF086, 0x0888, 0xF086, 0xF086, 0x0888,
    0x0888, 0xF086, 0xF086, 0x0888, 0xF086, 0xF086, 0xF086, 0x0888,
    0xF086, 0xF086, 0x0888, 0x0888, 0xF086, 0xF086, 0x0888, 0xF086,
    0x0888, 0x0888, 0x0888, 0x0888, 0x0888, 0x0888, 0x0888, 0x0888,
    0x0888, 0x0888, 0x0888, 0x0888, 0x0888, 0x0888, 0x0888, 0x0888,
    0x0888, 0x0888, 0x0888, 0x0888, 0x0888, 0x0888, 0x0888, 0x0888,
    0x0888, 0x0888, 0x0888, 0x0888, 0x0888, 0x0888, 0x0888, 0x0888,
    0x0888, 0x0888, 0x0888, 0x0888, 0x0888, 0x0888, 0x0888, 0x0888,
    0x0888, 0x0888, 0x0888, 0x0888, 0x0888, 0x0888, 0x0888, 0x0888,
    0x0888, 0x0888, 0x0888, 0x0888, 0x0888, 0x0888, 0x0888, 0x0888,
    0x0888, 0x0888, 0x0888, 0x0888, 0x0888, 0x0888, 0x0888, 0x0888,
    0x0888, 0x0888, 0x0888, 0x0888, 0x0888, 0x0888, 0x0888, 0x0888,
    0x0888, 0x0888, 0x0888, 0x0888, 0x0888, 0x0888, 0x0888, 0x0888,
    0x0888, 0x0888, 0x0888, 0x0888, 0x0888, 0x0888, 0x0888, 0x0888,
    0x0888, 0x0888, 0x0888, 0x0888, 0x0888, 0x0888, 0x0888, 0x0888,
    0x0888, 0x0888, 0x0888, 0x0888, 0x0888, 0x0888, 0x0888, 0x0888,
    0x0888, 0x0888, 0x0888, 0x0888, 0x0888, 0x0888, 0x0888, 0x0888,
    0x0888, 0x0888, 0x0888, 0x0888, 0x0888, 0x0888, 0x0888, 0x0888,
    0x0888, 0x0888, 0x0888, 0x0888, 0x0888, 0x0888, 0x0888, 0x0888,
    0xF086, 0xF086, 0xF086, 0xF086, 0xF086, 0xF086, 0xF086, 0x0888,
    0xF086, 0xF086, 0xF086, 0xF086, 0xF086, 0xF086, 0xF086, 0xF086,
    0xF086, 0xF086, 0xF086, 0xF086, 0xF086, 0xF086, 0xF086, 0xF086,
    0xF086, 0xF086, 0xF086, 0xF086, 0xF086, 0xF086, 0x0888, 0xF086,
    0xF086, 0xF086, 0xF086, 0x0888, 0xF086, 0xF086, 0xF086, 0xF086,
    0x0888, 0xF086, 0xF086, 0xF086, 0xF086, 0xF086, 0xF086, 0xF086,
    0xF086, 0xF086, 0xF086, 0xF086, 0x0888, 0xF086, 0xF086, 0xF086,
    0x0888, 0xF086, 0xF086, 0x0888, 0xF086, 0xF086, 0xF086, 0xF086,
    0xF086, 0xF086, 0xF086, 0x0888, 0xF086, 0xF086, 0xF086, 0xF086,
    0x0888, 0x0888, 0xF086, 0xF086, 0xF086, 0xF086, 0xF086, 0xF086,
    0x0888, 0xF086, 0xF086, 0xF086, 0xF086, 0xF086, 0xF086, 0xF086,
    0xF086, 0x0888, 0xF086, 0xF086, 0xF086, 0xF086, 0xF086, 0xF086,
    0xF086, 0x0888, 0x0888, 0xF086, 0xF086, 0xF086, 0xF086, 0x0888,
    0xF086, 0xF086, 0xF086, 0xF086, 0x0888, 0xF086, 0xF086, 0xF086,
    0xF086, 0xF086, 0xF086, 0x0888, 0xF086, 0xF086, 0xF086, 0xF086,
    0xF086, 0xF086, 0xF086, 0x0888, 0xF086, 0xF086, 0x0888, 0xF086,
    0x0888, 0x0888, 0x0888, 0x0888, 0x0888, 0x0888, 0x0888, 0x0888,
    0x0888, 0x0888, 0x0888, 0x0888, 0x0888, 0x0888, 0x0888, 0x0888,
    0x0888, 0x0888, 0x0888, 0x0888, 0x0888, 0x0888, 0x0888, 0x0888,
    0x0888, 0x0888, 0x0888, 0x0888, 0x0888, 0x0888, 0x0888, 0x0888,
    0x0888, 0x0888, 0x0888, 0x0888, 0x0888, 0x0888, 0x0888, 0x0888,
    0x0888, 0x0888, 0x0888, 0x0888, 0x0888, 0x0888, 0x0888, 0x0888,
    0x0888, 0x0888, 0x0888, 0x0888, 0x0888, 0x0888, 0x0888, 0x0888,
    0x0888, 0x0888, 0x0888, 0x0888, 0x0888, 0x0888, 0x0888, 0x0888,
    0x0888, 0x0888, 0x0888, 0x0888, 0x0888, 0x0888, 0x0888, 0x0888,
    0x0888, 0x0888, 0x0888, 0x0888, 0x0888, 0x0888, 0x0888, 0x0888,
    0x0888, 0x0888, 0x0888, 0x0888, 0x0888, 0x0888, 0x0888, 0x0888,
    0x0888, 0x0888, 0x0888, 0x0888, 0x0888, 0x0888, 0x0888, 0x0888,
    0x0888, 0x0888, 0x0888, 0x0888, 0x0888, 0x0888, 0x0888, 0x0888,
    0x0888, 0x0888, 0x0888, 0x0888, 0x0888, 0x0888, 0x0888, 0x0888,
    0x0888, 0x0888, 0x0888, 0x0888, 0x0888, 0x0888, 0x0888, 0x0888,
    0x0888, 0x0888, 0x0888, 0x0888, 0x0888, 0x0888, 0x0888, 0x0888,
    0xF086, 0xF086, 0xF086, 0xF086, 0xF086, 0xF086, 0xF086, 0x0888,
    0xF086, 0xF086, 0xF086, 0xF086, 0xF086, 0xF086, 0xF086, 0xF086,
    0xF086, 0xF086, 0xF086, 0xF086, 0xF086, 0xF086, 0xF086, 0xF086,
    0xF086, 0xF086, 0xF086, 0xF086, 0xF086, 0xF086, 0x0888, 0xF086,
    0xF086, 0xF086, 0xF086, 0xF086, 0xF086, 0xF086, 0xF086, 0xF086,
    0x0888, 0xF086, 0xF086, 0xF086, 0xF086, 0xF086, 0xF086, 0xF086,
    0xF086, 0xF086, 0xF086, 0xF086, 0x0888, 0xF086, 0xF086, 0xF086,
    0xF086, 0xF086, 0xF086, 0x0888, 0xF086, 0xF086, 0xF086, 0xF086,
    0xF086, 0xF086, 0xF086, 0xF086, 0xF086, 0xF086, 0xF086, 0xF086,
    0xF086, 0x0888, 0xF086, 0xF086, 0xF086, 0xF086, 0xF086, 0xF086,
    0xF086, 0xF086, 0xF086, 0xF086, 0xF086, 0xF086, 0xF086, 0xF086,
    0xF086, 0xF086, 0xF086, 0xF086, 0xF086, 0xF086, 0xF086, 0xF086,
    0xF086, 0x0888, 0x0888, 0xF086, 0xF086, 0xF086, 0xF086, 0xF086,
    0xF086, 0xF086, 0xF086, 0xF086, 0xF086, 0xF086, 0xF086, 0xF086,
    0xF086, 0xF086, 0xF086, 0x0888, 0xF086, 0xF086, 0xF086, 0xF086,
    0xF086, 0xF086, 0xF086, 0x0888, 0xF086, 0xF086, 0xF086, 0xF086,
    0x0888, 0x0888, 0x0888, 0x0888, 0x0888, 0x0888, 0x0888, 0x0888,
    0x0888, 0x0888, 0x0888, 0x0888, 0x0888, 0x0888, 0x0888, 0x0888,
    0x0888, 0x0888, 0x0888, 0x0888, 0x0888, 0x0888, 0x0888, 0x0888,
    0x0888, 0x0888, 0x0888, 0x0888, 0x0888, 0x0888, 0x0888, 0x0888,
    0x0888, 0x0888, 0x0888, 0x0888, 0x0888, 0x0888, 0x0888, 0x0888,
    0x0888, 0x0888, 0x0888, 0x0888, 0x0888, 0x0888, 0x0888, 0x0888,
    0x0888, 0x0888, 0x0888, 0x0888, 0x0888, 0x0888, 0x0888, 0x0888,
    0x0888, 0x0888, 0x0888, 0x0888, 0x0888, 0x0888, 0x0888, 0x0888,
    0x0888, 0x0888, 0x0888, 0x0888, 0x0888, 0x0888, 0x0888, 0x0888,
    0x0888, 0x0888, 0x0888, 0x0888, 0x0888, 0x0888, 0x0888, 0x0888,
    0x0888, 0x0888, 0x0888, 0x0888, 0x0888, 0x0888, 0x0888, 0x0888,
    0x0888, 0x0888, 0x0888, 0x0888, 0x0888, 0x0888, 0x0888, 0x0888,
    0x0888, 0x0888, 0x0888, 0x0888, 0x0888, 0x0888, 0x0888, 0x0888,
    0x0888, 0x0888, 0x0888, 0x0888, 0x0888, 0x0888, 0x0888, 0x0888,
    0x0888, 0x0888, 0x0888, 0x0888, 0x0888, 0x0888, 0x0888, 0x0888,
    0x0888, 0x0888, 0x0888, 0x0888, 0x0888, 0x0888, 0x0888, 0x0888,
    0xF086, 0xF086, 0xF086, 0xF086, 0xF086, 0xF086, 0xF086, 0x0888,
    0xF086, 0xF086, 0xF086, 0xF086, 0xF086, 0xF086, 0xF086, 0xF086,
    0xF086, 0xF086, 0xF086, 0xF086, 0xF086, 0xF086, 0xF086, 0xF086,
    0xF086, 0xF086, 0xF086, 0xF086, 0xF086, 0xF086, 0xF086, 0xF086,
    0xF086, 0xF086, 0xF086, 0xF086, 0xF086, 0xF086, 0xF086, 0xF086,
    0x0888, 0xF086, 0xF086, 0xF086, 0xF086, 0xF086, 0xF086, 0xF086,
    0xF086, 0xF086, 0xF086, 0xF086, 0xF086, 0xF086, 0xF086, 0xF086,
    0xF086, 0xF086, 0xF086, 0xF086, 0xF086, 0xF086, 0xF086, 0xF086,
    0xF086, 0xF086, 0xF086, 0xF086, 0xF086, 0xF086, 0xF086, 0xF086,
    0xF086, 0xF086, 0xF086, 0xF086, 0xF086, 0xF086, 0xF086, 0xF086,
    0xF086, 0xF086, 0xF086, 0xF086, 0xF086, 0xF086, 0xF086, 0xF086,
    0xF086, 0xF086, 0xF086, 0xF086, 0xF086, 0xF086, 0xF086, 0xF086,
    0xF086, 0xF086, 0x0888, 0xF086, 0xF086, 0xF086, 0xF086, 0xF086,
    0xF086, 0xF086, 0xF086, 0xF086, 0xF086, 0xF086, 0xF086, 0xF086,
    0xF086, 0xF086, 0xF086, 0xF086, 0xF086, 0xF086, 0xF086, 0xF086,
    0xF086, 0xF086, 0xF086, 0xF086, 0xF086, 0xF086, 0xF086, 0xF086,
    0x0888, 0x0888, 0x0888, 0x0888, 0x0888, 0x0888, 0x0888, 0x0888,
    0x0888, 0x0888, 0x0888, 0x0888, 0x0888, 0x0888, 0x0888, 0x0888,
    0x0888, 0x0888, 0x0888, 0x0888, 0x0888, 0x0888, 0x0888, 0x0888,
    0x0888, 0x0888, 0x0888, 0x0888, 0x0888, 0x0888, 0x0888, 0x0888,
    0x0888, 0x0888, 0x0888, 0x0888, 0x0888, 0x0888, 0x0888, 0x0888,
    0x0888, 0x0888, 0x0888, 0x0888, 0x0888, 0x0888, 0x0888, 0x0888,
    0x0888, 0x0888, 0x0888, 0x0888, 0x0888, 0x0888, 0x0888, 0x0888,
    0x0888, 0x0888, 0x0888, 0x0888, 0x0888, 0x0888, 0x0888, 0x0888,
    0x0888, 0x0888, 0x0888, 0x0888, 0x0888, 0x0888, 0x0888, 0x0888,
    0x0888, 0x0888, 0x0888, 0x0888, 0x0888, 0x0888, 0x0888, 0x0888,
    0x0888, 0x0888, 0x0888, 0x0888, 0x0888, 0x0888, 0x0888, 0x0888,
    0x0888, 0x0888, 0x0888, 0x0888, 0x0888, 0x0888, 0x0888, 0x0888,
    0x0888, 0x0888, 0x0888, 0x0888, 0x0888, 0x0888, 0x0888, 0x0888,
    0x0888, 0x0888, 0x0888, 0x0888, 0x0888, 0x0888, 0x0888, 0x0888,
    0x0888, 0x0888, 0x0888, 0x0888, 0x0888, 0x0888, 0x0888, 0x0888,
    0x0888, 0x0888, 0x0888, 0x0888, 0x0888, 0x0888, 0x0888, 0x0888,
    0xF086, 0xF086, 0xF086, 0xF086, 0xF086, 0xF086, 0xF086, 0xF086,
    0xF086, 0xF086, 0xF086, 0xF086, 0xF086, 0xF086, 0xF086, 0xF086,
    0xF086, 0xF086, 0xF086, 0xF086, 0xF086, 0xF086, 0xF086, 0xF086,
    0xF086, 0xF086, 0xF086, 0xF086, 0xF086, 0xF086, 0xF086, 0xF086,
    0xF086, 0xF086, 0xF086, 0xF086, 0xF086, 0xF086, 0xF086, 0xF086,
    0xF086, 0xF086, 0xF086, 0xF086, 0xF086, 0xF086, 0xF086, 0xF086,
    0xF086, 0xF086, 0xF086, 0xF086, 0xF086, 0xF086, 0xF086, 0xF086,
    0xF086, 0xF086, 0xF086, 0xF086, 0xF086, 0xF086, 0xF086, 0xF086,
    0xF086, 0xF086, 0xF086, 0xF086, 0xF086, 0xF086, 0xF086, 0xF086,
    0xF086, 0xF086, 0xF086, 0xF086, 0xF086, 0xF086, 0xF086, 0xF086,
    0xF086, 0xF086, 0xF086, 0xF086, 0xF086, 0xF086, 0xF086, 0xF086,
    0xF086, 0xF086, 0xF086, 0xF086, 0xF086, 0xF086, 0xF086, 0xF086,
    0xF086, 0xF086, 0xF086, 0xF086, 0xF086, 0xF086, 0xF086, 0xF086,
    0xF086, 0xF086, 0xF086, 0xF086, 0xF086, 0xF086, 0xF086, 0xF086,
    0xF086, 0xF086, 0xF086, 0xF086, 0xF086, 0xF086, 0xF086, 0xF086,
    0xF086, 0xF086, 0xF086, 0xF086, 0xF086, 0xF086, 0xF086, 0xF086,
    0x0888, 0x0888, 0x0888, 0x0888, 0x0888, 0x0888, 0x0888, 0x0888,
    0x0888, 0x0888, 0x0888, 0x0888, 0x0888, 0x0888, 0x0888, 0x0888,
    0x0888, 0x0888, 0x0888, 0x0888, 0x0888, 0x0888, 0x0888, 0x0888,
    0x0888, 0x0888, 0x0888, 0x0888, 0x0888, 0x0888, 0x0888, 0x0888,
    0x0888, 0x0888, 0x0888, 0x0888, 0x0888, 0x0888, 0x0888, 0x0888,
    0x0888, 0x0888, 0x0888, 0x0888, 0x0888, 0x0888, 0x0888, 0x0888,
    0x0888, 0x0888, 0x0888, 0x0888, 0x0888, 0x0888, 0x0888, 0x0888,
    0x0888, 0x0888, 0x0888, 0x0888, 0x0888, 0x0888, 0x0888, 0x0888,
    0x0888, 0x0888, 0x0888, 0x0888, 0x0888, 0x0888, 0x0888, 0x0888,
    0x0888, 0x0888, 0x0888, 0x0888, 0x0888, 0x0888, 0x0888, 0x0888,
    0x0888, 0x0888, 0x0888, 0x0888, 0x0888, 0x0888, 0x0888, 0x0888,
    0x0888, 0x0888, 0x0888, 0x0888, 0x0888, 0x0888, 0x0888, 0x0888,
    0x0888, 0x0888, 0x0888, 0x0888, 0x0888, 0x0888, 0x0888, 0x0888,
    0x0888, 0x0888, 0x0888, 0x0888, 0x0888, 0x0888, 0x0888, 0x0888,
    0x0888, 0x0888, 0x0888, 0x0888, 0x0888, 0x0888, 0x0888, 0x0888,
    0x0888, 0x0888, 0x0888, 0x0888, 0x0888, 0x0888, 0x0888, 0x0888,
    0xF086, 0xF086, 0xF086, 0xF086, 0xF086, 0xF086, 0xF086, 0xF086,
    0xF086, 0xF086, 0xF086, 0xF086, 0xF086, 0xF086, 0xF086, 0xF086,
    0xF086, 0xF086, 0xF086, 0xF086, 0xF086, 0xF086, 0xF086, 0xF086,
    0xF086, 0xF086, 0xF086, 0xF086, 0xF086, 0xF086, 0xF086, 0xF086,
    0xF086, 0xF086, 0xF086, 0xF086, 0xF086, 0xF086, 0xF086, 0xF086,
    0xF086, 0xF086, 0xF086, 0xF086, 0xF086, 0xF086, 0xF086, 0xF086,
    0xF086, 0xF086, 0xF086, 0xF086, 0xF086, 0xF086, 0xF086, 0xF086,
    0xF086, 0xF086, 0xF086, 0xF086, 0xF086, 0xF086, 0xF086, 0xF086,
    0xF086, 0xF086, 0xF086, 0xF086, 0xF086, 0xF086, 0xF086, 0xF086,
    0xF086, 0xF086, 0xF086, 0xF086, 0xF086, 0xF086, 0xF086, 0xF086,
    0xF086, 0xF086, 0xF086, 0xF086, 0xF086, 0xF086, 0xF086, 0xF086,
    0xF086, 0xF086, 0xF086, 0xF086, 0xF086, 0xF086, 0xF086, 0xF086,
    0xF086, 0xF086, 0xF086, 0xF086, 0xF086, 0xF086, 0xF086, 0xF086,
    0xF086, 0xF086, 0xF086, 0xF086, 0xF086, 0xF086, 0xF086, 0xF086,
    0xF086, 0xF086, 0xF086, 0xF086, 0xF086, 0xF086, 0xF086, 0xF086,
    0xF086, 0xF086, 0xF086, 0xF086, 0xF086, 0xF086, 0xF086, 0xF086,
    0x0888, 0x0888, 0x0888, 0x0888, 0x0888, 0x0888, 0x0888, 0x0888,
    0x0888, 0x0888, 0x0888, 0x0888, 0x0888, 0x0888, 0x0888, 0x0888,
    0x0888, 0x0888, 0x0888, 0x0888, 0x0888, 0x0888, 0x0888, 0x0888,
    0x0888, 0x0888, 0x0888, 0x0888, 0x0888, 0x0888, 0x0888, 0x0888,
    0x0888, 0x0888, 0x0888, 0x0888, 0x0888, 0x0888, 0x0888, 0x0888,
    0x0888, 0x0888, 0x0888, 0x0888, 0x0888, 0x0888, 0x0888, 0x0888,
    0x0888, 0x0888, 0x0888, 0x0888, 0x0888, 0x0888, 0x0888, 0x0888,
    0x0888, 0x0888, 0x0888, 0x0888, 0x0888, 0x0888, 0x0888, 0x0888,
    0x0888, 0x0888, 0x0888, 0x0888, 0x0888, 0x0888, 0x0888, 0x0888,
    0x0888, 0x0888, 0x0888, 0x0888, 0x0888, 0x0888, 0x0888, 0x0888,
    0x0888, 0x0888, 0x0888, 0x0888, 0x0888, 0x0888, 0x0888, 0x0888,
    0x0888, 0x0888, 0x0888, 0x0888, 0x0888, 0x0888, 0x0888, 0x0888,
    0x0888, 0x0888, 0x0888, 0x0888, 0x0888, 0x0888, 0x0888, 0x0888,
    0x0888, 0x0888, 0x0888, 0x0888, 0x0888, 0x0888, 0x0888, 0x0888,
    0x0888, 0x0888, 0x0888, 0x0888, 0x0888, 0x0888, 0x0888, 0x0888,
    0x0888, 0x0888, 0x0888, 0x0888, 0x0888, 0x0888, 0x0888, 0x0888,
    0x0888, 0x0888, 0x0888, 0x0888, 0x0888, 0x0888, 0xFBFF, 0xFBFF,
    0xFBFF, 0x0888, 0x0888, 0x0888, 0x0888, 0x0888, 0x0888, 0x0888,
    0x0888, 0x0888, 0x0888, 0x0888, 0x0888, 0x0888, 0x0888, 0x0888,
    0x0888, 0x0888, 0x0888, 0x0888, 0x0888, 0x0888, 0x0888, 0x0888,
    0x0888, 0x0888, 0x0888, 0x0888, 0x0888, 0x0888, 0x0888, 0x0888,
    0x0888, 0x0888, 0x0888, 0x0888, 0x0888, 0x0888, 0x0888, 0xFBFF,
    0xFBFF, 0xFBFF, 0xFBFF, 0x0888, 0x0888, 0x0888, 0x0888, 0x0888,
    0x0888, 0x0888, 0x0888, 0x0888, 0x0888, 0x0888, 0x0888, 0x0888,
    0x0888, 0x0888, 0x0888, 0x0888, 0x0888, 0xFBFF, 0xFBFF, 0xFBFF,
    0xFBFF, 0xFBFF, 0x0888, 0x0888, 0x0888, 0x0888, 0x0888, 0x0888,
    0x0888, 0x0888, 0xFBFF, 0xFBFF, 0x0888, 0x0888, 0x0888, 0x0888,
    0x0888, 0x0888, 0x0888, 0x0888, 0x0888, 0x0888, 0x0888, 0x0888,
    0x0888, 0x0888, 0x0888, 0x0888, 0x0888, 0x0888, 0x0888, 0x0888,
    0x0888, 0x0888, 0x0888, 0x0888, 0x0888, 0x0888, 0x0888, 0x0888,
    0x0888, 0x0888, 0x0888, 0x0888, 0x0888, 0x0888, 0x0888, 0x0888,
    0xFBFF, 0xFBFF, 0x0888, 0x0888, 0x0888, 0x0888, 0x0888, 0x0888,
    0x0888, 0x0888, 0x0888, 0x0888, 0x0888, 0x0888, 0x0888, 0x0888,
    0x0888, 0x0888, 0x0888, 0x0888, 0x0888, 0x0888, 0x0888, 0x0888,
    0x0888, 0x0888, 0x0888, 0x0888, 0x0888, 0x0888, 0x0888, 0x0888,
    0x0888, 0x0888, 0x0888, 0x0888, 0x0888, 0x0888, 0x0888, 0x0888,
    0x0888, 0x0888, 0x0888, 0x0888, 0x0888, 0x0888, 0x0888, 0x0888,
    0x0888, 0x0888, 0x0888, 0x0888, 0x0888, 0x0888, 0x0888, 0x0888,
    0x0888, 0x0888, 0x0888, 0x0888, 0x0888, 0x0888, 0x0888, 0x0888,
    0x0888, 0x0888, 0x0888, 0x0888, 0x0888, 0x0888, 0x0888, 0x0888,
    0x0888, 0x0888, 0x0888, 0x0888, 0x0888, 0x0888, 0x0888, 0x0888,
    0x0888, 0x0888, 0x0888, 0x0888, 0x0888, 0x0888, 0x0888, 0x0888,
    0x0888, 0x0888, 0x0888, 0x0888, 0x0888, 0x0888, 0x0888, 0x0888,
    0x0888, 0x0888, 0x0888, 0x0888, 0x0888, 0x0888, 0x0888, 0x0888,
    0x0888, 0x0888, 0x0888, 0x0888, 0x0888, 0x0888, 0x0888, 0x0888,
    0x0888, 0x0888, 0x0888, 0x0888, 0x0888, 0x0888, 0x0888, 0x0888,
    0x0888, 0x0888, 0x0888, 0x0888, 0x0888, 0x0888, 0x0888, 0x0888,
    0x0888, 0x0888, 0x0888, 0x0888, 0x0888, 0x0888, 0x0888, 0x0888,
    0x0888, 0x0888, 0x0888, 0x0888, 0x0888, 0xFBFF, 0xFBFF, 0xFBFF,
    0xFBFF, 0xFBFF, 0x0888, 0x0888, 0x0888, 0x0888, 0x0888, 0x0888,
    0x0888, 0x0888, 0x0888, 0x0888, 0xFBFF, 0xFBFF, 0xFBFF, 0x0888,
    0x0888, 0x0888, 0x0888, 0x0888, 0x0888, 0x0888, 0x0888, 0x0888,
    0x0888, 0x0888, 0x0888, 0x0888, 0x0888, 0x0888, 0x0888, 0x0888,
    0x0888, 0x0888, 0x0888, 0x0888, 0x0888, 0xFBFF, 0xFBFF, 0xFBFF,
    0xFBFF, 0xFBFF, 0xFBFF, 0xFBFF, 0xFBFF, 0x0888, 0x0888, 0x0888,
    0x0888, 0x0888, 0x0888, 0x0888, 0x0888, 0x0888, 0x0888, 0x0888,
    0x0888, 0x0888, 0x0888, 0x0888, 0xFBFF, 0xFBFF, 0xFBFF, 0xFBFF,
    0xFBFF, 0xFBFF, 0xFBFF, 0xFBFF, 0x0888, 0x0888, 0x0888, 0xFBFF,
    0xFBFF, 0xFBFF, 0xFBFF, 0xFBFF, 0xFBFF, 0xFBFF, 0x0888, 0x0888,
    0x0888, 0x0888, 0x0888, 0x0888, 0x0888, 0x0888, 0x0888, 0x0888,
    0x0888, 0x0888, 0x0888, 0x0888, 0x0888, 0x0888, 0x0888, 0x0888,
    0x0888, 0x0888, 0x0888, 0x0888, 0x0888, 0x0888, 0x0888, 0x0888,
    0x0888, 0x0888, 0x0888, 0x0888, 0x0888, 0x0888, 0xFBFF, 0xFBFF,
    0xFBFF, 0xFBFF, 0xFBFF, 0xFBFF, 0x0888, 0x0888, 0x0888, 0x0888,
    0x0888, 0x0888, 0x0888, 0x0888, 0x0888, 0x0888, 0x0888, 0x0888,
    0x0888, 0x0888, 0x0888, 0x0888, 0x0888, 0x0888, 0x0888, 0x0888,
    0x0888, 0x0888, 0x0888, 0x0888, 0x0888, 0x0888, 0x0888, 0x0888,
    0x0888, 0x0888, 0x0888, 0x0888, 0x0888, 0x0888, 0x0888, 0x0888,
    0x0888, 0x0888, 0x0888, 0x0888, 0x0888, 0x0888, 0x0888, 0x0888,
    0x0888, 0x0888, 0x0888, 0x0888, 0x0888, 0x0888, 0x0888, 0x0888,
    0x0888, 0x0888, 0x0888, 0x0888, 0x0888, 0x0888, 0x0888, 0x0888,
    0x0888, 0x0888, 0x0888, 0x0888, 0x0888, 0x0888, 0x0888, 0x0888,
    0x0888, 0x0888, 0x0888, 0x0888, 0x0888, 0x0888, 0x0888, 0x0888,
    0x0888, 0x0888, 0x0888, 0x0888, 0x0888, 0x0888, 0x0888, 0x0888,
    0x0888, 0x0888, 0x0888, 0x0888, 0x0888, 0x0888, 0x0888, 0x0888,
    0x0888, 0x0888, 0x0888, 0x0888, 0x0888, 0x0888, 0x0888, 0x0888,
    0x0888, 0x0888, 0x0888, 0x0888, 0x0888, 0x0888, 0x0888, 0x0888,
    0x0888, 0x0888, 0x0888, 0x0888, 0x0888, 0x0888, 0x0888, 0x0888,
    0x0888, 0x0888, 0x0888, 0x0888, 0x0888, 0x0888, 0x0888, 0x0888,
    0x0888, 0x0888, 0x0888, 0x0888, 0x0888, 0x0888, 0x0888, 0x0888,
    0x0888, 0x0888, 0x0888, 0x0888, 0xFBFF, 0xFBFF, 0xFBFF, 0xFBFF,
    0xFBFF, 0xFBFF, 0xFBFF, 0x0888, 0x0888, 0x0888, 0x0888, 0xFBFF,
    0xFBFF, 0xFBFF, 0xFBFF, 0xFBFF, 0xFBFF, 0xFBFF, 0xFBFF, 0xFBFF,
    0xFBFF, 0x0888, 0x0888, 0x0888, 0x0888, 0x0888, 0x0888, 0x0888,
    0x0888, 0x0888, 0x0888, 0x0888, 0x0888, 0x0888, 0x0888, 0x0888,
    0x0888, 0x0888, 0x0888, 0x0888, 0xFBFF, 0xFBFF, 0xFBFF, 0xFBFF,
    0xFBFF, 0xFBFF, 0xFBFF, 0xFBFF, 0xFBFF, 0xFBFF, 0x0888, 0x0888,
    0x0888, 0x0888, 0x0888, 0x0888, 0x0888, 0x0888, 0x0888, 0x0888,
    0x0888, 0x0888, 0x0888, 0x0888, 0xFBFF, 0xFBFF, 0xFBFF, 0xFBFF,
    0xFBFF, 0xFBFF, 0xFBFF, 0xFBFF, 0xFBFF, 0x0888, 0xFBFF, 0xFBFF,
    0xFBFF, 0xFBFF, 0xFBFF, 0xFBFF, 0xFBFF, 0xFBFF, 0xFBFF, 0xFBFF,
    0x0888, 0x0888, 0x0888, 0x0888, 0x0888, 0x0888, 0x0888, 0x0888,
    0x0888, 0x0888, 0x0888, 0x0888, 0x0888, 0x0888, 0x0888, 0x0888,
    0x0888, 0x0888, 0x0888, 0xFBFF, 0xFBFF, 0xFBFF, 0xFBFF, 0x0888,
    0x0888, 0x0888, 0x0888, 0x0888, 0x0888, 0xFBFF, 0xFBFF, 0xFBFF,
    0xFBFF, 0xFBFF, 0xFBFF, 0xFBFF, 0xFBFF, 0x0888, 0x0888, 0x0888,
    0x0888, 0x0888, 0x0888, 0x0888, 0x0888, 0x0888, 0x0888, 0x0888,
    0x0888, 0x0888, 0x0888, 0x0888, 0x0888, 0x0888, 0x0888, 0x0888,
    0x0888, 0x0888, 0x0888, 0x0888, 0x0888, 0x0888, 0x0888, 0x0888,
    0x0888, 0x0888, 0x0888, 0x0888, 0x0888, 0x0888, 0x0888, 0x0888,
    0x0888, 0x0888, 0x0888, 0x0888, 0x0888, 0x0888, 0x0888, 0x0888,
    0x0888, 0x0888, 0x0888, 0x0888, 0x0888, 0x0888, 0x0888, 0x0888,
    0x0888, 0x0888, 0x0888, 0x0888, 0x0888, 0x0888, 0x0888, 0x0888,
    0x0888, 0x0888, 0x0888, 0x0888, 0x0888, 0x0888, 0x0888, 0x0888,
    0x0888, 0x0888, 0x0888, 0x0888, 0x0888, 0x0888, 0x0888, 0x0888,
    0x0888, 0x0888, 0x0888, 0x0888, 0x0888, 0x0888, 0x0888, 0x0888,
    0x0888, 0x0888, 0x0888, 0x0888, 0x0888, 0x0888, 0x0888, 0x0888,
    0x0888, 0x0888, 0x0888, 0x0888, 0x0888, 0x0888, 0x0888, 0x0888,
    0x0888, 0x0888, 0x0888, 0x0888, 0x0888, 0x0888, 0x0888, 0x0888,
    0x0888, 0x0888, 0x0888, 0x0888, 0x0888, 0x0888, 0x0888, 0x0888,
    0x0888, 0x0888, 0x0888, 0x0888, 0x0888, 0x0888, 0x0888, 0x0888,
    0x0888, 0x0888, 0x0888, 0x0888, 0x0888, 0x0888, 0x0888, 0x0888,
    0x0888, 0x0888, 0x0888, 0x0888, 0xFBFF, 0xFBFF, 0xFBFF, 0xFBFF,
    0xFBFF, 0xFBFF, 0xFBFF, 0xFBFF, 0x0888, 0xFBFF, 0xFBFF, 0xFBFF,
    0xFBFF, 0xFBFF, 0xFBFF, 0xFBFF, 0xFBFF, 0xFBFF, 0xFBFF, 0xFBFF,
    0xFBFF, 0x0888, 0x0888, 0x0888, 0x0888, 0x0888, 0x0888, 0x0888,
    0x0888, 0x0888, 0x0888, 0x0888, 0x0888, 0x0888, 0x0888, 0x0888,
    0x0888, 0x0888, 0x0888, 0xFBFF, 0xFBFF, 0xFBFF, 0xFBFF, 0xFBFF,
    0xFBFF, 0xFBFF, 0xFBFF, 0xFBFF, 0xFBFF, 0xFBFF, 0x0888, 0x0888,
    0x0888, 0x0888, 0x0888, 0x0888, 0x0888, 0x0888, 0x0888, 0x0888,
    0x0888, 0x0888, 0x0888, 0x0888, 0xFBFF, 0xFBFF, 0xFBFF, 0xFBFF,
    0xFBFF, 0xFBFF, 0xFBFF, 0xFBFF, 0xFBFF, 0xFBFF, 0xFBFF, 0xFBFF,
    0xFBFF, 0xFBFF, 0xFBFF, 0xFBFF, 0xFBFF, 0xFBFF, 0xFBFF, 0xFBFF,
    0x0888, 0x0888, 0x0888, 0x0888, 0x0888, 0x0888, 0x0888, 0x0888,
    0x0888, 0x0888, 0x0888, 0x0888, 0x0888, 0x0888, 0x0888, 0x0888,
    0x0888, 0xFBFF, 0xFBFF, 0xFBFF, 0xFBFF, 0xFBFF, 0xFBFF, 0xFBFF,
    0xFBFF, 0xFBFF, 0x0888, 0x0888, 0x0888, 0xFBFF, 0xFBFF, 0xFBFF,
    0xFBFF, 0xFBFF, 0xFBFF, 0xFBFF, 0xFBFF, 0xFBFF, 0x0888, 0x0888,
    0x0888, 0x0888, 0x0888, 0x0888, 0x0888, 0x0888, 0x0888, 0x0888,
    0x0888, 0x0888, 0x0888, 0x0888, 0x0888, 0x0888, 0x0888, 0x0888,
    0x0888, 0x0888, 0x0888, 0x0888, 0x0888, 0x0888, 0x0888, 0x0888,
    0x0888, 0x0888, 0x0888, 0x0888, 0x0888, 0x0888, 0x0888, 0x0888,
    0x0888, 0x0888, 0x0888, 0x0888, 0x0888, 0x0888, 0x0888, 0x0888,
    0x0888, 0x0888, 0x0888, 0x0888, 0x0888, 0x0888, 0x0888, 0x0888,
    0x0888, 0x0888, 0x0888, 0x0888, 0x0888, 0x0888, 0x0888, 0x0888,
    0x0888, 0x0888, 0x0888, 0x0888, 0x0888, 0x0888, 0x0888, 0x0888,
    0x0888, 0x0888, 0x0888, 0x0888, 0x0888, 0x0888, 0x0888, 0x0888,
    0x0888, 0x0888, 0x0888, 0x0888, 0x0888, 0x0888, 0x0888, 0x0888,
    0x0888, 0x0888, 0x0888, 0x0888, 0x0888, 0x0888, 0x0888, 0x0888,
    0x0888, 0x0888, 0x0888, 0x0888, 0x0888, 0x0888, 0x0888, 0x0888,
    0x0888, 0x0888, 0x0888, 0x0888, 0x0888, 0x0888, 0x0888, 0x0888,
    0x0888, 0x0888, 0x0888, 0x0888, 0x0888, 0x0888, 0x0888, 0x0888,
    0x0888, 0x0888, 0x0888, 0x0888, 0x0888, 0x0888, 0x0888, 0x0888,
    0x0888, 0x0888, 0x0888, 0x0888, 0x0888, 0x0888, 0x0888, 0x0888,
    0x0888, 0x0888, 0x0888, 0xFBFF, 0xFBFF, 0xFBFF, 0xFBFF, 0xFBFF,
    0xFBFF, 0xFBFF, 0xFBFF, 0xFBFF, 0xFBFF, 0xFBFF, 0xFBFF, 0xFBFF,
    0xFBFF, 0xFBFF, 0xFBFF, 0xFBFF, 0xFBFF, 0xFBFF, 0xFBFF, 0xFBFF,
    0xFBFF, 0x0888, 0x0888, 0x0888, 0x0888, 0x0888, 0x0888, 0x0888,
    0x0888, 0x0888, 0x0888, 0x0888, 0x0888, 0x0888, 0x0888, 0x0888,
    0x0888, 0x0888, 0x0888, 0xFBFF, 0xFBFF, 0xFBFF, 0xFBFF, 0xFBFF,
    0xFBFF, 0xFBFF, 0xFBFF, 0xFBFF, 0xFBFF, 0xFBFF, 0x0888, 0x0888,
    0x0888, 0x0888, 0x0888, 0x0888, 0x0888, 0x0888, 0x0888, 0x0888,
    0x0888, 0x0888, 0x0888, 0x0888, 0xFBFF, 0xFBFF, 0xFBFF, 0xFBFF,
    0xFBFF, 0xFBFF, 0xFBFF, 0xFBFF, 0xFBFF, 0xFBFF, 0xFBFF, 0xFBFF,
    0xFBFF, 0xFBFF, 0xFBFF, 0xFBFF, 0xFBFF, 0xFBFF, 0xFBFF, 0xFBFF,
    0xFBFF, 0x0888, 0x0888, 0x0888, 0x0888, 0x0888, 0x0888, 0x0888,
    0x0888, 0x0888, 0x0888, 0x0888, 0x0888, 0x0888, 0x0888, 0x0888,
    0xFBFF, 0xFBFF, 0xFBFF, 0xFBFF, 0xFBFF, 0xFBFF, 0xFBFF, 0xFBFF,
    0xFBFF, 0xFBFF, 0xFBFF, 0x0888, 0x0888, 0xFBFF, 0xFBFF, 0xFBFF,
    0xFBFF, 0xFBFF, 0xFBFF, 0xFBFF, 0xFBFF, 0xFBFF, 0x0888, 0x0888,
    0x0888, 0x0888, 0x0888, 0x0888, 0x0888, 0x0888, 0x0888, 0x0888,
    0x0888, 0x0888, 0x0888, 0x0888, 0x0888, 0x0888, 0x0888, 0x0888,
    0x0888, 0x0888, 0x0888, 0x0888, 0x0888, 0x0888, 0x0888, 0x0888,
    0x0888, 0x0888, 0x0888, 0x0888, 0x0888, 0x0888, 0x0888, 0x0888,
    0x0888, 0x0888, 0x0888, 0x0888, 0x0888, 0x0888, 0x0888, 0x0888,
    0x0888, 0x0888, 0x0888, 0x0888, 0x0888, 0x0888, 0x0888, 0x0888,
    0x0888, 0x0888, 0x0888, 0x0888, 0x0888, 0x0888, 0x0888, 0x0888,
    0x0888, 0x0888, 0x0888, 0x0888, 0x0888, 0x0888, 0x0888, 0x0888,
    0x0888, 0x0888, 0x0888, 0x0888, 0x0888, 0x0888, 0x0888, 0x0888,
    0x0888, 0x0888, 0x0888, 0x0888, 0x0888, 0x0888, 0x0888, 0x0888,
    0x0888, 0x0888, 0x0888, 0x0888, 0x0888, 0x0888, 0x0888, 0x0888,
    0x0888, 0x0888, 0x0888, 0x0888, 0x0888, 0x0888, 0x0888, 0x0888,
    0x0888, 0x0888, 0x0888, 0x0888, 0x0888, 0x0888, 0x0888, 0x0888,
    0x0888, 0x0888, 0x0888, 0x0888, 0x0888, 0x0888, 0x0888, 0x0888,
    0x0888, 0x0888, 0x0888, 0x0888, 0x0888, 0x0888, 0x0888, 0x0888,
    0x0888, 0x0888, 0x0888, 0x0888, 0x0888, 0x0888, 0x0888, 0x0888,
    0x0888, 0x0888, 0x0888, 0xFBFF, 0xFBFF, 0xFBFF, 0xFBFF, 0xFBFF,
    0xFBFF, 0xFBFF, 0xFBFF, 0xFBFF, 0xFBFF, 0xFBFF, 0xFBFF, 0xFBFF,
    0xFBFF, 0xFBFF, 0xFBFF, 0xFBFF, 0xFBFF, 0xFBFF, 0xFBFF, 0xFBFF,
    0xFBFF, 0x0888, 0x0888, 0x0888, 0x0888, 0x0888, 0x0888, 0x0888,
    0x0888, 0x0888, 0x0888, 0x0888, 0x0888, 0x0888, 0x0888, 0x0888,
    0x0888, 0x0888, 0x0888, 0xFBFF, 0xFBFF, 0xFBFF, 0xFBFF, 0xFBFF,
    0xFBFF, 0xFBFF, 0xFBFF, 0xFBFF, 0xFBFF, 0x0888, 0x0888, 0x0888,
    0x0888, 0x0888, 0x0888, 0x0888, 0x0888, 0x0888, 0x0888, 0x0888,
    0x0888, 0x0888, 0x0888, 0x0888, 0xFBFF, 0xFBFF, 0xFBFF, 0xFBFF,
    0xFBFF, 0xFBFF, 0xFBFF, 0xFBFF, 0xFBFF, 0xFBFF, 0xFBFF, 0xFBFF,
    0xFBFF, 0xFBFF, 0xFBFF, 0xFBFF, 0xFBFF, 0xFBFF, 0xFBFF, 0xFBFF,
    0xFBFF, 0x0888, 0x0888, 0x0888, 0x0888, 0x0888, 0x0888, 0x0888,
    0x0888, 0x0888, 0x0888, 0x0888, 0x0888, 0x0888, 0x0888, 0x0888,
    0xFBFF, 0xFBFF, 0xFBFF, 0xFBFF, 0xFBFF, 0xFBFF, 0xFBFF, 0xFBFF,
    0xFBFF, 0xFBFF, 0xFBFF, 0xFBFF, 0xFBFF, 0xFBFF, 0xFBFF, 0xFBFF,
    0xFBFF, 0xFBFF, 0xFBFF, 0xFBFF, 0xFBFF, 0xFBFF, 0x0888, 0x0888,
    0x0888, 0x0888, 0x0888, 0x0888, 0x0888, 0x0888, 0x0888, 0x0888,
    0x0888, 0x0888, 0x0888, 0x0888, 0x0888, 0x0888, 0x0888, 0x0888,
    0x0888, 0x0888, 0x0888, 0x0888, 0x0888, 0x0888, 0x0888, 0x0888,
    0x0888, 0x0888, 0x0888, 0x0888, 0x0888, 0x0888, 0x0888, 0x0888,
    0x0888, 0x0888, 0x0888, 0x0888, 0x0888, 0x0888, 0x0888, 0x0888,
    0x0888, 0x0888, 0x0888, 0x0888, 0x0888, 0x0888, 0x0888, 0x0888,
    0x0888, 0x0888, 0x0888, 0x0888, 0x0888, 0x0888, 0x0888, 0x0888,
    0x0888, 0x0888, 0x0888, 0x0888, 0x0888, 0x0888, 0x0888, 0x0888,
    0x0888, 0x0888, 0x0888, 0x0888, 0x0888, 0x0888, 0x0888, 0x0888,
    0x0888, 0x0888, 0x0888, 0x0888, 0x0888, 0x0888, 0x0888, 0x0888,
    0x0888, 0x0888, 0x0888, 0x0888, 0x0888, 0x0888, 0x0888, 0x0888,
    0x0888, 0x0888, 0x0888, 0x0888, 0x0888, 0x0888, 0x0888, 0x0888,
    0x0888, 0x0888, 0x0888, 0x0888, 0x0888, 0x0888, 0x0888, 0x0888,
    0x0888, 0x0888, 0x0888, 0x0888, 0x0888, 0x0888, 0x0888, 0x0888,
    0x0888, 0x0888, 0x0888, 0x0888, 0x0888, 0x0888, 0x0888, 0x0888,
    0x0888, 0x0888, 0x0888, 0x0888, 0x0888, 0x0888, 0x0888, 0x0888,
    0x0888, 0x0888, 0x0888, 0xFBFF, 0xFBFF, 0xFBFF, 0xFBFF, 0xFBFF,
    0xFBFF, 0xFBFF, 0xFBFF, 0xFBFF, 0xFBFF, 0xFBFF, 0xFBFF, 0xFBFF,
    0xFBFF, 0xFBFF, 0xFBFF, 0xFBFF, 0xFBFF, 0xFBFF, 0xFBFF, 0xFBFF,
    0xFBFF, 0x0888, 0x0888, 0x0888, 0x0888, 0x0888, 0x0888, 0x0888,
    0x0888, 0x0888, 0x0888, 0x0888, 0x0888, 0x0888, 0x0888, 0xFBFF,
    0xFBFF, 0x0888, 0x0888, 0xFBFF, 0xFBFF, 0xFBFF, 0xFBFF, 0xFBFF,
    0xFBFF, 0xFBFF, 0xFBFF, 0xFBFF, 0xFBFF, 0x0888, 0x0888, 0x0888,
    0x0888, 0x0888, 0x0888, 0x0888, 0x0888, 0x0888, 0x0888, 0x0888,
    0x0888, 0x0888, 0x0888, 0x0888, 0x0888, 0xFBFF, 0xFBFF, 0xFBFF,
    0xFBFF, 0xFBFF, 0xFBFF, 0xFBFF, 0xFBFF, 0xFBFF, 0xFBFF, 0xFBFF,
    0xFBFF, 0xFBFF, 0xFBFF, 0xFBFF, 0xFBFF, 0xFBFF, 0xFBFF, 0xFBFF,
    0xFBFF, 0x0888, 0x0888, 0x0888, 0x0888, 0x0888, 0x0888, 0x0888,
    0x0888, 0x0888, 0x0888, 0x0888, 0x0888, 0x0888, 0x0888, 0xFBFF,
    0xFBFF, 0xFBFF, 0xFBFF, 0xFBFF, 0xFBFF, 0xFBFF, 0xFBFF, 0xFBFF,
    0xFBFF, 0xFBFF, 0xFBFF, 0xFBFF, 0xFBFF, 0xFBFF, 0xFBFF, 0xFBFF,
    0xFBFF, 0xFBFF, 0xFBFF, 0xFBFF, 0xFBFF, 0xFBFF, 0x0888, 0x0888,
    0x0888, 0x0888, 0x0888, 0x0888, 0x0888, 0x0888, 0x0888, 0x0888,
    0x0888, 0x0888, 0x0888, 0x0888, 0x0888, 0x0888, 0x0888, 0x0888,
    0x0888, 0x0888, 0x0888, 0x0888, 0x0888, 0x0888, 0x0888, 0x0888,
    0x0888, 0x0888, 0x0888, 0x0888, 0x0888, 0x0888, 0x0888, 0x0888,
    0x0888, 0x0888, 0x0888, 0x0888, 0x0888, 0x0888, 0x0888, 0x0888,
    0x0888, 0x0888, 0x0888, 0x0888, 0x0888, 0x0888, 0x0888, 0x0888,
    0x0888, 0x0888, 0x0888, 0x0888, 0x0888, 0x0888, 0x0888, 0x0888,
    0x0888, 0x0888, 0x0888, 0x0888, 0x0888, 0x0888, 0x0888, 0x0888,
    0x0888, 0x0888, 0x0888, 0x0888, 0x0888, 0x0888, 0x0888, 0x0888,
    0x0888, 0x0888, 0x0888, 0x0888, 0x0888, 0x0888, 0x0888, 0x0888,
    0x0888, 0x0888, 0x0888, 0x0888, 0x0888, 0x0888, 0x0888, 0x0888,
    0x0888, 0x0888, 0x0888, 0x0888, 0x0888, 0x0888, 0x0888, 0x0888,
    0x0888, 0x0888, 0x0888, 0x0888, 0x0888, 0x0888, 0x0888, 0x0888,
    0x0888, 0x0888, 0x0888, 0x0888, 0x0888, 0x0888, 0x0888, 0x0888,
    0x0888, 0x0888, 0x0888, 0x0888, 0x0888, 0x0888, 0x0888, 0x0888,
    0x0888, 0x0888, 0x0888, 0x0888, 0x0888, 0x0888, 0x0888, 0x0888,
    0x0888, 0x0888, 0x0888, 0x0888, 0xFBFF, 0xFBFF, 0xFBFF, 0xFBFF,
    0xFBFF, 0xFBFF, 0xFBFF, 0xFBFF, 0xFBFF, 0xFBFF, 0xFBFF, 0xFBFF,
    0xFBFF, 0xFBFF, 0xFBFF, 0xFBFF, 0xFBFF, 0xFBFF, 0xFBFF, 0xFBFF,
    0xFBFF, 0x0888, 0x0888, 0x0888, 0x0888, 0x0888, 0x0888, 0x0888,
    0x0888, 0x0888, 0x0888, 0x0888, 0x0888, 0xFBFF, 0xFBFF, 0xFBFF,
    0xFBFF, 0xFBFF, 0xFBFF, 0xFBFF, 0xFBFF, 0xFBFF, 0xFBFF, 0xFBFF,
    0xFBFF, 0xFBFF, 0xFBFF, 0xFBFF, 0xFBFF, 0xFBFF, 0xFBFF, 0xFBFF,
    0xFBFF, 0x0888, 0x0888, 0x0888, 0x0888, 0x0888, 0x0888, 0x0888,
    0x0888, 0x0888, 0x0888, 0x0888, 0x0888, 0xFBFF, 0xFBFF, 0xFBFF,
    0xFBFF, 0xFBFF, 0xFBFF, 0xFBFF, 0xFBFF, 0xFBFF, 0xFBFF, 0xFBFF,
    0xFBFF, 0xFBFF, 0xFBFF, 0xFBFF, 0xFBFF, 0xFBFF, 0xFBFF, 0xFBFF,
    0xFBFF, 0x0888, 0x0888, 0x0888, 0x0888, 0x0888, 0x0888, 0x0888,
    0x0888, 0x0888, 0x0888, 0x0888, 0x0888, 0x0888, 0x0888, 0xFBFF,
    0xFBFF, 0xFBFF, 0xFBFF, 0xFBFF, 0xFBFF, 0xFBFF, 0xFBFF, 0xFBFF,
    0xFBFF, 0xFBFF, 0xFBFF, 0xFBFF, 0xFBFF, 0xFBFF, 0xFBFF, 0xFBFF,
    0xFBFF, 0xFBFF, 0xFBFF, 0xFBFF, 0xFBFF, 0xFBFF, 0x0888, 0x0888,
    0x0888, 0x0888, 0x0888, 0x0888, 0x0888, 0x0888, 0x0888, 0x0888,
    0x0888, 0x0888, 0x0888, 0x0888, 0x0888, 0x0888, 0x0888, 0x0888,
    0x0888, 0x0888, 0x0888, 0x0888, 0x0888, 0x0888, 0x0888, 0x0888,
    0x0888, 0x0888, 0x0888, 0x0888, 0x0888, 0x0888, 0x0888, 0x0888,
    0x0888, 0x0888, 0x0888, 0x0888, 0x0888, 0x0888, 0x0888, 0x0888,
    0x0888, 0x0888, 0x0888, 0x0888, 0x0888, 0x0888, 0x0888, 0x0888,
    0x0888, 0x0888, 0x0888, 0x0888, 0x0888, 0x0888, 0x0888, 0x0888,
    0x0888, 0x0888, 0x0888, 0x0888, 0x0888, 0x0888, 0x0888, 0x0888,
    0x0888, 0x0888, 0x0888, 0x0888, 0x0888, 0x0888, 0x0888, 0x0888,
    0x0888, 0x0888, 0x0888, 0x0888, 0x0888, 0x0888, 0x0888, 0x0888,
    0x0888, 0x0888, 0x0888, 0x0888, 0x0888, 0x0888, 0x0888, 0x0888,
    0x0888, 0x0888, 0x0888, 0x0888, 0x0888, 0x0888, 0x0888, 0x0888,
    0x0888, 0x0888, 0x0888, 0x0888, 0x0888, 0x0888, 0x0888, 0x0888,
    0x0888, 0x0888, 0x0888, 0x0888, 0x0888, 0x0888, 0x0888, 0x0888,
    0x0888, 0x0888, 0x0888, 0x0888, 0x0888, 0x0888, 0x0888, 0x0888,
    0x0888, 0x0888, 0x0888, 0x0888, 0x0888, 0x0888, 0x0888, 0x0888,
    0x0888, 0x0888, 0x0888, 0x0888, 0xFBFF, 0xFBFF, 0xFBFF, 0xFBFF,
    0xFBFF, 0xFBFF, 0xFBFF, 0xFBFF, 0xFBFF, 0xFBFF, 0xFBFF, 0xFBFF,
    0xFBFF, 0xFBFF, 0xFBFF, 0xFBFF, 0xFBFF, 0xFBFF, 0xFBFF, 0xFBFF,
    0xFBFF, 0xFBFF, 0xFBFF, 0xFBFF, 0xFBFF, 0x0888, 0x0888, 0x0888,
    0x0888, 0x0888, 0x0888, 0x0888, 0xFBFF, 0xFBFF, 0xFBFF, 0xFBFF,
    0xFBFF, 0xFBFF, 0xFBFF, 0xFBFF, 0xFBFF, 0xFBFF, 0xFBFF, 0xFBFF,
    0xFBFF, 0xFBFF, 0xFBFF, 0xFBFF, 0xFBFF, 0xFBFF, 0xFBFF, 0xFBFF,
    0xFBFF, 0xFBFF, 0x0888, 0x0888, 0x0888, 0x0888, 0x0888, 0x0888,
    0x0888, 0x0888, 0x0888, 0x0888, 0xFBFF, 0xFBFF, 0xFBFF, 0xFBFF,
    0xFBFF, 0xFBFF, 0xFBFF, 0xFBFF, 0xFBFF, 0xFBFF, 0xFBFF, 0xFBFF,
    0xFBFF, 0xFBFF, 0xFBFF, 0xFBFF, 0xFBFF, 0xFBFF, 0xFBFF, 0xFBFF,
    0x0888, 0x0888, 0x0888, 0x0888, 0x0888, 0x0888, 0x0888, 0x0888,
    0x0888, 0xFBFF, 0xFBFF, 0xFBFF, 0xFBFF, 0xFBFF, 0xFBFF, 0xFBFF,
    0xFBFF, 0xFBFF, 0xFBFF, 0xFBFF, 0xFBFF, 0xFBFF, 0xFBFF, 0xFBFF,
    0xFBFF, 0xFBFF, 0xFBFF, 0xFBFF, 0xFBFF, 0xFBFF, 0xFBFF, 0xFBFF,
    0xFBFF, 0xFBFF, 0xFBFF, 0xFBFF, 0xFBFF, 0x0888, 0x0888, 0x0888,
    0x0888, 0x0888, 0x0888, 0x0888, 0x0888, 0x0888, 0x0888, 0x0888,
    0x0888, 0x0888, 0x0888, 0x0888, 0x0888, 0x0888, 0x0888, 0x0888,
    0x0888, 0x0888, 0x0888, 0x0888, 0x0888, 0x0888, 0x0888, 0x0888,
    0x0888, 0x0888, 0x0888, 0x0888, 0x0888, 0x0888, 0x0888, 0x0888,
    0x0888, 0x0888, 0x0888, 0x0888, 0x0888, 0x0888, 0x0888, 0x0888,
    0x0888, 0x0888, 0x0888, 0x0888, 0x0888, 0x0888, 0x0888, 0x0888,
    0x0888, 0x0888, 0x0888, 0x0888, 0x0888, 0x0888, 0x0888, 0x0888,
    0x0888, 0x0888, 0x0888, 0x0888, 0x0888, 0x0888, 0x0888, 0x0888,
    0x0888, 0x0888, 0x0888, 0x0888, 0x0888, 0x0888, 0x0888, 0x0888,
    0x0888, 0x0888, 0x0888, 0x0888, 0x0888, 0x0888, 0x0888, 0x0888,
    0x0888, 0x0888, 0x0888, 0x0888, 0x0888, 0x0888, 0x0888, 0x0888,
    0x0888, 0x0888, 0x0888, 0x0888, 0x0888, 0x0888, 0x0888, 0x0888,
    0x0888, 0x0888, 0x0888, 0x0888, 0x0888, 0x0888, 0x0888, 0x0888,
    0x0888, 0x0888, 0x0888, 0x0888, 0x0888, 0x0888, 0x0888, 0x0888,
    0x0888, 0x0888, 0x0888, 0x0888, 0x0888, 0x0888, 0x0888, 0x0888,
    0x0888, 0x0888, 0x0888, 0x0888, 0x0888, 0x0888, 0x0888, 0x0888,
    0x0888, 0x0888, 0x0888, 0x0888, 0x0888, 0x0888, 0xFBFF, 0xFBFF,
    0xFBFF, 0xFBFF, 0xFBFF, 0xFBFF, 0xFBFF, 0xFBFF, 0xFBFF, 0xFBFF,
    0xFBFF, 0xFBFF, 0xFBFF, 0xFBFF, 0xFBFF, 0xFBFF, 0xFBFF, 0xFBFF,
    0xFBFF, 0xFBFF, 0xFBFF, 0xFBFF, 0xFBFF, 0xFBFF, 0x0888, 0x0888,
    0x0888, 0x0888, 0x0888, 0x0888, 0xFBFF, 0xFBFF, 0xFBFF, 0xFBFF,
    0xFBFF, 0xFBFF, 0xFBFF, 0xFBFF, 0xFBFF, 0xFBFF, 0xFBFF, 0xFBFF,
    0xFBFF, 0xFBFF, 0xFBFF, 0xFBFF, 0xFBFF, 0xFBFF, 0xFBFF, 0xFBFF,
    0xFBFF, 0xFBFF, 0xFBFF, 0x0888, 0x0888, 0x0888, 0x0888, 0x0888,
    0x0888, 0x0888, 0x0888, 0x0888, 0xFBFF, 0xFBFF, 0xFBFF, 0xFBFF,
    0xFBFF, 0xFBFF, 0xFBFF, 0xFBFF, 0xFBFF, 0xFBFF, 0xFBFF, 0xFBFF,
    0xFBFF, 0xFBFF, 0xFBFF, 0xFBFF, 0xFBFF, 0xFBFF, 0xFBFF, 0x0888,
    0x0888, 0xFBFF, 0xFBFF, 0x0888, 0x0888, 0x0888, 0x0888, 0x0888,
    0xFBFF, 0xFBFF, 0xFBFF, 0xFBFF, 0xFBFF, 0xFBFF, 0xFBFF, 0xFBFF,
    0xFBFF, 0xFBFF, 0xFBFF, 0xFBFF, 0xFBFF, 0xFBFF, 0xFBFF, 0xFBFF,
    0xFBFF, 0xFBFF, 0xFBFF, 0xFBFF, 0xFBFF, 0xFBFF, 0xFBFF, 0xFBFF,
    0xFBFF, 0xFBFF, 0xFBFF, 0xFBFF, 0xFBFF, 0x0888, 0x0888, 0x0888,
    0x0888, 0x0888, 0x0888, 0x0888, 0x0888, 0x0888, 0x0888, 0x0888,
    0x0888, 0x0888, 0x0888, 0x0888, 0x0888, 0x0888, 0x0888, 0x0888,
    0x0888, 0x0888, 0x0888, 0x0888, 0x0888, 0x0888, 0x0888, 0x0888,
    0x0888, 0x0888, 0x0888, 0x0888, 0x0888, 0x0888, 0x0888, 0x0888,
    0x0888, 0x0888, 0x0888, 0x0888, 0x0888, 0x0888, 0x0888, 0x0888,
    0x0888, 0x0888, 0x0888, 0x0888, 0x0888, 0x0888, 0x0888, 0x0888,
    0x0888, 0x0888, 0x0888, 0x0888, 0x0888, 0x0888, 0x0888, 0x0888,
    0x0888, 0x0888, 0x0888, 0x0888, 0x0888, 0x0888, 0x0888, 0x0888,
    0x0888, 0x0888, 0x0888, 0x0888, 0x0888, 0x0888, 0x0888, 0x0888,
    0x0888, 0x0888, 0x0888, 0x0888, 0x0888, 0x0888, 0x0888, 0x0888,
    0x0888, 0x0888, 0x0888, 0x0888, 0x0888, 0x0888, 0x0888, 0x0888,
    0x0888, 0x0888, 0x0888, 0x0888, 0x0888, 0x0888, 0x0888, 0x0888,
    0x0888, 0x0888, 0x0888, 0x0888, 0x0888, 0x0888, 0x0888, 0x0888,
    0x0888, 0x0888, 0x0888, 0x0888, 0x0888, 0x0888, 0x0888, 0x0888,
    0x0888, 0x0888, 0x0888, 0x0888, 0x0888, 0x0888, 0x0888, 0x0888,
    0x0888, 0x0888, 0x0888, 0x0888, 0x0888, 0x0888, 0x0888, 0x0888,
    0x0888, 0x0888, 0x0888, 0x0888, 0x0888, 0x0888, 0xFBFF, 0xFBFF,
    0xFBFF, 0xFBFF, 0xFBFF, 0xFBFF, 0xFBFF, 0xFBFF, 0xFBFF, 0xFBFF,
    0xFBFF, 0xFBFF, 0xFBFF, 0xFBFF, 0xFBFF, 0xFBFF, 0xFBFF, 0xFBFF,
    0xFBFF, 0xFBFF, 0xFBFF, 0xFBFF, 0xFBFF, 0xFBFF, 0xFBFF, 0x0888,
    0x0888, 0x0888, 0x0888, 0x0888, 0xFBFF, 0xFBFF, 0xFBFF, 0xFBFF,
    0xFBFF, 0xFBFF, 0xFBFF, 0xFBFF, 0xFBFF, 0xFBFF, 0xFBFF, 0xFBFF,
    0xFBFF, 0xFBFF, 0xFBFF, 0xFBFF, 0xFBFF, 0xFBFF, 0xFBFF, 0xFBFF,
    0xFBFF, 0xFBFF, 0xFBFF, 0x0888, 0x0888, 0x0888, 0x0888, 0x0888,
    0x0888, 0x0888, 0x0888, 0x0888, 0xFBFF, 0xFBFF, 0xFBFF, 0xFBFF,
    0xFBFF, 0xFBFF, 0xFBFF, 0xFBFF, 0xFBFF, 0xFBFF, 0xFBFF, 0xFBFF,
    0xFBFF, 0xFBFF, 0xFBFF, 0xFBFF, 0xFBFF, 0xFBFF, 0xFBFF, 0xFBFF,
    0xFBFF, 0xFBFF, 0xFBFF, 0xFBFF, 0x0888, 0x0888, 0x0888, 0x0888,
    0xFBFF, 0xFBFF, 0xFBFF, 0xFBFF, 0xFBFF, 0xFBFF, 0xFBFF, 0xFBFF,
    0xFBFF, 0xFBFF, 0xFBFF, 0xFBFF, 0xFBFF, 0xFBFF, 0xFBFF, 0xFBFF,
    0xFBFF, 0xFBFF, 0xFBFF, 0xFBFF, 0xFBFF, 0xFBFF, 0xFBFF, 0xFBFF,
    0xFBFF, 0xFBFF, 0xFBFF, 0xFBFF, 0xFBFF, 0xFBFF, 0x0888, 0x0888,
    0x0888, 0x0888, 0x0888, 0x0888, 0x0888, 0x0888, 0x0888, 0x0888,
    0x0888, 0x0888, 0x0888, 0x0888, 0x0888, 0x0888, 0x0888, 0x0888,
    0x0888, 0x0888, 0x0888, 0x0888, 0x0888, 0x0888, 0x0888, 0x0888,
    0x0888, 0x0888, 0x0888, 0x0888, 0x0888, 0x0888, 0x0888, 0x0888,
    0x0888, 0x0888, 0x0888, 0x0888, 0x0888, 0x0888, 0x0888, 0x0888,
    0x0888, 0x0888, 0x0888, 0x0888, 0x0888, 0x0888, 0x0888, 0x0888,
    0x0888, 0x0888, 0x0888, 0x0888, 0x0888, 0x0888, 0x0888, 0x0888,
    0x0888, 0x0888, 0x0888, 0x0888, 0x0888, 0x0888, 0x0888, 0x0888,
    0x0888, 0x0888, 0x0888, 0x0888, 0x0888, 0x0888, 0x0888, 0x0888,
    0x0888, 0x0888, 0x0888, 0x0888, 0x0888, 0x0888, 0x0888, 0x0888,
    0x0888, 0x0888, 0x0888, 0x0888, 0x0888, 0x0888, 0x0888, 0x0888,
    0x0888, 0x0888, 0x0888, 0x0888, 0x0888, 0x0888, 0x0888, 0x0888,
    0x0888, 0x0888, 0x0888, 0x0888, 0x0888, 0x0888, 0x0888, 0x0888,
    0x0888, 0x0888, 0x0888, 0x0888, 0x0888, 0x0888, 0x0888, 0x0888,
    0x0888, 0x0888, 0x0888, 0x0888, 0x0888, 0x0888, 0x0888, 0x0888,
    0x0888, 0x0888, 0x0888, 0x0888, 0x0888, 0x0888, 0x0888, 0x0888,
    0x0888, 0x0888, 0x0888, 0x0888, 0xFBFF, 0xFBFF, 0xFBFF, 0xFBFF,
    0xFBFF, 0xFBFF, 0xFBFF, 0xFBFF, 0xFBFF, 0xFBFF, 0xFBFF, 0xFBFF,
    0xFBFF, 0xFBFF, 0xFBFF, 0xFBFF, 0xFBFF, 0xFBFF, 0xFBFF, 0xFBFF,
    0xFBFF, 0xFBFF, 0xFBFF, 0xFBFF, 0xFBFF, 0xFBFF, 0xFBFF, 0x0888,
    0x0888, 0x0888, 0x0888, 0x0888, 0xFBFF, 0xFBFF, 0xFBFF, 0xFBFF,
    0xFBFF, 0xFBFF, 0xFBFF, 0xFBFF, 0xFBFF, 0xFBFF, 0xFBFF, 0xFBFF,
    0xFBFF, 0xFBFF, 0xFBFF, 0xFBFF, 0xFBFF, 0xFBFF, 0xFBFF, 0xFBFF,
    0xFBFF, 0xFBFF, 0xFBFF, 0x0888, 0x0888, 0x0888, 0x0888, 0x0888,
    0x0888, 0x0888, 0x0888, 0x0888, 0x0888, 0xFBFF, 0xFBFF, 0xFBFF,
    0xFBFF, 0xFBFF, 0xFBFF, 0xFBFF, 0xFBFF, 0xFBFF, 0xFBFF, 0xFBFF,
    0xFBFF, 0xFBFF, 0xFBFF, 0xFBFF, 0xFBFF, 0xFBFF, 0xFBFF, 0xFBFF,
    0xFBFF, 0xFBFF, 0xFBFF, 0xFBFF, 0xFBFF, 0x0888, 0x0888, 0x0888,
    0xFBFF, 0xFBFF, 0xFBFF, 0xFBFF, 0xFBFF, 0xFBFF, 0xFBFF, 0xFBFF,
    0xFBFF, 0xFBFF, 0xFBFF, 0xFBFF, 0xFBFF, 0xFBFF, 0xFBFF, 0xFBFF,
    0xFBFF, 0xFBFF, 0xFBFF, 0xFBFF, 0xFBFF, 0xFBFF, 0xFBFF, 0xFBFF,
    0xFBFF, 0xFBFF, 0xFBFF, 0xFBFF, 0xFBFF, 0xFBFF, 0x0888, 0x0888,
    0x0888, 0x0888, 0x0888, 0x0888, 0x0888, 0x0888, 0x0888, 0x0888,
    0x0888, 0x0888, 0x0888, 0x0888, 0x0888, 0x0888, 0x0888, 0x0888,
    0x0888, 0x0888, 0x0888, 0x0888, 0x0888, 0x0888, 0x0888, 0x0888,
    0x0888, 0x0888, 0x0888, 0x0888, 0x0888, 0x0888, 0x0888, 0x0888,
    0x0888, 0x0888, 0x0888, 0x0888, 0x0888, 0x0888, 0x0888, 0x0888,
    0x0888, 0x0888, 0x0888, 0x0888, 0x0888, 0x0888, 0x0888, 0x0888,
    0x0888, 0x0888, 0x0888, 0x0888, 0x0888, 0x0888, 0x0888, 0x0888,
    0x0888, 0x0888, 0x0888, 0x0888, 0x0888, 0x0888, 0x0888, 0x0888,
    0x0888, 0x0888, 0x0888, 0x0888, 0x0888, 0x0888, 0x0888, 0x0888,
    0x0888, 0x0888, 0x0888, 0x0888, 0x0888, 0x0888, 0x0888, 0x0888,
    0x0888, 0x0888, 0x0888, 0x0888, 0x0888, 0x0888, 0x0888, 0x0888,
    0x0888, 0x0888, 0x0888, 0x0888, 0x0888, 0x0888, 0x0888, 0x0888,
    0x0888, 0x0888, 0x0888, 0x0888, 0x0888, 0x0888, 0x0888, 0x0888,
    0x0888, 0x0888, 0x0888, 0x0888, 0x0888, 0x0888, 0x0888, 0x0888,
    0x0888, 0x0888, 0x0888, 0x0888, 0x0888, 0x0888, 0x0888, 0x0888,
    0x0888, 0x0888, 0x0888, 0x0888, 0x0888, 0x0888, 0x0888, 0x0888,
    0x0888, 0x0888, 0x0888, 0x0888, 0xFBFF, 0xFBFF, 0xFBFF, 0xFBFF,
    0xFBFF, 0xFBFF, 0xFBFF, 0xFBFF, 0xFBFF, 0xFBFF, 0xFBFF, 0xFBFF,
    0xFBFF, 0xFBFF, 0xFBFF, 0xFBFF, 0xFBFF, 0xFBFF, 0xFBFF, 0xFBFF,
    0xFBFF, 0xFBFF, 0xFBFF, 0xFBFF, 0xFBFF, 0xFBFF, 0xFBFF, 0xFBFF,
    0x0888, 0x0888, 0x0888, 0x0888, 0xFBFF, 0xFBFF, 0xFBFF, 0xFBFF,
    0xFBFF, 0xFBFF, 0xFBFF, 0xFBFF, 0xFBFF, 0xFBFF, 0xFBFF, 0xFBFF,
    0xFBFF, 0xFBFF, 0xFBFF, 0xFBFF, 0xFBFF, 0xFBFF, 0xFBFF, 0xFBFF,
    0xFBFF, 0xFBFF, 0xFBFF, 0x0888, 0x0888, 0x0888, 0x0888, 0x0888,
    0x0888, 0x0888, 0x0888, 0x0888, 0x0888, 0xFBFF, 0xFBFF, 0xFBFF,
    0xFBFF, 0xFBFF, 0xFBFF, 0xFBFF, 0xFBFF, 0xFBFF, 0xFBFF, 0xFBFF,
    0xFBFF, 0xFBFF, 0xFBFF, 0xFBFF, 0xFBFF, 0xFBFF, 0xFBFF, 0xFBFF,
    0xFBFF, 0xFBFF, 0xFBFF, 0xFBFF, 0xFBFF, 0x0888, 0x0888, 0x0888,
    0xFBFF, 0xFBFF, 0xFBFF, 0xFBFF, 0xFBFF, 0xFBFF, 0xFBFF, 0xFBFF,
    0xFBFF, 0xFBFF, 0xFBFF, 0xFBFF, 0xFBFF, 0xFBFF, 0xFBFF, 0xFBFF,
    0xFBFF, 0xFBFF, 0xFBFF, 0xFBFF, 0xFBFF, 0xFBFF, 0xFBFF, 0xFBFF,
    0xFBFF, 0xFBFF, 0xFBFF, 0xFBFF, 0xFBFF, 0xFBFF, 0xFBFF, 0x0888,
    0x0888, 0x0888, 0x0888, 0x0888, 0x0888, 0x0888, 0x0888, 0x0888,
    0x0888, 0x0888, 0x0888, 0x0888, 0x0888, 0x0888, 0x0888, 0x0888,
    0x0888, 0x0888, 0x0888, 0x0888, 0x0888, 0x0888, 0x0888, 0x0888,
    0x0888, 0x0888, 0x0888, 0x0888, 0x0888, 0x0888, 0x0888, 0x0888,
    0x0888, 0x0888, 0x0888, 0x0888, 0x0888, 0x0888, 0x0888, 0x0888,
    0x0888, 0x0888, 0x0888, 0x0888, 0x0888, 0x0888, 0x0888, 0x0888,
    0x0888, 0x0888, 0x0888, 0x0888, 0x0888, 0x0888, 0x0888, 0x0888,
    0x0888, 0x0888, 0x0888, 0x0888, 0x0888, 0x0888, 0x0888, 0x0888,
    0x0888, 0x0888, 0x0888, 0x0888, 0x0888, 0x0888, 0x0888, 0x0888,
    0x0888, 0x0888, 0x0888, 0x0888, 0x0888, 0x0888, 0x0888, 0x0888,
    0x0888, 0x0888, 0x0888, 0x0888, 0x0888, 0x0888, 0x0888, 0x0888,
    0x0888, 0x0888, 0x0888, 0x0888, 0x0888, 0x0888, 0x0888, 0x0888,
    0x0888, 0x0888, 0x0888, 0x0888, 0x0888, 0x0888, 0x0888, 0x0888,
    0x0888, 0x0888, 0x0888, 0x0888, 0x0888, 0x0888, 0x0888, 0x0888,
    0x0888, 0x0888, 0x0888, 0x0888, 0x0888, 0x0888, 0x0888, 0x0888,
    0x0888, 0x0888, 0x0888, 0x0888, 0x0888, 0x0888, 0x0888, 0x0888,
    0x0888, 0x0888, 0x0888, 0xFBFF, 0xFBFF, 0xFBFF, 0xFBFF, 0xFBFF,
    0xFBFF, 0xFBFF, 0xFBFF, 0xFBFF, 0xFBFF, 0xFBFF, 0xFBFF, 0xFBFF,
    0xFBFF, 0xFBFF, 0xFBFF, 0xFBFF, 0xFBFF, 0xFBFF, 0xFBFF, 0xFBFF,
    0xFBFF, 0xFBFF, 0xFBFF, 0xFBFF, 0xFBFF, 0xFBFF, 0xFBFF, 0xFBFF,
    0x0888, 0x0888, 0x0888, 0xFBFF, 0xFBFF, 0xFBFF, 0xFBFF, 0xFBFF,
    0xFBFF, 0xFBFF, 0xFBFF, 0xFBFF, 0xFBFF, 0xFBFF, 0xFBFF, 0xFBFF,
    0xFBFF, 0xFBFF, 0xFBFF, 0xFBFF, 0xFBFF, 0xFBFF, 0xFBFF, 0xFBFF,
    0xFBFF, 0xFBFF, 0x0888, 0x0888, 0x0888, 0x0888, 0x0888, 0x0888,
    0x0888, 0x0888, 0x0888, 0x0888, 0x0888, 0xFBFF, 0xFBFF, 0xFBFF,
    0xFBFF, 0xFBFF, 0xFBFF, 0xFBFF, 0xFBFF, 0xFBFF, 0xFBFF, 0xFBFF,
    0xFBFF, 0xFBFF, 0xFBFF, 0xFBFF, 0xFBFF, 0xFBFF, 0xFBFF, 0xFBFF,
    0xFBFF, 0xFBFF, 0xFBFF, 0xFBFF, 0xFBFF, 0xFBFF, 0x0888, 0x0888,
    0x0888, 0xFBFF, 0xFBFF, 0xFBFF, 0xFBFF, 0xFBFF, 0xFBFF, 0xFBFF,
    0xFBFF, 0xFBFF, 0xFBFF, 0xFBFF, 0xFBFF, 0xFBFF, 0xFBFF, 0xFBFF,
    0xFBFF, 0xFBFF, 0xFBFF, 0xFBFF, 0xFBFF, 0xFBFF, 0xFBFF, 0xFBFF,
    0xFBFF, 0xFBFF, 0xFBFF, 0xFBFF, 0xFBFF, 0xFBFF, 0xFBFF, 0xFBFF,
    0x0888, 0x0888, 0x0888, 0x0888, 0x0888, 0x0888, 0x0888, 0x0888,
    0x0888, 0x0888, 0x0888, 0x0888, 0x0888, 0x0888, 0x0888, 0x0888,
    0x0888, 0x0888, 0x0888, 0x0888, 0x0888, 0x0888, 0x0888, 0x0888,
    0x0888, 0x0888, 0x0888, 0x0888, 0x0888, 0x0888, 0x0888, 0x0888,
    0x0888, 0x0888, 0x0888, 0x0888, 0x0888, 0x0888, 0x0888, 0x0888,
    0x0888, 0x0888, 0x0888, 0x0888, 0x0888, 0x0888, 0x0888, 0x0888,
    0x0888, 0x0888, 0x0888, 0x0888, 0x0888, 0x0888, 0x0888, 0x0888,
    0x0888, 0x0888, 0x0888, 0x0888, 0x0888, 0x0888, 0x0888, 0x0888,
    0x0888, 0x0888, 0x0888, 0x0888, 0x0888, 0x0888, 0x0888, 0x0888,
    0x0888, 0x0888, 0x0888, 0x0888, 0x0888, 0x0888, 0x0888, 0x0888,
    0x0888, 0x0888, 0x0888, 0x0888, 0x0888, 0x0888, 0x0888, 0x0888,
    0x0888, 0x0888, 0x0888, 0x0888, 0x0888, 0x0888, 0x0888, 0x0888,
    0x0888, 0x0888, 0x0888, 0x0888, 0x0888, 0x0888, 0x0888, 0x0888,
    0x0888, 0x0888, 0x0888, 0x0888, 0x0888, 0x0888, 0x0888, 0x0888,
    0x0888, 0x0888, 0x0888, 0x0888, 0x0888, 0x0888, 0x0888, 0x0888,
    0x0888, 0x0888, 0x0888, 0x0888, 0x0888, 0x0888, 0x0888, 0x0888,
    0x0888, 0x0888, 0x0888, 0xFBFF, 0xFBFF, 0xFBFF, 0xFBFF, 0xFBFF,
    0xFBFF, 0xFBFF, 0xFBFF, 0xFBFF, 0xFBFF, 0xFBFF, 0xFBFF, 0xFBFF,
    0xFBFF, 0xFBFF, 0xFBFF, 0xFBFF, 0xFBFF, 0xFBFF, 0xFBFF, 0xFBFF,
    0xFBFF, 0xFBFF, 0xFBFF, 0xFBFF, 0xFBFF, 0xFBFF, 0xFBFF, 0xFBFF,
    0x0888, 0x0888, 0x0888, 0xFBFF, 0xFBFF, 0xFBFF, 0xFBFF, 0xFBFF,
    0xFBFF, 0xFBFF, 0xFBFF, 0xFBFF, 0xFBFF, 0xFBFF, 0xFBFF, 0xFBFF,
    0xFBFF, 0xFBFF, 0xFBFF, 0xFBFF, 0xFBFF, 0xFBFF, 0xFBFF, 0xFBFF,
    0xFBFF, 0xFBFF, 0x0888, 0x0888, 0x0888, 0x0888, 0x0888, 0x0888,
    0x0888, 0x0888, 0x0888, 0x0888, 0x0888, 0xFBFF, 0xFBFF, 0xFBFF,
    0xFBFF, 0xFBFF, 0xFBFF, 0xFBFF, 0xFBFF, 0xFBFF, 0xFBFF, 0xFBFF,
    0xFBFF, 0xFBFF, 0xFBFF, 0xFBFF, 0xFBFF, 0xFBFF, 0xFBFF, 0xFBFF,
    0xFBFF, 0xFBFF, 0xFBFF, 0xFBFF, 0xFBFF, 0xFBFF, 0xFBFF, 0x0888,
    0x0888, 0xFBFF, 0xFBFF, 0xFBFF, 0xFBFF, 0xFBFF, 0xFBFF, 0xFBFF,
    0xFBFF, 0xFBFF, 0xFBFF, 0xFBFF, 0xFBFF, 0xFBFF, 0xFBFF, 0xFBFF,
    0xFBFF, 0xFBFF, 0xFBFF, 0xFBFF, 0xFBFF, 0xFBFF, 0xFBFF, 0xFBFF,
    0xFBFF, 0xFBFF, 0xFBFF, 0xFBFF, 0xFBFF, 0xFBFF, 0xFBFF, 0xFBFF,
    0x0888, 0x0888, 0x0888, 0x0888, 0x0888, 0x0888, 0x0888, 0x0888,
    0x0888, 0x0888, 0x0888, 0x0888, 0x0888, 0x0888, 0x0888, 0x0888,
    0x0888, 0x0888, 0x0888, 0x0888, 0x0888, 0x0888, 0x0888, 0x0888,
    0x0888, 0x0888, 0x0888, 0x0888, 0x0888, 0x0888, 0x0888, 0x0888,
    0x0888, 0x0888, 0x0888, 0x0888, 0x0888, 0x0888, 0x0888, 0x0888,
    0x0888, 0x0888, 0x0888, 0x0888, 0x0888, 0x0888, 0x0888, 0x0888,
    0x0888, 0x0888, 0x0888, 0x0888, 0x0888, 0x0888, 0x0888, 0x0888,
    0x0888, 0x0888, 0x0888, 0x0888, 0x0888, 0x0888, 0x0888, 0x0888,
    0x0888, 0x0888, 0x0888, 0x0888, 0x0888, 0x0888, 0x0888, 0x0888,
    0x0888, 0x0888, 0x0888, 0x0888, 0x0888, 0x0888, 0x0888, 0x0888,
    0x0888, 0x0888, 0x0888, 0x0888, 0x0888, 0x0888, 0x0888, 0x0888,
    0x0888, 0x0888, 0x0888, 0x0888, 0x0888, 0x0888, 0x0888, 0x0888,
    0x0888, 0x0888, 0x0888, 0x0888, 0x0888, 0x0888, 0x0888, 0x0888,
    0x0888, 0x0888, 0x0888, 0x0888, 0x0888, 0x0888, 0x0888, 0x0888,
    0x0888, 0x0888, 0x0888, 0x0888, 0x0888, 0x0888, 0x0888, 0x0888,
    0x0888, 0x0888, 0x0888, 0x0888, 0x0888, 0x0888, 0x0888, 0x0888,
    0x0888, 0x0888, 0xFBFF, 0xFBFF, 0xFBFF, 0xFBFF, 0xFBFF, 0xFBFF,
    0xFBFF, 0xFBFF, 0xFBFF, 0xFBFF, 0xFBFF, 0xFBFF, 0xFBFF, 0xFBFF,
    0xFBFF, 0xFBFF, 0xFBFF, 0xFBFF, 0xFBFF, 0xFBFF, 0xFBFF, 0xFBFF,
    0xFBFF, 0xFBFF, 0xFBFF, 0xFBFF, 0xFBFF, 0xFBFF, 0xFBFF, 0xFBFF,
    0x0888, 0x0888, 0x0888, 0xFBFF, 0xFBFF, 0xFBFF, 0xFBFF, 0xFBFF,
    0xFBFF, 0xFBFF, 0xFBFF, 0xFBFF, 0xFBFF, 0xFBFF, 0xFBFF, 0xFBFF,
    0xFBFF, 0xFBFF, 0xFBFF, 0xFBFF, 0xFBFF, 0xFBFF, 0xFBFF, 0xFBFF,
    0xFBFF, 0xFBFF, 0xFBFF, 0x0888, 0x0888, 0x0888, 0x0888, 0x0888,
    0x0888, 0x0888, 0xFBFF, 0xFBFF, 0xFBFF, 0xFBFF, 0xFBFF, 0xFBFF,
    0xFBFF, 0xFBFF, 0xFBFF, 0xFBFF, 0xFBFF, 0xFBFF, 0xFBFF, 0xFBFF,
    0xFBFF, 0xFBFF, 0xFBFF, 0xFBFF, 0xFBFF, 0xFBFF, 0xFBFF, 0xFBFF,
    0xFBFF, 0xFBFF, 0xFBFF, 0xFBFF, 0xFBFF, 0xFBFF, 0xFBFF, 0x0888,
    0x0888, 0x0888, 0xFBFF, 0xFBFF, 0xFBFF, 0xFBFF, 0xFBFF, 0xFBFF,
    0xFBFF, 0xFBFF, 0xFBFF, 0xFBFF, 0xFBFF, 0xFBFF, 0xFBFF, 0xFBFF,
    0xFBFF, 0xFBFF, 0xFBFF, 0xFBFF, 0xFBFF, 0xFBFF, 0xFBFF, 0xFBFF,
    0xFBFF, 0xFBFF, 0xFBFF, 0xFBFF, 0xFBFF, 0xFBFF, 0xFBFF, 0xFBFF,
    0x0888, 0x0888, 0x0888, 0x0888, 0x0888, 0x0888, 0x0888, 0x0888,
    0x0888, 0x0888, 0x0888, 0x0888, 0x0888, 0x0888, 0x0888, 0x0888,
    0x0888, 0x0888, 0x0888, 0x0888, 0x0888, 0x0888, 0x0888, 0x0888,
    0x0888, 0x0888, 0x0888, 0x0888, 0x0888, 0x0888, 0x0888, 0x0888,
    0x0888, 0x0888, 0x0888, 0x0888, 0x0888, 0x0888, 0x0888, 0x0888,
    0x0888, 0x0888, 0x0888, 0x0888, 0x0888, 0x0888, 0x0888, 0x0888,
    0x0888, 0x0888, 0x0888, 0x0888, 0x0888, 0x0888, 0x0888, 0x0888,
    0x0888, 0x0888, 0x0888, 0x0888, 0x0888, 0x0888, 0x0888, 0x0888,
    0x0888, 0x0888, 0x0888, 0x0888, 0x0888, 0x0888, 0x0888, 0x0888,
    0x0888, 0x0888, 0x0888, 0x0888, 0x0888, 0x0888, 0x0888, 0x0888,
    0x0888, 0x0888, 0x0888, 0x0888, 0x0888, 0x0888, 0x0888, 0x0888,
    0x0888, 0x0888, 0x0888, 0x0888, 0x0888, 0x0888, 0x0888, 0x0888,
    0x0888, 0x0888, 0x0888, 0x0888, 0x0888, 0x0888, 0x0888, 0x0888,
    0x0888, 0x0888, 0x0888, 0x0888, 0x0888, 0x0888, 0x0888, 0x0888,
    0x0888, 0x0888, 0x0888, 0x0888, 0x0888, 0x0888, 0x0888, 0x0888,
    0x0888, 0x0888, 0x0888, 0x0888, 0x0888, 0x0888, 0x0888, 0x0888,
    0x0888, 0x0888, 0xFBFF, 0xFBFF, 0xFBFF, 0xFBFF, 0xFBFF, 0xFBFF,
    0xFBFF, 0xFBFF, 0xFBFF, 0xFBFF, 0xFBFF, 0xFBFF, 0xFBFF, 0xFBFF,
    0xFBFF, 0xFBFF, 0xFBFF, 0xFBFF, 0xFBFF, 0xFBFF, 0xFBFF, 0xFBFF,
    0xFBFF, 0xFBFF, 0xFBFF, 0xFBFF, 0xFBFF, 0xFBFF, 0xFBFF, 0xFBFF,
    0x0888, 0x0888, 0x0888, 0xFBFF, 0xFBFF, 0xFBFF, 0xFBFF, 0xFBFF,
    0xFBFF, 0xFBFF, 0xFBFF, 0xFBFF, 0xFBFF, 0xFBFF, 0xFBFF, 0xFBFF,
    0xFBFF, 0xFBFF, 0xFBFF, 0xFBFF, 0xFBFF, 0xFBFF, 0xFBFF, 0xFBFF,
    0xFBFF, 0xFBFF, 0xFBFF, 0xFBFF, 0xFBFF, 0x0888, 0x0888, 0x0888,
    0x0888, 0x0888, 0xFBFF, 0xFBFF, 0xFBFF, 0xFBFF, 0xFBFF, 0xFBFF,
    0xFBFF, 0xFBFF, 0xFBFF, 0xFBFF, 0xFBFF, 0xFBFF, 0xFBFF, 0xFBFF,
    0xFBFF, 0xFBFF, 0xFBFF, 0xFBFF, 0xFBFF, 0xFBFF, 0xFBFF, 0xFBFF,
    0xFBFF, 0xFBFF, 0xFBFF, 0xFBFF, 0xFBFF, 0xFBFF, 0xFBFF, 0x0888,
    0x0888, 0x0888, 0xFBFF, 0xFBFF, 0xFBFF, 0xFBFF, 0xFBFF, 0xFBFF,
    0xFBFF, 0xFBFF, 0xFBFF, 0xFBFF, 0xFBFF, 0xFBFF, 0xFBFF, 0xFBFF,
    0xFBFF, 0xFBFF, 0xFBFF, 0xFBFF, 0xFBFF, 0xFBFF, 0xFBFF, 0xFBFF,
    0xFBFF, 0xFBFF, 0xFBFF, 0xFBFF, 0xFBFF, 0xFBFF, 0xFBFF, 0xFBFF,
    0x0888, 0x0888, 0x0888, 0x0888, 0x0888, 0x0888, 0x0888, 0x0888,
    0x0888, 0x0888, 0x0888, 0x0888, 0x0888, 0x0888, 0x0888, 0x0888,
    0x0888, 0x0888, 0x0888, 0x0888, 0x0888, 0x0888, 0x0888, 0x0888,
    0x0888, 0x0888, 0x0888, 0x0888, 0x0888, 0x0888, 0x0888, 0x0888,
    0x0888, 0x0888, 0x0888, 0x0888, 0x0888, 0x0888, 0x0888, 0x0888,
    0x0888, 0x0888, 0x0888, 0x0888, 0x0888, 0x0888, 0x0888, 0x0888,
    0x0888, 0x0888, 0x0888, 0x0888, 0x0888, 0x0888, 0x0888, 0x0888,
    0x0888, 0x0888, 0x0888, 0x0888, 0x0888, 0x0888, 0x0888, 0x0888,
    0x0888, 0x0888, 0x0888, 0x0888, 0x0888, 0x0888, 0x0888, 0x0888,
    0x0888, 0x0888, 0x0888, 0x0888, 0x0888, 0x0888, 0x0888, 0x0888,
    0x0888, 0x0888, 0x0888, 0x0888, 0x0888, 0x0888, 0x0888, 0x0888,
    0x0888, 0x0888, 0x0888, 0x0888, 0x0888, 0x0888, 0x0888, 0x0888,
    0x0888, 0x0888, 0x0888, 0x0888, 0x0888, 0x0888, 0x0888, 0x0888,
    0x0888, 0x0888, 0x0888, 0x0888, 0x0888, 0x0888, 0x0888, 0x0888,
    0x0888, 0x0888, 0x0888, 0x0888, 0x0888, 0x0888, 0x0888, 0x0888,
    0x0888, 0x0888, 0x0888, 0x0888, 0x0888, 0x0888, 0x0888, 0x0888,
    0x0888, 0x0888, 0xFBFF, 0xFBFF, 0xFBFF, 0xFBFF, 0xFBFF, 0xFBFF,
    0xFBFF, 0xFBFF, 0xFBFF, 0xFBFF, 0xFBFF, 0xFBFF, 0xFBFF, 0xFBFF,
    0xFBFF, 0xFBFF, 0xFBFF, 0xFBFF, 0xFBFF, 0xFBFF, 0xFBFF, 0xFBFF,
    0xFBFF, 0xFBFF, 0xFBFF, 0xFBFF, 0xFBFF, 0xFBFF, 0xFBFF, 0xFBFF,
    0xFBFF, 0xFBFF, 0xFBFF, 0xFBFF, 0xFBFF, 0xFBFF, 0xFBFF, 0xFBFF,
    0xFBFF, 0xFBFF, 0xFBFF, 0xFBFF, 0xFBFF, 0xFBFF, 0xFBFF, 0xFBFF,
    0xFBFF, 0xFBFF, 0xFBFF, 0xFBFF, 0xFBFF, 0xFBFF, 0xFBFF, 0xFBFF,
    0xFBFF, 0xFBFF, 0xFBFF, 0xFBFF, 0xFBFF, 0xFBFF, 0xFBFF, 0x0888,
    0x0888, 0xFBFF, 0xFBFF, 0xFBFF, 0xFBFF, 0xFBFF, 0xFBFF, 0xFBFF,
    0xFBFF, 0xFBFF, 0xFBFF, 0xFBFF, 0xFBFF, 0xFBFF, 0xFBFF, 0xFBFF,
    0xFBFF, 0xFBFF, 0xFBFF, 0xFBFF, 0xFBFF, 0xFBFF, 0xFBFF, 0xFBFF,
    0xFBFF, 0xFBFF, 0xFBFF, 0xFBFF, 0xFBFF, 0xFBFF, 0xFBFF, 0xFBFF,
    0x0888, 0x0888, 0x0888, 0x0888, 0x0888, 0x0888, 0x0888, 0xFBFF,
    0xFBFF, 0xFBFF, 0xFBFF, 0xFBFF, 0xFBFF, 0xFBFF, 0xFBFF, 0xFBFF,
    0xFBFF, 0xFBFF, 0xFBFF, 0xFBFF, 0xFBFF, 0xFBFF, 0xFBFF, 0xFBFF,
    0xFBFF, 0xFBFF, 0xFBFF, 0xFBFF, 0xFBFF, 0xFBFF, 0xFBFF, 0x0888,
    0x0888, 0x0888, 0x0888, 0x0888, 0x0888, 0x0888, 0x0888, 0x0888,
    0x0888, 0x0888, 0x0888, 0x0888, 0x0888, 0x0888, 0x0888, 0x0888,
    0x0888, 0x0888, 0x0888, 0x0888, 0x0888, 0x0888, 0x0888, 0x0888,
    0x0888, 0x0888, 0x0888, 0x0888, 0x0888, 0x0888, 0x0888, 0x0888,
    0x0888, 0x0888, 0x0888, 0x0888, 0x0888, 0x0888, 0x0888, 0x0888,
    0x0888, 0x0888, 0x0888, 0x0888, 0x0888, 0x0888, 0x0888, 0x0888,
    0x0888, 0x0888, 0x0888, 0x0888, 0x0888, 0x0888, 0x0888, 0x0888,
    0x0888, 0x0888, 0x0888, 0x0888, 0x0888, 0x0888, 0x0888, 0x0888,
    0x0888, 0x0888, 0x0888, 0x0888, 0x0888, 0x0888, 0x0888, 0x0888,
    0x0888, 0x0888, 0x0888, 0x0888, 0x0888, 0x0888, 0x0888, 0x0888,
    0x0888, 0x0888, 0x0888, 0x0888, 0x0888, 0x0888, 0x0888, 0x0888,
    0x0888, 0x0888, 0x0888, 0x0888, 0x0888, 0x0888, 0x0888, 0x0888,
    0x0888, 0x0888, 0x0888, 0x0888, 0x0888, 0x0888, 0x0888, 0x0888,
    0x0888, 0x0888, 0x0888, 0x0888, 0x0888, 0x0888, 0x0888, 0x0888,
    0x0888, 0x0888, 0x0888, 0x0888, 0x0888, 0x0888, 0x0888, 0x0888,
    0x0888, 0x0888, 0x0888, 0x0888, 0x0888, 0x0888, 0x0888, 0x0888,
    0x0888, 0x0888, 0xFBFF, 0xFBFF, 0xFBFF, 0xFBFF, 0xFBFF, 0xFBFF,
    0xFBFF, 0xFBFF, 0xFBFF, 0xFBFF, 0xFBFF, 0xFBFF, 0xFBFF, 0xFBFF,
    0xFBFF, 0xFBFF, 0xFBFF, 0xFBFF, 0xFBFF, 0xFBFF, 0xFBFF, 0xFBFF,
    0xFBFF, 0xFBFF, 0xFBFF, 0xFBFF, 0xFBFF, 0xFBFF, 0xFBFF, 0xFBFF,
    0xFBFF, 0xFBFF, 0xFBFF, 0xFBFF, 0xFBFF, 0xFBFF, 0xFBFF, 0xFBFF,
    0xFBFF, 0xFBFF, 0xFBFF, 0xFBFF, 0xFBFF, 0xFBFF, 0xFBFF, 0xFBFF,
    0xFBFF, 0xFBFF, 0xFBFF, 0xFBFF, 0xFBFF, 0xFBFF, 0xFBFF, 0xFBFF,
    0xFBFF, 0xFBFF, 0xFBFF, 0xFBFF, 0xFBFF, 0xFBFF, 0xFBFF, 0x0888,
    0x0888, 0xFBFF, 0xFBFF, 0xFBFF, 0xFBFF, 0xFBFF, 0xFBFF, 0xFBFF,
    0xFBFF, 0xFBFF, 0xFBFF, 0xFBFF, 0xFBFF, 0xFBFF, 0xFBFF, 0xFBFF,
    0xFBFF, 0xFBFF, 0xFBFF, 0xFBFF, 0xFBFF, 0xFBFF, 0xFBFF, 0xFBFF,
    0xFBFF, 0xFBFF, 0xFBFF, 0xFBFF, 0xFBFF, 0xFBFF, 0xFBFF, 0xFBFF,
    0x0888, 0x0888, 0x0888, 0x0888, 0x0888, 0xFBFF, 0xFBFF, 0xFBFF,
    0xFBFF, 0xFBFF, 0xFBFF, 0xFBFF, 0xFBFF, 0xFBFF, 0xFBFF, 0xFBFF,
    0xFBFF, 0xFBFF, 0xFBFF, 0xFBFF, 0xFBFF, 0xFBFF, 0xFBFF, 0xFBFF,
    0xFBFF, 0xFBFF, 0xFBFF, 0xFBFF, 0xFBFF, 0xFBFF, 0x0888, 0x0888,
    0x0888, 0x0888, 0x0888, 0x0888, 0x0888, 0x0888, 0x0888, 0x0888,
    0x0888, 0x0888, 0x0888, 0x0888, 0x0888, 0x0888, 0x0888, 0x0888,
    0x0888, 0x0888, 0x0888, 0x0888, 0x0888, 0x0888, 0x0888, 0x0888,
    0x0888, 0x0888, 0x0888, 0x0888, 0x0888, 0x0888, 0x0888, 0x0888,
    0x0888, 0x0888, 0x0888, 0x0888, 0x0888, 0x0888, 0x0888, 0x0888,
    0x0888, 0x0888, 0x0888, 0x0888, 0x0888, 0x0888, 0x0888, 0x0888,
    0x0888, 0x0888, 0x0888, 0x0888, 0x0888, 0x0888, 0x0888, 0x0888,
    0x0888, 0x0888, 0x0888, 0x0888, 0x0888, 0x0888, 0x0888, 0x0888,
    0x0888, 0x0888, 0x0888, 0x0888, 0x0888, 0x0888, 0x0888, 0x0888,
    0x0888, 0x0888, 0x0888, 0x0888, 0x0888, 0x0888, 0x0888, 0x0888,
    0x0888, 0x0888, 0x0888, 0x0888, 0x0888, 0x0888, 0x0888, 0x0888,
    0x0888, 0x0888, 0x0888, 0x0888, 0x0888, 0x0888, 0x0888, 0x0888,
    0x0888, 0x0888, 0x0888, 0x0888, 0x0888, 0x0888, 0x0888, 0x0888,
    0x0888, 0x0888, 0x0888, 0x0888, 0x0888, 0x0888, 0x0888, 0x0888,
    0x0888, 0x0888, 0x0888, 0x0888, 0x0888, 0x0888, 0x0888, 0x0888,
    0x0888, 0x0888, 0x0888, 0x0888, 0x0888, 0x0888, 0x0888, 0x0888,
    0x0888, 0x0888, 0x0888, 0xFBFF, 0xFBFF, 0xFBFF, 0xFBFF, 0xFBFF,
    0xFBFF, 0xFBFF, 0xFBFF, 0xFBFF, 0xFBFF, 0xFBFF, 0xFBFF, 0xFBFF,
    0xFBFF, 0xFBFF, 0xFBFF, 0xFBFF, 0xFBFF, 0xFBFF, 0xFBFF, 0xFBFF,
    0xFBFF, 0xFBFF, 0xFBFF, 0xFBFF, 0xFBFF, 0xFBFF, 0xFBFF, 0x0888,
    0xFBFF, 0xFBFF, 0xFBFF, 0xFBFF, 0xFBFF, 0xFBFF, 0xFBFF, 0xFBFF,
    0xFBFF, 0xFBFF, 0xFBFF, 0xFBFF, 0xFBFF, 0xFBFF, 0xFBFF, 0xFBFF,
    0xFBFF, 0xFBFF, 0xFBFF, 0xFBFF, 0xFBFF, 0xFBFF, 0xFBFF, 0xFBFF,
    0xFBFF, 0xFBFF, 0xFBFF, 0xFBFF, 0xFBFF, 0xFBFF, 0xFBFF, 0xFBFF,
    0x0888, 0xFBFF, 0xFBFF, 0xFBFF, 0xFBFF, 0xFBFF, 0xFBFF, 0xFBFF,
    0xFBFF, 0xFBFF, 0xFBFF, 0xFBFF, 0xFBFF, 0xFBFF, 0xFBFF, 0xFBFF,
    0xFBFF, 0xFBFF, 0xFBFF, 0xFBFF, 0xFBFF, 0xFBFF, 0xFBFF, 0xFBFF,
    0xFBFF, 0xFBFF, 0xFBFF, 0xFBFF, 0xFBFF, 0xFBFF, 0xFBFF, 0xFBFF,
    0x0888, 0x0888, 0x0888, 0x0888, 0x0888, 0xFBFF, 0xFBFF, 0xFBFF,
    0xFBFF, 0xFBFF, 0xFBFF, 0xFBFF, 0xFBFF, 0xFBFF, 0xFBFF, 0xFBFF,
    0xFBFF, 0xFBFF, 0xFBFF, 0xFBFF, 0xFBFF, 0xFBFF, 0xFBFF, 0xFBFF,
    0xFBFF, 0xFBFF, 0xFBFF, 0xFBFF, 0x0888, 0x0888, 0x0888, 0x0888,
    0x0888, 0x0888, 0x0888, 0x0888, 0x0888, 0x0888, 0x0888, 0x0888,
    0x0888, 0x0888, 0x0888, 0x0888, 0x0888, 0x0888, 0x0888, 0x0888,
    0x0888, 0x0888, 0x0888, 0x0888, 0x0888, 0x0888, 0x0888, 0x0888,
    0x0888, 0x0888, 0x0888, 0x0888, 0x0888, 0x0888, 0x0888, 0x0888,
    0x0888, 0x0888, 0x0888, 0x0888, 0x0888, 0x0888, 0x0888, 0x0888,
    0x0888, 0x0888, 0x0888, 0x0888, 0x0888, 0x0888, 0x0888, 0x0888,
    0x0888, 0x0888, 0x0888, 0x0888, 0x0888, 0x0888, 0x0888, 0x0888,
    0x0888, 0x0888, 0x0888, 0x0888, 0x0888, 0x0888, 0x0888, 0x0888,
    0x0888, 0x0888, 0x0888, 0x0888, 0x0888, 0x0888, 0x0888, 0x0888,
    0x0888, 0x0888, 0x0888, 0x0888, 0x0888, 0x0888, 0x0888, 0x0888,
    0x0888, 0x0888, 0x0888, 0x0888, 0x0888, 0x0888, 0x0888, 0x0888,
    0x0888, 0x0888, 0x0888, 0x0888, 0x0888, 0x0888, 0x0888, 0x0888,
    0x0888, 0x0888, 0x0888, 0x0888, 0x0888, 0x0888, 0x0888, 0x0888,
    0x0888, 0x0888, 0x0888, 0x0888, 0x0888, 0x0888, 0x0888, 0x0888,
    0x0888, 0x0888, 0x0888, 0x0888, 0x0888, 0x0888, 0x0888, 0x0888,
    0x0888, 0x0888, 0x0888, 0x0888, 0x0888, 0x0888, 0x0888, 0x0888,
    0x0888, 0x0888, 0xFBFF, 0xFBFF, 0xFBFF, 0xFBFF, 0xFBFF, 0xFBFF,
    0xFBFF, 0xFBFF, 0xFBFF, 0xFBFF, 0xFBFF, 0xFBFF, 0xFBFF, 0xFBFF,
    0xFBFF, 0xFBFF, 0xFBFF, 0xFBFF, 0xFBFF, 0xFBFF, 0xFBFF, 0xFBFF,
    0xFBFF, 0xFBFF, 0x0888, 0x0888, 0x0888, 0x0888, 0x0888, 0x0888,
    0xFBFF, 0xFBFF, 0xFBFF, 0xFBFF, 0xFBFF, 0xFBFF, 0xFBFF, 0xFBFF,
    0xFBFF, 0xFBFF, 0xFBFF, 0xFBFF, 0xFBFF, 0xFBFF, 0xFBFF, 0xFBFF,
    0xFBFF, 0xFBFF, 0xFBFF, 0xFBFF, 0xFBFF, 0xFBFF, 0xFBFF, 0xFBFF,
    0xFBFF, 0xFBFF, 0xFBFF, 0xFBFF, 0xFBFF, 0xFBFF, 0xFBFF, 0xFBFF,
    0xFBFF, 0xFBFF, 0xFBFF, 0xFBFF, 0xFBFF, 0xFBFF, 0xFBFF, 0xFBFF,
    0xFBFF, 0xFBFF, 0xFBFF, 0xFBFF, 0xFBFF, 0xFBFF, 0xFBFF, 0xFBFF,
    0xFBFF, 0xFBFF, 0xFBFF, 0xFBFF, 0xFBFF, 0xFBFF, 0xFBFF, 0xFBFF,
    0xFBFF, 0xFBFF, 0xFBFF, 0xFBFF, 0xFBFF, 0xFBFF, 0xFBFF, 0xFBFF,
    0x0888, 0x0888, 0x0888, 0x0888, 0x0888, 0xFBFF, 0xFBFF, 0xFBFF,
    0xFBFF, 0xFBFF, 0xFBFF, 0xFBFF, 0xFBFF, 0xFBFF, 0xFBFF, 0xFBFF,
    0xFBFF, 0xFBFF, 0xFBFF, 0xFBFF, 0xFBFF, 0xFBFF, 0xFBFF, 0xFBFF,
    0xFBFF, 0xFBFF, 0x0888, 0x0888, 0x0888, 0x0888, 0x0888, 0x0888,
    0x0888, 0x0888, 0x0888, 0x0888, 0x0888, 0x0888, 0x0888, 0x0888,
    0x0888, 0x0888, 0x0888, 0x0888, 0x0888, 0x0888, 0x0888, 0x0888,
    0x0888, 0x0888, 0x0888, 0x0888, 0x0888, 0x0888, 0x0888, 0x0888,
    0x0888, 0x0888, 0x0888, 0x0888, 0x0888, 0x0888, 0x0888, 0x0888,
    0x0888, 0x0888, 0x0888, 0x0888, 0x0888, 0x0888, 0x0888, 0x0888,
    0x0888, 0x0888, 0x0888, 0x0888, 0x0888, 0x0888, 0x0888, 0x0888,
    0x0888, 0x0888, 0x0888, 0x0888, 0x0888, 0x0888, 0x0888, 0x0888,
    0x0888, 0x0888, 0x0888, 0x0888, 0x0888, 0x0888, 0x0888, 0x0888,
    0x0888, 0x0888, 0x0888, 0x0888, 0x0888, 0x0888, 0x0888, 0x0888,
    0x0888, 0x0888, 0x0888, 0x0888, 0x0888, 0x0888, 0x0888, 0x0888,
    0x0888, 0x0888, 0x0888, 0x0888, 0x0888, 0x0888, 0x0888, 0x0888,
    0x0888, 0x0888, 0x0888, 0x0888, 0x0888, 0x0888, 0x0888, 0x0888,
    0x0888, 0x0888, 0x0888, 0x0888, 0x0888, 0x0888, 0x0888, 0x0888,
    0x0888, 0x0888, 0x0888, 0x0888, 0x0888, 0x0888, 0x0888, 0x0888,
    0x0888, 0x0888, 0x0888, 0x0888, 0x0888, 0x0888, 0x0888, 0x0888,
    0x0888, 0x0888, 0x0888, 0x0888, 0x0888, 0x0888, 0x0888, 0x0888,
    0x0888, 0xFBFF, 0xFBFF, 0xFBFF, 0xFBFF, 0xFBFF, 0xFBFF, 0xFBFF,
    0xFBFF, 0xFBFF, 0xFBFF, 0xFBFF, 0xFBFF, 0xFBFF, 0xFBFF, 0xFBFF,
    0xFBFF, 0xFBFF, 0xFBFF, 0xFBFF, 0xFBFF, 0xFBFF, 0xFBFF, 0xFBFF,
    0xFBFF, 0xFBFF, 0xFBFF, 0x0888, 0x0888, 0x0888, 0x0888, 0x0888,
    0x0888, 0xFBFF, 0xFBFF, 0xFBFF, 0xFBFF, 0xFBFF, 0xFBFF, 0xFBFF,
    0xFBFF, 0xFBFF, 0xFBFF, 0xFBFF, 0xFBFF, 0xFBFF, 0xFBFF, 0xFBFF,
    0xFBFF, 0xFBFF, 0xFBFF, 0xFBFF, 0xFBFF, 0xFBFF, 0xFBFF, 0xFBFF,
    0xFBFF, 0xFBFF, 0xFBFF, 0xFBFF, 0xFBFF, 0xFBFF, 0xFBFF, 0xFBFF,
    0xFBFF, 0xFBFF, 0xFBFF, 0xFBFF, 0xFBFF, 0xFBFF, 0xFBFF, 0xFBFF,
    0xFBFF, 0xFBFF, 0xFBFF, 0xFBFF, 0xFBFF, 0xFBFF, 0xFBFF, 0xFBFF,
    0xFBFF, 0xFBFF, 0xFBFF, 0xFBFF, 0xFBFF, 0xFBFF, 0xFBFF, 0xFBFF,
    0xFBFF, 0xFBFF, 0xFBFF, 0xFBFF, 0xFBFF, 0xFBFF, 0xFBFF, 0xFBFF,
    0x0888, 0x0888, 0x0888, 0x0888, 0x0888, 0xFBFF, 0xFBFF, 0xFBFF,
    0xFBFF, 0xFBFF, 0xFBFF, 0xFBFF, 0xFBFF, 0xFBFF, 0xFBFF, 0xFBFF,
    0xFBFF, 0xFBFF, 0xFBFF, 0xFBFF, 0xFBFF, 0xFBFF, 0xFBFF, 0xFBFF,
    0xFBFF, 0xFBFF, 0x0888, 0x0888, 0x0888, 0x0888, 0x0888, 0x0888,
    0x0888, 0x0888, 0x0888, 0x0888, 0x0888, 0x0888, 0x0888, 0x0888,
    0x0888, 0x0888, 0x0888, 0x0888, 0x0888, 0x0888, 0x0888, 0x0888,
    0x0888, 0x0888, 0x0888, 0x0888, 0x0888, 0x0888, 0x0888, 0x0888,
    0x0888, 0x0888, 0x0888, 0x0888, 0x0888, 0x0888, 0x0888, 0x0888,
    0x0888, 0x0888, 0x0888, 0x0888, 0x0888, 0x0888, 0x0888, 0x0888,
    0x0888, 0x0888, 0x0888, 0x0888, 0x0888, 0x0888, 0x0888, 0x0888,
    0x0888, 0x0888, 0x0888, 0x0888, 0x0888, 0x0888, 0x0888, 0x0888,
    0x0888, 0x0888, 0x0888, 0x0888, 0x0888, 0x0888, 0x0888, 0x0888,
    0x0888, 0x0888, 0x0888, 0x0888, 0x0888, 0x0888, 0x0888, 0x0888,
    0x0888, 0x0888, 0x0888, 0x0888, 0x0888, 0x0888, 0x0888, 0x0888,
    0x0888, 0x0888, 0x0888, 0x0888, 0x0888, 0x0888, 0x0888, 0x0888,
    0x0888, 0x0888, 0x0888, 0x0888, 0x0888, 0x0888, 0x0888, 0x0888,
    0x0888, 0x0888, 0x0888, 0x0888, 0x0888, 0x0888, 0x0888, 0x0888,
    0x0888, 0x0888, 0x0888, 0x0888, 0x0888, 0x0888, 0x0888, 0x0888,
    0x0888, 0x0888, 0x0888, 0x0888, 0x0888, 0x0888, 0x0888, 0x0888,
    0x0888, 0x0888, 0x0888, 0x0888, 0x0888, 0x0888, 0x0888, 0x0888,
    0x0888, 0xFBFF, 0xFBFF, 0xFBFF, 0xFBFF, 0xFBFF, 0xFBFF, 0xFBFF,
    0xFBFF, 0xFBFF, 0xFBFF, 0xFBFF, 0xFBFF, 0xFBFF, 0xFBFF, 0xFBFF,
    0xFBFF, 0xFBFF, 0xFBFF, 0xFBFF, 0xFBFF, 0xFBFF, 0xFBFF, 0xFBFF,
    0xFBFF, 0xFBFF, 0xFBFF, 0x0888, 0x0888, 0x0888, 0x0888, 0x0888,
    0x0888, 0xFBFF, 0xFBFF, 0xFBFF, 0xFBFF, 0xFBFF, 0xFBFF, 0xFBFF,
    0xFBFF, 0xFBFF, 0xFBFF, 0xFBFF, 0xFBFF, 0xFBFF, 0xFBFF, 0xFBFF,
    0xFBFF, 0xFBFF, 0xFBFF, 0xFBFF, 0xFBFF, 0xFBFF, 0xFBFF, 0xFBFF,
    0xFBFF, 0xFBFF, 0xFBFF, 0xFBFF, 0xFBFF, 0xFBFF, 0xFBFF, 0xFBFF,
    0xFBFF, 0xFBFF, 0xFBFF, 0xFBFF, 0xFBFF, 0xFBFF, 0xFBFF, 0xFBFF,
    0xFBFF, 0xFBFF, 0xFBFF, 0xFBFF, 0xFBFF, 0xFBFF, 0xFBFF, 0xFBFF,
    0xFBFF, 0xFBFF, 0xFBFF, 0xFBFF, 0xFBFF, 0xFBFF, 0xFBFF, 0xFBFF,
    0xFBFF, 0xFBFF, 0xFBFF, 0xFBFF, 0xFBFF, 0xFBFF, 0xFBFF, 0x0888,
    0x0888, 0x0888, 0x0888, 0x0888, 0x0888, 0xFBFF, 0xFBFF, 0xFBFF,
    0xFBFF, 0xFBFF, 0xFBFF, 0xFBFF, 0xFBFF, 0xFBFF, 0xFBFF, 0xFBFF,
    0xFBFF, 0xFBFF, 0xFBFF, 0xFBFF, 0xFBFF, 0xFBFF, 0xFBFF, 0xFBFF,
    0xFBFF, 0xFBFF, 0x0888, 0x0888, 0x0888, 0x0888, 0x0888, 0x0888,
    0x0888, 0x0888, 0x0888, 0x0888, 0x0888, 0x0888, 0x0888, 0x0888,
    0x0888, 0x0888, 0x0888, 0x0888, 0x0888, 0x0888, 0x0888, 0x0888,
    0x0888, 0x0888, 0x0888, 0x0888, 0x0888, 0x0888, 0x0888, 0x0888,
    0x0888, 0x0888, 0x0888, 0x0888, 0x0888, 0x0888, 0x0888, 0x0888,
    0x0888, 0x0888, 0x0888, 0x0888, 0x0888, 0x0888, 0x0888, 0x0888,
    0x0888, 0x0888, 0x0888, 0x0888, 0x0888, 0x0888, 0x0888, 0x0888,
    0x0888, 0x0888, 0x0888, 0x0888, 0x0888, 0x0888, 0x0888, 0x0888,
    0x0888, 0x0888, 0x0888, 0x0888, 0x0888, 0x0888, 0x0888, 0x0888,
    0x0888, 0x0888, 0x0888, 0x0888, 0x0888, 0x0888, 0x0888, 0x0888,
    0x0888, 0x0888, 0x0888, 0x0888, 0x0888, 0x0888, 0x0888, 0x0888,
    0x0888, 0x0888, 0x0888, 0x0888, 0x0888, 0x0888, 0x0888, 0x0888,
    0x0888, 0x0888, 0x0888, 0x0888, 0x0888, 0x0888, 0x0888, 0x0888,
    0x0888, 0x0888, 0x0888, 0x0888, 0x0888, 0x0888, 0x0888, 0x0888,
    0x0888, 0x0888, 0x0888, 0x0888, 0x0888, 0x0888, 0x0888, 0x0888,
    0x0888, 0x0888, 0x0888, 0x0888, 0x0888, 0x0888, 0x0888, 0x0888,
    0x0888, 0x0888, 0x0888, 0x0888, 0x0888, 0x0888, 0x0888, 0x0888,
    0xFBFF, 0xFBFF, 0xFBFF, 0xFBFF, 0xFBFF, 0xFBFF, 0xFBFF, 0xFBFF,
    0xFBFF, 0xFBFF, 0xFBFF, 0xFBFF, 0xFBFF, 0xFBFF, 0xFBFF, 0xFBFF,
    0xFBFF, 0xFBFF, 0xFBFF, 0xFBFF, 0xFBFF, 0xFBFF, 0xFBFF, 0xFBFF,
    0xFBFF, 0xFBFF, 0xFBFF, 0x0888, 0x0888, 0x0888, 0x0888, 0x0888,
    0x0888, 0xFBFF, 0xFBFF, 0xFBFF, 0xFBFF, 0xFBFF, 0xFBFF, 0xFBFF,
    0xFBFF, 0xFBFF, 0xFBFF, 0xFBFF, 0xFBFF, 0xFBFF, 0xFBFF, 0xFBFF,
    0xFBFF, 0xFBFF, 0xFBFF, 0xFBFF, 0xFBFF, 0xFBFF, 0xFBFF, 0xFBFF,
    0xFBFF, 0xFBFF, 0xFBFF, 0xFBFF, 0xFBFF, 0xFBFF, 0xFBFF, 0x0888,
    0xFBFF, 0xFBFF, 0xFBFF, 0xFBFF, 0xFBFF, 0xFBFF, 0xFBFF, 0xFBFF,
    0xFBFF, 0xFBFF, 0xFBFF, 0xFBFF, 0xFBFF, 0xFBFF, 0xFBFF, 0xFBFF,
    0xFBFF, 0xFBFF, 0xFBFF, 0xFBFF, 0xFBFF, 0xFBFF, 0xFBFF, 0xFBFF,
    0xFBFF, 0xFBFF, 0xFBFF, 0xFBFF, 0xFBFF, 0xFBFF, 0x0888, 0x0888,
    0x0888, 0x0888, 0x0888, 0x0888, 0x0888, 0x0888, 0xFBFF, 0xFBFF,
    0xFBFF, 0xFBFF, 0xFBFF, 0xFBFF, 0xFBFF, 0xFBFF, 0xFBFF, 0xFBFF,
    0xFBFF, 0xFBFF, 0xFBFF, 0xFBFF, 0xFBFF, 0xFBFF, 0xFBFF, 0xFBFF,
    0xFBFF, 0xFBFF, 0xFBFF, 0x0888, 0x0888, 0x0888, 0x0888, 0x0888,
    0x0888, 0x0888, 0x0888, 0x0888, 0x0888, 0x0888, 0x0888, 0x0888,
    0x0888, 0x0888, 0x0888, 0x0888, 0x0888, 0x0888, 0x0888, 0x0888,
    0x0888, 0x0888, 0x0888, 0x0888, 0x0888, 0x0888, 0x0888, 0x0888,
    0x0888, 0x0888, 0x0888, 0x0888, 0x0888, 0x0888, 0x0888, 0x0888,
    0x0888, 0x0888, 0x0888, 0x0888, 0x0888, 0x0888, 0x0888, 0x0888,
    0x0888, 0x0888, 0x0888, 0x0888, 0x0888, 0x0888, 0x0888, 0x0888,
    0x0888, 0x0888, 0x0888, 0x0888, 0x0888, 0x0888, 0x0888, 0x0888,
    0x0888, 0x0888, 0x0888, 0x0888, 0x0888, 0x0888, 0x0888, 0x0888,
    0x0888, 0x0888, 0x0888, 0x0888, 0x0888, 0x0888, 0x0888, 0x0888,
    0x0888, 0x0888, 0x0888, 0x0888, 0x0888, 0x0888, 0x0888, 0x0888,
    0x0888, 0x0888, 0x0888, 0x0888, 0x0888, 0x0888, 0x0888, 0x0888,
    0x0888, 0x0888, 0x0888, 0x0888, 0x0888, 0x0888, 0x0888, 0x0888,
    0x0888, 0x0888, 0x0888, 0x0888, 0x0888, 0x0888, 0x0888, 0x0888,
    0x0888, 0x0888, 0x0888, 0x0888, 0x0888, 0x0888, 0x0888, 0x0888,
    0x0888, 0x0888, 0x0888, 0x0888, 0x0888, 0x0888, 0x0888, 0x0888,
    0x0888, 0x0888, 0x0888, 0x0888, 0x0888, 0x0888, 0x0888, 0x0888,
    0xFBFF, 0xFBFF, 0xFBFF, 0xFBFF, 0xFBFF, 0xFBFF, 0xFBFF, 0xFBFF,
    0xFBFF, 0xFBFF, 0xFBFF, 0xFBFF, 0xFBFF, 0xFBFF, 0xFBFF, 0xFBFF,
    0xFBFF, 0xFBFF, 0xFBFF, 0xFBFF, 0xFBFF, 0xFBFF, 0xFBFF, 0xFBFF,
    0xFBFF, 0xFBFF, 0xFBFF, 0x0888, 0x0888, 0x0888, 0x0888, 0x0888,
    0x0888, 0x0888, 0xFBFF, 0xFBFF, 0xFBFF, 0xFBFF, 0xFBFF, 0xFBFF,
    0xFBFF, 0xFBFF, 0xFBFF, 0xFBFF, 0xFBFF, 0xFBFF, 0xFBFF, 0xFBFF,
    0xFBFF, 0xFBFF, 0xFBFF, 0xFBFF, 0xFBFF, 0xFBFF, 0xFBFF, 0xFBFF,
    0xFBFF, 0xFBFF, 0xFBFF, 0x0888, 0x0888, 0x0888, 0x0888, 0x0888,
    0x0888, 0xFBFF, 0xFBFF, 0xFBFF, 0xFBFF, 0xFBFF, 0xFBFF, 0xFBFF,
    0xFBFF, 0xFBFF, 0xFBFF, 0xFBFF, 0xFBFF, 0xFBFF, 0xFBFF, 0xFBFF,
    0xFBFF, 0xFBFF, 0xFBFF, 0xFBFF, 0xFBFF, 0xFBFF, 0xFBFF, 0xFBFF,
    0xFBFF, 0xFBFF, 0xFBFF, 0xFBFF, 0xFBFF, 0x0888, 0x0888, 0x0888,
    0x0888, 0x0888, 0x0888, 0x0888, 0x0888, 0xFBFF, 0xFBFF, 0xFBFF,
    0xFBFF, 0xFBFF, 0xFBFF, 0xFBFF, 0xFBFF, 0xFBFF, 0xFBFF, 0xFBFF,
    0xFBFF, 0xFBFF, 0xFBFF, 0xFBFF, 0xFBFF, 0xFBFF, 0xFBFF, 0xFBFF,
    0xFBFF, 0xFBFF, 0xFBFF, 0x0888, 0x0888, 0x0888, 0x0888, 0x0888,
    0x0888, 0x0888, 0x0888, 0x0888, 0x0888, 0x0888, 0x0888, 0x0888,
    0x0888, 0x0888, 0x0888, 0x0888, 0x0888, 0x0888, 0x0888, 0x0888,
    0x0888, 0x0888, 0x0888, 0x0888, 0x0888, 0x0888, 0x0888, 0x0888,
    0x0888, 0x0888, 0x0888, 0x0888, 0x0888, 0x0888, 0x0888, 0x0888,
    0x0888, 0x0888, 0x0888, 0x0888, 0x0888, 0x0888, 0x0888, 0x0888,
    0x0888, 0x0888, 0x0888, 0x0888, 0x0888, 0x0888, 0x0888, 0x0888,
    0x0888, 0x0888, 0x0888, 0x0888, 0x0888, 0x0888, 0x0888, 0x0888,
    0x0888, 0x0888, 0x0888, 0x0888, 0x0888, 0x0888, 0x0888, 0x0888,
    0x0888, 0x0888, 0x0888, 0x0888, 0x0888, 0x0888, 0x0888, 0x0888,
    0x0888, 0x0888, 0x0888, 0x0888, 0x0888, 0x0888, 0x0888, 0x0888,
    0x0888, 0x0888, 0x0888, 0x0888, 0x0888, 0x0888, 0x0888, 0x0888,
    0x0888, 0x0888, 0x0888, 0x0888, 0x0888, 0x0888, 0x0888, 0x0888,
    0x0888, 0x0888, 0x0888, 0x0888, 0x0888, 0x0888, 0x0888, 0x0888,
    0x0888, 0x0888, 0x0888, 0x0888, 0x0888, 0x0888, 0x0888, 0x0888,
    0x0888, 0x0888, 0x0888, 0x0888, 0x0888, 0x0888, 0x0888, 0x0888,
    0x0888, 0x0888, 0x0888, 0x0888, 0x0888, 0x0888, 0x0888, 0x0888,
    0xFBFF, 0xFBFF, 0xFBFF, 0xFBFF, 0xFBFF, 0xFBFF, 0xFBFF, 0xFBFF,
    0xFBFF, 0xFBFF, 0xFBFF, 0xFBFF, 0xFBFF, 0xFBFF, 0xFBFF, 0xFBFF,
    0xFBFF, 0xFBFF, 0xFBFF, 0xFBFF, 0xFBFF, 0xFBFF, 0xFBFF, 0xFBFF,
    0xFBFF, 0xFBFF, 0x0888, 0x0888, 0x0888, 0x0888, 0x0888, 0x0888,
    0x0888, 0x0888, 0xFBFF, 0xFBFF, 0xFBFF, 0xFBFF, 0x0888, 0xFBFF,
    0xFBFF, 0xFBFF, 0xFBFF, 0xFBFF, 0xFBFF, 0xFBFF, 0xFBFF, 0xFBFF,
    0xFBFF, 0xFBFF, 0xFBFF, 0xFBFF, 0xFBFF, 0xFBFF, 0xFBFF, 0xFBFF,
    0xFBFF, 0xFBFF, 0xFBFF, 0x0888, 0x0888, 0x0888, 0x0888, 0x0888,
    0x0888, 0x0888, 0x0888, 0xFBFF, 0xFBFF, 0x0888, 0x0888, 0x0888,
    0x0888, 0xFBFF, 0xFBFF, 0xFBFF, 0xFBFF, 0xFBFF, 0xFBFF, 0xFBFF,
    0xFBFF, 0xFBFF, 0xFBFF, 0xFBFF, 0xFBFF, 0xFBFF, 0x0888, 0x0888,
    0x0888, 0x0888, 0x0888, 0x0888, 0x0888, 0x0888, 0x0888, 0x0888,
    0x0888, 0x0888, 0xFBFF, 0xFBFF, 0xFBFF, 0xFBFF, 0xFBFF, 0xFBFF,
    0xFBFF, 0xFBFF, 0xFBFF, 0xFBFF, 0xFBFF, 0xFBFF, 0xFBFF, 0xFBFF,
    0xFBFF, 0xFBFF, 0xFBFF, 0xFBFF, 0xFBFF, 0xFBFF, 0xFBFF, 0xFBFF,
    0xFBFF, 0xFBFF, 0xFBFF, 0x0888, 0x0888, 0x0888, 0x0888, 0x0888,
    0x0888, 0x0888, 0x0888, 0x0888, 0x0888, 0x0888, 0x0888, 0x0888,
    0x0888, 0x0888, 0x0888, 0x0888, 0x0888, 0x0888, 0x0888, 0x0888,
    0x0888, 0x0888, 0x0888, 0x0888, 0x0888, 0x0888, 0x0888, 0x0888,
    0x0888, 0x0888, 0x0888, 0x0888, 0x0888, 0x0888, 0x0888, 0x0888,
    0x0888, 0x0888, 0x0888, 0x0888, 0x0888, 0x0888, 0x0888, 0x0888,
    0x0888, 0x0888, 0x0888, 0x0888, 0x0888, 0x0888, 0x0888, 0x0888,
    0x0888, 0x0888, 0x0888, 0x0888, 0x0888, 0x0888, 0x0888, 0x0888,
    0x0888, 0x0888, 0x0888, 0x0888, 0x0888, 0x0888, 0x0888, 0x0888,
    0x0888, 0x0888, 0x0888, 0x0888, 0x0888, 0x0888, 0x0888, 0x0888,
    0x0888, 0x0888, 0x0888, 0x0888, 0x0888, 0x0888, 0x0888, 0x0888,
    0x0888, 0x0888, 0x0888, 0x0888, 0x0888, 0x0888, 0x0888, 0x0888,
    0x0888, 0x0888, 0x0888, 0x0888, 0x0888, 0x0888, 0x0888, 0x0888,
    0x0888, 0x0888, 0x0888, 0x0888, 0x0888, 0x0888, 0x0888, 0x0888,
    0x0888, 0x0888, 0x0888, 0x0888, 0x0888, 0x0888, 0x0888, 0x0888,
    0x0888, 0x0888, 0x0888, 0x0888, 0x0888, 0x0888, 0x0888, 0x0888,
    0x0888, 0x0888, 0x0888, 0x0888, 0x0888, 0x0888, 0x0888, 0x0888,
    0x0888, 0xFBFF, 0xFBFF, 0xFBFF, 0xFBFF, 0xFBFF, 0xFBFF, 0xFBFF,
    0xFBFF, 0xFBFF, 0xFBFF, 0x0888, 0xFBFF, 0xFBFF, 0xFBFF, 0xFBFF,
    0xFBFF, 0xFBFF, 0xFBFF, 0xFBFF, 0xFBFF, 0xFBFF, 0xFBFF, 0xFBFF,
    0xFBFF, 0xFBFF, 0x0888, 0x0888, 0x0888, 0x0888, 0x0888, 0x0888,
    0x0888, 0x0888, 0x0888, 0x0888, 0x0888, 0x0888, 0x0888, 0x0888,
    0xFBFF, 0xFBFF, 0xFBFF, 0xFBFF, 0xFBFF, 0xFBFF, 0xFBFF, 0xFBFF,
    0xFBFF, 0xFBFF, 0xFBFF, 0xFBFF, 0xFBFF, 0xFBFF, 0xFBFF, 0xFBFF,
    0xFBFF, 0xFBFF, 0xFBFF, 0x0888, 0x0888, 0x0888, 0x0888, 0x0888,
    0x0888, 0x0888, 0x0888, 0x0888, 0x0888, 0x0888, 0x0888, 0x0888,
    0x0888, 0xFBFF, 0xFBFF, 0xFBFF, 0xFBFF, 0xFBFF, 0xFBFF, 0xFBFF,
    0xFBFF, 0xFBFF, 0xFBFF, 0xFBFF, 0xFBFF, 0xFBFF, 0x0888, 0x0888,
    0x0888, 0x0888, 0x0888, 0x0888, 0x0888, 0x0888, 0x0888, 0x0888,
    0x0888, 0x0888, 0xFBFF, 0xFBFF, 0xFBFF, 0xFBFF, 0xFBFF, 0xFBFF,
    0xFBFF, 0xFBFF, 0xFBFF, 0xFBFF, 0xFBFF, 0xFBFF, 0xFBFF, 0xFBFF,
    0xFBFF, 0xFBFF, 0xFBFF, 0xFBFF, 0xFBFF, 0xFBFF, 0xFBFF, 0xFBFF,
    0xFBFF, 0xFBFF, 0x0888, 0x0888, 0x0888, 0x0888, 0x0888, 0x0888,
    0x0888, 0x0888, 0x0888, 0x0888, 0x0888, 0x0888, 0x0888, 0x0888,
    0x0888, 0x0888, 0x0888, 0x0888, 0x0888, 0x0888, 0x0888, 0x0888,
    0x0888, 0x0888, 0x0888, 0x0888, 0x0888, 0x0888, 0x0888, 0x0888,
    0x0888, 0x0888, 0x0888, 0x0888, 0x0888, 0x0888, 0x0888, 0x0888,
    0x0888, 0x0888, 0x0888, 0x0888, 0x0888, 0x0888, 0x0888, 0x0888,
    0x0888, 0x0888, 0x0888, 0x0888, 0x0888, 0x0888, 0x0888, 0x0888,
    0x0888, 0x0888, 0x0888, 0x0888, 0x0888, 0x0888, 0x0888, 0x0888,
    0x0888, 0x0888, 0x0888, 0x0888, 0x0888, 0x0888, 0x0888, 0x0888,
    0x0888, 0x0888, 0x0888, 0x0888, 0x0888, 0x0888, 0x0888, 0x0888,
    0x0888, 0x0888, 0x0888, 0x0888, 0x0888, 0x0888, 0x0888, 0x0888,
    0x0888, 0x0888, 0x0888, 0x0888, 0x0888, 0x0888, 0x0888, 0x0888,
    0x0888, 0x0888, 0x0888, 0x0888, 0x0888, 0x0888, 0x0888, 0x0888,
    0x0888, 0x0888, 0x0888, 0x0888, 0x0888, 0x0888, 0x0888, 0x0888,
    0x0888, 0x0888, 0x0888, 0x0888, 0x0888, 0x0888, 0x0888, 0x0888,
    0x0888, 0x0888, 0x0888, 0x0888, 0x0888, 0x0888, 0x0888, 0x0888,
    0x0888, 0x0888, 0x0888, 0x0888, 0x0888, 0x0888, 0x0888, 0x0888,
    0x0888, 0x0888, 0xFBFF, 0xFBFF, 0xFBFF, 0xFBFF, 0xFBFF, 0xFBFF,
    0xFBFF, 0x0888, 0x0888, 0x0888, 0xFBFF, 0xFBFF, 0xFBFF, 0xFBFF,
    0xFBFF, 0xFBFF, 0xFBFF, 0xFBFF, 0xFBFF, 0xFBFF, 0xFBFF, 0xFBFF,
    0xFBFF, 0xFBFF, 0x0888, 0x0888, 0x0888, 0x0888, 0x0888, 0x0888,
    0x0888, 0x0888, 0x0888, 0x0888, 0x0888, 0x0888, 0x0888, 0x0888,
    0xFBFF, 0xFBFF, 0xFBFF, 0xFBFF, 0xFBFF, 0xFBFF, 0xFBFF, 0xFBFF,
    0xFBFF, 0xFBFF, 0xFBFF, 0xFBFF, 0xFBFF, 0xFBFF, 0xFBFF, 0xFBFF,
    0xFBFF, 0xFBFF, 0xFBFF, 0x0888, 0x0888, 0x0888, 0x0888, 0x0888,
    0x0888, 0x0888, 0x0888, 0x0888, 0x0888, 0x0888, 0x0888, 0x0888,
    0x0888, 0xFBFF, 0xFBFF, 0xFBFF, 0xFBFF, 0xFBFF, 0xFBFF, 0xFBFF,
    0xFBFF, 0xFBFF, 0xFBFF, 0xFBFF, 0xFBFF, 0x0888, 0x0888, 0x0888,
    0x0888, 0x0888, 0x0888, 0x0888, 0x0888, 0x0888, 0x0888, 0x0888,
    0x0888, 0x0888, 0xFBFF, 0xFBFF, 0xFBFF, 0xFBFF, 0xFBFF, 0xFBFF,
    0xFBFF, 0xFBFF, 0xFBFF, 0xFBFF, 0xFBFF, 0xFBFF, 0xFBFF, 0xFBFF,
    0xFBFF, 0xFBFF, 0xFBFF, 0xFBFF, 0xFBFF, 0xFBFF, 0xFBFF, 0xFBFF,
    0xFBFF, 0xFBFF, 0x0888, 0x0888, 0x0888, 0x0888, 0x0888, 0x0888,
    0x0888, 0x0888, 0x0888, 0x0888, 0x0888, 0x0888, 0x0888, 0x0888,
    0x0888, 0x0888, 0x0888, 0x0888, 0x0888, 0x0888, 0x0888, 0x0888,
    0x0888, 0x0888, 0x0888, 0x0888, 0x0888, 0x0888, 0x0888, 0x0888,
    0x0888, 0x0888, 0x0888, 0x0888, 0x0888, 0x0888, 0x0888, 0x0888,
    0x0888, 0x0888, 0x0888, 0x0888, 0x0888, 0x0888, 0x0888, 0x0888,
    0x0888, 0x0888, 0x0888, 0x0888, 0x0888, 0x0888, 0x0888, 0x0888,
    0x0888, 0x0888, 0x0888, 0x0888, 0x0888, 0x0888, 0x0888, 0x0888,
    0x0888, 0x0888, 0x0888, 0x0888, 0x0888, 0x0888, 0x0888, 0x0888,
    0x0888, 0x0888, 0x0888, 0x0888, 0x0888, 0x0888, 0x0888, 0x0888,
    0x0888, 0x0888, 0x0888, 0x0888, 0x0888, 0x0888, 0x0888, 0x0888,
    0x0888, 0x0888, 0x0888, 0x0888, 0x0888, 0x0888, 0x0888, 0x0888,
    0x0888, 0x0888, 0x0888, 0x0888, 0x0888, 0x0888, 0x0888, 0x0888,
    0x0888, 0x0888, 0x0888, 0x0888, 0x0888, 0x0888, 0x0888, 0x0888,
    0x0888, 0x0888, 0x0888, 0x0888, 0x0888, 0x0888, 0x0888, 0x0888,
    0x0888, 0x0888, 0x0888, 0x0888, 0x0888, 0x0888, 0x0888, 0x0888,
    0x0888, 0x0888, 0x0888, 0x0888, 0x0888, 0x0888, 0x0888, 0x0888,
    0x0888, 0x0888, 0x0888, 0x0888, 0xFBFF, 0xFBFF, 0xFBFF, 0xFBFF,
    0x0888, 0x0888, 0x0888, 0x0888, 0x0888, 0x0888, 0xFBFF, 0xFBFF,
    0xFBFF, 0xFBFF, 0xFBFF, 0xFBFF, 0xFBFF, 0xFBFF, 0xFBFF, 0xFBFF,
    0xFBFF, 0xFBFF, 0x0888, 0x0888, 0x0888, 0x0888, 0x0888, 0x0888,
    0x0888, 0x0888, 0x0888, 0x0888, 0x0888, 0x0888, 0x0888, 0x0888,
    0xFBFF, 0xFBFF, 0xFBFF, 0xFBFF, 0xFBFF, 0xFBFF, 0xFBFF, 0xFBFF,
    0xFBFF, 0xFBFF, 0x0888, 0xFBFF, 0xFBFF, 0xFBFF, 0xFBFF, 0xFBFF,
    0xFBFF, 0xFBFF, 0xFBFF, 0x0888, 0x0888, 0x0888, 0x0888, 0x0888,
    0x0888, 0x0888, 0x0888, 0x0888, 0x0888, 0x0888, 0x0888, 0x0888,
    0x0888, 0x0888, 0xFBFF, 0xFBFF, 0xFBFF, 0xFBFF, 0xFBFF, 0xFBFF,
    0xFBFF, 0xFBFF, 0xFBFF, 0xFBFF, 0xFBFF, 0x0888, 0x0888, 0x0888,
    0x0888, 0x0888, 0x0888, 0x0888, 0x0888, 0x0888, 0x0888, 0x0888,
    0x0888, 0x0888, 0xFBFF, 0xFBFF, 0xFBFF, 0xFBFF, 0xFBFF, 0xFBFF,
    0xFBFF, 0xFBFF, 0xFBFF, 0xFBFF, 0xFBFF, 0xFBFF, 0xFBFF, 0xFBFF,
    0x0888, 0xFBFF, 0xFBFF, 0xFBFF, 0xFBFF, 0xFBFF, 0xFBFF, 0xFBFF,
    0xFBFF, 0x0888, 0x0888, 0x0888, 0x0888, 0x0888, 0x0888, 0x0888,
    0x0888, 0x0888, 0x0888, 0x0888, 0x0888, 0x0888, 0x0888, 0x0888,
    0x0888, 0x0888, 0x0888, 0x0888, 0x0888, 0x0888, 0x0888, 0x0888,
    0x0888, 0x0888, 0x0888, 0x0888, 0x0888, 0x0888, 0x0888, 0x0888,
    0x0888, 0x0888, 0x0888, 0x0888, 0x0888, 0x0888, 0x0888, 0x0888,
    0x0888, 0x0888, 0x0888, 0x0888, 0x0888, 0x0888, 0x0888, 0x0888,
    0x0888, 0x0888, 0x0888, 0x0888, 0x0888, 0x0888, 0x0888, 0x0888,
    0x0888, 0x0888, 0x0888, 0x0888, 0x0888, 0x0888, 0x0888, 0x0888,
    0x0888, 0x0888, 0x0888, 0x0888, 0x0888, 0x0888, 0x0888, 0x0888,
    0x0888, 0x0888, 0x0888, 0x0888, 0x0888, 0x0888, 0x0888, 0x0888,
    0x0888, 0x0888, 0x0888, 0x0888, 0x0888, 0x0888, 0x0888, 0x0888,
    0x0888, 0x0888, 0x0888, 0x0888, 0x0888, 0x0888, 0x0888, 0x0888,
    0x0888, 0x0888, 0x0888, 0x0888, 0x0888, 0x0888, 0x0888, 0x0888,
    0x0888, 0x0888, 0x0888, 0x0888, 0x0888, 0x0888, 0x0888, 0x0888,
    0x0888, 0x0888, 0x0888, 0x0888, 0x0888, 0x0888, 0x0888, 0x0888,
    0x0888, 0x0888, 0x0888, 0x0888, 0x0888, 0x0888, 0x0888, 0x0888,
    0x0888, 0x0888, 0x0888, 0x0888, 0x0888, 0x0888, 0x0888, 0x0888,
    0x0888, 0x0888, 0x0888, 0x0888, 0x0888, 0x0888, 0x0888, 0x0888,
    0x0888, 0x0888, 0x0888, 0x0888, 0x0888, 0x0888, 0xFBFF, 0xFBFF,
    0xFBFF, 0xFBFF, 0xFBFF, 0xFBFF, 0xFBFF, 0xFBFF, 0xFBFF, 0xFBFF,
    0xFBFF, 0x0888, 0x0888, 0x0888, 0x0888, 0x0888, 0x0888, 0x0888,
    0x0888, 0x0888, 0x0888, 0x0888, 0x0888, 0x0888, 0x0888, 0x0888,
    0xFBFF, 0xFBFF, 0xFBFF, 0xFBFF, 0xFBFF, 0xFBFF, 0xFBFF, 0xFBFF,
    0x0888, 0x0888, 0x0888, 0xFBFF, 0xFBFF, 0xFBFF, 0xFBFF, 0xFBFF,
    0xFBFF, 0xFBFF, 0x0888, 0x0888, 0x0888, 0x0888, 0x0888, 0x0888,
    0x0888, 0x0888, 0x0888, 0x0888, 0x0888, 0x0888, 0x0888, 0x0888,
    0x0888, 0x0888, 0xFBFF, 0xFBFF, 0xFBFF, 0xFBFF, 0xFBFF, 0xFBFF,
    0xFBFF, 0xFBFF, 0xFBFF, 0xFBFF, 0x0888, 0x0888, 0x0888, 0x0888,
    0x0888, 0x0888, 0x0888, 0x0888, 0x0888, 0x0888, 0x0888, 0x0888,
    0x0888, 0x0888, 0xFBFF, 0xFBFF, 0xFBFF, 0xFBFF, 0xFBFF, 0xFBFF,
    0xFBFF, 0xFBFF, 0xFBFF, 0xFBFF, 0xFBFF, 0xFBFF, 0xFBFF, 0xFBFF,
    0x0888, 0x0888, 0x0888, 0x0888, 0x0888, 0x0888, 0x0888, 0x0888,
    0x0888, 0x0888, 0x0888, 0x0888, 0x0888, 0x0888, 0x0888, 0x0888,
    0x0888, 0x0888, 0x0888, 0x0888, 0x0888, 0x0888, 0x0888, 0x0888,
    0x0888, 0x0888, 0x0888, 0x0888, 0x0888, 0x0888, 0x0888, 0x0888,
    0x0888, 0x0888, 0x0888, 0x0888, 0x0888, 0x0888, 0x0888, 0x0888,
    0x0888, 0x0888, 0x0888, 0x0888, 0x0888, 0x0888, 0x0888, 0x0888,
    0x0888, 0x0888, 0x0888, 0x0888, 0x0888, 0x0888, 0x0888, 0x0888,
    0x0888, 0x0888, 0x0888, 0x0888, 0x0888, 0x0888, 0x0888, 0x0888,
    0x0888, 0x0888, 0x0888, 0x0888, 0x0888, 0x0888, 0x0888, 0x0888,
    0x0888, 0x0888, 0x0888, 0x0888, 0x0888, 0x0888, 0x0888, 0x0888,
    0x0888, 0x0888, 0x0888, 0x0888, 0x0888, 0x0888, 0x0888, 0x0888,
    0x0888, 0x0888, 0x0888, 0x0888, 0x0888, 0x0888, 0x0888, 0x0888,
    0x0888, 0x0888, 0x0888, 0x0888, 0x0888, 0x0888, 0x0888, 0x0888,
    0x0888, 0x0888, 0x0888, 0x0888, 0x0888, 0x0888, 0x0888, 0x0888,
    0x0888, 0x0888, 0x0888, 0x0888, 0x0888, 0x0888, 0x0888, 0x0888,
    0x0888, 0x0888, 0x0888, 0x0888, 0x0888, 0x0888, 0x0888, 0x0888,
    0x0888, 0x0888, 0x0888, 0x0888, 0x0888, 0x0888, 0x0888, 0x0888,
    0x0888, 0x0888, 0x0888, 0x0888, 0x0888, 0x0888, 0x0888, 0x0888,
    0x0888, 0x0888, 0x0888, 0x0888, 0x0888, 0x0888, 0x0888, 0x0888,
    0x0888, 0x0888, 0x0888, 0x0888, 0x0888, 0x0888, 0x0888, 0xFBFF,
    0xFBFF, 0xFBFF, 0xFBFF, 0xFBFF, 0xFBFF, 0xFBFF, 0xFBFF, 0xFBFF,
    0x0888, 0x0888, 0x0888, 0x0888, 0x0888, 0x0888, 0x0888, 0x0888,
    0x0888, 0x0888, 0x0888, 0x0888, 0x0888, 0x0888, 0x0888, 0x0888,
    0xFBFF, 0xFBFF, 0xFBFF, 0xFBFF, 0xFBFF, 0xFBFF, 0xFBFF, 0x0888,
    0x0888, 0x0888, 0x0888, 0x0888, 0x0888, 0xFBFF, 0xFBFF, 0xFBFF,
    0xFBFF, 0x0888, 0x0888, 0x0888, 0x0888, 0x0888, 0x0888, 0x0888,
    0x0888, 0x0888, 0x0888, 0x0888, 0x0888, 0x0888, 0x0888, 0x0888,
    0x0888, 0x0888, 0xFBFF, 0xFBFF, 0xFBFF, 0xFBFF, 0xFBFF, 0xFBFF,
    0xFBFF, 0xFBFF, 0xFBFF, 0x0888, 0x0888, 0x0888, 0x0888, 0x0888,
    0x0888, 0x0888, 0x0888, 0x0888, 0x0888, 0x0888, 0x0888, 0x0888,
    0x0888, 0x0888, 0x0888, 0xFBFF, 0xFBFF, 0xFBFF, 0xFBFF, 0xFBFF,
    0xFBFF, 0xFBFF, 0xFBFF, 0xFBFF, 0xFBFF, 0xFBFF, 0xFBFF, 0x0888,
    0x0888, 0x0888, 0x0888, 0x0888, 0x0888, 0x0888, 0x0888, 0x0888,
    0x0888, 0x0888, 0x0888, 0x0888, 0x0888, 0x0888, 0x0888, 0x0888,
    0x0888, 0x0888, 0x0888, 0x0888, 0x0888, 0x0888, 0x0888, 0x0888,
    0x0888, 0x0888, 0x0888, 0x0888, 0x0888, 0x0888, 0x0888, 0x0888,
    0x0888, 0x0888, 0x0888, 0x0888, 0x0888, 0x0888, 0x0888, 0x0888,
    0x0888, 0x0888, 0x0888, 0x0888, 0x0888, 0x0888, 0x0888, 0x0888,
    0x0888, 0x0888, 0x0888, 0x0888, 0x0888, 0x0888, 0x0888, 0x0888,
    0x0888, 0x0888, 0x0888, 0x0888, 0x0888, 0x0888, 0x0888, 0x0888,
    0x0888, 0x0888, 0x0888, 0x0888, 0x0888, 0x0888, 0x0888, 0x0888,
    0x0888, 0x0888, 0x0888, 0x0888, 0x0888, 0x0888, 0x0888, 0x0888,
    0x0888, 0x0888, 0x0888, 0x0888, 0x0888, 0x0888, 0x0888, 0x0888,
    0x0888, 0x0888, 0x0888, 0x0888, 0x0888, 0x0888, 0x0888, 0x0888,
    0x0888, 0x0888, 0x0888, 0x0888, 0x0888, 0x0888, 0x0888, 0x0888,
    0x0888, 0x0888, 0x0888, 0x0888, 0x0888, 0x0888, 0x0888, 0x0888,
    0x0888, 0x0888, 0x0888, 0x0888, 0x0888, 0x0888, 0x0888, 0x0888,
    0x0888, 0x0888, 0x0888, 0x0888, 0x0888, 0x0888, 0x0888, 0x0888,
    0x0888, 0x0888, 0x0888, 0x0888, 0x0888, 0x0888, 0x0888, 0x0888,
    0x0888, 0x0888, 0x0888, 0x0888, 0x0888, 0x0888, 0x0888, 0x0888,
    0x0888, 0x0888, 0x0888, 0x0888, 0x0888, 0x0888, 0x0888, 0x0888,
    0x0888, 0x0888, 0x0888, 0x0888, 0x0888, 0x0888, 0x0888, 0x0888,
    0x0888, 0xFBFF, 0xFBFF, 0xFBFF, 0xFBFF, 0x0888, 0x0888, 0x0888,
    0x0888, 0x0888, 0x0888, 0x0888, 0x0888, 0x0888, 0x0888, 0x0888,
    0x0888, 0x0888, 0x0888, 0x0888, 0x0888, 0x0888, 0x0888, 0x0888,
    0x0888, 0xFBFF, 0xFBFF, 0xFBFF, 0xFBFF, 0x0888, 0x0888, 0x0888,
    0x0888, 0x0888, 0x0888, 0x0888, 0x0888, 0x0888, 0x0888, 0x0888,
    0x0888, 0x0888, 0x0888, 0x0888, 0x0888, 0x0888, 0x0888, 0x0888,
    0x0888, 0x0888, 0x0888, 0x0888, 0x0888, 0x0888, 0x0888, 0x0888,
    0x0888, 0x0888, 0x0888, 0x0888, 0xFBFF, 0xFBFF, 0xFBFF, 0xFBFF,
    0xFBFF, 0x0888, 0x0888, 0x0888, 0x0888, 0x0888, 0x0888, 0x0888,
    0x0888, 0x0888, 0x0888, 0x0888, 0x0888, 0x0888, 0x0888, 0x0888,
    0x0888, 0x0888, 0x0888, 0xFBFF, 0xFBFF, 0xFBFF, 0xFBFF, 0xFBFF,
    0xFBFF, 0xFBFF, 0xFBFF, 0x0888, 0x0888, 0x0888, 0x0888, 0x0888,
    0x0888, 0x0888, 0x0888, 0x0888, 0x0888, 0x0888, 0x0888, 0x0888,
    0x0888, 0x0888, 0x0888, 0x0888, 0x0888, 0x0888, 0x0888, 0x0888,
    0x0888, 0x0888, 0x0888, 0x0888, 0x0888, 0x0888, 0x0888, 0x0888,
    0x0888, 0x0888, 0x0888, 0x0888, 0x0888, 0x0888, 0x0888, 0x0888,
    0x0888, 0x0888, 0x0888, 0x0888, 0x0888, 0x0888, 0x0888, 0x0888,
    0x0888, 0x0888, 0x0888, 0x0888, 0x0888, 0x0888, 0x0888, 0x0888,
    0x0888, 0x0888, 0x0888, 0x0888, 0x0888, 0x0888, 0x0888, 0x0888,
    0x0888, 0x0888, 0x0888, 0x0888, 0x0888, 0x0888, 0x0888, 0x0888,
    0x0888, 0x0888, 0x0888, 0x0888, 0x0888, 0x0888, 0x0888, 0x0888,
    0x0888, 0x0888, 0x0888, 0x0888, 0x0888, 0x0888, 0x0888, 0x0888,
    0x0888, 0x0888, 0x0888, 0x0888, 0x0888, 0x0888, 0x0888, 0x0888,
    0x0888, 0x0888, 0x0888, 0x0888, 0x0888, 0x0888, 0x0888, 0x0888,
    0x0888, 0x0888, 0x0888, 0x0888, 0x0888, 0x0888, 0x0888, 0x0888,
    0x0888, 0x0888, 0x0888, 0x0888, 0x0888, 0x0888, 0x0888, 0x0888,
    0x0888, 0x0888, 0x0888, 0x0888, 0x0888, 0x0888, 0x0888, 0x0888,
    0x0888, 0x0888, 0x0888, 0x0888, 0x0888, 0x0888, 0x0888, 0x0888,
    0x0888, 0x0888, 0x0888, 0x0888, 0x0888, 0x0888, 0x0888, 0x0888,
    0x0888, 0x0888, 0x0888, 0x0888, 0x0888, 0x0888, 0x0888, 0x0888,
    0x0888, 0x0888, 0x0888, 0x0888, 0x0888, 0x0888, 0x0888, 0x0888,
    0xF1FB, 0xF1FB, 0xF1FB, 0xF1FB, 0xF1FB, 0xF1FB, 0xF1FB, 0x0888,
    0x0888, 0x0888, 0x0888, 0x0888, 0x0888, 0x0888, 0xF1FB, 0xF1FB,
    0xF1FB, 0xF1FB, 0xF1FB, 0xF1FB, 0x0888, 0x0888, 0x0888, 0x0888,
    0x0888, 0x0888, 0xF1FB, 0xF1FB, 0xF1FB, 0x0888, 0x0888, 0x0888,
    0x0888, 0x0888, 0x0888, 0x0888, 0x0888, 0xF1FB, 0xF1FB, 0xF1FB,
    0xF1FB, 0x0888, 0x0888, 0x0888, 0xF1FB, 0xF1FB, 0xF1FB, 0xF1FB,
    0xF1FB, 0xF1FB, 0xF1FB, 0xF1FB, 0xF1FB, 0xF1FB, 0x0888, 0x0888,
    0x0888, 0x0888, 0x0888, 0x0888, 0x0888, 0x0888, 0x0888, 0x0888,
    0x0888, 0xF1FB, 0xF1FB, 0xF1FB, 0xF1FB, 0xF1FB, 0x0888, 0x0888,
    0x0888, 0x0888, 0x0888, 0x0888, 0xF1FB, 0xF1FB, 0xF1FB, 0x0888,
    0x0888, 0x0888, 0x0888, 0x0888, 0x0888, 0x0888, 0xF1FB, 0xF1FB,
    0xF1FB, 0x0888, 0x0888, 0x0888, 0xF1FB, 0xF1FB, 0xF1FB, 0xF1FB,
    0xF1FB, 0xF1FB, 0xF1FB, 0xF1FB, 0xF1FB, 0xF1FB, 0x0888, 0x0888,
    0x0888, 0xF1FB, 0xF1FB, 0xF1FB, 0xF1FB, 0xF1FB, 0xF1FB, 0xF1FB,
    0xF1FB, 0x0888, 0x0888, 0x0888, 0x0888, 0x0888, 0x0888, 0x0888,
    0x0888, 0x0888, 0x0888, 0x0888, 0x0888, 0x0888, 0x0888, 0x0888,
    0x0888, 0x0888, 0x0888, 0x0888, 0x0888, 0x0888, 0x0888, 0x0888,
    0x0888, 0x0888, 0x0888, 0x0888, 0x0888, 0x0888, 0x0888, 0x0888,
    0x0888, 0x0888, 0x0888, 0x0888, 0x0888, 0x0888, 0x0888, 0x0888,
    0x0888, 0x0888, 0x0888, 0x0888, 0x0888, 0x0888, 0x0888, 0x0888,
    0x0888, 0x0888, 0x0888, 0x0888, 0x0888, 0x0888, 0x0888, 0x0888,
    0x0888, 0x0888, 0x0888, 0x0888, 0x0888, 0x0888, 0x0888, 0x0888,
    0x0888, 0x0888, 0x0888, 0x0888, 0x0888, 0x0888, 0x0888, 0x0888,
    0x0888, 0x0888, 0x0888, 0x0888, 0x0888, 0x0888, 0x0888, 0x0888,
    0x0888, 0x0888, 0x0888, 0x0888, 0x0888, 0x0888, 0x0888, 0x0888,
    0x0888, 0x0888, 0x0888, 0x0888, 0x0888, 0x0888, 0x0888, 0x0888,
    0x0888, 0x0888, 0x0888, 0x0888, 0x0888, 0x0888, 0x0888, 0x0888,
    0x0888, 0x0888, 0x0888, 0x0888, 0x0888, 0x0888, 0x0888, 0x0888,
    0x0888, 0x0888, 0x0888, 0x0888, 0x0888, 0x0888, 0x0888, 0x0888,
    0x0888, 0x0888, 0x0888, 0x0888, 0x0888, 0x0888, 0x0888, 0x0888,
    0x0888, 0x0888, 0x0888, 0x0888, 0x0888, 0x0888, 0x0888, 0x0888,
    0x0888, 0x0888, 0x0888, 0x0888, 0x0888, 0x0888, 0xF1FB, 0xF1FB,
    0xF1FB, 0xF1FB, 0xF1FB, 0xF1FB, 0xF1FB, 0xF1FB, 0xF1FB, 0x0888,
    0x0888, 0x0888, 0x0888, 0x0888, 0xF1FB, 0xF1FB, 0xF1FB, 0xF1FB,
    0xF1FB, 0xF1FB, 0xF1FB, 0xF1FB, 0xF1FB, 0xF1FB, 0x0888, 0x0888,
    0x0888, 0x0888, 0xF1FB, 0xF1FB, 0xF1FB, 0x0888, 0x0888, 0x0888,
    0x0888, 0x0888, 0x0888, 0x0888, 0x0888, 0xF1FB, 0xF1FB, 0xF1FB,
    0xF1FB, 0x0888, 0x0888, 0x0888, 0xF1FB, 0xF1FB, 0xF1FB, 0xF1FB,
    0xF1FB, 0xF1FB, 0xF1FB, 0xF1FB, 0xF1FB, 0xF1FB, 0x0888, 0x0888,
    0x0888, 0x0888, 0x0888, 0x0888, 0x0888, 0x0888, 0x0888, 0xF1FB,
    0xF1FB, 0xF1FB, 0xF1FB, 0xF1FB, 0xF1FB, 0xF1FB, 0xF1FB, 0xF1FB,
    0x0888, 0x0888, 0x0888, 0x0888, 0xF1FB, 0xF1FB, 0xF1FB, 0x0888,
    0x0888, 0x0888, 0x0888, 0x0888, 0x0888, 0x0888, 0xF1FB, 0xF1FB,
    0xF1FB, 0x0888, 0x0888, 0x0888, 0xF1FB, 0xF1FB, 0xF1FB, 0xF1FB,
    0xF1FB, 0xF1FB, 0xF1FB, 0xF1FB, 0xF1FB, 0xF1FB, 0x0888, 0x0888,
    0x0888, 0xF1FB, 0xF1FB, 0xF1FB, 0xF1FB, 0xF1FB, 0xF1FB, 0xF1FB,
    0xF1FB, 0xF1FB, 0xF1FB, 0x0888, 0x0888, 0x0888, 0x0888, 0x0888,
    0x0888, 0x0888, 0x0888, 0x0888, 0x0888, 0x0888, 0x0888, 0x0888,
    0x0888, 0x0888, 0x0888, 0x0888, 0x0888, 0x0888, 0x0888, 0x0888,
    0x0888, 0x0888, 0x0888, 0x0888, 0x0888, 0x0888, 0x0888, 0x0888,
    0x0888, 0x0888, 0x0888, 0x0888, 0x0888, 0x0888, 0x0888, 0x0888,
    0x0888, 0x0888, 0x0888, 0x0888, 0x0888, 0x0888, 0x0888, 0x0888,
    0x0888, 0x0888, 0x0888, 0x0888, 0x0888, 0x0888, 0x0888, 0x0888,
    0x0888, 0x0888, 0x0888, 0x0888, 0x0888, 0x0888, 0x0888, 0x0888,
    0x0888, 0x0888, 0x0888, 0x0888, 0x0888, 0x0888, 0x0888, 0x0888,
    0x0888, 0x0888, 0x0888, 0x0888, 0x0888, 0x0888, 0x0888, 0x0888,
    0x0888, 0x0888, 0x0888, 0x0888, 0x0888, 0x0888, 0x0888, 0x0888,
    0x0888, 0x0888, 0x0888, 0x0888, 0x0888, 0x0888, 0x0888, 0x0888,
    0x0888, 0x0888, 0x0888, 0x0888, 0x0888, 0x0888, 0x0888, 0x0888,
    0x0888, 0x0888, 0x0888, 0x0888, 0x0888, 0x0888, 0x0888, 0x0888,
    0x0888, 0x0888, 0x0888, 0x0888, 0x0888, 0x0888, 0x0888, 0x0888,
    0x0888, 0x0888, 0x0888, 0x0888, 0x0888, 0x0888, 0x0888, 0x0888,
    0x0888, 0x0888, 0x0888, 0x0888, 0x0888, 0x0888, 0x0888, 0x0888,
    0x0888, 0x0888, 0x0888, 0x0888, 0x0888, 0xF1FB, 0xF1FB, 0xF1FB,
    0xF1FB, 0xF1FB, 0xF1FB, 0xF1FB, 0xF1FB, 0xF1FB, 0xF1FB, 0x0888,
    0x0888, 0x0888, 0x0888, 0x0888, 0xF1FB, 0xF1FB, 0xF1FB, 0xF1FB,
    0xF1FB, 0xF1FB, 0xF1FB, 0xF1FB, 0xF1FB, 0xF1FB, 0x0888, 0x0888,
    0x0888, 0x0888, 0xF1FB, 0xF1FB, 0xF1FB, 0xF1FB, 0x0888, 0x0888,
    0x0888, 0x0888, 0x0888, 0x0888, 0xF1FB, 0xF1FB, 0xF1FB, 0xF1FB,
    0xF1FB, 0x0888, 0x0888, 0x0888, 0xF1FB, 0xF1FB, 0xF1FB, 0xF1FB,
    0xF1FB, 0xF1FB, 0xF1FB, 0xF1FB, 0xF1FB, 0xF1FB, 0x0888, 0x0888,
    0x0888, 0x0888, 0x0888, 0x0888, 0x0888, 0x0888, 0xF1FB, 0xF1FB,
    0xF1FB, 0xF1FB, 0xF1FB, 0xF1FB, 0xF1FB, 0xF1FB, 0xF1FB, 0xF1FB,
    0xF1FB, 0x0888, 0x0888, 0x0888, 0xF1FB, 0xF1FB, 0xF1FB, 0x0888,
    0x0888, 0x0888, 0x0888, 0x0888, 0x0888, 0x0888, 0xF1FB, 0xF1FB,
    0xF1FB, 0x0888, 0x0888, 0x0888, 0xF1FB, 0xF1FB, 0xF1FB, 0xF1FB,
    0xF1FB, 0xF1FB, 0xF1FB, 0xF1FB, 0xF1FB, 0xF1FB, 0x0888, 0x0888,
    0x0888, 0xF1FB, 0xF1FB, 0xF1FB, 0xF1FB, 0xF1FB, 0xF1FB, 0xF1FB,
    0xF1FB, 0xF1FB, 0xF1FB, 0x0888, 0x0888, 0x0888, 0x0888, 0x0888,
    0x0888, 0x0888, 0x0888, 0x0888, 0x0888, 0x0888, 0x0888, 0x0888,
    0x0888, 0x0888, 0x0888, 0x0888, 0x0888, 0x0888, 0x0888, 0x0888,
    0x0888, 0x0888, 0x0888, 0x0888, 0x0888, 0x0888, 0x0888, 0x0888,
    0x0888, 0x0888, 0x0888, 0x0888, 0x0888, 0x0888, 0x0888, 0x0888,
    0x0888, 0x0888, 0x0888, 0x0888, 0x0888, 0x0888, 0x0888, 0x0888,
    0x0888, 0x0888, 0x0888, 0x0888, 0x0888, 0x0888, 0x0888, 0x0888,
    0x0888, 0x0888, 0x0888, 0x0888, 0x0888, 0x0888, 0x0888, 0x0888,
    0x0888, 0x0888, 0x0888, 0x0888, 0x0888, 0x0888, 0x0888, 0x0888,
    0x0888, 0x0888, 0x0888, 0x0888, 0x0888, 0x0888, 0x0888, 0x0888,
    0x0888, 0x0888, 0x0888, 0x0888, 0x0888, 0x0888, 0x0888, 0x0888,
    0x0888, 0x0888, 0x0888, 0x0888, 0x0888, 0x0888, 0x0888, 0x0888,
    0x0888, 0x0888, 0x0888, 0x0888, 0x0888, 0x0888, 0x0888, 0x0888,
    0x0888, 0x0888, 0x0888, 0x0888, 0x0888, 0x0888, 0x0888, 0x0888,
    0x0888, 0x0888, 0x0888, 0x0888, 0x0888, 0x0888, 0x0888, 0x0888,
    0x0888, 0x0888, 0x0888, 0x0888, 0x0888, 0x0888, 0x0888, 0x0888,
    0x0888, 0x0888, 0x0888, 0x0888, 0x0888, 0x0888, 0x0888, 0x0888,
    0x0888, 0x0888, 0x0888, 0x0888, 0x0888, 0xF1FB, 0xF1FB, 0xF1FB,
    0xF1FB, 0xF000, 0xF000, 0xF000, 0xF000, 0xF000, 0xF000, 0x0888,
    0x0888, 0x0888, 0x0888, 0xF1FB, 0xF1FB, 0xF1FB, 0xF1FB, 0xF000,
    0xF000, 0xF000, 0xF000, 0xF1FB, 0xF1FB, 0xF1FB, 0xF1FB, 0x0888,
    0x0888, 0x0888, 0xF1FB, 0xF1FB, 0xF1FB, 0xF1FB, 0x0888, 0x0888,
    0x0888, 0x0888, 0x0888, 0x0888, 0xF1FB, 0xF1FB, 0xF1FB, 0xF1FB,
    0xF1FB, 0x0888, 0x0888, 0x0888, 0xF1FB, 0xF1FB, 0xF1FB, 0xF000,
    0xF000, 0xF000, 0xF000, 0xF000, 0xF000, 0xF000, 0x0888, 0x0888,
    0x0888, 0x0888, 0x0888, 0x0888, 0x0888, 0x0888, 0xF1FB, 0xF1FB,
    0xF1FB, 0xF1FB, 0xF000, 0xF000, 0xF000, 0xF1FB, 0xF1FB, 0xF1FB,
    0xF1FB, 0x0888, 0x0888, 0x0888, 0xF000, 0xF1FB, 0xF1FB, 0xF1FB,
    0x0888, 0x0888, 0x0888, 0x0888, 0x0888, 0xF1FB, 0xF1FB, 0xF1FB,
    0xF000, 0x0888, 0x0888, 0x0888, 0xF1FB, 0xF1FB, 0xF1FB, 0xF000,
    0xF000, 0xF000, 0xF000, 0xF000, 0xF000, 0xF000, 0x0888, 0x0888,
    0x0888, 0xF1FB, 0xF1FB, 0xF1FB, 0xF000, 0xF000, 0xF000, 0xF000,
    0xF1FB, 0xF1FB, 0xF1FB, 0xF1FB, 0x0888, 0x0888, 0x0888, 0x0888,
    0x0888, 0x0888, 0x0888, 0x0888, 0x0888, 0x0888, 0x0888, 0x0888,
    0x0888, 0x0888, 0x0888, 0x0888, 0x0888, 0x0888, 0x0888, 0x0888,
    0x0888, 0x0888, 0x0888, 0x0888, 0x0888, 0x0888, 0x0888, 0x0888,
    0x0888, 0x0888, 0x0888, 0x0888, 0x0888, 0x0888, 0x0888, 0x0888,
    0x0888, 0x0888, 0x0888, 0x0888, 0x0888, 0x0888, 0x0888, 0x0888,
    0x0888, 0x0888, 0x0888, 0x0888, 0x0888, 0x0888, 0x0888, 0x0888,
    0x0888, 0x0888, 0x0888, 0x0888, 0x0888, 0x0888, 0x0888, 0x0888,
    0x0888, 0x0888, 0x0888, 0x0888, 0x0888, 0x0888, 0x0888, 0x0888,
    0x0888, 0x0888, 0x0888, 0x0888, 0x0888, 0x0888, 0x0888, 0x0888,
    0x0888, 0x0888, 0x0888, 0x0888, 0x0888, 0x0888, 0x0888, 0x0888,
    0x0888, 0x0888, 0x0888, 0x0888, 0x0888, 0x0888, 0x0888, 0x0888,
    0x0888, 0x0888, 0x0888, 0x0888, 0x0888, 0x0888, 0x0888, 0x0888,
    0x0888, 0x0888, 0x0888, 0x0888, 0x0888, 0x0888, 0x0888, 0x0888,
    0x0888, 0x0888, 0x0888, 0x0888, 0x0888, 0x0888, 0x0888, 0x0888,
    0x0888, 0x0888, 0x0888, 0x0888, 0x0888, 0x0888, 0x0888, 0x0888,
    0x0888, 0x0888, 0x0888, 0x0888, 0x0888, 0x0888, 0x0888, 0x0888,
    0x0888, 0x0888, 0x0888, 0x0888, 0xF1FB, 0xF1FB, 0xF1FB, 0xF1FB,
    0xF000, 0xF000, 0xF000, 0xF000, 0xF000, 0xF000, 0xF000, 0x0888,
    0x0888, 0x0888, 0x0888, 0xF1FB, 0xF1FB, 0xF1FB, 0xF000, 0xF000,
    0xF000, 0xF000, 0xF000, 0xF000, 0xF1FB, 0xF1FB, 0xF1FB, 0x0888,
    0x0888, 0x0888, 0xF1FB, 0xF1FB, 0xF1FB, 0xF1FB, 0xF1FB, 0x0888,
    0x0888, 0x0888, 0x0888, 0xF1FB, 0xF1FB, 0xF1FB, 0xF1FB, 0xF1FB,
    0xF1FB, 0x0888, 0x0888, 0x0888, 0xF1FB, 0xF1FB, 0xF1FB, 0xF000,
    0xF000, 0xF000, 0xF000, 0xF000, 0xF000, 0xF000, 0x0888, 0x0888,
    0x0888, 0x0888, 0x0888, 0x0888, 0x0888, 0xF1FB, 0xF1FB, 0xF1FB,
    0xF1FB, 0xF000, 0xF000, 0xF000, 0xF000, 0xF000, 0xF1FB, 0xF1FB,
    0xF1FB, 0xF1FB, 0x0888, 0x0888, 0xF000, 0xF1FB, 0xF1FB, 0xF1FB,
    0x0888, 0x0888, 0x0888, 0x0888, 0x0888, 0xF1FB, 0xF1FB, 0xF1FB,
    0xF000, 0x0888, 0x0888, 0x0888, 0xF1FB, 0xF1FB, 0xF1FB, 0xF000,
    0xF000, 0xF000, 0xF000, 0xF000, 0xF000, 0xF000, 0x0888, 0x0888,
    0x0888, 0xF1FB, 0xF1FB, 0xF1FB, 0xF000, 0xF000, 0xF000, 0xF000,
    0xF000, 0xF1FB, 0xF1FB, 0xF1FB, 0x0888, 0x0888, 0x0888, 0x0888,
    0x0888, 0x0888, 0x0888, 0x0888, 0x0888, 0x0888, 0x0888, 0x0888,
    0x0888, 0x0888, 0x0888, 0x0888, 0x0888, 0x0888, 0x0888, 0x0888,
    0x0888, 0x0888, 0x0888, 0x0888, 0x0888, 0x0888, 0x0888, 0x0888,
    0x0888, 0x0888, 0x0888, 0x0888, 0x0888, 0x0888, 0x0888, 0x0888,
    0x0888, 0x0888, 0x0888, 0x0888, 0x0888, 0x0888, 0x0888, 0x0888,
    0x0888, 0x0888, 0x0888, 0x0888, 0x0888, 0x0888, 0x0888, 0x0888,
    0x0888, 0x0888, 0x0888, 0x0888, 0x0888, 0x0888, 0x0888, 0x0888,
    0x0888, 0x0888, 0x0888, 0x0888, 0x0888, 0x0888, 0x0888, 0x0888,
    0x0888, 0x0888, 0x0888, 0x0888, 0x0888, 0x0888, 0x0888, 0x0888,
    0x0888, 0x0888, 0x0888, 0x0888, 0x0888, 0x0888, 0x0888, 0x0888,
    0x0888, 0x0888, 0x0888, 0x0888, 0x0888, 0x0888, 0x0888, 0x0888,
    0x0888, 0x0888, 0x0888, 0x0888, 0x0888, 0x0888, 0x0888, 0x0888,
    0x0888, 0x0888, 0x0888, 0x0888, 0x0888, 0x0888, 0x0888, 0x0888,
    0x0888, 0x0888, 0x0888, 0x0888, 0x0888, 0x0888, 0x0888, 0x0888,
    0x0888, 0x0888, 0x0888, 0x0888, 0x0888, 0x0888, 0x0888, 0x0888,
    0x0888, 0x0888, 0x0888, 0x0888, 0x0888, 0x0888, 0x0888, 0x0888,
    0x0888, 0x0888, 0x0888, 0x0888, 0xF1FB, 0xF1FB, 0xF1FB, 0xF000,
    0xF000, 0x0888, 0xF1FB, 0xF1FB, 0xF1FB, 0xF1FB, 0xF1FB, 0xF1FB,
    0x0888, 0x0888, 0x0888, 0xF1FB, 0xF1FB, 0xF1FB, 0xF000, 0x0888,
    0x0888, 0x0888, 0x0888, 0xF000, 0xF1FB, 0xF1FB, 0xF1FB, 0x0888,
    0x0888, 0x0888, 0xF1FB, 0xF1FB, 0xF1FB, 0xF1FB, 0xF1FB, 0x0888,
    0x0888, 0x0888, 0x0888, 0xF1FB, 0xF1FB, 0xF1FB, 0xF1FB, 0xF1FB,
    0xF1FB, 0x0888, 0x0888, 0x0888, 0xF1FB, 0xF1FB, 0xF1FB, 0xF1FB,
    0xF1FB, 0xF1FB, 0xF1FB, 0xF1FB, 0xF1FB, 0x0888, 0x0888, 0x0888,
    0x0888, 0x0888, 0x0888, 0x0888, 0x0888, 0xF1FB, 0xF1FB, 0xF1FB,
    0xF000, 0xF000, 0x0888, 0x0888, 0x0888, 0xF000, 0xF000, 0xF1FB,
    0xF1FB, 0xF1FB, 0x0888, 0x0888, 0x0888, 0xF1FB, 0xF1FB, 0xF1FB,
    0x0888, 0x0888, 0x0888, 0x0888, 0x0888, 0xF1FB, 0xF1FB, 0xF1FB,
    0x0888, 0x0888, 0x0888, 0x0888, 0xF1FB, 0xF1FB, 0xF1FB, 0xF1FB,
    0xF1FB, 0xF1FB, 0xF1FB, 0xF1FB, 0xF1FB, 0x0888, 0x0888, 0x0888,
    0x0888, 0xF1FB, 0xF1FB, 0xF1FB, 0x0888, 0x0888, 0x0888, 0x0888,
    0xF1FB, 0xF1FB, 0xF1FB, 0xF1FB, 0x0888, 0x0888, 0x0888, 0x0888,
    0x0888, 0x0888, 0x0888, 0x0888, 0x0888, 0x0888, 0x0888, 0x0888,
    0x0888, 0x0888, 0x0888, 0x0888, 0x0888, 0x0888, 0x0888, 0x0888,
    0x0888, 0x0888, 0x0888, 0x0888, 0x0888, 0x0888, 0x0888, 0x0888,
    0x0888, 0x0888, 0x0888, 0x0888, 0x0888, 0x0888, 0x0888, 0x0888,
    0x0888, 0x0888, 0x0888, 0x0888, 0x0888, 0x0888, 0x0888, 0x0888,
    0x0888, 0x0888, 0x0888, 0x0888, 0x0888, 0x0888, 0x0888, 0x0888,
    0x0888, 0x0888, 0x0888, 0x0888, 0x0888, 0x0888, 0x0888, 0x0888,
    0x0888, 0x0888, 0x0888, 0x0888, 0x0888, 0x0888, 0x0888, 0x0888,
    0x0888, 0x0888, 0x0888, 0x0888, 0x0888, 0x0888, 0x0888, 0x0888,
    0x0888, 0x0888, 0x0888, 0x0888, 0x0888, 0x0888, 0x0888, 0x0888,
    0x0888, 0x0888, 0x0888, 0x0888, 0x0888, 0x0888, 0x0888, 0x0888,
    0x0888, 0x0888, 0x0888, 0x0888, 0x0888, 0x0888, 0x0888, 0x0888,
    0x0888, 0x0888, 0x0888, 0x0888, 0x0888, 0x0888, 0x0888, 0x0888,
    0x0888, 0x0888, 0x0888, 0x0888, 0x0888, 0x0888, 0x0888, 0x0888,
    0x0888, 0x0888, 0x0888, 0x0888, 0x0888, 0x0888, 0x0888, 0x0888,
    0x0888, 0x0888, 0x0888, 0x0888, 0x0888, 0x0888, 0x0888, 0x0888,
    0x0888, 0x0888, 0x0888, 0x0888, 0xF1FB, 0xF1FB, 0xF1FB, 0xF000,
    0x0888, 0x0888, 0xF1FB, 0xF1FB, 0xF1FB, 0xF1FB, 0xF1FB, 0xF1FB,
    0x0888, 0x0888, 0x0888, 0xF1FB, 0xF1FB, 0xF1FB, 0x0888, 0x0888,
    0x0888, 0x0888, 0x0888, 0x0888, 0xF1FB, 0xF1FB, 0xF1FB, 0x0888,
    0x0888, 0x0888, 0xF1FB, 0xF1FB, 0xF1FB, 0xF1FB, 0xF1FB, 0xF1FB,
    0x0888, 0x0888, 0xF1FB, 0xF1FB, 0xF1FB, 0xF1FB, 0xF1FB, 0xF1FB,
    0xF1FB, 0x0888, 0x0888, 0x0888, 0xF1FB, 0xF1FB, 0xF1FB, 0xF1FB,
    0xF1FB, 0xF1FB, 0xF1FB, 0xF1FB, 0xF1FB, 0x0888, 0x0888, 0x0888,
    0x0888, 0x0888, 0x0888, 0x0888, 0x0888, 0xF1FB, 0xF1FB, 0xF1FB,
    0xF000, 0x0888, 0x0888, 0x0888, 0x0888, 0x0888, 0xF000, 0xF1FB,
    0xF1FB, 0xF1FB, 0x0888, 0x0888, 0x0888, 0xF000, 0xF1FB, 0xF1FB,
    0xF1FB, 0x0888, 0x0888, 0x0888, 0xF1FB, 0xF1FB, 0xF1FB, 0xF000,
    0x0888, 0x0888, 0x0888, 0x0888, 0xF1FB, 0xF1FB, 0xF1FB, 0xF1FB,
    0xF1FB, 0xF1FB, 0xF1FB, 0xF1FB, 0xF1FB, 0x0888, 0x0888, 0x0888,
    0x0888, 0xF1FB, 0xF1FB, 0xF1FB, 0xF1FB, 0xF1FB, 0xF1FB, 0xF1FB,
    0xF1FB, 0xF1FB, 0xF1FB, 0xF000, 0x0888, 0x0888, 0x0888, 0x0888,
    0x0888, 0x0888, 0x0888, 0x0888, 0x0888, 0x0888, 0x0888, 0x0888,
    0x0888, 0x0888, 0x0888, 0x0888, 0x0888, 0x0888, 0x0888, 0x0888,
    0x0888, 0x0888, 0x0888, 0x0888, 0x0888, 0x0888, 0x0888, 0x0888,
    0x0888, 0x0888, 0x0888, 0x0888, 0x0888, 0x0888, 0x0888, 0x0888,
    0x0888, 0x0888, 0x0888, 0x0888, 0x0888, 0x0888, 0x0888, 0x0888,
    0x0888, 0x0888, 0x0888, 0x0888, 0x0888, 0x0888, 0x0888, 0x0888,
    0x0888, 0x0888, 0x0888, 0x0888, 0x0888, 0x0888, 0x0888, 0x0888,
    0x0888, 0x0888, 0x0888, 0x0888, 0x0888, 0x0888, 0x0888, 0x0888,
    0x0888, 0x0888, 0x0888, 0x0888, 0x0888, 0x0888, 0x0888, 0x0888,
    0x0888, 0x0888, 0x0888, 0x0888, 0x0888, 0x0888, 0x0888, 0x0888,
    0x0888, 0x0888, 0x0888, 0x0888, 0x0888, 0x0888, 0x0888, 0x0888,
    0x0888, 0x0888, 0x0888, 0x0888, 0x0888, 0x0888, 0x0888, 0x0888,
    0x0888, 0x0888, 0x0888, 0x0888, 0x0888, 0x0888, 0x0888, 0x0888,
    0x0888, 0x0888, 0x0888, 0x0888, 0x0888, 0x0888, 0x0888, 0x0888,
    0x0888, 0x0888, 0x0888, 0x0888, 0x0888, 0x0888, 0x0888, 0x0888,
    0x0888, 0x0888, 0x0888, 0x0888, 0x0888, 0x0888, 0x0888, 0x0888,
    0x0888, 0x0888, 0x0888, 0x0888, 0xF1FB, 0xF1FB, 0xF1FB, 0x0888,
    0x0888, 0x0888, 0xF1FB, 0xF1FB, 0xF1FB, 0xF1FB, 0xF1FB, 0xF1FB,
    0x0888, 0x0888, 0x0888, 0xF1FB, 0xF1FB, 0xF1FB, 0xF1FB, 0xF1FB,
    0xF1FB, 0xF1FB, 0xF1FB, 0xF1FB, 0xF1FB, 0xF1FB, 0xF1FB, 0x0888,
    0x0888, 0x0888, 0xF1FB, 0xF1FB, 0xF1FB, 0xF1FB, 0xF1FB, 0xF1FB,
    0x0888, 0x0888, 0xF1FB, 0xF1FB, 0xF1FB, 0xF1FB, 0xF1FB, 0xF1FB,
    0xF1FB, 0x0888, 0x0888, 0x0888, 0xF1FB, 0xF1FB, 0xF1FB, 0xF1FB,
    0xF1FB, 0xF1FB, 0xF1FB, 0xF1FB, 0xF1FB, 0x0888, 0x0888, 0x0888,
    0x0888, 0x0888, 0x0888, 0x0888, 0x0888, 0xF1FB, 0xF1FB, 0xF1FB,
    0x0888, 0x0888, 0x0888, 0x0888, 0x0888, 0x0888, 0x0888, 0xF1FB,
    0xF1FB, 0xF1FB, 0x0888, 0x0888, 0x0888, 0xF000, 0xF1FB, 0xF1FB,
    0xF1FB, 0x0888, 0x0888, 0x0888, 0xF1FB, 0xF1FB, 0xF1FB, 0xF000,
    0x0888, 0x0888, 0x0888, 0x0888, 0xF1FB, 0xF1FB, 0xF1FB, 0xF1FB,
    0xF1FB, 0xF1FB, 0xF1FB, 0xF1FB, 0xF1FB, 0x0888, 0x0888, 0x0888,
    0x0888, 0xF1FB, 0xF1FB, 0xF1FB, 0xF1FB, 0xF1FB, 0xF1FB, 0xF1FB,
    0xF1FB, 0xF1FB, 0xF1FB, 0xF000, 0x0888, 0x0888, 0x0888, 0x0888,
    0x0888, 0x0888, 0x0888, 0x0888, 0x0888, 0x0888, 0x0888, 0x0888,
    0x0888, 0x0888, 0x0888, 0x0888, 0x0888, 0x0888, 0x0888, 0x0888,
    0x0888, 0x0888, 0x0888, 0x0888, 0x0888, 0x0888, 0x0888, 0x0888,
    0x0888, 0x0888, 0x0888, 0x0888, 0x0888, 0x0888, 0x0888, 0x0888,
    0x0888, 0x0888, 0x0888, 0x0888, 0x0888, 0x0888, 0x0888, 0x0888,
    0x0888, 0x0888, 0x0888, 0x0888, 0x0888, 0x0888, 0x0888, 0x0888,
    0x0888, 0x0888, 0x0888, 0x0888, 0x0888, 0x0888, 0x0888, 0x0888,
    0x0888, 0x0888, 0x0888, 0x0888, 0x0888, 0x0888, 0x0888, 0x0888,
    0x0888, 0x0888, 0x0888, 0x0888, 0x0888, 0x0888, 0x0888, 0x0888,
    0x0888, 0x0888, 0x0888, 0x0888, 0x0888, 0x0888, 0x0888, 0x0888,
    0x0888, 0x0888, 0x0888, 0x0888, 0x0888, 0x0888, 0x0888, 0x0888,
    0x0888, 0x0888, 0x0888, 0x0888, 0x0888, 0x0888, 0x0888, 0x0888,
    0x0888, 0x0888, 0x0888, 0x0888, 0x0888, 0x0888, 0x0888, 0x0888,
    0x0888, 0x0888, 0x0888, 0x0888, 0x0888, 0x0888, 0x0888, 0x0888,
    0x0888, 0x0888, 0x0888, 0x0888, 0x0888, 0x0888, 0x0888, 0x0888,
    0x0888, 0x0888, 0x0888, 0x0888, 0x0888, 0x0888, 0x0888, 0x0888,
    0x0888, 0x0888, 0x0888, 0x0888, 0xF1FB, 0xF1FB, 0xF1FB, 0x0888,
    0x0888, 0x0888, 0xF000, 0xF000, 0xF000, 0xF1FB, 0xF1FB, 0xF1FB,
    0x0888, 0x0888, 0x0888, 0xF1FB, 0xF1FB, 0xF1FB, 0xF1FB, 0xF1FB,
    0xF1FB, 0xF1FB, 0xF1FB, 0xF1FB, 0xF1FB, 0xF1FB, 0xF1FB, 0x0888,
    0x0888, 0x0888, 0xF1FB, 0xF1FB, 0xF1FB, 0xF000, 0xF1FB, 0xF1FB,
    0xF1FB, 0xF1FB, 0xF1FB, 0xF1FB, 0xF1FB, 0xF000, 0xF1FB, 0xF1FB,
    0xF1FB, 0x0888, 0x0888, 0x0888, 0xF1FB, 0xF1FB, 0xF1FB, 0xF000,
    0xF000, 0xF000, 0xF000, 0xF000, 0xF000, 0x0888, 0x0888, 0x0888,
    0x0888, 0x0888, 0x0888, 0x0888, 0x0888, 0xF1FB, 0xF1FB, 0xF1FB,
    0x0888, 0x0888, 0x0888, 0x0888, 0x0888, 0x0888, 0x0888, 0xF1FB,
    0xF1FB, 0xF1FB, 0x0888, 0x0888, 0x0888, 0x0888, 0xF1FB, 0xF1FB,
    0xF1FB, 0x0888, 0x0888, 0x0888, 0xF1FB, 0xF1FB, 0xF1FB, 0x0888,
    0x0888, 0x0888, 0x0888, 0x0888, 0xF1FB, 0xF1FB, 0xF1FB, 0xF000,
    0xF000, 0xF000, 0xF000, 0xF000, 0xF000, 0x0888, 0x0888, 0x0888,
    0x0888, 0xF1FB, 0xF1FB, 0xF1FB, 0xF1FB, 0xF1FB, 0xF1FB, 0xF1FB,
    0xF1FB, 0xF000, 0xF000, 0x0888, 0x0888, 0x0888, 0x0888, 0x0888,
    0x0888, 0x0888, 0x0888, 0x0888, 0x0888, 0x0888, 0x0888, 0x0888,
    0x0888, 0x0888, 0x0888, 0x0888, 0x0888, 0x0888, 0x0888, 0x0888,
    0x0888, 0x0888, 0x0888, 0x0888, 0x0888, 0x0888, 0x0888, 0x0888,
    0x0888, 0x0888, 0x0888, 0x0888, 0x0888, 0x0888, 0x0888, 0x0888,
    0x0888, 0x0888, 0x0888, 0x0888, 0x0888, 0x0888, 0x0888, 0x0888,
    0x0888, 0x0888, 0x0888, 0x0888, 0x0888, 0x0888, 0x0888, 0x0888,
    0x0888, 0x0888, 0x0888, 0x0888, 0x0888, 0x0888, 0x0888, 0x0888,
    0x0888, 0x0888, 0x0888, 0x0888, 0x0888, 0x0888, 0x0888, 0x0888,
    0x0888, 0x0888, 0x0888, 0x0888, 0x0888, 0x0888, 0x0888, 0x0888,
    0x0888, 0x0888, 0x0888, 0x0888, 0x0888, 0x0888, 0x0888, 0x0888,
    0x0888, 0x0888, 0x0888, 0x0888, 0x0888, 0x0888, 0x0888, 0x0888,
    0x0888, 0x0888, 0x0888, 0x0888, 0x0888, 0x0888, 0x0888, 0x0888,
    0x0888, 0x0888, 0x0888, 0x0888, 0x0888, 0x0888, 0x0888, 0x0888,
    0x0888, 0x0888, 0x0888, 0x0888, 0x0888, 0x0888, 0x0888, 0x0888,
    0x0888, 0x0888, 0x0888, 0x0888, 0x0888, 0x0888, 0x0888, 0x0888,
    0x0888, 0x0888, 0x0888, 0x0888, 0x0888, 0x0888, 0x0888, 0x0888,
    0x0888, 0x0888, 0x0888, 0x0888, 0xF1FB, 0xF1FB, 0xF1FB, 0xF1FB,
    0x0888, 0x0888, 0xF000, 0xF000, 0xF000, 0xF1FB, 0xF1FB, 0xF1FB,
    0x0888, 0x0888, 0x0888, 0xF1FB, 0xF1FB, 0xF1FB, 0xF1FB, 0xF1FB,
    0xF1FB, 0xF1FB, 0xF1FB, 0xF1FB, 0xF1FB, 0xF1FB, 0xF1FB, 0x0888,
    0x0888, 0x0888, 0xF1FB, 0xF1FB, 0xF1FB, 0xF000, 0xF1FB, 0xF1FB,
    0xF1FB, 0xF1FB, 0xF1FB, 0xF1FB, 0xF1FB, 0xF000, 0xF1FB, 0xF1FB,
    0xF1FB, 0x0888, 0x0888, 0x0888, 0xF1FB, 0xF1FB, 0xF1FB, 0xF000,
    0xF000, 0xF000, 0xF000, 0xF000, 0xF000, 0x0888, 0x0888, 0x0888,
    0x0888, 0x0888, 0x0888, 0x0888, 0x0888, 0xF1FB, 0xF1FB, 0xF1FB,
    0xF1FB, 0x0888, 0x0888, 0x0888, 0x0888, 0x0888, 0xF1FB, 0xF1FB,
    0xF1FB, 0xF1FB, 0x0888, 0x0888, 0x0888, 0x0888, 0xF000, 0xF1FB,
    0xF1FB, 0xF1FB, 0x0888, 0xF1FB, 0xF1FB, 0xF1FB, 0xF000, 0x0888,
    0x0888, 0x0888, 0x0888, 0x0888, 0xF1FB, 0xF1FB, 0xF1FB, 0xF000,
    0xF000, 0xF000, 0xF000, 0xF000, 0xF000, 0x0888, 0x0888, 0x0888,
    0x0888, 0xF1FB, 0xF1FB, 0xF1FB, 0xF000, 0xF000, 0xF1FB, 0xF1FB,
    0xF1FB, 0xF1FB, 0xF000, 0x0888, 0x0888, 0x0888, 0x0888, 0x0888,
    0x0888, 0x0888, 0x0888, 0x0888, 0x0888, 0x0888, 0x0888, 0x0888,
    0x0888, 0x0888, 0x0888, 0x0888, 0x0888, 0x0888, 0x0888, 0x0888,
    0x0888, 0x0888, 0x0888, 0x0888, 0x0888, 0x0888, 0x0888, 0x0888,
    0x0888, 0x0888, 0x0888, 0x0888, 0x0888, 0x0888, 0x0888, 0x0888,
    0x0888, 0x0888, 0x0888, 0x0888, 0x0888, 0x0888, 0x0888, 0x0888,
    0x0888, 0x0888, 0x0888, 0x0888, 0x0888, 0x0888, 0x0888, 0x0888,
    0x0888, 0x0888, 0x0888, 0x0888, 0x0888, 0x0888, 0x0888, 0x0888,
    0x0888, 0x0888, 0x0888, 0x0888, 0x0888, 0x0888, 0x0888, 0x0888,
    0x0888, 0x0888, 0x0888, 0x0888, 0x0888, 0x0888, 0x0888, 0x0888,
    0x0888, 0x0888, 0x0888, 0x0888, 0x0888, 0x0888, 0x0888, 0x0888,
    0x0888, 0x0888, 0x0888, 0x0888, 0x0888, 0x0888, 0x0888, 0x0888,
    0x0888, 0x0888, 0x0888, 0x0888, 0x0888, 0x0888, 0x0888, 0x0888,
    0x0888, 0x0888, 0x0888, 0x0888, 0x0888, 0x0888, 0x0888, 0x0888,
    0x0888, 0x0888, 0x0888, 0x0888, 0x0888, 0x0888, 0x0888, 0x0888,
    0x0888, 0x0888, 0x0888, 0x0888, 0x0888, 0x0888, 0x0888, 0x0888,
    0x0888, 0x0888, 0x0888, 0x0888, 0x0888, 0x0888, 0x0888, 0x0888,
    0x0888, 0x0888, 0x0888, 0x0888, 0xF000, 0xF1FB, 0xF1FB, 0xF1FB,
    0xF1FB, 0x0888, 0x0888, 0x0888, 0x0888, 0xF1FB, 0xF1FB, 0xF1FB,
    0x0888, 0x0888, 0x0888, 0xF1FB, 0xF1FB, 0xF1FB, 0xF000, 0xF000,
    0xF000, 0xF000, 0xF000, 0xF000, 0xF1FB, 0xF1FB, 0xF1FB, 0x0888,
    0x0888, 0x0888, 0xF1FB, 0xF1FB, 0xF1FB, 0x0888, 0xF000, 0xF1FB,
    0xF1FB, 0xF1FB, 0xF1FB, 0xF1FB, 0xF000, 0x0888, 0xF1FB, 0xF1FB,
    0xF1FB, 0x0888, 0x0888, 0x0888, 0xF1FB, 0xF1FB, 0xF1FB, 0x0888,
    0x0888, 0x0888, 0x0888, 0x0888, 0x0888, 0x0888, 0x0888, 0x0888,
    0x0888, 0x0888, 0x0888, 0x0888, 0x0888, 0xF000, 0xF1FB, 0xF1FB,
    0xF1FB, 0xF1FB, 0x0888, 0x0888, 0x0888, 0xF1FB, 0xF1FB, 0xF1FB,
    0xF1FB, 0xF000, 0x0888, 0x0888, 0x0888, 0x0888, 0xF000, 0xF1FB,
    0xF1FB, 0xF1FB, 0x0888, 0xF1FB, 0xF1FB, 0xF1FB, 0xF000, 0x0888,
    0x0888, 0x0888, 0x0888, 0x0888, 0xF1FB, 0xF1FB, 0xF1FB, 0x0888,
    0x0888, 0x0888, 0x0888, 0x0888, 0x0888, 0x0888, 0x0888, 0x0888,
    0x0888, 0xF1FB, 0xF1FB, 0xF1FB, 0xF000, 0xF000, 0xF000, 0xF1FB,
    0xF1FB, 0xF1FB, 0x0888, 0x0888, 0x0888, 0x0888, 0x0888, 0x0888,
    0x0888, 0x0888, 0x0888, 0x0888, 0x0888, 0x0888, 0x0888, 0x0888,
    0x0888, 0x0888, 0x0888, 0x0888, 0x0888, 0x0888, 0x0888, 0x0888,
    0x0888, 0x0888, 0x0888, 0x0888, 0x0888, 0x0888, 0x0888, 0x0888,
    0x0888, 0x0888, 0x0888, 0x0888, 0x0888, 0x0888, 0x0888, 0x0888,
    0x0888, 0x0888, 0x0888, 0x0888, 0x0888, 0x0888, 0x0888, 0x0888,
    0x0888, 0x0888, 0x0888, 0x0888, 0x0888, 0x0888, 0x0888, 0x0888,
    0x0888, 0x0888, 0x0888, 0x0888, 0x0888, 0x0888, 0x0888, 0x0888,
    0x0888, 0x0888, 0x0888, 0x0888, 0x0888, 0x0888, 0x0888, 0x0888,
    0x0888, 0x0888, 0x0888, 0x0888, 0x0888, 0x0888, 0x0888, 0x0888,
    0x0888, 0x0888, 0x0888, 0x0888, 0x0888, 0x0888, 0x0888, 0x0888,
    0x0888, 0x0888, 0x0888, 0x0888, 0x0888, 0x0888, 0x0888, 0x0888,
    0x0888, 0x0888, 0x0888, 0x0888, 0x0888, 0x0888, 0x0888, 0x0888,
    0x0888, 0x0888, 0x0888, 0x0888, 0x0888, 0x0888, 0x0888, 0x0888,
    0x0888, 0x0888, 0x0888, 0x0888, 0x0888, 0x0888, 0x0888, 0x0888,
    0x0888, 0x0888, 0x0888, 0x0888, 0x0888, 0x0888, 0x0888, 0x0888,
    0x0888, 0x0888, 0x0888, 0x0888, 0x0888, 0x0888, 0x0888, 0x0888,
    0x0888, 0x0888, 0x0888, 0x0888, 0xF000, 0xF1FB, 0xF1FB, 0xF1FB,
    0xF1FB, 0xF1FB, 0xF1FB, 0xF1FB, 0xF1FB, 0xF1FB, 0xF1FB, 0xF1FB,
    0x0888, 0x0888, 0x0888, 0xF1FB, 0xF1FB, 0xF1FB, 0xF000, 0xF000,
    0xF000, 0xF000, 0xF000, 0xF000, 0xF1FB, 0xF1FB, 0xF1FB, 0x0888,
    0x0888, 0x0888, 0xF1FB, 0xF1FB, 0xF1FB, 0x0888, 0xF000, 0xF1FB,
    0xF1FB, 0xF1FB, 0xF1FB, 0xF1FB, 0xF000, 0x0888, 0xF1FB, 0xF1FB,
    0xF1FB, 0x0888, 0x0888, 0x0888, 0xF1FB, 0xF1FB, 0xF1FB, 0xF1FB,
    0xF1FB, 0xF1FB, 0xF1FB, 0xF1FB, 0xF1FB, 0xF1FB, 0x0888, 0x0888,
    0x0888, 0x0888, 0x0888, 0x0888, 0x0888, 0xF000, 0xF1FB, 0xF1FB,
    0xF1FB, 0xF1FB, 0xF1FB, 0xF1FB, 0xF1FB, 0xF1FB, 0xF1FB, 0xF1FB,
    0xF1FB, 0xF000, 0x0888, 0x0888, 0x0888, 0x0888, 0x0888, 0xF1FB,
    0xF1FB, 0xF1FB, 0xF1FB, 0xF1FB, 0xF1FB, 0xF1FB, 0x0888, 0x0888,
    0x0888, 0x0888, 0x0888, 0x0888, 0xF1FB, 0xF1FB, 0xF1FB, 0xF1FB,
    0xF1FB, 0xF1FB, 0xF1FB, 0xF1FB, 0xF1FB, 0xF1FB, 0x0888, 0x0888,
    0x0888, 0xF1FB, 0xF1FB, 0xF1FB, 0x0888, 0x0888, 0xF000, 0xF1FB,
    0xF1FB, 0xF1FB, 0xF1FB, 0x0888, 0x0888, 0x0888, 0x0888, 0x0888,
    0x0888, 0x0888, 0x0888, 0x0888, 0x0888, 0x0888, 0x0888, 0x0888,
    0x0888, 0x0888, 0x0888, 0x0888, 0x0888, 0x0888, 0x0888, 0x0888,
    0x0888, 0x0888, 0x0888, 0x0888, 0x0888, 0x0888, 0x0888, 0x0888,
    0x0888, 0x0888, 0x0888, 0x0888, 0x0888, 0x0888, 0x0888, 0x0888,
    0x0888, 0x0888, 0x0888, 0x0888, 0x0888, 0x0888, 0x0888, 0x0888,
    0x0888, 0x0888, 0x0888, 0x0888, 0x0888, 0x0888, 0x0888, 0x0888,
    0x0888, 0x0888, 0x0888, 0x0888, 0x0888, 0x0888, 0x0888, 0x0888,
    0x0888, 0x0888, 0x0888, 0x0888, 0x0888, 0x0888, 0x0888, 0x0888,
    0x0888, 0x0888, 0x0888, 0x0888, 0x0888, 0x0888, 0x0888, 0x0888,
    0x0888, 0x0888, 0x0888, 0x0888, 0x0888, 0x0888, 0x0888, 0x0888,
    0x0888, 0x0888, 0x0888, 0x0888, 0x0888, 0x0888, 0x0888, 0x0888,
    0x0888, 0x0888, 0x0888, 0x0888, 0x0888, 0x0888, 0x0888, 0x0888,
    0x0888, 0x0888, 0x0888, 0x0888, 0x0888, 0x0888, 0x0888, 0x0888,
    0x0888, 0x0888, 0x0888, 0x0888, 0x0888, 0x0888, 0x0888, 0x0888,
    0x0888, 0x0888, 0x0888, 0x0888, 0x0888, 0x0888, 0x0888, 0x0888,
    0x0888, 0x0888, 0x0888, 0x0888, 0x0888, 0x0888, 0x0888, 0x0888,
    0x0888, 0x0888, 0x0888, 0x0888, 0x0888, 0xF000, 0xF1FB, 0xF1FB,
    0xF1FB, 0xF1FB, 0xF1FB, 0xF1FB, 0xF1FB, 0xF1FB, 0xF1FB, 0xF1FB,
    0x0888, 0x0888, 0x0888, 0xF1FB, 0xF1FB, 0xF1FB, 0x0888, 0x0888,
    0x0888, 0x0888, 0x0888, 0x0888, 0xF1FB, 0xF1FB, 0xF1FB, 0x0888,
    0x0888, 0x0888, 0xF1FB, 0xF1FB, 0xF1FB, 0x0888, 0x0888, 0xF000,
    0xF1FB, 0xF1FB, 0xF1FB, 0xF000, 0x0888, 0x0888, 0xF1FB, 0xF1FB,
    0xF1FB, 0x0888, 0x0888, 0x0888, 0xF1FB, 0xF1FB, 0xF1FB, 0xF1FB,
    0xF1FB, 0xF1FB, 0xF1FB, 0xF1FB, 0xF1FB, 0xF1FB, 0x0888, 0x0888,
    0x0888, 0x0888, 0x0888, 0x0888, 0x0888, 0x0888, 0xF000, 0xF1FB,
    0xF1FB, 0xF1FB, 0xF1FB, 0xF1FB, 0xF1FB, 0xF1FB, 0xF1FB, 0xF1FB,
    0xF000, 0x0888, 0x0888, 0x0888, 0x0888, 0x0888, 0x0888, 0xF000,
    0xF1FB, 0xF1FB, 0xF1FB, 0xF1FB, 0xF1FB, 0xF000, 0x0888, 0x0888,
    0x0888, 0x0888, 0x0888, 0x0888, 0xF1FB, 0xF1FB, 0xF1FB, 0xF1FB,
    0xF1FB, 0xF1FB, 0xF1FB, 0xF1FB, 0xF1FB, 0xF1FB, 0x0888, 0x0888,
    0x0888, 0xF1FB, 0xF1FB, 0xF1FB, 0x0888, 0x0888, 0x0888, 0xF000,
    0xF1FB, 0xF1FB, 0xF1FB, 0x0888, 0x0888, 0x0888, 0x0888, 0x0888,
    0x0888, 0x0888, 0x0888, 0x0888, 0x0888, 0x0888, 0x0888, 0x0888,
    0x0888, 0x0888, 0x0888, 0x0888, 0x0888, 0x0888, 0x0888, 0x0888,
    0x0888, 0x0888, 0x0888, 0x0888, 0x0888, 0x0888, 0x0888, 0x0888,
    0x0888, 0x0888, 0x0888, 0x0888, 0x0888, 0x0888, 0x0888, 0x0888,
    0x0888, 0x0888, 0x0888, 0x0888, 0x0888, 0x0888, 0x0888, 0x0888,
    0x0888, 0x0888, 0x0888, 0x0888, 0x0888, 0x0888, 0x0888, 0x0888,
    0x0888, 0x0888, 0x0888, 0x0888, 0x0888, 0x0888, 0x0888, 0x0888,
    0x0888, 0x0888, 0x0888, 0x0888, 0x0888, 0x0888, 0x0888, 0x0888,
    0x0888, 0x0888, 0x0888, 0x0888, 0x0888, 0x0888, 0x0888, 0x0888,
    0x0888, 0x0888, 0x0888, 0x0888, 0x0888, 0x0888, 0x0888, 0x0888,
    0x0888, 0x0888, 0x0888, 0x0888, 0x0888, 0x0888, 0x0888, 0x0888,
    0x0888, 0x0888, 0x0888, 0x0888, 0x0888, 0x0888, 0x0888, 0x0888,
    0x0888, 0x0888, 0x0888, 0x0888, 0x0888, 0x0888, 0x0888, 0x0888,
    0x0888, 0x0888, 0x0888, 0x0888, 0x0888, 0x0888, 0x0888, 0x0888,
    0x0888, 0x0888, 0x0888, 0x0888, 0x0888, 0x0888, 0x0888, 0x0888,
    0x0888, 0x0888, 0x0888, 0x0888, 0x0888, 0x0888, 0x0888, 0x0888,
    0x0888, 0x0888, 0x0888, 0x0888, 0x0888, 0xF000, 0xF000, 0xF000,
    0xF1FB, 0xF1FB, 0xF1FB, 0xF1FB, 0xF1FB, 0xF1FB, 0xF1FB, 0xF1FB,
    0x0888, 0x0888, 0x0888, 0xF1FB, 0xF1FB, 0xF1FB, 0x0888, 0x0888,
    0x0888, 0x0888, 0x0888, 0x0888, 0xF1FB, 0xF1FB, 0xF1FB, 0x0888,
    0x0888, 0x0888, 0xF1FB, 0xF1FB, 0xF1FB, 0x0888, 0x0888, 0xF000,
    0xF1FB, 0xF1FB, 0xF1FB, 0xF000, 0x0888, 0x0888, 0xF1FB, 0xF1FB,
    0xF1FB, 0x0888, 0x0888, 0x0888, 0xF1FB, 0xF1FB, 0xF1FB, 0xF1FB,
    0xF1FB, 0xF1FB, 0xF1FB, 0xF1FB, 0xF1FB, 0xF1FB, 0x0888, 0x0888,
    0x0888, 0x0888, 0x0888, 0x0888, 0x0888, 0x0888, 0xF000, 0xF000,
    0xF000, 0xF1FB, 0xF1FB, 0xF1FB, 0xF1FB, 0xF1FB, 0xF000, 0xF000,
    0xF000, 0x0888, 0x0888, 0x0888, 0x0888, 0x0888, 0x0888, 0xF000,
    0xF1FB, 0xF1FB, 0xF1FB, 0xF1FB, 0xF1FB, 0xF000, 0x0888, 0x0888,
    0x0888, 0x0888, 0x0888, 0x0888, 0xF1FB, 0xF1FB, 0xF1FB, 0xF1FB,
    0xF1FB, 0xF1FB, 0xF1FB, 0xF1FB, 0xF1FB, 0xF1FB, 0x0888, 0x0888,
    0x0888, 0xF1FB, 0xF1FB, 0xF1FB, 0x0888, 0x0888, 0x0888, 0xF000,
    0xF1FB, 0xF1FB, 0xF1FB, 0xF1FB, 0x0888, 0x0888, 0x0888, 0x0888,
    0x0888, 0x0888, 0x0888, 0x0888, 0x0888, 0x0888, 0x0888, 0x0888,
    0x0888, 0x0888, 0x0888, 0x0888, 0x0888, 0x0888, 0x0888, 0x0888,
    0x0888, 0x0888, 0x0888, 0x0888, 0x0888, 0x0888, 0x0888, 0x0888,
    0x0888, 0x0888, 0x0888, 0x0888, 0x0888, 0x0888, 0x0888, 0x0888,
    0x0888, 0x0888, 0x0888, 0x0888, 0x0888, 0x0888, 0x0888, 0x0888,
    0x0888, 0x0888, 0x0888, 0x0888, 0x0888, 0x0888, 0x0888, 0x0888,
    0x0888, 0x0888, 0x0888, 0x0888, 0x0888, 0x0888, 0x0888, 0x0888,
    0x0888, 0x0888, 0x0888, 0x0888, 0x0888, 0x0888, 0x0888, 0x0888,
    0x0888, 0x0888, 0x0888, 0x0888, 0x0888, 0x0888, 0x0888, 0x0888,
    0x0888, 0x0888, 0x0888, 0x0888, 0x0888, 0x0888, 0x0888, 0x0888,
    0x0888, 0x0888, 0x0888, 0x0888, 0x0888, 0x0888, 0x0888, 0x0888,
    0x0888, 0x0888, 0x0888, 0x0888, 0x0888, 0x0888, 0x0888, 0x0888,
    0x0888, 0x0888, 0x0888, 0x0888, 0x0888, 0x0888, 0x0888, 0x0888,
    0x0888, 0x0888, 0x0888, 0x0888, 0x0888, 0x0888, 0x0888, 0x0888,
    0x0888, 0x0888, 0x0888, 0x0888, 0x0888, 0x0888, 0x0888, 0x0888,
    0x0888, 0x0888, 0x0888, 0x0888, 0x0888, 0x0888, 0x0888, 0x0888,
    0x0888, 0x0888, 0x0888, 0x0888, 0x0888, 0x0888, 0xF000, 0xF000,
    0xF000, 0xF000, 0xF000, 0xF000, 0xF000, 0xF000, 0xF000, 0xF000,
    0x0888, 0x0888, 0x0888, 0xF000, 0xF000, 0xF000, 0x0888, 0x0888,
    0x0888, 0x0888, 0x0888, 0x0888, 0xF000, 0xF000, 0xF000, 0x0888,
    0x0888, 0x0888, 0xF000, 0xF000, 0xF000, 0x0888, 0x0888, 0x0888,
    0xF000, 0xF000, 0xF000, 0x0888, 0x0888, 0x0888, 0xF000, 0xF000,
    0xF000, 0x0888, 0x0888, 0x0888, 0xF000, 0xF000, 0xF000, 0xF000,
    0xF000, 0xF000, 0xF000, 0xF000, 0xF000, 0xF000, 0x0888, 0x0888,
    0x0888, 0x0888, 0x0888, 0x0888, 0x0888, 0x0888, 0x0888, 0xF000,
    0xF000, 0xF000, 0xF000, 0xF000, 0xF000, 0xF000, 0xF000, 0xF000,
    0x0888, 0x0888, 0x0888, 0x0888, 0x0888, 0x0888, 0x0888, 0x0888,
    0xF000, 0xF000, 0xF000, 0xF000, 0xF000, 0x0888, 0x0888, 0x0888,
    0x0888, 0x0888, 0x0888, 0x0888, 0xF000, 0xF000, 0xF000, 0xF000,
    0xF000, 0xF000, 0xF000, 0xF000, 0xF000, 0xF000, 0x0888, 0x0888,
    0x0888, 0xF000, 0xF000, 0xF000, 0x0888, 0x0888, 0x0888, 0x0888,
    0xF000, 0xF000, 0xF000, 0xF000, 0x0888, 0x0888, 0x0888, 0x0888,
    0x0888, 0x0888, 0x0888, 0x0888, 0x0888, 0x0888, 0x0888, 0x0888,
    0x0888, 0x0888, 0x0888, 0x0888, 0x0888, 0x0888, 0x0888, 0x0888,
    0x0888, 0x0888, 0x0888, 0x0888, 0x0888, 0x0888, 0x0888, 0x0888,
    0x0888, 0x0888, 0x0888, 0x0888, 0x0888, 0x0888, 0x0888, 0x0888,
    0x0888, 0x0888, 0x0888, 0x0888, 0x0888, 0x0888, 0x0888, 0x0888,
    0x0888, 0x0888, 0x0888, 0x0888, 0x0888, 0x0888, 0x0888, 0x0888,
    0x0888, 0x0888, 0x0888, 0x0888, 0x0888, 0x0888, 0x0888, 0x0888,
    0x0888, 0x0888, 0x0888, 0x0888, 0x0888, 0x0888, 0x0888, 0x0888,
    0x0888, 0x0888, 0x0888, 0x0888, 0x0888, 0x0888, 0x0888, 0x0888,
    0x0888, 0x0888, 0x0888, 0x0888, 0x0888, 0x0888, 0x0888, 0x0888,
    0x0888, 0x0888, 0x0888, 0x0888, 0x0888, 0x0888, 0x0888, 0x0888,
    0x0888, 0x0888, 0x0888, 0x0888, 0x0888, 0x0888, 0x0888, 0x0888,
    0x0888, 0x0888, 0x0888, 0x0888, 0x0888, 0x0888, 0x0888, 0x0888,
    0x0888, 0x0888, 0x0888, 0x0888, 0x0888, 0x0888, 0x0888, 0x0888,
    0x0888, 0x0888, 0x0888, 0x0888, 0x0888, 0x0888, 0x0888, 0x0888,
    0x0888, 0x0888, 0x0888, 0x0888, 0x0888, 0x0888, 0x0888, 0x0888,
    0x0888, 0x0888, 0x0888, 0x0888, 0x0888, 0x0888, 0x0888, 0x0888,
    0xF000, 0xF000, 0xF000, 0xF000, 0xF000, 0xF000, 0xF000, 0xF000,
    0x0888, 0x0888, 0x0888, 0xF000, 0xF000, 0xF000, 0x0888, 0x0888,
    0x0888, 0x0888, 0x0888, 0x0888, 0xF000, 0xF000, 0xF000, 0x0888,
    0x0888, 0x0888, 0xF000, 0xF000, 0xF000, 0x0888, 0x0888, 0x0888,
    0xF000, 0xF000, 0xF000, 0x0888, 0x0888, 0x0888, 0xF000, 0xF000,
    0xF000, 0x0888, 0x0888, 0x0888, 0xF000, 0xF000, 0xF000, 0xF000,
    0xF000, 0xF000, 0xF000, 0xF000, 0xF000, 0xF000, 0x0888, 0x0888,
    0x0888, 0x0888, 0x0888, 0x0888, 0x0888, 0x0888, 0x0888, 0x0888,
    0x0888, 0xF000, 0xF000, 0xF000, 0xF000, 0xF000, 0x0888, 0x0888,
    0x0888, 0x0888, 0x0888, 0x0888, 0x0888, 0x0888, 0x0888, 0x0888,
    0xF000, 0xF000, 0xF000, 0xF000, 0xF000, 0x0888, 0x0888, 0x0888,
    0x0888, 0x0888, 0x0888, 0x0888, 0xF000, 0xF000, 0xF000, 0xF000,
    0xF000, 0xF000, 0xF000, 0xF000, 0xF000, 0xF000, 0x0888, 0x0888,
    0x0888, 0xF000, 0xF000, 0xF000, 0x0888, 0x0888, 0x0888, 0x0888,
    0xF000, 0xF000, 0xF000, 0xF000, 0x0888, 0x0888, 0x0888, 0x0888,
    0x0888, 0x0888, 0x0888, 0x0888, 0x0888, 0x0888, 0x0888, 0x0888,
    0x0888, 0x0888, 0x0888, 0x0888, 0x0888, 0x0888, 0x0888, 0x0888,
    0x0888, 0x0888, 0x0888, 0x0888, 0x0888, 0x0888, 0x0888, 0x0888,
    0x0888, 0x0888, 0x0888, 0x0888, 0x0888, 0x0888, 0x0888, 0x0888,
    0x0888, 0x0888, 0x0888, 0x0888, 0x0888, 0x0888, 0x0888, 0x0888,
    0x0888, 0x0888, 0x0888, 0x0888, 0x0888, 0x0888, 0x0888, 0x0888,
    0x0888, 0x0888, 0x0888, 0x0888, 0x0888, 0x0888, 0x0888, 0x0888,
    0x0888, 0x0888, 0x0888, 0x0888, 0x0888, 0x0888, 0x0888, 0x0888,
    0x0888, 0x0888, 0x0888, 0x0888, 0x0888, 0x0888, 0x0888, 0x0888,
    0x0888, 0x0888, 0x0888, 0x0888, 0x0888, 0x0888, 0x0888, 0x0888,
    0x0888, 0x0888, 0x0888, 0x0888, 0x0888, 0x0888, 0x0888, 0x0888,
    0x0888, 0x0888, 0x0888, 0x0888, 0x0888, 0x0888, 0x0888, 0x0888,
    0x0888, 0x0888, 0x0888, 0x0888, 0x0888, 0x0888, 0x0888, 0x0888,
    0x0888, 0x0888, 0x0888, 0x0888, 0x0888, 0x0888, 0x0888, 0x0888,
    0x0888, 0x0888, 0x0888, 0x0888, 0x0888, 0x0888, 0x0888, 0x0888,
    0x0888, 0x0888, 0x0888, 0x0888, 0x0888, 0x0888, 0x0888, 0x0888,
    0x0888, 0x0888, 0x0888, 0x0888, 0x0888, 0x0888, 0x0888, 0x0888,
    0x0888, 0x0888, 0x0888, 0x0888, 0x0888, 0x0888, 0x0888, 0x0888,
    0x0888, 0x0888, 0x0888, 0x0888, 0x0888, 0x0888, 0x0888, 0x0888,
    0x0888, 0x0888, 0x0888, 0x0888, 0x0888, 0x0888, 0x0888, 0x0888,
    0x0888, 0x0888, 0x0888, 0x0888, 0x0888, 0x0888, 0x0888, 0x0888,
    0x0888, 0x0888, 0x0888, 0x0888, 0x0888, 0x0888, 0x0888, 0x0888,
    0x0888, 0x0888, 0x0888, 0x0888, 0x0888, 0x0888, 0x0888, 0x0888,
    0x0888, 0x0888, 0x0888, 0x0888, 0x0888, 0x0888, 0x0888, 0x0888,
    0x0888, 0x0888, 0x0888, 0x0888, 0x0888, 0x0888, 0x0888, 0x0888,
    0x0888, 0x0888, 0x0888, 0x0888, 0x0888, 0x0888, 0x0888, 0x0888,
    0x0888, 0x0888, 0x0888, 0x0888, 0x0888, 0x0888, 0x0888, 0x0888,
    0x0888, 0x0888, 0x0888, 0x0888, 0x0888, 0x0888, 0x0888, 0x0888,
    0x0888, 0x0888, 0x0888, 0x0888, 0x0888, 0x0888, 0x0888, 0x0888,
    0x0888, 0x0888, 0x0888, 0x0888, 0x0888, 0x0888, 0x0888, 0x0888,
    0x0888, 0x0888, 0x0888, 0x0888, 0x0888, 0x0888, 0x0888, 0x0888,
    0x0888, 0x0888, 0x0888, 0x0888, 0x0888, 0x0888, 0x0888, 0x0888,
    0x0888, 0x0888, 0x0888, 0x0888, 0x0888, 0x0888, 0x0888, 0x0888,
    0x0888, 0x0888, 0x0888, 0x0888, 0x0888, 0x0888, 0x0888, 0x0888,
    0x0888, 0x0888, 0x0888, 0x0888, 0x0888, 0x0888, 0x0888, 0x0888,
    0x0888, 0x0888, 0x0888, 0x0888, 0x0888, 0x0888, 0x0888, 0x0888,
    0x0888, 0x0888, 0x0888, 0x0888, 0x0888, 0x0888, 0x0888, 0x0888,
    0x0888, 0x0888, 0x0888, 0x0888, 0x0888, 0x0888, 0x0888, 0x0888,
    0x0888, 0x0888, 0x0888, 0x0888, 0x0888, 0x0888, 0x0888, 0x0888,
    0x0888, 0x0888, 0x0888, 0x0888, 0x0888, 0x0888, 0x0888, 0x0888,
    0x0888, 0x0888, 0x0888, 0x0888, 0x0888, 0x0888, 0x0888, 0x0888,
    0x0888, 0x0888, 0x0888, 0x0888, 0x0888, 0x0888, 0x0888, 0x0888,
    0x0888, 0x0888, 0x0888, 0x0888, 0x0888, 0x0888, 0x0888, 0x0888,
    0x0888, 0x0888, 0x0888, 0x0888, 0x0888, 0x0888, 0x0888, 0x0888,
    0x0888, 0x0888, 0x0888, 0x0888, 0x0888, 0x0888, 0x0888, 0x0888,
    0x0888, 0x0888, 0x0888, 0x0888, 0x0888, 0x0888, 0x0888, 0x0888,
    0x0888, 0x0888, 0x0888, 0x0888, 0x0888, 0x0888, 0x0888, 0x0888,
    0x0888, 0x0888, 0x0888, 0x0888, 0x0888, 0x0888, 0x0888, 0x0888,
    0x0888, 0x0888, 0x0888, 0x0888, 0x0888, 0x0888, 0x0888, 0x0888,
    0x0888, 0x0888, 0x0888, 0x0888, 0x0888, 0x0888, 0x0888, 0x0888,
    0x0888, 0x0888, 0x0888, 0x0888, 0x0888, 0x0888, 0x0888, 0x0888,
    0x0888, 0x0888, 0x0888, 0x0888, 0x0888, 0x0888, 0x0888, 0x0888,
    0x0888, 0x0888, 0x0888, 0x0888, 0x0888, 0x0888, 0x0888, 0x0888,
    0x0888, 0x0888, 0x0888, 0x0888, 0x0888, 0x0888, 0x0888, 0x0888,
    0x0888, 0x0888, 0x0888, 0x0888, 0x0888, 0x0888, 0x0888, 0x0888,
    0x0888, 0x0888, 0x0888, 0x0888, 0x0888, 0x0888, 0x0888, 0x0888,
    0x0888, 0x0888, 0x0888, 0x0888, 0x0888, 0x0888, 0x0888, 0x0888,
    0x0888, 0x0888, 0x0888, 0x0888, 0x0888, 0x0888, 0x0888, 0x0888,
    0x0888, 0x0888, 0x0888, 0x0888, 0x0888, 0x0888, 0x0888, 0x0888,
    0x0888, 0x0888, 0x0888, 0x0888, 0x0888, 0x0888, 0x0888, 0x0888,
    0x0888, 0x0888, 0x0888, 0x0888, 0x0888, 0x0888, 0x0888, 0x0888,
    0x0888, 0x0888, 0x0888, 0x0888, 0x0888, 0x0888, 0x0888, 0x0888,
    0x0888, 0x0888, 0x0888, 0x0888, 0x0888, 0x0888, 0x0888, 0x0888,
    0x0888, 0x0888, 0x0888, 0x0888, 0x0888, 0x0888, 0x0888, 0x0888,
    0x0888, 0x0888, 0x0888, 0x0888, 0x0888, 0x0888, 0x0888, 0x0888,
    0x0888, 0x0888, 0x0888, 0x0888, 0x0888, 0x0888, 0x0888, 0x0888,
    0x0888, 0x0888, 0x0888, 0x0888, 0x0888, 0x0888, 0x0888, 0x0888,
    0x0888, 0x0888, 0x0888, 0x0888, 0x0888, 0x0888, 0x0888, 0x0888,
    0x0888, 0x0888, 0x0888, 0x0888, 0x0888, 0x0888, 0x0888, 0x0888,
    0x0888, 0x0888, 0x0888, 0x0888, 0x0888, 0x0888, 0x0888, 0x0888,
    0x0888, 0x0888, 0x0888, 0x0888, 0x0888, 0x0888, 0x0888, 0x0888,
    0x0888, 0x0888, 0x0888, 0x0888, 0x0888, 0x0888, 0x0888, 0x0888,
    0x0888, 0x0888, 0x0888, 0x0888, 0x0888, 0x0888, 0x0888, 0x0888,
    0x0888, 0x0888, 0x0888, 0x0888, 0x0888, 0x0888, 0x0888, 0x0888,
    0x0888, 0x0888, 0x0888, 0x0888, 0x0888, 0x0888, 0x0888, 0x0888,
    0x0888, 0x0888, 0x0888, 0x0888, 0x0888, 0x0888, 0x0888, 0x0888,
    0x0888, 0x0888, 0x0888, 0x0888, 0x0888, 0x0888, 0x0888, 0x0888,
    0x0888, 0x0888, 0x0888, 0x0888, 0x0888, 0x0888, 0x0888, 0x0888,
    0x0888, 0x0888, 0x0888, 0x0888, 0x0888, 0x0888, 0x0888, 0x0888,
    0x0888, 0x0888, 0x0888, 0x0888, 0x0888, 0x0888, 0x0888, 0x0888,
    0x0888, 0x0888, 0x0888, 0x0888, 0x0888, 0x0888, 0x0888, 0x0888,
    0x0888, 0x0888, 0x0888, 0x0888, 0x0888, 0x0888, 0x0888, 0x0888,
    0x0888, 0x0888, 0x0888, 0x0888, 0x0888, 0x0888, 0x0888, 0x0888,
    0x0888, 0x0888, 0x0888, 0x0888, 0x0888, 0x0888, 0x0888, 0x0888,
    0x0888, 0x0888, 0x0888, 0x0888, 0x0888, 0x0888, 0x0888, 0x0888,
    0x0888, 0x0888, 0x0888, 0x0888, 0x0888, 0x0888, 0x0888, 0x0888,
    0x0888, 0x0888, 0x0888, 0x0888, 0x0888, 0x0888, 0x0888, 0x0888,
    0x0888, 0x0888, 0x0888, 0x0888, 0x0888, 0x0888, 0x0888, 0x0888,
    0x0888, 0x0888, 0x0888, 0x0888, 0x0888, 0x0888, 0x0888, 0x0888,
    0x0888, 0x0888, 0x0888, 0x0888, 0x0888, 0x0888, 0x0888, 0x0888,
    0x0888, 0x0888, 0x0888, 0x0888, 0x0888, 0x0888, 0x0888, 0x0888,
    0x0888, 0x0888, 0x0888, 0x0888, 0x0888, 0x0888, 0x0888, 0x0888,
    0x0888, 0x0888, 0x0888, 0x0888, 0x0888, 0x0888, 0x0888, 0x0888,
    0x0888, 0x0888, 0x0888, 0x0888, 0x0888, 0x0888, 0x0888, 0x0888,
    0x0888, 0x0888, 0x0888, 0x0888, 0x0888, 0x0888, 0x0888, 0x0888,
    0x0888, 0x0888, 0x0888, 0x0888, 0x0888, 0x0888, 0x0888, 0x0888,
    0x0888, 0x0888, 0x0888, 0x0888, 0x0888, 0x0888, 0x0888, 0x0888,
    0x0888, 0x0888, 0x0888, 0x0888, 0x0888, 0x0888, 0x0888, 0x0888,
    0x0888, 0x0888, 0x0888, 0x0888, 0x0888, 0x0888, 0x0888, 0x0888,
    0x0888, 0x0888, 0x0888, 0x0888, 0x0888, 0x0888, 0x0888, 0x0888,
    0x0888, 0x0888, 0x0888, 0x0888, 0x0888, 0x0888, 0x0888, 0x0888,
    0x0888, 0x0888, 0x0888, 0x0888, 0x0888, 0x0888, 0x0888, 0x0888,
    0x0888, 0x0888, 0x0888, 0x0888, 0x0888, 0x0888, 0x0888, 0x0888,
    0x0888, 0x0888, 0x0888, 0x0888, 0x0888, 0x0888, 0x0888, 0x0888,
    0x0888, 0x0888, 0x0888, 0x0888, 0x0888, 0x0888, 0x0888, 0x0888,
    0x0888, 0x0888, 0x0888, 0x0888, 0x0888, 0x0888, 0x0888, 0x0888,
    0x0888, 0x0888, 0x0888, 0x0888, 0x0888, 0x0888, 0x0888, 0x0888,
    0x0888, 0x0888, 0x0888, 0x0888, 0x0888, 0x0888, 0x0888, 0x0888,
    0x0888, 0x0888, 0x0888, 0x0888, 0x0888, 0x0888, 0x0888, 0x0888,
    0x0888, 0x0888, 0x0888, 0x0888, 0x0888, 0x0888, 0x0888, 0x0888,
    0x0888, 0x0888, 0x0888, 0x0888, 0x0888, 0x0888, 0x0888, 0x0888,
    0x0888, 0x0888, 0x0888, 0x0888, 0x0888, 0x0888, 0x0888, 0x0888,
    0x0888, 0x0888, 0x0888, 0x0888, 0x0888, 0x0888, 0x0888, 0x0888,
    0x0888, 0x0888, 0x0888, 0x0888, 0x0888, 0x0888, 0x0888, 0x0888,
    0x0888, 0x0888, 0x0888, 0x0888, 0x0888, 0x0888, 0x0888, 0x0888,
    0x0888, 0x0888, 0x0888, 0x0888, 0x0888, 0x0888, 0x0888, 0x0888,
    0x0888, 0x0888, 0x0888, 0x0888, 0x0888, 0x0888, 0x0888, 0x0888,
    0x0888, 0x0888, 0x0888, 0x0888, 0x0888, 0x0888, 0x0888, 0x0888,
    0x0888, 0x0888, 0x0888, 0x0888, 0x0888, 0x0888, 0x0888, 0x0888,
    0x0888, 0x0888, 0x0888, 0x0888, 0x0888, 0x0888, 0x0888, 0x0888,
    0x0888, 0x0888, 0x0888, 0x0888, 0x0888, 0x0888, 0x0888, 0x0888,
    0x0888, 0x0888, 0x0888, 0x0888, 0x0888, 0x0888, 0x0888, 0x0888,
    0x0888, 0x0888, 0x0888, 0x0888, 0x0888, 0x0888, 0x0888, 0x0888,
    0x0888, 0x0888, 0x0888, 0x0888, 0x0888, 0x0888, 0x0888, 0x0888,
    0x0888, 0x0888, 0x0888, 0x0888, 0x0888, 0x0888, 0x0888, 0x0888,
    0x0888, 0x0888, 0x0888, 0x0888, 0x0888, 0x0888, 0x0888, 0x0888,
    0x0888, 0x0888, 0x0888, 0x0888, 0x0888, 0x0888, 0x0888, 0x0888,
    0x0888, 0x0888, 0x0888, 0x0888, 0x0888, 0x0888, 0x0888, 0x0888,
    0x0888, 0x0888, 0x0888, 0x0888, 0x0888, 0x0888, 0x0888, 0x0888,
    0x0888, 0x0888, 0x0888, 0x0888, 0x0888, 0x0888, 0x0888, 0x0888,
    0x0888, 0x0888, 0x0888, 0x0888, 0x0888, 0x0888, 0x0888, 0x0888,
    0x0888, 0x0888, 0x0888, 0x0888, 0x0888, 0x0888, 0x0888, 0x0888,
    0x0888, 0x0888, 0x0888, 0x0888, 0x0888, 0x0888, 0x0888, 0x0888,
    0x0888, 0x0888, 0x0888, 0x0888, 0x0888, 0x0888, 0x0888, 0x0888,
    0x0888, 0x0888, 0x0888, 0x0888, 0x0888, 0x0888, 0x0888, 0x0888,
    0x0888, 0x0888, 0x0888, 0x0888, 0x0888, 0x0888, 0x0888, 0x0888,
    0x0888, 0x0888, 0x0888, 0x0888, 0x0888, 0x0888, 0x0888, 0x0888,
    0x0888, 0x0888, 0x0888, 0x0888, 0x0888, 0x0888, 0x0888, 0x0888,
    0x0888, 0x0888, 0x0888, 0x0888, 0x0888, 0x0888, 0x0888, 0x0888,
    0x0888, 0x0888, 0x0888, 0x0888, 0x0888, 0x0888, 0x0888, 0x0888,
    0x0888, 0x0888, 0x0888, 0x0888, 0x0888, 0x0888, 0x0888, 0x0888,
    0x0888, 0x0888, 0x0888, 0x0888, 0x0888, 0x0888, 0x0888, 0x0888,
    0x0888, 0x0888, 0x0888, 0x0888, 0x0888, 0x0888, 0x0888, 0x0888,
    0x0888, 0x0888, 0x0888, 0x0888, 0x0888, 0x0888, 0x0888, 0x0888,
    0x0888, 0x0888, 0x0888, 0x0888, 0x0888, 0x0888, 0x0888, 0x0888,
    0x0888, 0x0888, 0x0888, 0x0888, 0x0888, 0x0888, 0x0888, 0x0888,
    0x0888, 0x0888, 0x0888, 0x0888, 0x0888, 0x0888, 0x0888, 0x0888,
    0x0888, 0x0888, 0x0888, 0x0888, 0x0888, 0x0888, 0x0888, 0x0888,
    0x0888, 0x0888, 0x0888, 0x0888, 0x0888, 0x0888, 0x0888, 0x0888,
    0x0888, 0x0888, 0x0888, 0x0888, 0x0888, 0x0888, 0x0888, 0x0888,
    0x0888, 0x0888, 0x0888, 0x0888, 0x0888, 0x0888, 0x0888, 0x0888,
    0x0888, 0x0888, 0x0888, 0x0888, 0x0888, 0x0888, 0x0888, 0x0888,
    0x0888, 0x0888, 0x0888, 0x0888, 0x0888, 0x0888, 0x0888, 0x0888,
    0x0888, 0x0888, 0x0888, 0x0888, 0x0888, 0x0888, 0x0888, 0x0888,
    0x0888, 0x0888, 0x0888, 0x0888, 0x0888, 0x0888, 0x0888, 0x0888,
    0x0888, 0x0888, 0x0888, 0x0888, 0x0888, 0x0888, 0x0888, 0x0888,
    0x0888, 0x0888, 0x0888, 0x0888, 0x0888, 0x0888, 0x0888, 0x0888,
    0x0888, 0x0888, 0x0888, 0x0888, 0x0888, 0x0888, 0x0888, 0x0888,
    0x0888, 0x0888, 0x0888, 0x0888, 0x0888, 0x0888, 0x0888, 0x0888,
    0x0888, 0x0888, 0x0888, 0x0888, 0x0888, 0x0888, 0x0888, 0x0888,
    0x0888, 0x0888, 0x0888, 0x0888, 0x0888, 0x0888, 0x0888, 0x0888,
    0x0888, 0x0888, 0x0888, 0x0888, 0x0888, 0x0888, 0x0888, 0x0888,
    0x0888, 0x0888, 0x0888, 0x0888, 0x0888, 0x0888, 0x0888, 0x0888,
    0x0888, 0x0888, 0x0888, 0x0888, 0x0888, 0x0888, 0x0888, 0x0888,
    0x0888, 0x0888, 0x0888, 0x0888, 0x0888, 0x0888, 0x0888, 0x0888,
    0x0888, 0x0888, 0x0888, 0x0888, 0x0888, 0x0888, 0x0888, 0x0888,
    0x0888, 0x0888, 0x0888, 0x0888, 0x0888, 0x0888, 0x0888, 0x0888,
    0x0888, 0x0888, 0x0888, 0x0888, 0x0888, 0x0888, 0x0888, 0x0888,
    0x0888, 0x0888, 0x0888, 0x0888, 0x0888, 0x0888, 0x0888, 0x0888,
    0x0888, 0x0888, 0x0888, 0x0888, 0x0888, 0x0888, 0x0888, 0x0888,
    0x0888, 0x0888, 0x0888, 0x0888, 0x0888, 0x0888, 0x0888, 0x0888,
    0x0888, 0x0888, 0x0888, 0x0888, 0x0888, 0x0888, 0x0888, 0x0888,
    0x0888, 0x0888, 0x0888, 0x0888, 0x0888, 0x0888, 0x0888, 0x0888,
    0x0888, 0x0888, 0x0888, 0x0888, 0x0888, 0x0888, 0x0888, 0x0888,
    0x0888, 0x0888, 0x0888, 0x0888, 0x0888, 0x0888, 0x0888, 0x0888,
    0x0888, 0x0888, 0x0888, 0x0888, 0x0888, 0x0888, 0x0888, 0x0888,
    0x0888, 0x0888, 0x0888, 0x0888, 0x0888, 0x0888, 0x0888, 0x0888,
    0x0888, 0x0888, 0x0888, 0x0888, 0x0888, 0x0888, 0x0888, 0x0888,
    0x0888, 0x0888, 0x0888, 0x0888, 0x0888, 0x0888, 0x0888, 0x0888,
    0x0888, 0x0888, 0x0888, 0x0888, 0x0888, 0x0888, 0x0888, 0x0888,
    0x0888, 0x0888, 0x0888, 0x0888, 0x0888, 0x0888, 0x0888, 0x0888,
    0x0888, 0x0888, 0x0888, 0x0888, 0x0888, 0x0888, 0x0888, 0x0888,
    0x0888, 0x0888, 0x0888, 0x0888, 0x0888, 0x0888, 0x0888, 0x0888,
    0x0888, 0x0888, 0x0888, 0x0888, 0x0888, 0x0888, 0x0888, 0x0888,
    0x0888, 0x0888, 0x0888, 0x0888, 0x0888, 0x0888, 0x0888, 0x0888,
    0x0888, 0x0888, 0x0888, 0x0888, 0x0888, 0x0888, 0x0888, 0x0888,
    0x0888, 0x0888, 0x0888, 0x0888, 0x0888, 0x0888, 0x0888, 0x0888,
    0x0888, 0x0888, 0x0888, 0x0888, 0x0888, 0x0888, 0x0888, 0x0888,
    0x0888, 0x0888, 0x0888, 0x0888, 0x0888, 0x0888, 0x0888, 0x0888,
    0x0888, 0x0888, 0x0888, 0x0888, 0x0888, 0x0888, 0x0888, 0x0888,
    0x0888, 0x0888, 0x0888, 0x0888, 0x0888, 0x0888, 0x0888, 0x0888,
    0x0888, 0x0888, 0x0888, 0x0888, 0x0888, 0x0888, 0x0888, 0x0888,
    0x0888, 0x0888, 0x0888, 0x0888, 0x0888, 0x0888, 0x0888, 0x0888,
    0x0888, 0x0888, 0x0888, 0x0888, 0x0888, 0x0888, 0x0888, 0x0888,
    0x0888, 0x0888, 0x0888, 0x0888, 0x0888, 0x0888, 0x0888, 0x0888,
    0x0888, 0x0888, 0x0888, 0x0888, 0x0888, 0x0888, 0x0888, 0x0888,
    0x0888, 0x0888, 0x0888, 0x0888, 0x0888, 0x0888, 0x0888, 0x0888,
    0x0888, 0x0888, 0x0888, 0x0888, 0x0888, 0x0888, 0x0888, 0x0888,
    0x0888, 0x0888, 0x0888, 0x0888, 0x0888, 0x0888, 0x0888, 0x0888,
    0x0888, 0x0888, 0x0888, 0x0888, 0x0888, 0x0888, 0x0888, 0x0888,
    0x0888, 0x0888, 0x0888, 0x0888, 0x0888, 0x0888, 0x0888, 0x0888,
    0x0888, 0x0888, 0x0888, 0x0888, 0x0888, 0x0888, 0x0888, 0x0888,
    0x0888, 0x0888, 0x0888, 0x0888, 0x0888, 0x0888, 0x0888, 0x0888,
    0x0888, 0x0888, 0x0888, 0x0888, 0x0888, 0x0888, 0x0888, 0x0888,
    0x0888, 0x0888, 0x0888, 0x0888, 0x0888, 0x0888, 0x0888, 0x0888,
    0x0888, 0x0888, 0x0888, 0x0888, 0x0888, 0x0888, 0x0888, 0x0888,
    0x0888, 0x0888, 0x0888, 0x0888, 0x0888, 0x0888, 0x0888, 0x0888,
    0x0888, 0x0888, 0x0888, 0x0888, 0x0888, 0x0888, 0x0888, 0x0888,
    0x0888, 0x0888, 0x0888, 0x0888, 0x0888, 0x0888, 0x0888, 0x0888,
    0x0888, 0x0888, 0x0888, 0x0888, 0x0888, 0x0888, 0x0888, 0x0888,
    0x0888, 0x0888, 0x0888, 0x0888, 0x0888, 0x0888, 0x0888, 0x0888,
    0x0888, 0x0888, 0x0888, 0x0888, 0x0888, 0x0888, 0x0888, 0x0888,
    0x0888, 0x0888, 0x0888, 0x0888, 0x0888, 0x0888, 0x0888, 0x0888,
    0x0888, 0x0888, 0x0888, 0x0888, 0x0888, 0x0888, 0x0888, 0x0888,
    0x0888, 0x0888, 0x0888, 0x0888, 0x0888, 0x0888, 0x0888, 0x0888,
    0x0888, 0x0888, 0x0888, 0x0888, 0x0888, 0x0888, 0x0888, 0x0888,
    0x0888, 0x0888, 0x0888, 0x0888, 0x0888, 0x0888, 0x0888, 0x0888,
    0x0888, 0x0888, 0x0888, 0x0888, 0x0888, 0x0888, 0x0888, 0x0888,
    0x0888, 0x0888, 0x0888, 0x0888, 0x0888, 0x0888, 0x0888, 0x0888,
    0x0888, 0x0888, 0x0888, 0x0888, 0x0888, 0x0888, 0x0888, 0x0888,
    0x0888, 0x0888, 0x0888, 0x0888, 0x0888, 0x0888, 0x0888, 0x0888,
    0x0888, 0x0888, 0x0888, 0x0888, 0x0888, 0x0888, 0x0888, 0x0888,
    0x0888, 0x0888, 0x0888, 0x0888, 0x0888, 0x0888, 0x0888, 0x0888,
    0x0888, 0x0888, 0x0888, 0x0888, 0x0888, 0x0888, 0x0888, 0x0888,
    0x0888, 0x0888, 0x0888, 0x0888, 0x0888, 0x0888, 0x0888, 0x0888,
    0x0888, 0x0888, 0x0888, 0x0888, 0x0888, 0x0888, 0x0888, 0x0888,
    0x0888, 0x0888, 0x0888, 0x0888, 0x0888, 0x0888, 0x0888, 0x0888,
    0x0888, 0x0888, 0x0888, 0x0888, 0x0888, 0x0888, 0x0888, 0x0888,
    0x0888, 0x0888, 0x0888, 0x0888, 0x0888, 0x0888, 0x0888, 0x0888,
    0x0888, 0x0888, 0x0888, 0x0888, 0x0888, 0x0888, 0x0888, 0x0888,
    0x0888, 0x0888, 0x0888, 0x0888, 0x0888, 0x0888, 0x0888, 0x0888,
    0x0888, 0x0888, 0x0888, 0x0888, 0x0888, 0x0888, 0x0888, 0x0888,
    0x0888, 0x0888, 0x0888, 0x0888, 0x0888, 0x0888, 0x0888, 0x0888,
    0x0888, 0x0888, 0x0888, 0x0888, 0x0888, 0x0888, 0x0888, 0x0888,
    0x0888, 0x0888, 0x0888, 0x0888, 0x0888, 0x0888, 0x0888, 0x0888,
    0x0888, 0x0888, 0x0888, 0x0888, 0x0888, 0x0888, 0x0888, 0x0888,
    0x0888, 0x0888, 0x0888, 0x0888, 0x0888, 0x0888, 0x0888, 0x0888,
    0x0888, 0x0888, 0x0888, 0x0888, 0x0888, 0x0888, 0x0888, 0x0888,
    0x0888, 0x0888, 0x0888, 0x0888, 0x0888, 0x0888, 0x0888, 0x0888,
    0x0888, 0x0888, 0x0888, 0x0888, 0x0888, 0x0888, 0x0888, 0x0888,
    0x0888, 0x0888, 0x0888, 0x0888, 0x0888, 0x0888, 0x0888, 0x0888,
    0x0888, 0x0888, 0x0888, 0x0888, 0x0888, 0x0888, 0x0888, 0x0888,
    0x0888, 0x0888, 0x0888, 0x0888, 0x0888, 0x0888, 0x0888, 0x0888,
    0x0888, 0x0888, 0x0888, 0x0888, 0x0888, 0x0888, 0x0888, 0x0888,
    0x0888, 0x0888, 0x0888, 0x0888, 0x0888, 0x0888, 0x0888, 0x0888,
    0x0888, 0x0888, 0x0888, 0x0888, 0x0888, 0x0888, 0x0888, 0x0888,
    0x0888, 0x0888, 0x0888, 0x0888, 0x0888, 0x0888, 0x0888, 0x0888,
    0x0888, 0x0888, 0x0888, 0x0888, 0x0888, 0x0888, 0x0888, 0x0888,
    0x0888, 0x0888, 0x0888, 0x0888, 0x0888, 0x0888, 0x0888, 0x0888,
    0x0888, 0x0888, 0x0888, 0x0888, 0x0888, 0x0888, 0x0888, 0x0888,
    0x0888, 0x0888, 0x0888, 0x0888, 0x0888, 0x0888, 0x0888, 0x0888,
    0x0888, 0x0888, 0x0888, 0x0888, 0x0888, 0x0888, 0x0888, 0x0888,
    0x0888, 0x0888, 0x0888, 0x0888, 0x0888, 0x0888, 0x0888, 0x0888,
    0x0888, 0x0888, 0x0888, 0x0888, 0x0888, 0x0888, 0x0888, 0x0888,
    0x0888, 0x0888, 0x0888, 0x0888, 0x0888, 0x0888, 0x0888, 0x0888,
    0x0888, 0x0888, 0x0888, 0x0888, 0x0888, 0x0888, 0x0888, 0x0888,
    0x0888, 0x0888, 0x0888, 0x0888, 0x0888, 0x0888, 0x0888, 0x0888,
    0x0888, 0x0888, 0x0888, 0x0888, 0x0888, 0x0888, 0x0888, 0x0888,
    0x0888, 0x0888, 0x0888, 0x0888, 0x0888, 0x0888, 0x0888, 0x0888,
    0x0888, 0x0888, 0x0888, 0x0888, 0x0888, 0x0888, 0x0888, 0x0888,
    0x0888, 0x0888, 0x0888, 0x0888, 0x0888, 0x0888, 0x0888, 0x0888,
    0x0888, 0x0888, 0x0888, 0x0888, 0x0888, 0x0888, 0x0888, 0x0888,
    0x0888, 0x0888, 0x0888, 0x0888, 0x0888, 0x0888, 0x0888, 0x0888,
    0x0888, 0x0888, 0x0888, 0x0888, 0x0888, 0x0888, 0x0888, 0x0888,
    0x0888, 0x0888, 0x0888, 0x0888, 0x0888, 0x0888, 0x0888, 0x0888,
    0x0888, 0x0888, 0x0888, 0x0888, 0x0888, 0x0888, 0x0888, 0x0888,
    0x0888, 0x0888, 0x0888, 0x0888, 0x0888, 0x0888, 0x0888, 0x0888,
    0x0888, 0x0888, 0x0888, 0x0888, 0x0888, 0x0888, 0x0888, 0x0888,
    0x0888, 0x0888, 0x0888, 0x0888, 0x0888, 0x0888, 0x0888, 0x0888,
    0x0888, 0x0888, 0x0888, 0x0888, 0x0888, 0x0888, 0x0888, 0x0888,
    0x0888, 0x0888, 0x0888, 0x0888, 0x0888, 0x0888, 0x0888, 0x0888,
    0x0888, 0x0888, 0x0888, 0x0888, 0x0888, 0x0888, 0x0888, 0x0888,
    0x0888, 0x0888, 0x0888, 0x0888, 0x0888, 0x0888, 0x0888, 0x0888,
    0x0888, 0x0888, 0x0888, 0x0888, 0x0888, 0x0888, 0x0888, 0x0888,
    0x0888, 0x0888, 0x0888, 0x0888, 0x0888, 0x0888, 0x0888, 0x0888,
    0x0888, 0x0888, 0x0888, 0x0888, 0x0888, 0x0888, 0x0888, 0x0888,
    0x0888, 0x0888, 0x0888, 0x0888, 0x0888, 0x0888, 0x0888, 0x0888,
    0x0888, 0x0888, 0x0888, 0x0888, 0x0888, 0x0888, 0x0888, 0x0888,
    0x0888, 0x0888, 0x0888, 0x0888, 0x0888, 0x0888, 0x0888, 0x0888,
    0x0888, 0x0888, 0x0888, 0x0888, 0x0888, 0x0888, 0x0888, 0x0888,
    0x0888, 0x0888, 0x0888, 0x0888, 0x0888, 0x0888, 0x0888, 0x0888,
    0x0888, 0x0888, 0x0888, 0x0888, 0x0888, 0x0888, 0x0888, 0x0888,
    0x0888, 0x0888, 0x0888, 0x0888, 0x0888, 0x0888, 0x0888, 0x0888,
    0x0888, 0x0888, 0x0888, 0x0888, 0x0888, 0x0888, 0x0888, 0x0888,
    0x0888, 0x0888, 0x0888, 0x0888, 0x0888, 0x0888, 0x0888, 0x0888,
    0x0888, 0x0888, 0x0888, 0x0888, 0x0888, 0x0888, 0x0888, 0x0888,
    0x0888, 0x0888, 0x0888, 0x0888, 0x0888, 0x0888, 0x0888, 0x0888,
    0x0888, 0x0888, 0x0888, 0x0888, 0x0888, 0x0888, 0x0888, 0x0888,
    0x0888, 0x0888, 0x0888, 0x0888, 0x0888, 0x0888, 0x0888, 0x0888,
    0x0888, 0x0888, 0x0888, 0x0888, 0x0888, 0x0888, 0x0888, 0x0888,
    0x0888, 0x0888, 0x0888, 0x0888, 0x0888, 0x0888, 0x0888, 0x0888,
    0x0888, 0x0888, 0x0888, 0x0888, 0x0888, 0x0888, 0x0888, 0x0888,
    0x0888, 0x0888, 0x0888, 0x0888, 0x0888, 0x0888, 0x0888, 0x0888,
    0x0888, 0x0888, 0x0888, 0x0888, 0x0888, 0x0888, 0x0888, 0x0888,
    0x0888, 0x0888, 0x0888, 0x0888, 0x0888, 0x0888, 0x0888, 0x0888,
    0x0888, 0x0888, 0x0888, 0x0888, 0x0888, 0x0888, 0x0888, 0x0888,
    0x0888, 0x0888, 0x0888, 0x0888, 0x0888, 0x0888, 0x0888, 0x0888,
    0x0888, 0x0888, 0x0888, 0x0888, 0x0888, 0x0888, 0x0888, 0x0888,
    0x0888, 0x0888, 0x0888, 0x0888, 0x0888, 0x0888, 0x0888, 0x0888,
    0x0888, 0x0888, 0x0888, 0x0888, 0x0888, 0x0888, 0x0888, 0x0888,
    0x0888, 0x0888, 0x0888, 0x0888, 0x0888, 0x0888, 0x0888, 0x0888,
    0x0888, 0x0888, 0x0888, 0x0888, 0x0888, 0x0888, 0x0888, 0x0888,
    0x0888, 0x0888, 0x0888, 0x0888, 0x0888, 0x0888, 0x0888, 0x0888,
    0x0888, 0x0888, 0x0888, 0x0888, 0x0888, 0x0888, 0x0888, 0x0888,
    0x0888, 0x0888, 0x0888, 0x0888, 0x0888, 0x0888, 0x0888, 0x0888,
    0x0888, 0x0888, 0x0888, 0x0888, 0x0888, 0x0888, 0x0888, 0x0888,
    0x0888, 0x0888, 0x0888, 0x0888, 0x0888, 0x0888, 0x0888, 0x0888,
    0x0888, 0x0888, 0x0888, 0x0888, 0x0888, 0x0888, 0x0888, 0x0888,
    0x0888, 0x0888, 0x0888, 0x0888, 0x0888, 0x0888, 0x0888, 0x0888,
    0x0888, 0x0888, 0x0888, 0x0888, 0x0888, 0x0888, 0x0888, 0x0888,
    0x0888, 0x0888, 0x0888, 0x0888, 0x0888, 0x0888, 0x0888, 0x0888,
    0x0888, 0x0888, 0x0888, 0x0888, 0x0888, 0x0888, 0x0888, 0x0888,
    0x0888, 0x0888, 0x0888, 0x0888, 0x0888, 0x0888, 0x0888, 0x0888,
    0x0888, 0x0888, 0x0888, 0x0888, 0x0888, 0x0888, 0x0888, 0x0888,
    0x0888, 0x0888, 0x0888, 0x0888, 0x0888, 0x0888, 0x0888, 0x0888,
    0x0888, 0x0888, 0x0888, 0x0888, 0x0888, 0x0888, 0x0888, 0x0888,
    0x0888, 0x0888, 0x0888, 0x0888, 0x0888, 0x0888, 0x0888, 0x0888,
    0x0888, 0x0888, 0x0888, 0x0888, 0x0888, 0x0888, 0x0888, 0x0888,
    0x0888, 0x0888, 0x0888, 0x0888, 0x0888, 0x0888, 0x0888, 0x0888,
    0x0888, 0x0888, 0x0888, 0x0888, 0x0888, 0x0888, 0x0888, 0x0888,
    0x0888, 0x0888, 0x0888, 0x0888, 0x0888, 0x0888, 0x0888, 0x0888,
    0x0888, 0x0888, 0x0888, 0x0888, 0x0888, 0x0888, 0x0888, 0x0888,
    0x0888, 0x0888, 0x0888, 0x0888, 0x0888, 0x0888, 0x0888, 0x0888,
    0x0888, 0x0888, 0x0888, 0x0888, 0x0888, 0x0888, 0x0888, 0x0888,
    0x0888, 0x0888, 0x0888, 0x0888, 0x0888, 0x0888, 0x0888, 0x0888,
    0x0888, 0x0888, 0x0888, 0x0888, 0x0888, 0x0888, 0x0888, 0x0888,
    0x0888, 0x0888, 0x0888, 0x0888, 0x0888, 0x0888, 0x0888, 0x0888,
    0x0888, 0x0888, 0x0888, 0x0888, 0x0888, 0x0888, 0x0888, 0x0888,
    0x0888, 0x0888, 0x0888, 0x0888, 0x0888, 0x0888, 0x0888, 0x0888,
    0x0888, 0x0888, 0x0888, 0x0888, 0x0888, 0x0888, 0x0888, 0x0888,
    0x0888, 0x0888, 0x0888, 0x0888, 0x0888, 0x0888, 0x0888, 0x0888,
    0x0888, 0x0888, 0x0888, 0x0888, 0x0888, 0x0888, 0x0888, 0x0888,
    0x0888, 0x0888, 0x0888, 0x0888, 0x0888, 0x0888, 0x0888, 0x0888,
    0x0888, 0x0888, 0x0888, 0x0888, 0x0888, 0x0888, 0x0888, 0x0888,
    0x0888, 0x0888, 0x0888, 0x0888, 0x0888, 0x0888, 0x0888, 0x0888,
    0x0888, 0x0888, 0x0888, 0x0888, 0x0888, 0x0888, 0x0888, 0x0888,
    0x0888, 0x0888, 0x0888, 0x0888, 0x0888, 0x0888, 0x0888, 0x0888,
    0x0888, 0x0888, 0x0888, 0x0888, 0x0888, 0x0888, 0x0888, 0x0888,
    0x0888, 0x0888, 0x0888, 0x0888, 0x0888, 0x0888, 0x0888, 0x0888,
    0x0888, 0x0888, 0x0888, 0x0888, 0x0888, 0x0888, 0x0888, 0x0888,
    0x0888, 0x0888, 0x0888, 0x0888, 0x0888, 0x0888, 0x0888, 0x0888,
    0x0888, 0x0888, 0x0888, 0x0888, 0x0888, 0x0888, 0x0888, 0x0888,
    0x0888, 0x0888, 0x0888, 0x0888, 0x0888, 0x0888, 0x0888, 0x0888,
    0x0888, 0x0888, 0x0888, 0x0888, 0x0888, 0x0888, 0x0888, 0x0888,
    0x0888, 0x0888, 0x0888, 0x0888, 0x0888, 0x0888, 0x0888, 0x0888,
    0x0888, 0x0888, 0x0888, 0x0888, 0x0888, 0x0888, 0x0888, 0x0888,
    0x0888, 0x0888, 0x0888, 0x0888, 0x0888, 0x0888, 0x0888, 0x0888,
    0x0888, 0x0888, 0x0888, 0x0888, 0x0888, 0x0888, 0x0888, 0x0888,
    0x0888, 0x0888, 0x0888, 0x0888, 0x0888, 0x0888, 0x0888, 0x0888,
    0x0888, 0x0888, 0x0888, 0x0888, 0x0888, 0x0888, 0x0888, 0x0888,
    0x0888, 0x0888, 0x0888, 0x0888, 0x0888, 0x0888, 0x0888, 0x0888,
    0x0888, 0x0888, 0x0888, 0x0888, 0x0888, 0x0888, 0x0888, 0x0888,
    0x0888, 0x0888, 0x0888, 0x0888, 0x0888, 0x0888, 0x0888, 0x0888,
    0x0888, 0x0888, 0x0888, 0x0888, 0x0888, 0x0888, 0x0888, 0x0888,
    0x0888, 0x0888, 0x0888, 0x0888, 0x0888, 0x0888, 0x0888, 0x0888,
    0x0888, 0x0888, 0x0888, 0x0888, 0x0888, 0x0888, 0x0888, 0x0888,
    0x0888, 0x0888, 0x0888, 0x0888, 0x0888, 0x0888, 0x0888, 0x0888,
    0x0888, 0x0888, 0x0888, 0x0888, 0x0888, 0x0888, 0x0888, 0x0888,
    0x0888, 0x0888, 0x0888, 0x0888, 0x0888, 0x0888, 0x0888, 0x0888,
    0x0888, 0x0888, 0x0888, 0x0888, 0x0888, 0x0888, 0x0888, 0x0888,
    0x0888, 0x0888, 0x0888, 0x0888, 0x0888, 0x0888, 0x0888, 0x0888,
    0x0888, 0x0888, 0x0888, 0x0888, 0x0888, 0x0888, 0x0888, 0x0888,
    0x0888, 0x0888, 0x0888, 0x0888, 0x0888, 0x0888, 0x0888, 0x0888,
    0x0888, 0x0888, 0x0888, 0x0888, 0x0888, 0x0888, 0x0888, 0x0888,
    0x0888, 0x0888, 0x0888, 0x0888, 0x0888, 0x0888, 0x0888, 0x0888,
    0x0888, 0x0888, 0x0888, 0x0888, 0x0888, 0x0888, 0x0888, 0x0888,
    0x0888, 0x0888, 0x0888, 0x0888, 0x0888, 0x0888, 0x0888, 0x0888,
    0x0888, 0x0888, 0x0888, 0x0888, 0x0888, 0x0888, 0x0888, 0x0888,
    0x0888, 0x0888, 0x0888, 0x0888, 0x0888, 0x0888, 0x0888, 0x0888,
    0x0888, 0x0888, 0x0888, 0x0888, 0x0888, 0x0888, 0x0888, 0x0888,
    0x0888, 0x0888, 0x0888, 0x0888, 0x0888, 0x0888, 0x0888, 0x0888,
    0x0888, 0x0888, 0x0888, 0x0888, 0x0888, 0x0888, 0x0888, 0x0888,
    0x0888, 0x0888, 0x0888, 0x0888, 0x0888, 0x0888, 0x0888, 0x0888,
    0x0888, 0x0888, 0x0888, 0x0888, 0x0888, 0x0888, 0x0888, 0x0888,
    0x0888, 0x0888, 0x0888, 0x0888, 0x0888, 0x0888, 0x0888, 0x0888,
    0x0888, 0x0888, 0x0888, 0x0888, 0x0888, 0x0888, 0x0888, 0x0888,
    0x0888, 0x0888, 0x0888, 0x0888, 0x0888, 0x0888, 0x0888, 0x0888,
    0x0888, 0x0888, 0x0888, 0x0888, 0x0888, 0x0888, 0x0888, 0x0888,
    0x0888, 0x0888, 0x0888, 0x0888, 0x0888, 0x0888, 0x0888, 0x0888,
    0x0888, 0x0888, 0x0888, 0x0888, 0x0888, 0x0888, 0x0888, 0x0888,
    0x0888, 0x0888, 0x0888, 0x0888, 0x0888, 0x0888, 0x0888, 0x0888,
    0x0888, 0x0888, 0x0888, 0x0888, 0x0888, 0x0888, 0x0888, 0x0888,
    0x0888, 0x0888, 0x0888, 0x0888, 0x0888, 0x0888, 0x0888, 0x0888,
    0x0888, 0x0888, 0x0888, 0x0888, 0x0888, 0x0888, 0x0888, 0x0888,
    0x0888, 0x0888, 0x0888, 0x0888, 0x0888, 0x0888, 0x0888, 0x0888,
    0x0888, 0x0888, 0x0888, 0x0888, 0x0888, 0x0888, 0x0888, 0x0888,
    0x0888, 0x0888, 0x0888, 0x0888, 0x0888, 0x0888, 0x0888, 0x0888,
    0x0888, 0x0888, 0x0888, 0x0888, 0x0888, 0x0888, 0x0888, 0x0888,
    0x0888, 0x0888, 0x0888, 0x0888, 0x0888, 0x0888, 0x0888, 0x0888,
    0x0888, 0x0888, 0x0888, 0x0888, 0x0888, 0x0888, 0x0888, 0x0888,
    0x0888, 0x0888, 0x0888, 0x0888, 0x0888, 0x0888, 0x0888, 0x0888,
    0x0888, 0x0888, 0x0888, 0x0888, 0x0888, 0x0888, 0x0888, 0x0888,
    0x0888, 0x0888, 0x0888, 0x0888, 0x0888, 0x0888, 0x0888, 0x0888,
    0x0888, 0x0888, 0x0888, 0x0888, 0x0888, 0x0888, 0x0888, 0x0888,
    0x0888, 0x0888, 0x0888, 0x0888, 0x0888, 0x0888, 0x0888, 0x0888,
    0x0888, 0x0888, 0x0888, 0x0888, 0x0888, 0x0888, 0x0888, 0x0888,
    0x0888, 0x0888, 0x0888, 0x0888, 0x0888, 0x0888, 0x0888, 0x0888,
    0x0888, 0x0888, 0x0888, 0x0888, 0x0888, 0x0888, 0x0888, 0x0888,
    0x0888, 0x0888, 0x0888, 0x0888, 0x0888, 0x0888, 0x0888, 0x0888,
    0x0888, 0x0888, 0x0888, 0x0888, 0x0888, 0x0888, 0x0888, 0x0888,
    0x0888, 0x0888, 0x0888, 0x0888, 0x0888, 0x0888, 0x0888, 0x0888,
    0x0888, 0x0888, 0x0888, 0x0888, 0x0888, 0x0888, 0x0888, 0x0888,
    0x0888, 0x0888, 0x0888, 0x0888, 0x0888, 0x0888, 0x0888, 0x0888,
    0x0888, 0x0888, 0x0888, 0x0888, 0x0888, 0x0888, 0x0888, 0x0888,
    0x0888, 0x0888, 0x0888, 0x0888, 0x0888, 0x0888, 0x0888, 0x0888,
    0x0888, 0x0888, 0x0888, 0x0888, 0x0888, 0x0888, 0x0888, 0x0888,
    0x0888, 0x0888, 0x0888, 0x0888, 0x0888, 0x0888, 0x0888, 0x0888,
    0x0888, 0x0888, 0x0888, 0x0888, 0x0888, 0x0888, 0x0888, 0x0888,
    0x0888, 0x0888, 0x0888, 0x0888, 0x0888, 0x0888, 0x0888, 0x0888,
    0x0888, 0x0888, 0x0888, 0x0888, 0x0888, 0x0888, 0x0888, 0x0888,
    0x0888, 0x0888, 0x0888, 0x0888, 0x0888, 0x0888, 0x0888, 0x0888,
    0x0888, 0x0888, 0x0888, 0x0888, 0x0888, 0x0888, 0x0888, 0x0888,
    0x0888, 0x0888, 0x0888, 0x0888, 0x0888, 0x0888, 0x0888, 0x0888,
    0x0888, 0x0888, 0x0888, 0x0888, 0x0888, 0x0888, 0x0888, 0x0888,
    0x0888, 0x0888, 0x0888, 0x0888, 0x0888, 0x0888, 0x0888, 0x0888,
    0x0888, 0x0888, 0x0888, 0x0888, 0x0888, 0x0888, 0x0888, 0x0888,
    0x0888, 0x0888, 0x0888, 0x0888, 0x0888, 0x0888, 0x0888, 0x0888,
    0x0888, 0x0888, 0x0888, 0x0888, 0x0888, 0x0888, 0x0888, 0x0888,
    0x0888, 0x0888, 0x0888, 0x0888, 0x0888, 0x0888, 0x0888, 0x0888,
    0x0888, 0x0888, 0x0888, 0x0888, 0x0888, 0x0888, 0x0888, 0x0888,
    0x0888, 0x0888, 0x0888, 0x0888, 0x0888, 0x0888, 0x0888, 0x0888,
    0x0888, 0x0888, 0x0888, 0x0888, 0x0888, 0x0888, 0x0888, 0x0888,
    0x0888, 0x0888, 0x0888, 0x0888, 0x0888, 0x0888, 0x0888, 0x0888,
    0x0888, 0x0888, 0x0888, 0x0888, 0x0888, 0x0888, 0x0888, 0x0888,
    0x0888, 0x0888, 0x0888, 0x0888, 0x0888, 0x0888, 0x0888, 0x0888,
    0x0888, 0x0888, 0x0888, 0x0888, 0x0888, 0x0888, 0x0888, 0x0888,
    0x0888, 0x0888, 0x0888, 0x0888, 0x0888, 0x0888, 0x0888, 0x0888,
    0x0888, 0x0888, 0x0888, 0x0888, 0x0888, 0x0888, 0x0888, 0x0888,
    0x0888, 0x0888, 0x0888, 0x0888, 0x0888, 0x0888, 0x0888, 0x0888,
    0x0888, 0x0888, 0x0888, 0x0888, 0x0888, 0x0888, 0x0888, 0x0888,
    0x0888, 0x0888, 0x0888, 0x0888, 0x0888, 0x0888, 0x0888, 0x0888,
    0x0888, 0x0888, 0x0888, 0x0888, 0x0888, 0x0888, 0x0888, 0x0888,
    0x0888, 0x0888, 0x0888, 0x0888, 0x0888, 0x0888, 0x0888, 0x0888,
    0x0888, 0x0888, 0x0888, 0x0888, 0x0888, 0x0888, 0x0888, 0x0888,
    0x0888, 0x0888, 0x0888, 0x0888, 0x0888, 0x0888, 0x0888, 0x0888,
    0x0888, 0x0888, 0x0888, 0x0888, 0x0888, 0x0888, 0x0888, 0x0888,
    0x0888, 0x0888, 0x0888, 0x0888, 0x0888, 0x0888, 0x0888, 0x0888,
    0x0888, 0x0888, 0x0888, 0x0888, 0x0888, 0x0888, 0x0888, 0x0888,
    0x0888, 0x0888, 0x0888, 0x0888, 0x0888, 0x0888, 0x0888, 0x0888,
    0x0888, 0x0888, 0x0888, 0x0888, 0x0888, 0x0888, 0x0888, 0x0888,
    0x0888, 0x0888, 0x0888, 0x0888, 0x0888, 0x0888, 0x0888, 0x0888,
    0x0888, 0x0888, 0x0888, 0x0888, 0x0888, 0x0888, 0x0888, 0x0888,
    0x0888, 0x0888, 0x0888, 0x0888, 0x0888, 0x0888, 0x0888, 0x0888,
    0x0888, 0x0888, 0x0888, 0x0888, 0x0888, 0x0888, 0x0888, 0x0888,
    0x0888, 0x0888, 0x0888, 0x0888, 0x0888, 0x0888, 0x0888, 0x0888,
    0x0888, 0x0888, 0x0888, 0x0888, 0x0888, 0x0888, 0x0888, 0x0888,
    0x0888, 0x0888, 0x0888, 0x0888, 0x0888, 0x0888, 0x0888, 0x0888,
    0x0888, 0x0888, 0x0888, 0x0888, 0x0888, 0x0888, 0x0888, 0x0888,
    0x0888, 0x0888, 0x0888, 0x0888, 0x0888, 0x0888, 0x0888, 0x0888,
    0x0888, 0x0888, 0x0888, 0x0888, 0x0888, 0x0888, 0x0888, 0x0888,
    0x0888, 0x0888, 0x0888, 0x0888, 0x0888, 0x0888, 0x0888, 0x0888,
    0x0888, 0x0888, 0x0888, 0x0888, 0x0888, 0x0888, 0x0888, 0x0888,
    0x0888, 0x0888, 0x0888, 0x0888, 0x0888, 0x0888, 0x0888, 0x0888,
    0x0888, 0x0888, 0x0888, 0x0888, 0x0888, 0x0888, 0x0888, 0x0888,
    0x0888, 0x0888, 0x0888, 0x0888, 0x0888, 0x0888, 0x0888, 0x0888,
    0x0888, 0x0888, 0x0888, 0x0888, 0x0888, 0x0888, 0x0888, 0x0888,
    0x0888, 0x0888, 0x0888, 0x0888, 0x0888, 0x0888, 0x0888, 0x0888,
    0x0888, 0x0888, 0x0888, 0x0888, 0x0888, 0x0888, 0x0888, 0x0888,
    0x0888, 0x0888, 0x0888, 0x0888, 0x0888, 0x0888, 0x0888, 0x0888,
    0x0888, 0x0888, 0x0888, 0x0888, 0x0888, 0x0888, 0x0888, 0x0888,
    0x0888, 0x0888, 0x0888, 0x0888, 0x0888, 0x0888, 0x0888, 0x0888,
    0x0888, 0x0888, 0x0888, 0x0888, 0x0888, 0x0888, 0x0888, 0x0888,
    0x0888, 0x0888, 0x0888, 0x0888, 0x0888, 0x0888, 0x0888, 0x0888,
    0x0888, 0x0888, 0x0888, 0x0888, 0x0888, 0x0888, 0x0888, 0x0888,
    0x0888, 0x0888, 0x0888, 0x0888, 0x0888, 0x0888, 0x0888, 0x0888,
    0x0888, 0x0888, 0x0888, 0x0888, 0x0888, 0x0888, 0x0888, 0x0888,
    0x0888, 0x0888, 0x0888, 0x0888, 0x0888, 0x0888, 0x0888, 0x0888,
    0x0888, 0x0888, 0x0888, 0x0888, 0x0888, 0x0888, 0x0888, 0x0888,
    0x0888, 0x0888, 0x0888, 0x0888, 0x0888, 0x0888, 0x0888, 0x0888,
    0x0888, 0x0888, 0x0888, 0x0888, 0x0888, 0x0888, 0x0888, 0x0888,
    0x0888, 0x0888, 0x0888, 0x0888, 0x0888, 0x0888, 0x0888, 0x0888,
    0x0888, 0x0888, 0x0888, 0x0888, 0x0888, 0x0888, 0x0888, 0x0888,
    0x0888, 0x0888, 0x0888, 0x0888, 0x0888, 0x0888, 0x0888, 0x0888,
    0x0888, 0x0888, 0x0888, 0x0888, 0x0888, 0x0888, 0x0888, 0x0888,
    0x0888, 0x0888, 0x0888, 0x0888, 0x0888, 0x0888, 0x0888, 0x0888,
    0x0888, 0x0888, 0x0888, 0x0888, 0x0888, 0x0888, 0x0888, 0x0888,
    0x0888, 0x0888, 0x0888, 0x0888, 0x0888, 0x0888, 0x0888, 0x0888,
    0x0888, 0x0888, 0x0888, 0x0888, 0x0888, 0x0888, 0x0888, 0x0888,
    0x0888, 0x0888, 0x0888, 0x0888, 0x0888, 0x0888, 0x0888, 0x0888,
    0x0888, 0x0888, 0x0888, 0x0888, 0x0888, 0x0888, 0x0888, 0x0888,
    0x0888, 0x0888, 0x0888, 0x0888, 0x0888, 0x0888, 0x0888, 0x0888,
    0x0888, 0x0888, 0x0888, 0x0888, 0x0888, 0x0888, 0x0888, 0x0888,
    0x0888, 0x0888, 0x0888, 0x0888, 0x0888, 0x0888, 0x0888, 0x0888,
    0x0888, 0x0888, 0x0888, 0x0888, 0x0888, 0x0888, 0x0888, 0x0888,
    0x0888, 0x0888, 0x0888, 0x0888, 0x0888, 0x0888, 0x0888, 0x0888,
    0x0888, 0x0888, 0x0888, 0x0888, 0x0888, 0x0888, 0x0888, 0x0888,
    0x0888, 0x0888, 0x0888, 0x0888, 0x0888, 0x0888, 0x0888, 0x0888,
    0x0888, 0x0888, 0x0888, 0x0888, 0x0888, 0x0888, 0x0888, 0x0888,
    0x0888, 0x0888, 0x0888, 0x0888, 0x0888, 0x0888, 0x0888, 0x0888,
    0x0888, 0x0888, 0x0888, 0x0888, 0x0888, 0x0888, 0x0888, 0x0888,
    0x0888, 0x0888, 0x0888, 0x0888, 0x0888, 0x0888, 0x0888, 0x0888,
    0x0888, 0x0888, 0x0888, 0x0888, 0x0888, 0x0888, 0x0888, 0x0888,
    0x0888, 0x0888, 0x0888, 0x0888, 0x0888, 0x0888, 0x0888, 0x0888,
    0x0888, 0x0888, 0x0888, 0x0888, 0x0888, 0x0888, 0x0888, 0x0888,
    0x0888, 0x0888, 0x0888, 0x0888, 0x0888, 0x0888, 0x0888, 0x0888,
    0x0888, 0x0888, 0x0888, 0x0888, 0x0888, 0x0888, 0x0888, 0x0888,
    0x0888, 0x0888, 0x0888, 0x0888, 0x0888, 0x0888, 0x0888, 0x0888,
    0x0888, 0x0888, 0x0888, 0x0888, 0x0888, 0x0888, 0x0888, 0x0888,
    0x0888, 0x0888, 0x0888, 0x0888, 0x0888, 0x0888, 0x0888, 0x0888,
    0x0888, 0x0888, 0x0888, 0x0888, 0x0888, 0x0888, 0x0888, 0x0888,
    0x0888, 0x0888, 0x0888, 0x0888, 0x0888, 0x0888, 0x0888, 0x0888,
    0x0888, 0x0888, 0x0888, 0x0888, 0x0888, 0x0888, 0x0888, 0x0888,
    0x0888, 0x0888, 0x0888, 0x0888, 0x0888, 0x0888, 0x0888, 0x0888,
    0x0888, 0x0888, 0x0888, 0x0888, 0x0888, 0x0888, 0x0888, 0x0888,
    0x0888, 0x0888, 0x0888, 0x0888, 0x0888, 0x0888, 0x0888, 0x0888,
    0x0888, 0x0888, 0x0888, 0x0888, 0x0888, 0x0888, 0x0888, 0x0888,
    0x0888, 0x0888, 0x0888, 0x0888, 0x0888, 0x0888, 0x0888, 0x0888,
    0x0888, 0x0888, 0x0888, 0x0888, 0x0888, 0x0888, 0x0888, 0x0888,
    0x0888, 0x0888, 0x0888, 0x0888, 0x0888, 0x0888, 0x0888, 0x0888,
    0x0888, 0x0888, 0x0888, 0x0888, 0x0888, 0x0888, 0x0888, 0x0888,
    0x0888, 0x0888, 0x0888, 0x0888, 0x0888, 0x0888, 0x0888, 0x0888,
    0x0888, 0x0888, 0x0888, 0x0888, 0x0888, 0x0888, 0x0888, 0x0888,
    0x0888, 0x0888, 0x0888, 0x0888, 0x0888, 0x0888, 0x0888, 0x0888,
    0x0888, 0x0888, 0x0888, 0x0888, 0x0888, 0x0888, 0x0888, 0x0888,
    0x0888, 0x0888, 0x0888, 0x0888, 0x0888, 0x0888, 0x0888, 0x0888,
    0x0888, 0x0888, 0x0888, 0x0888, 0x0888, 0x0888, 0x0888, 0x0888,
    0x0888, 0x0888, 0x0888, 0x0888, 0x0888, 0x0888, 0x0888, 0x0888,
    0x0888, 0x0888, 0x0888, 0x0888, 0x0888, 0x0888, 0x0888, 0x0888,
    0x0888, 0x0888, 0x0888, 0x0888, 0x0888, 0x0888, 0x0888, 0x0888,
    0x0888, 0x0888, 0x0888, 0x0888, 0x0888, 0x0888, 0x0888, 0x0888,
    0x0888, 0x0888, 0x0888, 0x0888, 0x0888, 0x0888, 0x0888, 0x0888,
    0x0888, 0x0888, 0x0888, 0x0888, 0x0888, 0x0888, 0x0888, 0x0888,
    0x0888, 0x0888, 0x0888, 0x0888, 0x0888, 0x0888, 0x0888, 0x0888,
    0x0888, 0x0888, 0x0888, 0x0888, 0x0888, 0x0888, 0x0888, 0x0888,
    0x0888, 0x0888, 0x0888, 0x0888, 0x0888, 0x0888, 0x0888, 0x0888,
    0x0888, 0x0888, 0x0888, 0x0888, 0x0888, 0x0888, 0x0888, 0x0888,
    0x0888, 0x0888, 0x0888, 0x0888, 0x0888, 0x0888, 0x0888, 0x0888,
    0x0888, 0x0888, 0x0888, 0x0888, 0x0888, 0x0888, 0x0888, 0x0888,
    0x0888, 0x0888, 0x0888, 0x0888, 0x0888, 0x0888, 0x0888, 0x0888,
    0x0888, 0x0888, 0x0888, 0x0888, 0x0888, 0x0888, 0x0888, 0x0888,
    0x0888, 0x0888, 0x0888, 0x0888, 0x0888, 0x0888, 0x0888, 0x0888,
    0x0888, 0x0888, 0x0888, 0x0888, 0x0888, 0x0888, 0x0888, 0x0888,
    0x0888, 0x0888, 0x0888, 0x0888, 0x0888, 0x0888, 0x0888, 0x0888,
    0x0888, 0x0888, 0x0888, 0x0888, 0x0888, 0x0888, 0x0888, 0x0888,
    0x0888, 0x0888, 0x0888, 0x0888, 0x0888, 0x0888, 0x0888, 0x0888,
    0x0888, 0x0888, 0x0888, 0x0888, 0x0888, 0x0888, 0x0888, 0x0888,
    0x0888, 0x0888, 0x0888, 0x0888, 0x0888, 0x0888, 0x0888, 0x0888,
    0x0888, 0x0888, 0x0888, 0x0888, 0x0888, 0x0888, 0x0888, 0x0888,
    0x0888, 0x0888, 0x0888, 0x0888, 0x0888, 0x0888, 0x0888, 0x0888,
    0x0888, 0x0888, 0x0888, 0x0888, 0x0888, 0x0888, 0x0888, 0x0888,
    0x0888, 0x0888, 0x0888, 0x0888, 0x0888, 0x0888, 0x0888, 0x0888,
    0x0888, 0x0888, 0x0888, 0x0888, 0x0888, 0x0888, 0x0888, 0x0888,
    0x0888, 0x0888, 0x0888, 0x0888, 0x0888, 0x0888, 0x0888, 0x0888,
    0x0888, 0x0888, 0x0888, 0x0888, 0x0888, 0x0888, 0x0888, 0x0888,
    0x0888, 0x0888, 0x0888, 0x0888, 0x0888, 0x0888, 0x0888, 0x0888,
    0x0888, 0x0888, 0x0888, 0x0888, 0x0888, 0x0888, 0x0888, 0x0888,
    0x0888, 0x0888, 0x0888, 0x0888, 0x0888, 0x0888, 0x0888, 0x0888,
    0x0888, 0x0888, 0x0888, 0x0888, 0x0888, 0x0888, 0x0888, 0x0888,
    0x0888, 0x0888, 0x0888, 0x0888, 0x0888, 0x0888, 0x0888, 0x0888,
    0x0888, 0x0888, 0x0888, 0x0888, 0x0888, 0x0888, 0x0888, 0x0888,
    0x0888, 0x0888, 0x0888, 0x0888, 0x0888, 0x0888, 0x0888, 0x0888,
    0x0888, 0x0888, 0x0888, 0x0888, 0x0888, 0x0888, 0x0888, 0x0888,
    0x0888, 0x0888, 0x0888, 0x0888, 0x0888, 0x0888, 0x0888, 0x0888,
    0x0888, 0x0888, 0x0888, 0x0888, 0x0888, 0x0888, 0x0888, 0x0888,
    0x0888, 0x0888, 0x0888, 0x0888, 0x0888, 0x0888, 0x0888, 0x0888,
    0x0888, 0x0888, 0x0888, 0x0888, 0x0888, 0x0888, 0x0888, 0x0888,
    0x0888, 0x0888, 0x0888, 0x0888, 0x0888, 0x0888, 0x0888, 0x0888,
    0x0888, 0x0888, 0x0888, 0x0888, 0x0888, 0x0888, 0x0888, 0x0888,
    0x0888, 0x0888, 0x0888, 0x0888, 0x0888, 0x0888, 0x0888, 0x0888,
    0x0888, 0x0888, 0x0888, 0x0888, 0x0888, 0x0888, 0x0888, 0x0888,
    0x0888, 0x0888, 0x0888, 0x0888, 0x0888, 0x0888, 0x0888, 0x0888,
    0x0888, 0x0888, 0x0888, 0x0888, 0x0888, 0x0888, 0x0888, 0x0888,
    0x0888, 0x0888, 0x0888, 0x0888, 0x0888, 0x0888, 0x0888, 0x0888,
    0x0888, 0x0888, 0x0888, 0x0888, 0x0888, 0x0888, 0x0888, 0x0888,
    0x0888, 0x0888, 0x0888, 0x0888, 0x0888, 0x0888, 0x0888, 0x0888,
    0x0888, 0x0888, 0x0888, 0x0888, 0x0888, 0x0888, 0x0888, 0x0888,
    0x0888, 0x0888, 0x0888, 0x0888, 0x0888, 0x0888, 0x0888, 0x0888,
    0x0888, 0x0888, 0x0888, 0x0888, 0x0888, 0x0888, 0x0888, 0x0888,
    0x0888, 0x0888, 0x0888, 0x0888, 0x0888, 0x0888, 0x0888, 0x0888,
    0x0888, 0x0888, 0x0888, 0x0888, 0x0888, 0x0888, 0x0888, 0x0888,
    0x0888, 0x0888, 0x0888, 0x0888, 0x0888, 0x0888, 0x0888, 0x0888,
    0x0888, 0x0888, 0x0888, 0x0888, 0x0888, 0x0888, 0x0888, 0x0888,
    0x0888, 0x0888, 0x0888, 0x0888, 0x0888, 0x0888, 0x0888, 0x0888,
    0x0888, 0x0888, 0x0888, 0x0888, 0x0888, 0x0888, 0x0888, 0x0888,
    0x0888, 0x0888, 0x0888, 0x0888, 0x0888, 0x0888, 0x0888, 0x0888,
    0x0888, 0x0888, 0x0888, 0x0888, 0x0888, 0x0888, 0x0888, 0x0888,
    0x0888, 0x0888, 0x0888, 0x0888, 0x0888, 0x0888, 0x0888, 0x0888,
    0x0888, 0x0888, 0x0888, 0x0888, 0x0888, 0x0888, 0x0888, 0x0888,
    0x0888, 0x0888, 0x0888, 0x0888, 0x0888, 0x0888, 0x0888, 0x0888,
    0x0888, 0x0888, 0x0888, 0x0888, 0x0888, 0x0888, 0x0888, 0x0888,
    0x0888, 0x0888, 0x0888, 0x0888, 0x0888, 0x0888, 0x0888, 0x0888,
    0x0888, 0x0888, 0x0888, 0x0888, 0x0888, 0x0888, 0x0888, 0x0888,
    0x0888, 0x0888, 0x0888, 0x0888, 0x0888, 0x0888, 0x0888, 0x0888,
    0x0888, 0x0888, 0x0888, 0x0888, 0x0888, 0x0888, 0x0888, 0x0888,
    0x0888, 0x0888, 0x0888, 0x0888, 0x0888, 0x0888, 0x0888, 0x0888,
    0x0888, 0x0888, 0x0888, 0x0888, 0x0888, 0x0888, 0x0888, 0x0888,
    0x0888, 0x0888, 0x0888, 0x0888, 0x0888, 0x0888, 0x0888, 0x0888,
    0x0888, 0x0888, 0x0888, 0x0888, 0x0888, 0x0888, 0x0888, 0x0888,
    0x0888, 0x0888, 0x0888, 0x0888, 0x0888, 0x0888, 0x0888, 0x0888,
    0x0888, 0x0888, 0x0888, 0x0888, 0x0888, 0x0888, 0x0888, 0x0888,
    0x0888, 0x0888, 0x0888, 0x0888, 0x0888, 0x0888, 0x0888, 0x0888,
    0x0888, 0x0888, 0x0888, 0x0888, 0x0888, 0x0888, 0x0888, 0x0888,
    0x0888, 0x0888, 0x0888, 0x0888, 0x0888, 0x0888, 0x0888, 0x0888,
    0x0888, 0x0888, 0x0888, 0x0888, 0x0888, 0x0888, 0x0888, 0x0888,
    0x0888, 0x0888, 0x0888, 0x0888, 0x0888, 0x0888, 0x0888, 0x0888,
    0x0888, 0x0888, 0x0888, 0x0888, 0x0888, 0x0888, 0x0888, 0x0888,
    0x0888, 0x0888, 0x0888, 0x0888, 0x0888, 0x0888, 0x0888, 0x0888,
    0x0888, 0x0888, 0x0888, 0x0888, 0x0888, 0x0888, 0x0888, 0x0888,
    0x0888, 0x0888, 0x0888, 0x0888, 0x0888, 0x0888, 0x0888, 0x0888,
    0x0888, 0x0888, 0x0888, 0x0888, 0x0888, 0x0888, 0x0888, 0x0888,
    0x0888, 0x0888, 0x0888, 0x0888, 0x0888, 0x0888, 0x0888, 0x0888,
    0x0888, 0x0888, 0x0888, 0x0888, 0x0888, 0x0888, 0x0888, 0x0888,
    0x0888, 0x0888, 0x0888, 0x0888, 0x0888, 0x0888, 0x0888, 0x0888,
    0x0888, 0x0888, 0x0888, 0x0888, 0x0888, 0x0888, 0x0888, 0x0888,
    0x0888, 0x0888, 0x0888, 0x0888, 0x0888, 0x0888, 0x0888, 0x0888,
    0x0888, 0x0888, 0x0888, 0x0888, 0x0888, 0x0888, 0x0888, 0x0888,
    0x0888, 0x0888, 0x0888, 0x0888, 0x0888, 0x0888, 0x0888, 0x0888,
    0x0888, 0x0888, 0x0888, 0x0888, 0x0888, 0x0888, 0x0888, 0x0888,
    0x0888, 0x0888, 0x0888, 0x0888, 0x0888, 0x0888, 0x0888, 0x0888,
    0x0888, 0x0888, 0x0888, 0x0888, 0x0888, 0x0888, 0x0888, 0x0888,
    0x0888, 0x0888, 0x0888, 0x0888, 0x0888, 0x0888, 0x0888, 0x0888,
    0x0888, 0x0888, 0x0888, 0x0888, 0x0888, 0x0888, 0x0888, 0x0888,
    0x0888, 0x0888, 0x0888, 0x0888, 0x0888, 0x0888, 0x0888, 0x0888,
    0x0888, 0x0888, 0x0888, 0x0888, 0x0888, 0x0888, 0x0888, 0x0888,
    0x0888, 0x0888, 0x0888, 0x0888, 0x0888, 0x0888, 0x0888, 0x0888,
    0x0888, 0x0888, 0x0888, 0x0888, 0x0888, 0x0888, 0x0888, 0x0888,
    0x0888, 0x0888, 0x0888, 0x0888, 0x0888, 0x0888, 0x0888, 0x0888,
    0x0888, 0x0888, 0x0888, 0x0888, 0x0888, 0x0888, 0x0888, 0x0888,
    0x0888, 0x0888, 0x0888, 0x0888, 0x0888, 0x0888, 0x0888, 0x0888,
    0x0888, 0x0888, 0x0888, 0x0888, 0x0888, 0x0888, 0x0888, 0x0888,
    0x0888, 0x0888, 0x0888, 0x0888, 0x0888, 0x0888, 0x0888, 0x0888,
    0x0888, 0x0888, 0x0888, 0x0888, 0x0888, 0x0888, 0x0888, 0x0888,
    0x0888, 0x0888, 0x0888, 0x0888, 0x0888, 0x0888, 0x0888, 0x0888,
    0x0888, 0x0888, 0x0888, 0x0888, 0x0888, 0x0888, 0x0888, 0x0888,
    0x0888, 0x0888, 0x0888, 0x0888, 0x0888, 0x0888, 0x0888, 0x0888,
    0x0888, 0x0888, 0x0888, 0x0888, 0x0888, 0x0888, 0x0888, 0x0888,
    0x0888, 0x0888, 0x0888, 0x0888, 0x0888, 0x0888, 0x0888, 0x0888,
    0x0888, 0x0888, 0x0888, 0x0888, 0x0888, 0x0888, 0x0888, 0x0888,
    0x0888, 0x0888, 0x0888, 0x0888, 0x0888, 0x0888, 0x0888, 0x0888,
    0x0888, 0x0888, 0x0888, 0x0888, 0x0888, 0x0888, 0x0888, 0x0888,
    0x0888, 0x0888, 0x0888, 0x0888, 0x0888, 0x0888, 0x0888, 0x0888,
    0x0888, 0x0888, 0x0888, 0x0888, 0x0888, 0x0888, 0x0888, 0x0888,
    0x0888, 0x0888, 0x0888, 0x0888, 0x0888, 0x0888, 0x0888, 0x0888,
    0x0888, 0x0888, 0x0888, 0x0888, 0x0888, 0x0888, 0x0888, 0x0888,
    0x0888, 0x0888, 0x0888, 0x0888, 0x0888, 0x0888, 0x0888, 0x0888,
    0x0888, 0x0888, 0x0888, 0x0888, 0x0888, 0x0888, 0x0888, 0x0888,
    0x0888, 0x0888, 0x0888, 0x0888, 0x0888, 0x0888, 0x0888, 0x0888,
    0x0888, 0x0888, 0x0888, 0x0888, 0x0888, 0x0888, 0x0888, 0x0888,
    0x0888, 0x0888, 0x0888, 0x0888, 0x0888, 0x0888, 0x0888, 0x0888,
    0x0888, 0x0888, 0x0888, 0x0888, 0x0888, 0x0888, 0x0888, 0x0888,
    0x0888, 0x0888, 0x0888, 0x0888, 0x0888, 0x0888, 0x0888, 0x0888,
    0x0888, 0x0888, 0x0888, 0x0888, 0x0888, 0x0888, 0x0888, 0x0888,
    0x0888, 0x0888, 0x0888, 0x0888, 0x0888, 0x0888, 0x0888, 0x0888,
    0x0888, 0x0888, 0x0888, 0x0888, 0x0888, 0x0888, 0x0888, 0x0888,
    0x0888, 0x0888, 0x0888, 0x0888, 0x0888, 0x0888, 0x0888, 0x0888,
    0x0888, 0x0888, 0x0888, 0x0888, 0x0888, 0x0888, 0x0888, 0x0888,
    0x0888, 0x0888, 0x0888, 0x0888, 0x0888, 0x0888, 0x0888, 0x0888,
    0x0888, 0x0888, 0x0888, 0x0888, 0x0888, 0x0888, 0x0888, 0x0888,
    0x0888, 0x0888, 0x0888, 0x0888, 0x0888, 0x0888, 0x0888, 0x0888,
    0x0888, 0x0888, 0x0888, 0x0888, 0x0888, 0x0888, 0x0888, 0x0888,
    0x0888, 0x0888, 0x0888, 0x0888, 0x0888, 0x0888, 0x0888, 0x0888,
    0x0888, 0x0888, 0x0888, 0x0888, 0x0888, 0x0888, 0x0888, 0x0888,
    0x0888, 0x0888, 0x0888, 0x0888, 0x0888, 0x0888, 0x0888, 0x0888,
    0x0888, 0x0888, 0x0888, 0x0888, 0x0888, 0x0888, 0x0888, 0x0888,
    0x0888, 0x0888, 0x0888, 0x0888, 0x0888, 0x0888, 0x0888, 0x0888,
    0x0888, 0x0888, 0x0888, 0x0888, 0x0888, 0x0888, 0x0888, 0x0888,
    0x0888, 0x0888, 0x0888, 0x0888, 0x0888, 0x0888, 0x0888, 0x0888,
    0x0888, 0x0888, 0x0888, 0x0888, 0x0888, 0x0888, 0x0888, 0x0888,
    0x0888, 0x0888, 0x0888, 0x0888, 0x0888, 0x0888, 0x0888, 0x0888,
    0x0888, 0x0888, 0x0888, 0x0888, 0x0888, 0x0888, 0x0888, 0x0888,
    0x0888, 0x0888, 0x0888, 0x0888, 0x0888, 0x0888, 0x0888, 0x0888,
    0x0888, 0x0888, 0x0888, 0x0888, 0x0888, 0x0888, 0x0888, 0x0888,
    0x0888, 0x0888, 0x0888, 0x0888, 0x0888, 0x0888, 0x0888, 0x0888,
    0x0888, 0x0888, 0x0888, 0x0888, 0x0888, 0x0888, 0x0888, 0x0888,
    0x0888, 0x0888, 0x0888, 0x0888, 0x0888, 0x0888, 0x0888, 0x0888,
    0x0888, 0x0888, 0x0888, 0x0888, 0x0888, 0x0888, 0x0888, 0x0888,
    0x0888, 0x0888, 0x0888, 0x0888, 0x0888, 0x0888, 0x0888, 0x0888,
    0x0888, 0x0888, 0x0888, 0x0888, 0x0888, 0x0888, 0x0888, 0x0888,
    0x0888, 0x0888, 0x0888, 0x0888, 0x0888, 0x0888, 0x0888, 0x0888,
    0x0888, 0x0888, 0x0888, 0x0888, 0x0888, 0x0888, 0x0888, 0x0888,
    0x0888, 0x0888, 0x0888, 0x0888, 0x0888, 0x0888, 0x0888, 0x0888,
    0x0888, 0x0888, 0x0888, 0x0888, 0x0888, 0x0888, 0x0888, 0x0888,
    0x0888, 0x0888, 0x0888, 0x0888, 0x0888, 0x0888, 0x0888, 0x0888,
    0x0888, 0x0888, 0x0888, 0x0888, 0x0888, 0x0888, 0x0888, 0x0888,
    0x0888, 0x0888, 0x0888, 0x0888, 0x0888, 0x0888, 0x0888, 0x0888,
    0x0888, 0x0888, 0x0888, 0x0888, 0x0888, 0x0888, 0x0888, 0x0888,
    0x0888, 0x0888, 0x0888, 0x0888, 0x0888, 0x0888, 0x0888, 0x0888,
    0x0888, 0x0888, 0x0888, 0x0888, 0x0888, 0x0888, 0x0888, 0x0888,
    0x0888, 0x0888, 0x0888, 0x0888, 0x0888, 0x0888, 0x0888, 0x0888,
    0x0888, 0x0888, 0x0888, 0x0888, 0x0888, 0x0888, 0x0888, 0x0888,
    0x0888, 0x0888, 0x0888, 0x0888, 0x0888, 0x0888, 0x0888, 0x0888,
    0x0888, 0x0888, 0x0888, 0x0888, 0x0888, 0x0888, 0x0888, 0x0888,
    0x0888, 0x0888, 0x0888, 0x0888, 0x0888, 0x0888, 0x0888, 0x0888,
    0x0888, 0x0888, 0x0888, 0x0888, 0x0888, 0x0888, 0x0888, 0x0888,
    0x0888, 0x0888, 0x0888, 0x0888, 0x0888, 0x0888, 0x0888, 0x0888,
    0x0888, 0x0888, 0x0888, 0x0888, 0x0888, 0x0888, 0x0888, 0x0888,
    0x0888, 0x0888, 0x0888, 0x0888, 0x0888, 0x0888, 0x0888, 0x0888,
    0x0888, 0x0888, 0x0888, 0x0888, 0x0888, 0x0888, 0x0888, 0x0888,
    0x0888, 0x0888, 0x0888, 0x0888, 0x0888, 0x0888, 0x0888, 0x0888,
    0x0888, 0x0888, 0x0888, 0x0888, 0x0888, 0x0888, 0x0888, 0x0888,
    0x0888, 0x0888, 0x0888, 0x0888, 0x0888, 0x0888, 0x0888, 0x0888,
    0x0888, 0x0888, 0x0888, 0x0888, 0x0888, 0x0888, 0x0888, 0x0888,
    0x0888, 0x0888, 0x0888, 0x0888, 0x0888, 0x0888, 0x0888, 0x0888,
    0x0888, 0x0888, 0x0888, 0x0888, 0x0888, 0x0888, 0x0888, 0x0888,
    0x0888, 0x0888, 0x0888, 0x0888, 0x0888, 0x0888, 0x0888, 0x0888,
    0x0888, 0x0888, 0x0888, 0x0888, 0x0888, 0x0888, 0x0888, 0x0888,
    0x0888, 0x0888, 0x0888, 0x0888, 0x0888, 0x0888, 0x0888, 0x0888,
    0x0888, 0x0888, 0x0888, 0x0888, 0x0888, 0x0888, 0x0888, 0x0888,
    0x0888, 0x0888, 0x0888, 0x0888, 0x0888, 0x0888, 0x0888, 0x0888,
    0x0888, 0x0888, 0x0888, 0x0888, 0x0888, 0x0888, 0x0888, 0x0888,
    0x0888, 0x0888, 0x0888, 0x0888, 0x0888, 0x0888, 0x0888, 0x0888,
    0x0888, 0x0888, 0x0888, 0x0888, 0x0888, 0x0888, 0x0888, 0x0888,
    0x0888, 0x0888, 0x0888, 0x0888, 0x0888, 0x0888, 0x0888, 0x0888,
    0x0888, 0x0888, 0x0888, 0x0888, 0x0888, 0x0888, 0x0888, 0x0888,
    0x0888, 0x0888, 0x0888, 0x0888, 0x0888, 0x0888, 0x0888, 0x0888,
    0x0888, 0x0888, 0x0888, 0x0888, 0x0888, 0x0888, 0x0888, 0x0888,
    0x0888, 0x0888, 0x0888, 0x0888, 0x0888, 0x0888, 0x0888, 0x0888,
    0x0888, 0x0888, 0x0888, 0x0888, 0x0888, 0x0888, 0x0888, 0x0888,
    0x0888, 0x0888, 0x0888, 0x0888, 0x0888, 0x0888, 0x0888, 0x0888,
    0x0888, 0x0888, 0x0888, 0x0888, 0x0888, 0x0888, 0x0888, 0x0888,
    0x0888, 0x0888, 0x0888, 0x0888, 0x0888, 0x0888, 0x0888, 0x0888,
    0x0888, 0x0888, 0x0888, 0x0888, 0x0888, 0x0888, 0x0888, 0x0888,
    0x0888, 0x0888, 0x0888, 0x0888, 0x0888, 0x0888, 0x0888, 0x0888,
    0x0888, 0x0888, 0x0888, 0x0888, 0x0888, 0x0888, 0x0888, 0x0888,
    0x0888, 0x0888, 0x0888, 0x0888, 0x0888, 0x0888, 0x0888, 0x0888,
    0x0888, 0x0888, 0x0888, 0x0888, 0x0888, 0x0888, 0x0888, 0x0888,
    0x0888, 0x0888, 0x0888, 0x0888, 0x0888, 0x0888, 0x0888, 0x0888,
    0x0888, 0x0888, 0x0888, 0x0888, 0x0888, 0x0888, 0x0888, 0x0888,
    0x0888, 0x0888, 0x0888, 0x0888, 0x0888, 0x0888, 0x0888, 0x0888,
    0x0888, 0x0888, 0x0888, 0x0888, 0x0888, 0x0888, 0x0888, 0x0888,
    0x0888, 0x0888, 0x0888, 0x0888, 0x0888, 0x0888, 0x0888, 0x0888,
    0x0888, 0x0888, 0x0888, 0x0888, 0x0888, 0x0888, 0x0888, 0x0888,
    0x0888, 0x0888, 0x0888, 0x0888, 0x0888, 0x0888, 0x0888, 0x0888,
    0x0888, 0x0888, 0x0888, 0x0888, 0x0888, 0x0888, 0x0888, 0x0888,
    0x0888, 0x0888, 0x0888, 0x0888, 0x0888, 0x0888, 0x0888, 0x0888,
    0x0888, 0x0888, 0x0888, 0x0888, 0x0888, 0x0888, 0x0888, 0x0888,
    0x0888, 0x0888, 0x0888, 0x0888, 0x0888, 0x0888, 0x0888, 0x0888,
    0x0888, 0x0888, 0x0888, 0x0888, 0x0888, 0x0888, 0x0888, 0x0888,
    0x0888, 0x0888, 0x0888, 0x0888, 0x0888, 0x0888, 0x0888, 0x0888,
    0x0888, 0x0888, 0x0888, 0x0888, 0x0888, 0x0888, 0x0888, 0x0888,
    0x0888, 0x0888, 0x0888, 0x0888, 0x0888, 0x0888, 0x0888, 0x0888,
    0x0888, 0x0888, 0x0888, 0x0888, 0x0888, 0x0888, 0x0888, 0x0888,
    0x0888, 0x0888, 0x0888, 0x0888, 0x0888, 0x0888, 0x0888, 0x0888,
    0x0888, 0x0888, 0x0888, 0x0888, 0x0888, 0x0888, 0x0888, 0x0888,
    0x0888, 0x0888, 0x0888, 0x0888, 0x0888, 0x0888, 0x0888, 0x0888,
    0x0888, 0x0888, 0x0888, 0x0888, 0x0888, 0x0888, 0x0888, 0x0888,
    0x0888, 0x0888, 0x0888, 0x0888, 0x0888, 0x0888, 0x0888, 0x0888,
    0x0888, 0x0888, 0x0888, 0x0888, 0x0888, 0x0888, 0x0888, 0x0888,
    0x0888, 0x0888, 0x0888, 0x0888, 0x0888, 0x0888, 0x0888, 0x0888,
    0x0888, 0x0888, 0x0888, 0x0888, 0x0888, 0x0888, 0x0888, 0x0888,
    0x0888, 0x0888, 0x0888, 0x0888, 0x0888, 0x0888, 0x0888, 0x0888,
    0x0888, 0x0888, 0x0888, 0x0888, 0x0888, 0x0888, 0x0888, 0x0888,
    0x0888, 0x0888, 0x0888, 0x0888, 0x0888, 0x0888, 0x0888, 0x0888,
    0x0888, 0x0888, 0x0888, 0x0888, 0x0888, 0x0888, 0x0888, 0x0888,
    0x0888, 0x0888, 0x0888, 0x0888, 0x0888, 0x0888, 0x0888, 0x0888,
    0x0888, 0x0888, 0x0888, 0x0888, 0x0888, 0x0888, 0x0888, 0x0888,
    0x0888, 0x0888, 0x0888, 0x0888, 0x0888, 0x0888, 0x0888, 0x0888,
    0x0888, 0x0888, 0x0888, 0x0888, 0x0888, 0x0888, 0x0888, 0x0888,
    0x0888, 0x0888, 0x0888, 0x0888, 0x0888, 0x0888, 0x0888, 0x0888,
    0x0888, 0x0888, 0x0888, 0x0888, 0x0888, 0x0888, 0x0888, 0x0888,
    0x0888, 0x0888, 0x0888, 0x0888, 0x0888, 0x0888, 0x0888, 0x0888,
    0x0888, 0x0888, 0x0888, 0x0888, 0x0888, 0x0888, 0x0888, 0x0888,
    0x0888, 0x0888, 0x0888, 0x0888, 0x0888, 0x0888, 0x0888, 0x0888,
    0x0888, 0x0888, 0x0888, 0x0888, 0x0888, 0x0888, 0x0888, 0x0888,
    0x0888, 0x0888, 0x0888, 0x0888, 0x0888, 0x0888, 0x0888, 0x0888,
    0x0888, 0x0888, 0x0888, 0x0888, 0x0888, 0x0888, 0x0888, 0x0888,
    0x0888, 0x0888, 0x0888, 0x0888, 0x0888, 0x0888, 0x0888, 0x0888,
    0x0888, 0x0888, 0x0888, 0x0888, 0x0888, 0x0888, 0x0888, 0x0888,
    0x0888, 0x0888, 0x0888, 0x0888, 0x0888, 0x0888, 0x0888, 0x0888,
    0x0888, 0x0888, 0x0888, 0x0888, 0x0888, 0x0888, 0x0888, 0x0888,
    0x0888, 0x0888, 0x0888, 0x0888, 0x0888, 0x0888, 0x0888, 0x0888,
    0x0888, 0x0888, 0x0888, 0x0888, 0x0888, 0x0888, 0x0888, 0x0888,
    0x0888, 0x0888, 0x0888, 0x0888, 0x0888, 0x0888, 0x0888, 0x0888,
    0x0888, 0x0888, 0x0888, 0x0888, 0x0888, 0x0888, 0x0888, 0x0888,
    0x0888, 0x0888, 0x0888, 0x0888, 0x0888, 0x0888, 0x0888, 0x0888,
    0x0888, 0x0888, 0x0888, 0x0888, 0x0888, 0x0888, 0x0888, 0x0888,
    0x0888, 0x0888, 0x0888, 0x0888, 0x0888, 0x0888, 0x0888, 0x0888,
    0x0888, 0x0888, 0x0888, 0x0888, 0x0888, 0x0888, 0x0888, 0x0888,
    0x0888, 0x0888, 0x0888, 0x0888, 0x0888, 0x0888, 0x0888, 0x0888,
    0x0888, 0x0888, 0x0888, 0x0888, 0x0888, 0x0888, 0x0888, 0x0888,
    0x0888, 0x0888, 0x0888, 0x0888, 0x0888, 0x0888, 0x0888, 0x0888,
    0x0888, 0x0888, 0x0888, 0x0888, 0x0888, 0x0888, 0x0888, 0x0888,
    0x0888, 0x0888, 0x0888, 0x0888, 0x0888, 0x0888, 0x0888, 0x0888,
    0x0888, 0x0888, 0x0888, 0x0888, 0x0888, 0x0888, 0x0888, 0x0888,
    0x0888, 0x0888, 0x0888, 0x0888, 0x0888, 0x0888, 0x0888, 0x0888,
    0x0888, 0x0888, 0x0888, 0x0888, 0x0888, 0x0888, 0x0888, 0x0888,
    0x0888, 0x0888, 0x0888, 0x0888, 0x0888, 0x0888, 0x0888, 0x0888,
    0x0888, 0x0888, 0x0888, 0x0888, 0x0888, 0x0888, 0x0888, 0x0888,
    0x0888, 0x0888, 0x0888, 0x0888, 0x0888, 0x0888, 0x0888, 0x0888,
    0x0888, 0x0888, 0x0888, 0x0888, 0x0888, 0x0888, 0x0888, 0x0888,
    0x0888, 0x0888, 0x0888, 0x0888, 0x0888, 0x0888, 0x0888, 0x0888,
    0x0888, 0x0888, 0x0888, 0x0888, 0x0888, 0x0888, 0x0888, 0x0888,
    0x0888, 0x0888, 0x0888, 0x0888, 0x0888, 0x0888, 0x0888, 0x0888,
    0x0888, 0x0888, 0x0888, 0x0888, 0x0888, 0x0888, 0x0888, 0x0888,
    0x0888, 0x0888, 0x0888, 0x0888, 0x0888, 0x0888, 0x0888, 0x0888,
    0x0888, 0x0888, 0x0888, 0x0888, 0x0888, 0x0888, 0x0888, 0x0888,
    0x0888, 0x0888, 0x0888, 0x0888, 0x0888, 0x0888, 0x0888, 0x0888,
    0x0888, 0x0888, 0x0888, 0x0888, 0x0888, 0x0888, 0x0888, 0x0888,
    0x0888, 0x0888, 0x0888, 0x0888, 0x0888, 0x0888, 0x0888, 0x0888,
    0x0888, 0x0888, 0x0888, 0x0888, 0x0888, 0x0888, 0x0888, 0x0888,
    0x0888, 0x0888, 0x0888, 0x0888, 0x0888, 0x0888, 0x0888, 0x0888,
    0x0888, 0x0888, 0x0888, 0x0888, 0x0888, 0x0888, 0x0888, 0x0888,
    0x0888, 0x0888, 0x0888, 0x0888, 0x0888, 0x0888, 0x0888, 0x0888,
    0x0888, 0x0888, 0x0888, 0x0888, 0x0888, 0x0888, 0x0888, 0x0888,
    0x0888, 0x0888, 0x0888, 0x0888, 0x0888, 0x0888, 0x0888, 0x0888,
    0x0888, 0x0888, 0x0888, 0x0888, 0x0888, 0x0888, 0x0888, 0x0888,
    0x0888, 0x0888, 0x0888, 0x0888, 0x0888, 0x0888, 0x0888, 0x0888,
    0x0888, 0x0888, 0x0888, 0x0888, 0x0888, 0x0888, 0x0888, 0x0888,
    0x0888, 0x0888, 0x0888, 0x0888, 0x0888, 0x0888, 0x0888, 0x0888,
    0x0888, 0x0888, 0x0888, 0x0888, 0x0888, 0x0888, 0x0888, 0x0888,
    0x0888, 0x0888, 0x0888, 0x0888, 0x0888, 0x0888, 0x0888, 0x0888,
    0x0888, 0x0888, 0x0888, 0x0888, 0x0888, 0x0888, 0x0888, 0x0888,
    0x0888, 0x0888, 0x0888, 0x0888, 0x0888, 0x0888, 0x0888, 0x0888,
    0x0888, 0x0888, 0x0888, 0x0888, 0x0888, 0x0888, 0x0888, 0x0888,
    0x0888, 0x0888, 0x0888, 0x0888, 0x0888, 0x0888, 0x0888, 0x0888,
    0x0888, 0x0888, 0x0888, 0x0888, 0x0888, 0x0888, 0x0888, 0x0888,
    0x0888, 0x0888, 0x0888, 0x0888, 0x0888, 0x0888, 0x0888, 0x0888,
    0x0888, 0x0888, 0x0888, 0x0888, 0x0888, 0x0888, 0x0888, 0x0888,
    0x0888, 0x0888, 0x0888, 0x0888, 0x0888, 0x0888, 0x0888, 0x0888,
    0x0888, 0x0888, 0x0888, 0x0888, 0x0888, 0x0888, 0x0888, 0x0888,
    0x0888, 0x0888, 0x0888, 0x0888, 0x0888, 0x0888, 0x0888, 0x0888,
    0x0888, 0x0888, 0x0888, 0x0888, 0x0888, 0x0888, 0x0888, 0x0888,
    0x0888, 0x0888, 0x0888, 0x0888, 0x0888, 0x0888, 0x0888, 0x0888,
    0x0888, 0x0888, 0x0888, 0x0888, 0x0888, 0x0888, 0x0888, 0x0888,
    0x0888, 0x0888, 0x0888, 0x0888, 0x0888, 0x0888, 0x0888, 0x0888,
    0x0888, 0x0888, 0x0888, 0x0888, 0x0888, 0x0888, 0x0888, 0x0888,
    0x0888, 0x0888, 0x0888, 0x0888, 0x0888, 0x0888, 0x0888, 0x0888,
    0x0888, 0x0888, 0x0888, 0x0888, 0x0888, 0x0888, 0x0888, 0x0888,
    0x0888, 0x0888, 0x0888, 0x0888, 0x0888, 0x0888, 0x0888, 0x0888,
    0x0888, 0x0888, 0x0888, 0x0888, 0x0888, 0x0888, 0x0888, 0x0888,
    0x0888, 0x0888, 0x0888, 0x0888, 0x0888, 0x0888, 0x0888, 0x0888,
    0x0888, 0x0888, 0x0888, 0x0888, 0x0888, 0x0888, 0x0888, 0x0888,
    0x0888, 0x0888, 0x0888, 0x0888, 0x0888, 0x0888, 0x0888, 0x0888,
    0x0888, 0x0888, 0x0888, 0x0888, 0x0888, 0x0888, 0x0888, 0x0888,
    0x0888, 0x0888, 0x0888, 0x0888, 0x0888, 0x0888, 0x0888, 0x0888,
    0x0888, 0x0888, 0x0888, 0x0888, 0x0888, 0x0888, 0x0888, 0x0888,
    0x0888, 0x0888, 0x0888, 0x0888, 0x0888, 0x0888, 0x0888, 0x0888,
    0x0888, 0x0888, 0x0888, 0x0888, 0x0888, 0x0888, 0x0888, 0x0888,
    0x0888, 0x0888, 0x0888, 0x0888, 0x0888, 0x0888, 0x0888, 0x0888,
    0x0888, 0x0888, 0x0888, 0x0888, 0x0888, 0x0888, 0x0888, 0x0888,
    0x0888, 0x0888, 0x0888, 0x0888, 0x0888, 0x0888, 0x0888, 0x0888,
    0x0888, 0x0888, 0x0888, 0x0888, 0x0888, 0x0888, 0x0888, 0x0888,
    0x0888, 0x0888, 0x0888, 0x0888, 0x0888, 0x0888, 0x0888, 0x0888,
    0x0888, 0x0888, 0x0888, 0x0888, 0x0888, 0x0888, 0x0888, 0x0888,
    0x0888, 0x0888, 0x0888, 0x0888, 0x0888, 0x0888, 0x0888, 0x0888,
    0x0888, 0x0888, 0x0888, 0x0888, 0x0888, 0x0888, 0x0888, 0x0888,
    0x0888, 0x0888, 0x0888, 0x0888, 0x0888, 0x0888, 0x0888, 0x0888,
    0x0888, 0x0888, 0x0888, 0x0888, 0x0888, 0x0888, 0x0888, 0x0888,
    0x0888, 0x0888, 0x0888, 0x0888, 0x0888, 0x0888, 0x0888, 0x0888,
    0x0888, 0x0888, 0x0888, 0x0888, 0x0888, 0x0888, 0x0888, 0x0888,
    0x0888, 0x0888, 0x0888, 0x0888, 0x0888, 0x0888, 0x0888, 0x0888,
    0x0888, 0x0888, 0x0888, 0x0888, 0x0888, 0x0888, 0x0888, 0x0888,
    0x0888, 0x0888, 0x0888, 0x0888, 0x0888, 0x0888, 0x0888, 0x0888,
    0x0888, 0x0888, 0x0888, 0x0888, 0x0888, 0x0888, 0x0888, 0x0888,
    0x0888, 0x0888, 0x0888, 0x0888, 0x0888, 0x0888, 0x0888, 0x0888,
    0x0888, 0x0888, 0x0888, 0x0888, 0x0888, 0x0888, 0x0888, 0x0888,
    0x0888, 0x0888, 0x0888, 0x0888, 0x0888, 0x0888, 0x0888, 0x0888,
    0x0888, 0x0888, 0x0888, 0x0888, 0x0888, 0x0888, 0x0888, 0x0888,
    0x0888, 0x0888, 0x0888, 0x0888, 0x0888, 0x0888, 0x0888, 0x0888,
    0x0888, 0x0888, 0x0888, 0x0888, 0x0888, 0x0888, 0x0888, 0x0888,
    0x0888, 0x0888, 0x0888, 0x0888, 0x0888, 0x0888, 0x0888, 0x0888,
    0x0888, 0x0888, 0x0888, 0x0888, 0x0888, 0x0888, 0x0888, 0x0888,
    0x0888, 0x0888, 0x0888, 0x0888, 0x0888, 0x0888, 0x0888, 0x0888,
    0x0888, 0x0888, 0x0888, 0x0888, 0x0888, 0x0888, 0x0888, 0x0888,
    0x0888, 0x0888, 0x0888, 0x0888, 0x0888, 0x0888, 0x0888, 0x0888,
    0x0888, 0x0888, 0x0888, 0x0888, 0x0888, 0x0888, 0x0888, 0x0888,
    0x0888, 0x0888, 0x0888, 0x0888, 0x0888, 0x0888, 0x0888, 0x0888,
    0x0888, 0x0888, 0x0888, 0x0888, 0x0888, 0x0888, 0x0888, 0x0888,
    0x0888, 0x0888, 0x0888, 0x0888, 0x0888, 0x0888, 0x0888, 0x0888,
    0x0888, 0x0888, 0x0888, 0x0888, 0x0888, 0x0888, 0x0888, 0x0888,
    0x0888, 0x0888, 0x0888, 0x0888, 0x0888, 0x0888, 0x0888, 0x0888,
    0x0888, 0x0888, 0x0888, 0x0888, 0x0888, 0x0888, 0x0888, 0x0888,
    0x0888, 0x0888, 0x0888, 0x0888, 0x0888, 0x0888, 0x0888, 0x0888,
    0x0888, 0x0888, 0x0888, 0x0888, 0x0888, 0x0888, 0x0888, 0x0888,
    0x0888, 0x0888, 0x0888, 0x0888, 0x0888, 0x0888, 0x0888, 0x0888,
    0x0888, 0x0888, 0x0888, 0x0888, 0x0888, 0x0888, 0x0888, 0x0888,
    0x0888, 0x0888, 0x0888, 0x0888, 0x0888, 0x0888, 0x0888, 0x0888,
    0x0888, 0x0888, 0x0888, 0x0888, 0x0888, 0x0888, 0x0888, 0x0888,
    0x0888, 0x0888, 0x0888, 0x0888, 0x0888, 0x0888, 0x0888, 0x0888,
    0x0888, 0x0888, 0x0888, 0x0888, 0x0888, 0x0888, 0x0888, 0x0888,
    0x0888, 0x0888, 0x0888, 0x0888, 0x0888, 0x0888, 0x0888, 0x0888,
    0x0888, 0x0888, 0x0888, 0x0888, 0x0888, 0x0888, 0x0888, 0x0888,
    0x0888, 0x0888, 0x0888, 0x0888, 0x0888, 0x0888, 0x0888, 0x0888,
    0x0888, 0x0888, 0x0888, 0x0888, 0x0888, 0x0888, 0x0888, 0x0888,
    0x0888, 0x0888, 0x0888, 0x0888, 0x0888, 0x0888, 0x0888, 0x0888,
    0x0888, 0x0888, 0x0888, 0x0888, 0x0888, 0x0888, 0x0888, 0x0888,
    0x0888, 0x0888, 0x0888, 0x0888, 0x0888, 0x0888, 0x0888, 0x0888,
    0x0888, 0x0888, 0x0888, 0x0888, 0x0888, 0x0888, 0x0888, 0x0888,
    0x0888, 0x0888, 0x0888, 0x0888, 0x0888, 0x0888, 0x0888, 0x0888,
    0x0888, 0x0888, 0x0888, 0x0888, 0x0888, 0x0888, 0x0888, 0x0888,
    0x0888, 0x0888, 0x0888, 0x0888, 0x0888, 0x0888, 0x0888, 0x0888,
    0x0888, 0x0888, 0x0888, 0x0888, 0x0888, 0x0888, 0x0888, 0x0888,
    0x0888, 0x0888, 0x0888, 0x0888, 0x0888, 0x0888, 0x0888, 0x0888,
    0x0888, 0x0888, 0x0888, 0x0888, 0x0888, 0x0888, 0x0888, 0x0888,
    0x0888, 0x0888, 0x0888, 0x0888, 0x0888, 0x0888, 0x0888, 0x0888,
    0x0888, 0x0888, 0x0888, 0x0888, 0x0888, 0x0888, 0x0888, 0x0888,
    0x0888, 0x0888, 0x0888, 0x0888, 0x0888, 0x0888, 0x0888, 0x0888,
    0x0888, 0x0888, 0x0888, 0x0888, 0x0888, 0x0888, 0x0888, 0x0888,
    0x0888, 0x0888, 0x0888, 0x0888, 0x0888, 0x0888, 0x0888, 0x0888,
    0x0888, 0x0888, 0x0888, 0x0888, 0x0888, 0x0888, 0x0888, 0x0888,
    0x0888, 0x0888, 0x0888, 0x0888, 0x0888, 0x0888, 0x0888, 0x0888,
    0x0888, 0x0888, 0x0888, 0x0888, 0x0888, 0x0888, 0x0888, 0x0888,
    0x0888, 0x0888, 0x0888, 0x0888, 0x0888, 0x0888, 0x0888, 0x0888,
    0x0888, 0x0888, 0x0888, 0x0888, 0x0888, 0x0888, 0x0888, 0x0888,
    0x0888, 0x0888, 0x0888, 0x0888, 0x0888, 0x0888, 0x0888, 0x0888,
    0x0888, 0x0888, 0x0888, 0x0888, 0x0888, 0x0888, 0x0888, 0x0888,
    0x0888, 0x0888, 0x0888, 0x0888, 0x0888, 0x0888, 0x0888, 0x0888,
    0x0888, 0x0888, 0x0888, 0x0888, 0x0888, 0x0888, 0x0888, 0x0888,
    0x0888, 0x0888, 0x0888, 0x0888, 0x0888, 0x0888, 0x0888, 0x0888,
    0x0888, 0x0888, 0x0888, 0x0888, 0x0888, 0x0888, 0x0888, 0x0888,
    0x0888, 0x0888, 0x0888, 0x0888, 0x0888, 0x0888, 0x0888, 0x0888,
    0x0888, 0x0888, 0x0888, 0x0888, 0x0888, 0x0888, 0x0888, 0x0888,
    0x0888, 0x0888, 0x0888, 0x0888, 0x0888, 0x0888, 0x0888, 0x0888,
    0x0888, 0x0888, 0x0888, 0x0888, 0x0888, 0x0888, 0x0888, 0x0888,
    0x0888, 0x0888, 0x0888, 0x0888, 0x0888, 0x0888, 0x0888, 0x0888,
    0x0888, 0x0888, 0x0888, 0x0888, 0x0888, 0x0888, 0x0888, 0x0888,
    0x0888, 0x0888, 0x0888, 0x0888, 0x0888, 0x0888, 0x0888, 0x0888,
    0x0888, 0x0888, 0x0888, 0x0888, 0x0888, 0x0888, 0x0888, 0x0888,
    0x0888, 0x0888, 0x0888, 0x0888, 0x0888, 0x0888, 0x0888, 0x0888,
    0x0888, 0x0888, 0x0888, 0x0888, 0x0888, 0x0888, 0x0888, 0x0888,
    0x0888, 0x0888, 0x0888, 0x0888, 0x0888, 0x0888, 0x0888, 0x0888,
    0x0888, 0x0888, 0x0888, 0x0888, 0x0888, 0x0888, 0x0888, 0x0888,
    0x0888, 0x0888, 0x0888, 0x0888, 0x0888, 0x0888, 0x0888, 0x0888,
    0x0888, 0x0888, 0x0888, 0x0888, 0x0888, 0x0888, 0x0888, 0x0888,
    0x0888, 0x0888, 0x0888, 0x0888, 0x0888, 0x0888, 0x0888, 0x0888,
    0x0888, 0x0888, 0x0888, 0x0888, 0x0888, 0x0888, 0x0888, 0x0888,
    0x0888, 0x0888, 0x0888, 0x0888, 0x0888, 0x0888, 0x0888, 0x0888,
    0x0888, 0x0888, 0x0888, 0x0888, 0x0888, 0x0888, 0x0888, 0x0888,
    0x0888, 0x0888, 0x0888, 0x0888, 0x0888, 0x0888, 0x0888, 0x0888,
    0x0888, 0x0888, 0x0888, 0x0888, 0x0888, 0x0888, 0x0888, 0x0888,
    0x0888, 0x0888, 0x0888, 0x0888, 0x0888, 0x0888, 0x0888, 0x0888,
    0x0888, 0x0888, 0x0888, 0x0888, 0x0888, 0x0888, 0x0888, 0x0888,
    0x0888, 0x0888, 0x0888, 0x0888, 0x0888, 0x0888, 0x0888, 0x0888,
    0x0888, 0x0888, 0x0888, 0x0888, 0x0888, 0x0888, 0x0888, 0x0888,
    0x0888, 0x0888, 0x0888, 0x0888, 0x0888, 0x0888, 0x0888, 0x0888,
    0x0888, 0x0888, 0x0888, 0x0888, 0x0888, 0x0888, 0x0888, 0x0888,
    0x0888, 0x0888, 0x0888, 0x0888, 0x0888, 0x0888, 0x0888, 0x0888,
    0x0888, 0x0888, 0x0888, 0x0888, 0x0888, 0x0888, 0x0888, 0x0888,
    0x0888, 0x0888, 0x0888, 0x0888, 0x0888, 0x0888, 0x0888, 0x0888,
    0x0888, 0x0888, 0x0888, 0x0888, 0x0888, 0x0888, 0x0888, 0x0888,
    0x0888, 0x0888, 0x0888, 0x0888, 0x0888, 0x0888, 0x0888, 0x0888,
    0x0888, 0x0888, 0x0888, 0x0888, 0x0888, 0x0888, 0x0888, 0x0888,
    0x0888, 0x0888, 0x0888, 0x0888, 0x0888, 0x0888, 0x0888, 0x0888,
    0x0888, 0x0888, 0x0888, 0x0888, 0x0888, 0x0888, 0x0888, 0x0888,
    0x0888, 0x0888, 0x0888, 0x0888, 0x0888, 0x0888, 0x0888, 0x0888,
    0x0888, 0x0888, 0x0888, 0x0888, 0x0888, 0x0888, 0x0888, 0x0888,
    0x0888, 0x0888, 0x0888, 0x0888, 0x0888, 0x0888, 0x0888, 0x0888,
    0x0888, 0x0888, 0x0888, 0x0888, 0x0888, 0x0888, 0x0888, 0x0888,
    0x0888, 0x0888, 0x0888, 0x0888, 0x0888, 0x0888, 0x0888, 0x0888,
    0x0888, 0x0888, 0x0888, 0x0888, 0x0888, 0x0888, 0x0888, 0x0888,
    0x0888, 0x0888, 0x0888, 0x0888, 0x0888, 0x0888, 0x0888, 0x0888,
    0x0888, 0x0888, 0x0888, 0x0888, 0x0888, 0x0888, 0x0888, 0x0888,
    0x0888, 0x0888, 0x0888, 0x0888, 0x0888, 0x0888, 0x0888, 0x0888,
    0x0888, 0x0888, 0x0888, 0x0888, 0x0888, 0x0888, 0x0888, 0x0888,
    0x0888, 0x0888, 0x0888, 0x0888, 0x0888, 0x0888, 0x0888, 0x0888,
    0x0888, 0x0888, 0x0888, 0x0888, 0x0888, 0x0888, 0x0888, 0x0888,
    0x0888, 0x0888, 0x0888, 0x0888, 0x0888, 0x0888, 0x0888, 0x0888,
    0x0888, 0x0888, 0x0888, 0x0888, 0x0888, 0x0888, 0x0888, 0x0888,
    0x0888, 0x0888, 0x0888, 0x0888, 0x0888, 0x0888, 0x0888, 0x0888,
    0x0888, 0x0888, 0x0888, 0x0888, 0x0888, 0x0888, 0x0888, 0x0888,
    0x0888, 0x0888, 0x0888, 0x0888, 0x0888, 0x0888, 0x0888, 0x0888,
    0x0888, 0x0888, 0x0888, 0x0888, 0x0888, 0x0888, 0x0888, 0x0888,
    0x0888, 0x0888, 0x0888, 0x0888, 0x0888, 0x0888, 0x0888, 0x0888,
    0x0888, 0x0888, 0x0888, 0x0888, 0x0888, 0x0888, 0x0888, 0x0888,
    0x0888, 0x0888, 0x0888, 0x0888, 0x0888, 0x0888, 0x0888, 0x0888,
    0x0888, 0x0888, 0x0888, 0x0888, 0x0888, 0x0888, 0x0888, 0x0888,
    0x0888, 0x0888, 0x0888, 0x0888, 0x0888, 0x0888, 0x0888, 0x0888,
    0x0888, 0x0888, 0x0888, 0x0888, 0x0888, 0x0888, 0x0888, 0x0888,
    0x0888, 0x0888, 0x0888, 0x0888, 0x0888, 0x0888, 0x0888, 0x0888,
    0x0888, 0x0888, 0x0888, 0x0888, 0x0888, 0x0888, 0x0888, 0x0888,
    0x0888, 0x0888, 0x0888, 0x0888, 0x0888, 0x0888, 0x0888, 0x0888,
    0x0888, 0x0888, 0x0888, 0x0888, 0x0888, 0x0888, 0x0888, 0x0888,
    0x0888, 0x0888, 0x0888, 0x0888, 0x0888, 0x0888, 0x0888, 0x0888,
    0x0888, 0x0888, 0x0888, 0x0888, 0x0888, 0x0888, 0x0888, 0x0888,
    0x0888, 0x0888, 0x0888, 0x0888, 0x0888, 0x0888, 0x0888, 0x0888,
    0x0888, 0x0888, 0x0888, 0x0888, 0x0888, 0x0888, 0x0888, 0x0888,
    0x0888, 0x0888, 0x0888, 0x0888, 0x0888, 0x0888, 0x0888, 0x0888,
    0x0888, 0x0888, 0x0888, 0x0888, 0x0888, 0x0888, 0x0888, 0x0888,
    0x0888, 0x0888, 0x0888, 0x0888, 0x0888, 0x0888, 0x0888, 0x0888,
    0x0888, 0x0888, 0x0888, 0x0888, 0x0888, 0x0888, 0x0888, 0x0888,
    0x0888, 0x0888, 0x0888, 0x0888, 0x0888, 0x0888, 0x0888, 0x0888,
    0x0888, 0x0888, 0x0888, 0x0888, 0x0888, 0x0888, 0x0888, 0x0888,
    0x0888, 0x0888, 0x0888, 0x0888, 0x0888, 0x0888, 0x0888, 0x0888,
    0x0888, 0x0888, 0x0888, 0x0888, 0x0888, 0x0888, 0x0888, 0x0888,
    0x0888, 0x0888, 0x0888, 0x0888, 0x0888, 0x0888, 0x0888, 0x0888,
    0x0888, 0x0888, 0x0888, 0x0888, 0x0888, 0x0888, 0x0888, 0x0888,
    0x0888, 0x0888, 0x0888, 0x0888, 0x0888, 0x0888, 0x0888, 0x0888,
    0x0888, 0x0888, 0x0888, 0x0888, 0x0888, 0x0888, 0x0888, 0x0888,
    0x0888, 0x0888, 0x0888, 0x0888, 0x0888, 0x0888, 0x0888, 0x0888,
    0x0888, 0x0888, 0x0888, 0x0888, 0x0888, 0x0888, 0x0888, 0x0888,
    0x0888, 0x0888, 0x0888, 0x0888, 0x0888, 0x0888, 0x0888, 0x0888,
    0x0888, 0x0888, 0x0888, 0x0888, 0x0888, 0x0888, 0x0888, 0x0888,
    0x0888, 0x0888, 0x0888, 0x0888, 0x0888, 0x0888, 0x0888, 0x0888,
    0x0888, 0x0888, 0x0888, 0x0888, 0x0888, 0x0888, 0x0888, 0x0888,
    0x0888, 0x0888, 0x0888, 0x0888, 0x0888, 0x0888, 0x0888, 0x0888,
    0x0888, 0x0888, 0x0888, 0x0888, 0x0888, 0x0888, 0x0888, 0x0888,
    0x0888, 0x0888, 0x0888, 0x0888, 0x0888, 0x0888, 0x0888, 0x0888,
    0x0888, 0x0888, 0x0888, 0x0888, 0x0888, 0x0888, 0x0888, 0x0888,
    0x0888, 0x0888, 0x0888, 0x0888, 0x0888, 0x0888, 0x0888, 0x0888,
    0x0888, 0x0888, 0x0888, 0x0888, 0x0888, 0x0888, 0x0888, 0x0888,
    0x0888, 0x0888, 0x0888, 0x0888, 0x0888, 0x0888, 0x0888, 0x0888,
    0x0888, 0x0888, 0x0888, 0x0888, 0x0888, 0x0888, 0x0888, 0x0888,
    0x0888, 0x0888, 0x0888, 0x0888, 0x0888, 0x0888, 0x0888, 0x0888,
    0x0888, 0x0888, 0x0888, 0x0888, 0x0888, 0x0888, 0x0888, 0x0888,
    0x0888, 0x0888, 0x0888, 0x0888, 0x0888, 0x0888, 0x0888, 0x0888,
    0x0888, 0x0888, 0x0888, 0x0888, 0x0888, 0x0888, 0x0888, 0x0888,
    0x0888, 0x0888, 0x0888, 0x0888, 0x0888, 0x0888, 0x0888, 0x0888,
    0x0888, 0x0888, 0x0888, 0x0888, 0x0888, 0x0888, 0x0888, 0x0888,
    0x0888, 0x0888, 0x0888, 0x0888, 0x0888, 0x0888, 0x0888, 0x0888,
    0x0888, 0x0888, 0x0888, 0x0888, 0x0888, 0x0888, 0x0888, 0x0888,
    0x0888, 0x0888, 0x0888, 0x0888, 0x0888, 0x0888, 0x0888, 0x0888,
    0x0888, 0x0888, 0x0888, 0x0888, 0x0888, 0x0888, 0x0888, 0x0888,
    0x0888, 0x0888, 0x0888, 0x0888, 0x0888, 0x0888, 0x0888, 0x0888,
    0x0888, 0x0888, 0x0888, 0x0888, 0x0888, 0x0888, 0x0888, 0x0888,
    0x0888, 0x0888, 0x0888, 0x0888, 0x0888, 0x0888, 0x0888, 0x0888,
    0x0888, 0x0888, 0x0888, 0x0888, 0x0888, 0x0888, 0x0888, 0x0888,
    0x0888, 0x0888, 0x0888, 0x0888, 0x0888, 0x0888, 0x0888, 0x0888,
    0x0888, 0x0888, 0x0888, 0x0888, 0x0888, 0x0888, 0x0888, 0x0888,
    0x0888, 0x0888, 0x0888, 0x0888, 0x0888, 0x0888, 0x0888, 0x0888,
    0x0888, 0x0888, 0x0888, 0x0888, 0x0888, 0x0888, 0x0888, 0x0888,
    0x0888, 0x0888, 0x0888, 0x0888, 0x0888, 0x0888, 0x0888, 0x0888,
    0x0888, 0x0888, 0x0888, 0x0888, 0x0888, 0x0888, 0x0888, 0x0888,
    0x0888, 0x0888, 0x0888, 0x0888, 0x0888, 0x0888, 0x0888, 0x0888,
    0x0888, 0x0888, 0x0888, 0x0888, 0x0888, 0x0888, 0x0888, 0x0888,
    0x0888, 0x0888, 0x0888, 0x0888, 0x0888, 0x0888, 0x0888, 0x0888,
    0x0888, 0x0888, 0x0888, 0x0888, 0x0888, 0x0888, 0x0888, 0x0888,
    0x0888, 0x0888, 0x0888, 0x0888, 0x0888, 0x0888, 0x0888, 0x0888,
    0x0888, 0x0888, 0x0888, 0x0888, 0x0888, 0x0888, 0x0888, 0x0888,
    0x0888, 0x0888, 0x0888, 0x0888, 0x0888, 0x0888, 0x0888, 0x0888,
    0x0888, 0x0888, 0x0888, 0x0888, 0x0888, 0x0888, 0x0888, 0x0888,
    0x0888, 0x0888, 0x0888, 0x0888, 0x0888, 0x0888, 0x0888, 0x0888,
    0x0888, 0x0888, 0x0888, 0x0888, 0x0888, 0x0888, 0x0888, 0x0888,
    0x0888, 0x0888, 0x0888, 0x0888, 0x0888, 0x0888, 0x0888, 0x0888,
    0x0888, 0x0888, 0x0888, 0x0888, 0x0888, 0x0888, 0x0888, 0x0888,
    0x0888, 0x0888, 0x0888, 0x0888, 0x0888, 0x0888, 0x0888, 0x0888,
    0x0888, 0x0888, 0x0888, 0x0888, 0x0888, 0x0888, 0x0888, 0x0888,
    0x0888, 0x0888, 0x0888, 0x0888, 0x0888, 0x0888, 0x0888, 0x0888,
    0x0888, 0x0888, 0x0888, 0x0888, 0x0888, 0x0888, 0x0888, 0x0888,
    0x0888, 0x0888, 0x0888, 0x0888, 0x0888, 0x0888, 0x0888, 0x0888,
    0x0888, 0x0888, 0x0888, 0x0888, 0x0888, 0x0888, 0x0888, 0x0888,
    0x0888, 0x0888, 0x0888, 0x0888, 0x0888, 0x0888, 0x0888, 0x0888,
    0x0888, 0x0888, 0x0888, 0x0888, 0x0888, 0x0888, 0x0888, 0x0888,
    0x0888, 0x0888, 0x0888, 0x0888, 0x0888, 0x0888, 0x0888, 0x0888,
    0x0888, 0x0888, 0x0888, 0x0888, 0x0888, 0x0888, 0x0888, 0x0888,
    0x0888, 0x0888, 0x0888, 0x0888, 0x0888, 0x0888, 0x0888, 0x0888,
    0x0888, 0x0888, 0x0888, 0x0888, 0x0888, 0x0888, 0x0888, 0x0888,
    0x0888, 0x0888, 0x0888, 0x0888, 0x0888, 0x0888, 0x0888, 0x0888,
    0x0888, 0x0888, 0x0888, 0x0888, 0x0888, 0x0888, 0x0888, 0x0888,
    0x0888, 0x0888, 0x0888, 0x0888, 0x0888, 0x0888, 0x0888, 0x0888,
    0x0888, 0x0888, 0x0888, 0x0888, 0x0888, 0x0888, 0x0888, 0x0888,
    0x0888, 0x0888, 0x0888, 0x0888, 0x0888, 0x0888, 0x0888, 0x0888,
    0x0888, 0x0888, 0x0888, 0x0888, 0x0888, 0x0888, 0x0888, 0x0888,
    0x0888, 0x0888, 0x0888, 0x0888, 0x0888, 0x0888, 0x0888, 0x0888,
    0x0888, 0x0888, 0x0888, 0x0888, 0x0888, 0x0888, 0x0888, 0x0888,
    0x0888, 0x0888, 0x0888, 0x0888, 0x0888, 0x0888, 0x0888, 0x0888,
    0x0888, 0x0888, 0x0888, 0x0888, 0x0888, 0x0888, 0x0888, 0x0888,
    0x0888, 0x0888, 0x0888, 0x0888, 0x0888, 0x0888, 0x0888, 0x0888,
    0x0888, 0x0888, 0x0888, 0x0888, 0x0888, 0x0888, 0x0888, 0x0888,
    0x0888, 0x0888, 0x0888, 0x0888, 0x0888, 0x0888, 0x0888, 0x0888,
    0x0888, 0x0888, 0x0888, 0x0888, 0x0888, 0x0888, 0x0888, 0x0888,
    0x0888, 0x0888, 0x0888, 0x0888, 0x0888, 0x0888, 0x0888, 0x0888,
    0x0888, 0x0888, 0x0888, 0x0888, 0x0888, 0x0888, 0x0888, 0x0888,
    0x0888, 0x0888, 0x0888, 0x0888, 0x0888, 0x0888, 0x0888, 0x0888,
    0x0888, 0x0888, 0x0888, 0x0888, 0x0888, 0x0888, 0x0888, 0x0888,
    0x0888, 0x0888, 0x0888, 0x0888, 0x0888, 0x0888, 0x0888, 0x0888,
    0x0888, 0x0888, 0x0888, 0x0888, 0x0888, 0x0888, 0x0888, 0x0888,
    0x0888, 0x0888, 0x0888, 0x0888, 0x0888, 0x0888, 0x0888, 0x0888,
    0x0888, 0x0888, 0x0888, 0x0888, 0x0888, 0x0888, 0x0888, 0x0888,
    0x0888, 0x0888, 0x0888, 0x0888, 0x0888, 0x0888, 0x0888, 0x0888,
    0x0888, 0x0888, 0x0888, 0x0888, 0x0888, 0x0888, 0x0888, 0x0888,
    0x0888, 0x0888, 0x0888, 0x0888, 0x0888, 0x0888, 0x0888, 0x0888,
    0x0888, 0x0888, 0x0888, 0x0888, 0x0888, 0x0888, 0x0888, 0x0888,
    0x0888, 0x0888, 0x0888, 0x0888, 0x0888, 0x0888, 0x0888, 0x0888,
    0x0888, 0x0888, 0x0888, 0x0888, 0x0888, 0x0888, 0x0888, 0x0888,
    0x0888, 0x0888, 0x0888, 0x0888, 0x0888, 0x0888, 0x0888, 0x0888,
    0x0888, 0x0888, 0x0888, 0x0888, 0x0888, 0x0888, 0x0888, 0x0888,
    0x0888, 0x0888, 0x0888, 0x0888, 0x0888, 0x0888, 0x0888, 0x0888,
    0x0888, 0x0888, 0x0888, 0x0888, 0x0888, 0x0888, 0x0888, 0x0888,
    0x0888, 0x0888, 0x0888, 0x0888, 0x0888, 0x0888, 0x0888, 0x0888,
    0x0888, 0x0888, 0x0888, 0x0888, 0x0888, 0x0888, 0x0888, 0x0888,
    0x0888, 0x0888, 0x0888, 0x0888, 0x0888, 0x0888, 0x0888, 0x0888,
    0x0888, 0x0888, 0x0888, 0x0888, 0x0888, 0x0888, 0x0888, 0x0888,
    0x0888, 0x0888, 0x0888, 0x0888, 0x0888, 0x0888, 0x0888, 0x0888,
    0x0888, 0x0888, 0x0888, 0x0888, 0x0888, 0x0888, 0x0888, 0x0888,
    0x0888, 0x0888, 0x0888, 0x0888, 0x0888, 0x0888, 0x0888, 0x0888,
    0x0888, 0x0888, 0x0888, 0x0888, 0x0888, 0x0888, 0x0888, 0x0888,
    0x0888, 0x0888, 0x0888, 0x0888, 0x0888, 0x0888, 0x0888, 0x0888,
    0x0888, 0x0888, 0x0888, 0x0888, 0x0888, 0x0888, 0x0888, 0x0888,
    0x0888, 0x0888, 0x0888, 0x0888, 0x0888, 0x0888, 0x0888, 0x0888,
    0x0888, 0x0888, 0x0888, 0x0888, 0x0888, 0x0888, 0x0888, 0x0888,
    0x0888, 0x0888, 0x0888, 0x0888, 0x0888, 0x0888, 0x0888, 0x0888,
    0x0888, 0x0888, 0x0888, 0x0888, 0x0888, 0x0888, 0x0888, 0x0888,
    0x0888, 0x0888, 0x0888, 0x0888, 0x0888, 0x0888, 0x0888, 0x0888,
    0x0888, 0x0888, 0x0888, 0x0888, 0x0888, 0x0888, 0x0888, 0x0888,
    0x0888, 0x0888, 0x0888, 0x0888, 0x0888, 0x0888, 0x0888, 0x0888,
    0x0888, 0x0888, 0x0888, 0x0888, 0x0888, 0x0888, 0x0888, 0x0888,
    0x0888, 0x0888, 0x0888, 0x0888, 0x0888, 0x0888, 0x0888, 0x0888,
    0x0888, 0x0888, 0x0888, 0x0888, 0x0888, 0x0888, 0x0888, 0x0888,
    0x0888, 0x0888, 0x0888, 0x0888, 0x0888, 0x0888, 0x0888, 0x0888,
    0x0888, 0x0888, 0x0888, 0x0888, 0x0888, 0x0888, 0x0888, 0x0888,
    0x0888, 0x0888, 0x0888, 0x0888, 0x0888, 0x0888, 0x0888, 0x0888,
    0x0888, 0x0888, 0x0888, 0x0888, 0x0888, 0x0888, 0x0888, 0x0888,
    0x0888, 0x0888, 0x0888, 0x0888, 0x0888, 0x0888, 0x0888, 0x0888,
    0x0888, 0x0888, 0x0888, 0x0888, 0x0888, 0x0888, 0x0888, 0x0888,
    0x0888, 0x0888, 0x0888, 0x0888, 0x0888, 0x0888, 0x0888, 0x0888,
    0x0888, 0x0888, 0x0888, 0x0888, 0x0888, 0x0888, 0x0888, 0x0888,
    0x0888, 0x0888, 0x0888, 0x0888, 0x0888, 0x0888, 0x0888, 0x0888,
    0x0888, 0x0888, 0x0888, 0x0888, 0x0888, 0x0888, 0x0888, 0x0888,
    0x0888, 0x0888, 0x0888, 0x0888, 0x0888, 0x0888, 0x0888, 0x0888,
    0x0888, 0x0888, 0x0888, 0x0888, 0x0888, 0x0888, 0x0888, 0x0888,
    0x0888, 0x0888, 0x0888, 0x0888, 0x0888, 0x0888, 0x0888, 0x0888,
    0x0888, 0x0888, 0x0888, 0x0888, 0x0888, 0x0888, 0x0888, 0x0888,
    0x0888, 0x0888, 0x0888, 0x0888, 0x0888, 0x0888, 0x0888, 0x0888,
    0x0888, 0x0888, 0x0888, 0x0888, 0x0888, 0x0888, 0x0888, 0x0888,
    0x0888, 0x0888, 0x0888, 0x0888, 0x0888, 0x0888, 0x0888, 0x0888,
    0x0888, 0x0888, 0x0888, 0x0888, 0x0888, 0x0888, 0x0888, 0x0888,
    0x0888, 0x0888, 0x0888, 0x0888, 0x0888, 0x0888, 0x0888, 0x0888,
    0x0888, 0x0888, 0x0888, 0x0888, 0x0888, 0x0888, 0x0888, 0x0888,
    0x0888, 0x0888, 0x0888, 0x0888, 0x0888, 0x0888, 0x0888, 0x0888,
    0x0888, 0x0888, 0x0888, 0x0888, 0x0888, 0x0888, 0x0888, 0x0888,
    0x0888, 0x0888, 0x0888, 0x0888, 0x0888, 0x0888, 0x0888, 0x0888,
    0x0888, 0x0888, 0x0888, 0x0888, 0x0888, 0x0888, 0x0888, 0x0888,
    0x0888, 0x0888, 0x0888, 0x0888, 0x0888, 0x0888, 0x0888, 0x0888,
    0x0888, 0x0888, 0x0888, 0x0888, 0x0888, 0x0888, 0x0888, 0x0888,
    0x0888, 0x0888, 0x0888, 0x0888, 0x0888, 0x0888, 0x0888, 0x0888,
    0x0888, 0x0888, 0x0888, 0x0888, 0x0888, 0x0888, 0x0888, 0x0888,
    0x0888, 0x0888, 0x0888, 0x0888, 0x0888, 0x0888, 0x0888, 0x0888,
    0x0888, 0x0888, 0x0888, 0x0888, 0x0888, 0x0888, 0x0888, 0x0888,
    0x0888, 0x0888, 0x0888, 0x0888, 0x0888, 0x0888, 0x0888, 0x0888,
    0x0888, 0x0888, 0x0888, 0x0888, 0x0888, 0x0888, 0x0888, 0x0888,
    0x0888, 0x0888, 0x0888, 0x0888, 0x0888, 0x0888, 0x0888, 0x0888,
    0x0888, 0x0888, 0x0888, 0x0888, 0x0888, 0x0888, 0x0888, 0x0888,
    0x0888, 0x0888, 0x0888, 0x0888, 0x0888, 0x0888, 0x0888, 0x0888,
    0x0888, 0x0888, 0x0888, 0x0888, 0x0888, 0x0888, 0x0888, 0x0888,
    0x0888, 0x0888, 0x0888, 0x0888, 0x0888, 0x0888, 0x0888, 0x0888,
    0x0888, 0x0888, 0x0888, 0x0888, 0x0888, 0x0888, 0x0888, 0x0888,
    0x0888, 0x0888, 0x0888, 0x0888, 0x0888, 0x0888, 0x0888, 0x0888,
    0x0888, 0x0888, 0x0888, 0x0888, 0x0888, 0x0888, 0x0888, 0x0888,
    0x0888, 0x0888, 0x0888, 0x0888, 0x0888, 0x0888, 0x0888, 0x0888,
    0x0888, 0x0888, 0x0888, 0x0888, 0x0888, 0x0888, 0x0888, 0x0888,
    0x0888, 0x0888, 0x0888, 0x0888, 0x0888, 0x0888, 0x0888, 0x0888,
    0x0888, 0x0888, 0x0888, 0x0888, 0x0888, 0x0888, 0x0888, 0x0888,
    0x0888, 0x0888, 0x0888, 0x0888, 0x0888, 0x0888, 0x0888, 0x0888,
    0x0888, 0x0888, 0x0888, 0x0888, 0x0888, 0x0888, 0x0888, 0x0888,
    0x0888, 0x0888, 0x0888, 0x0888, 0x0888, 0x0888, 0x0888, 0x0888,
    0x0888, 0x0888, 0x0888, 0x0888, 0x0888, 0x0888, 0x0888, 0x0888,
    0x0888, 0x0888, 0x0888, 0x0888, 0x0888, 0x0888, 0x0888, 0x0888,
    0x0888, 0x0888, 0x0888, 0x0888, 0x0888, 0x0888, 0x0888, 0x0888,
    0x0888, 0x0888, 0x0888, 0x0888, 0x0888, 0x0888, 0x0888, 0x0888,
    0x0888, 0x0888, 0x0888, 0x0888, 0x0888, 0x0888, 0x0888, 0x0888,
    0x0888, 0x0888, 0x0888, 0x0888, 0x0888, 0x0888, 0x0888, 0x0888,
    0x0888, 0x0888, 0x0888, 0x0888, 0x0888, 0x0888, 0x0888, 0x0888,
    0x0888, 0x0888, 0x0888, 0x0888, 0x0888, 0x0888, 0x0888, 0x0888,
    0x0888, 0x0888, 0x0888, 0x0888, 0x0888, 0x0888, 0x0888, 0x0888,
    0x0888, 0x0888, 0x0888, 0x0888, 0x0888, 0x0888, 0x0888, 0x0888,
    0x0888, 0x0888, 0x0888, 0x0888, 0x0888, 0x0888, 0x0888, 0x0888,
    0x0888, 0x0888, 0x0888, 0x0888, 0x0888, 0x0888, 0x0888, 0x0888,
    0x0888, 0x0888, 0x0888, 0x0888, 0x0888, 0x0888, 0x0888, 0x0888,
    0x0888, 0x0888, 0x0888, 0x0888, 0x0888, 0x0888, 0x0888, 0x0888,
    0x0888, 0x0888, 0x0888, 0x0888, 0x0888, 0x0888, 0x0888, 0x0888,
    0x0888, 0x0888, 0x0888, 0x0888, 0x0888, 0x0888, 0x0888, 0x0888,
    0x0888, 0x0888, 0x0888, 0x0888, 0x0888, 0x0888, 0x0888, 0x0888,
    0x0888, 0x0888, 0x0888, 0x0888, 0x0888, 0x0888, 0x0888, 0x0888,
    0x0888, 0x0888, 0x0888, 0x0888, 0x0888, 0x0888, 0x0888, 0x0888,
    0x0888, 0x0888, 0x0888, 0x0888, 0x0888, 0x0888, 0x0888, 0x0888,
    0x0888, 0x0888, 0x0888, 0x0888, 0x0888, 0x0888, 0x0888, 0x0888,
    0x0888, 0x0888, 0x0888, 0x0888, 0x0888, 0x0888, 0x0888, 0x0888,
    0x0888, 0x0888, 0x0888, 0x0888, 0x0888, 0x0888, 0x0888, 0x0888,
    0x0888, 0x0888, 0x0888, 0x0888, 0x0888, 0x0888, 0x0888, 0x0888,
    0x0888, 0x0888, 0x0888, 0x0888, 0x0888, 0x0888, 0x0888, 0x0888,
    0x0888, 0x0888, 0x0888, 0x0888, 0x0888, 0x0888, 0x0888, 0x0888,
    0x0888, 0x0888, 0x0888, 0x0888, 0x0888, 0x0888, 0x0888, 0x0888,
    0x0888, 0x0888, 0x0888, 0x0888, 0x0888, 0x0888, 0x0888, 0x0888,
    0x0888, 0x0888, 0x0888, 0x0888, 0x0888, 0x0888, 0x0888, 0x0888,
    0x0888, 0x0888, 0x0888, 0x0888, 0x0888, 0x0888, 0x0888, 0x0888,
    0x0888, 0x0888, 0x0888, 0x0888, 0x0888, 0x0888, 0x0888, 0x0888,
    0x0888, 0x0888, 0x0888, 0x0888, 0x0888, 0x0888, 0x0888, 0x0888,
    0x0888, 0x0888, 0x0888, 0x0888, 0x0888, 0x0888, 0x0888, 0x0888,
    0x0888, 0x0888, 0x0888, 0x0888, 0x0888, 0x0888, 0x0888, 0x0888,
    0x0888, 0x0888, 0x0888, 0x0888, 0x0888, 0x0888, 0x0888, 0x0888,
    0x0888, 0x0888, 0x0888, 0x0888, 0x0888, 0x0888, 0x0888, 0x0888,
    0x0888, 0x0888, 0x0888, 0x0888, 0x0888, 0x0888, 0x0888, 0x0888,
    0x0888, 0x0888, 0x0888, 0x0888, 0x0888, 0x0888, 0x0888, 0x0888,
    0x0888, 0x0888, 0x0888, 0x0888, 0x0888, 0x0888, 0x0888, 0x0888,
    0x0888, 0x0888, 0x0888, 0x0888, 0x0888, 0x0888, 0x0888, 0x0888,
    0x0888, 0x0888, 0x0888, 0x0888, 0x0888, 0x0888, 0x0888, 0x0888,
    0x0888, 0x0888, 0x0888, 0x0888, 0x0888, 0x0888, 0x0888, 0x0888,
    0x0888, 0x0888, 0x0888, 0x0888, 0x0888, 0x0888, 0x0888, 0x0888,
    0x0888, 0x0888, 0x0888, 0x0888, 0x0888, 0x0888, 0x0888, 0x0888,
    0x0888, 0x0888, 0x0888, 0x0888, 0x0888, 0x0888, 0x0888, 0x0888,
    0x0888, 0x0888, 0x0888, 0x0888, 0x0888, 0x0888, 0x0888, 0x0888,
    0x0888, 0x0888, 0x0888, 0x0888, 0x0888, 0x0888, 0x0888, 0x0888,
    0x0888, 0x0888, 0x0888, 0x0888, 0x0888, 0x0888, 0x0888, 0x0888,
    0x0888, 0x0888, 0x0888, 0x0888, 0x0888, 0x0888, 0x0888, 0x0888,
    0x0888, 0x0888, 0x0888, 0x0888, 0x0888, 0x0888, 0x0888, 0x0888,
    0x0888, 0x0888, 0x0888, 0x0888, 0x0888, 0x0888, 0x0888, 0x0888,
    0x0888, 0x0888, 0x0888, 0x0888, 0x0888, 0x0888, 0x0888, 0x0888,
    0x0888, 0x0888, 0x0888, 0x0888, 0x0888, 0x0888, 0x0888, 0x0888,
    0x0888, 0x0888, 0x0888, 0x0888, 0x0888, 0x0888, 0x0888, 0x0888,
    0x0888, 0x0888, 0x0888, 0x0888, 0x0888, 0x0888, 0x0888, 0x0888,
    0x0888, 0x0888, 0x0888, 0x0888, 0x0888, 0x0888, 0x0888, 0x0888,
    0x0888, 0x0888, 0x0888, 0x0888, 0x0888, 0x0888, 0x0888, 0x0888,
    0x0888, 0x0888, 0x0888, 0x0888, 0x0888, 0x0888, 0x0888, 0x0888,
    0x0888, 0x0888, 0x0888, 0x0888, 0x0888, 0x0888, 0x0888, 0x0888,
    0x0888, 0x0888, 0x0888, 0x0888, 0x0888, 0x0888, 0x0888, 0x0888,
    0x0888, 0x0888, 0x0888, 0x0888, 0x0888, 0x0888, 0x0888, 0x0888,
    0x0888, 0x0888, 0x0888, 0x0888, 0x0888, 0x0888, 0x0888, 0x0888,
    0x0888, 0x0888, 0x0888, 0x0888, 0x0888, 0x0888, 0x0888, 0x0888,
    0x0888, 0x0888, 0x0888, 0x0888, 0x0888, 0x0888, 0x0888, 0x0888,
    0x0888, 0x0888, 0x0888, 0x0888, 0x0888, 0x0888, 0x0888, 0x0888,
    0x0888, 0x0888, 0x0888, 0x0888, 0x0888, 0x0888, 0x0888, 0x0888,
    0x0888, 0x0888, 0x0888, 0x0888, 0x0888, 0x0888, 0x0888, 0x0888,
    0x0888, 0x0888, 0x0888, 0x0888, 0x0888, 0x0888, 0x0888, 0x0888,
    0x0888, 0x0888, 0x0888, 0x0888, 0x0888, 0x0888, 0x0888, 0x0888,
    0x0888, 0x0888, 0x0888, 0x0888, 0x0888, 0x0888, 0x0888, 0x0888,
    0x0888, 0x0888, 0x0888, 0x0888, 0x0888, 0x0888, 0x0888, 0x0888,
    0x0888, 0x0888, 0x0888, 0x0888, 0x0888, 0x0888, 0x0888, 0x0888,
    0x0888, 0x0888, 0x0888, 0x0888, 0x0888, 0x0888, 0x0888, 0x0888,
    0x0888, 0x0888, 0x0888, 0x0888, 0x0888, 0x0888, 0x0888, 0x0888,
    0x0888, 0x0888, 0x0888, 0x0888, 0x0888, 0x0888, 0x0888, 0x0888,
    0x0888, 0x0888, 0x0888, 0x0888, 0x0888, 0x0888, 0x0888, 0x0888,
    0x0888, 0x0888, 0x0888, 0x0888, 0x0888, 0x0888, 0x0888, 0x0888,
    0x0888, 0x0888, 0x0888, 0x0888, 0x0888, 0x0888, 0x0888, 0x0888,
    0x0888, 0x0888, 0x0888, 0x0888, 0x0888, 0x0888, 0x0888, 0x0888,
    0x0888, 0x0888, 0x0888, 0x0888, 0x0888, 0x0888, 0x0888, 0x0888,
    0x0888, 0x0888, 0x0888, 0x0888, 0x0888, 0x0888, 0x0888, 0x0888,
    0x0888, 0x0888, 0x0888, 0x0888, 0x0888, 0x0888, 0x0888, 0x0888,
    0x0888, 0x0888, 0x0888, 0x0888, 0x0888, 0x0888, 0x0888, 0x0888,
    0x0888, 0x0888, 0x0888, 0x0888, 0x0888, 0x0888, 0x0888, 0x0888,
    0x0888, 0x0888, 0x0888, 0x0888, 0x0888, 0x0888, 0x0888, 0x0888,
    0x0888, 0x0888, 0x0888, 0x0888, 0x0888, 0x0888, 0x0888, 0x0888,
    0x0888, 0x0888, 0x0888, 0x0888, 0x0888, 0x0888, 0x0888, 0x0888,
    0x0888, 0x0888, 0x0888, 0x0888, 0x0888, 0x0888, 0x0888, 0x0888,
    0x0888, 0x0888, 0x0888, 0x0888, 0x0888, 0x0888, 0x0888, 0x0888,
    0x0888, 0x0888, 0x0888, 0x0888, 0x0888, 0x0888, 0x0888, 0x0888,
    0x0888, 0x0888, 0x0888, 0x0888, 0x0888, 0x0888, 0x0888, 0x0888,
    0x0888, 0x0888, 0x0888, 0x0888, 0x0888, 0x0888, 0x0888, 0x0888,
    0x0888, 0x0888, 0x0888, 0x0888, 0x0888, 0x0888, 0x0888, 0x0888,
    0x0888, 0x0888, 0x0888, 0x0888, 0x0888, 0x0888, 0x0888, 0x0888,
    0x0888, 0x0888, 0x0888, 0x0888, 0x0888, 0x0888, 0x0888, 0x0888,
    0x0888, 0x0888, 0x0888, 0x0888, 0x0888, 0x0888, 0x0888, 0x0888,
    0x0888, 0x0888, 0x0888, 0x0888, 0x0888, 0x0888, 0x0888, 0x0888,
    0x0888, 0x0888, 0x0888, 0x0888, 0x0888, 0x0888, 0x0888, 0x0888,
    0x0888, 0x0888, 0x0888, 0x0888, 0x0888, 0x0888, 0x0888, 0x0888,
    0x0888, 0x0888, 0x0888, 0x0888, 0x0888, 0x0888, 0x0888, 0x0888,
    0x0888, 0x0888, 0x0888, 0x0888, 0x0888, 0x0888, 0x0888, 0x0888,
    0x0888, 0x0888, 0x0888, 0x0888, 0x0888, 0x0888, 0x0888, 0x0888,
    0x0888, 0x0888, 0x0888, 0x0888, 0x0888, 0x0888, 0x0888, 0x0888,
    0x0888, 0x0888, 0x0888, 0x0888, 0x0888, 0x0888, 0x0888, 0x0888,
    0x0888, 0x0888, 0x0888, 0x0888, 0x0888, 0x0888, 0x0888, 0x0888,
    0x0888, 0x0888, 0x0888, 0x0888, 0x0888, 0x0888, 0x0888, 0x0888,
    0x0888, 0x0888, 0x0888, 0x0888, 0x0888, 0x0888, 0x0888, 0x0888,
    0x0888, 0x0888, 0x0888, 0x0888, 0x0888, 0x0888, 0x0888, 0x0888,
    0x0888, 0x0888, 0x0888, 0x0888, 0x0888, 0x0888, 0x0888, 0x0888,
    0x0888, 0x0888, 0x0888, 0x0888, 0x0888, 0x0888, 0x0888, 0x0888,
    0x0888, 0x0888, 0x0888, 0x0888, 0x0888, 0x0888, 0x0888, 0x0888,
    0x0888, 0x0888, 0x0888, 0x0888, 0x0888, 0x0888, 0x0888, 0x0888,
    0x0888, 0x0888, 0x0888, 0x0888, 0x0888, 0x0888, 0x0888, 0x0888,
    0x0888, 0x0888, 0x0888, 0x0888, 0x0888, 0x0888, 0x0888, 0x0888,
    0x0888, 0x0888, 0x0888, 0x0888, 0x0888, 0x0888, 0x0888, 0x0888,
    0x0888, 0x0888, 0x0888, 0x0888, 0x0888, 0x0888, 0x0888, 0x0888,
    0x0888, 0x0888, 0x0888, 0x0888, 0x0888, 0x0888, 0x0888, 0x0888,
    0x0888, 0x0888, 0x0888, 0x0888, 0x0888, 0x0888, 0x0888, 0x0888,
    0x0888, 0x0888, 0x0888, 0x0888, 0x0888, 0x0888, 0x0888, 0x0888,
    0x0888, 0x0888, 0x0888, 0x0888, 0x0888, 0x0888, 0x0888, 0x0888,
    0x0888, 0x0888, 0x0888, 0x0888, 0x0888, 0x0888, 0x0888, 0x0888,
    0x0888, 0x0888, 0x0888, 0x0888, 0x0888, 0x0888, 0x0888, 0x0888,
    0x0888, 0x0888, 0x0888, 0x0888, 0x0888, 0x0888, 0x0888, 0x0888,
    0x0888, 0x0888, 0x0888, 0x0888, 0x0888, 0x0888, 0x0888, 0x0888,
    0x0888, 0x0888, 0x0888, 0x0888, 0x0888, 0x0888, 0x0888, 0x0888,
    0x0888, 0x0888, 0x0888, 0x0888, 0x0888, 0x0888, 0x0888, 0x0888,
    0x0888, 0x0888, 0x0888, 0x0888, 0x0888, 0x0888, 0x0888, 0x0888,
    0x0888, 0x0888, 0x0888, 0x0888, 0x0888, 0x0888, 0x0888, 0x0888,
    0x0888, 0x0888, 0x0888, 0x0888, 0x0888, 0x0888, 0x0888, 0x0888,
    0x0888, 0x0888, 0x0888, 0x0888, 0x0888, 0x0888, 0x0888, 0x0888,
    0x0888, 0x0888, 0x0888, 0x0888, 0x0888, 0x0888, 0x0888, 0x0888,
    0x0888, 0x0888, 0x0888, 0x0888, 0x0888, 0x0888, 0x0888, 0x0888,
    0x0888, 0x0888, 0x0888, 0x0888, 0x0888, 0x0888, 0x0888, 0x0888,
    0x0888, 0x0888, 0x0888, 0x0888, 0x0888, 0x0888, 0x0888, 0x0888,
    0x0888, 0x0888, 0x0888, 0x0888, 0x0888, 0x0888, 0x0888, 0x0888,
    0x0888, 0x0888, 0x0888, 0x0888, 0x0888, 0x0888, 0x0888, 0x0888,
    0x0888, 0x0888, 0x0888, 0x0888, 0x0888, 0x0888, 0x0888, 0x0888,
    0x0888, 0x0888, 0x0888, 0x0888, 0x0888, 0x0888, 0x0888, 0x0888,
    0x0888, 0x0888, 0x0888, 0x0888, 0x0888, 0x0888, 0x0888, 0x0888,
    0x0888, 0x0888, 0x0888, 0x0888, 0x0888, 0x0888, 0x0888, 0x0888,
    0x0888, 0x0888, 0x0888, 0x0888, 0x0888, 0x0888, 0x0888, 0x0888,
    0x0888, 0x0888, 0x0888, 0x0888, 0x0888, 0x0888, 0x0888, 0x0888,
    0x0888, 0x0888, 0x0888, 0x0888, 0x0888, 0x0888, 0x0888, 0x0888,
    0x0888, 0x0888, 0x0888, 0x0888, 0x0888, 0x0888, 0x0888, 0x0888,
    0x0888, 0x0888, 0x0888, 0x0888, 0x0888, 0x0888, 0x0888, 0x0888,
    0x0888, 0x0888, 0x0888, 0x0888, 0x0888, 0x0888, 0x0888, 0x0888,
    0x0888, 0x0888, 0x0888, 0x0888, 0x0888, 0x0888, 0x0888, 0x0888,
    0x0888, 0x0888, 0x0888, 0x0888, 0x0888, 0x0888, 0x0888, 0x0888,
    0x0888, 0x0888, 0x0888, 0x0888, 0x0888, 0x0888, 0x0888, 0x0888,
    0x0888, 0x0888, 0x0888, 0x0888, 0x0888, 0x0888, 0x0888, 0x0888,
    0x0888, 0x0888, 0x0888, 0x0888, 0x0888, 0x0888, 0x0888, 0x0888,
    0x0888, 0x0888, 0x0888, 0x0888, 0x0888, 0x0888, 0x0888, 0x0888,
    0x0888, 0x0888, 0x0888, 0x0888, 0x0888, 0x0888, 0x0888, 0x0888,
    0x0888, 0x0888, 0x0888, 0x0888, 0x0888, 0x0888, 0x0888, 0x0888,
    0x0888, 0x0888, 0x0888, 0x0888, 0x0888, 0x0888, 0x0888, 0x0888,
    0x0888, 0x0888, 0x0888, 0x0888, 0x0888, 0x0888, 0x0888, 0x0888,
    0x0888, 0x0888, 0x0888, 0x0888, 0x0888, 0x0888, 0x0888, 0x0888,
    0x0888, 0x0888, 0x0888, 0x0888, 0x0888, 0x0888, 0x0888, 0x0888,
    0x0888, 0x0888, 0x0888, 0x0888, 0x0888, 0x0888, 0x0888, 0x0888,
    0x0888, 0x0888, 0x0888, 0x0888, 0x0888, 0x0888, 0x0888, 0x0888,
    0x0888, 0x0888, 0x0888, 0x0888, 0x0888, 0x0888, 0x0888, 0x0888,
    0x0888, 0x0888, 0x0888, 0x0888, 0x0888, 0x0888, 0x0888, 0x0888,
    0x0888, 0x0888, 0x0888, 0x0888, 0x0888, 0x0888, 0x0888, 0x0888,
    0x0888, 0x0888, 0x0888, 0x0888, 0x0888, 0x0888, 0x0888, 0x0888,
    0x0888, 0x0888, 0x0888, 0x0888, 0x0888, 0x0888, 0x0888, 0x0888,
    0x0888, 0x0888, 0x0888, 0x0888, 0x0888, 0x0888, 0x0888, 0x0888,
    0x0888, 0x0888, 0x0888, 0x0888, 0x0888, 0x0888, 0x0888, 0x0888,
    0x0888, 0x0888, 0x0888, 0x0888, 0x0888, 0x0888, 0x0888, 0x0888,
    0x0888, 0x0888, 0x0888, 0x0888, 0x0888, 0x0888, 0x0888, 0x0888,
    0x0888, 0x0888, 0x0888, 0x0888, 0x0888, 0x0888, 0x0888, 0x0888,
    0x0888, 0x0888, 0x0888, 0x0888, 0x0888, 0x0888, 0x0888, 0x0888,
    0x0888, 0x0888, 0x0888, 0x0888, 0x0888, 0x0888, 0x0888, 0x0888,
    0x0888, 0x0888, 0x0888, 0x0888, 0x0888, 0x0888, 0x0888, 0x0888,
    0x0888, 0x0888, 0x0888, 0x0888, 0x0888, 0x0888, 0x0888, 0x0888,
    0x0888, 0x0888, 0x0888, 0x0888, 0x0888, 0x0888, 0x0888, 0x0888,
    0x0888, 0x0888, 0x0888, 0x0888, 0x0888, 0x0888, 0x0888, 0x0888,
    0x0888, 0x0888, 0x0888, 0x0888, 0x0888, 0x0888, 0x0888, 0x0888,
    0x0888, 0x0888, 0x0888, 0x0888, 0x0888, 0x0888, 0x0888, 0x0888,
    0x0888, 0x0888, 0x0888, 0x0888, 0x0888, 0x0888, 0x0888, 0x0888,
    0x0888, 0x0888, 0x0888, 0x0888, 0x0888, 0x0888, 0x0888, 0x0888,
    0x0888, 0x0888, 0x0888, 0x0888, 0x0888, 0x0888, 0x0888, 0x0888,
    0x0888, 0x0888, 0x0888, 0x0888, 0x0888, 0x0888, 0x0888, 0x0888,
    0x0888, 0x0888, 0x0888, 0x0888, 0x0888, 0x0888, 0x0888, 0x0888,
    0x0888, 0x0888, 0x0888, 0x0888, 0x0888, 0x0888, 0x0888, 0x0888,
    0x0888, 0x0888, 0x0888, 0x0888, 0x0888, 0x0888, 0x0888, 0x0888,
    0x0888, 0x0888, 0x0888, 0x0888, 0x0888, 0x0888, 0x0888, 0x0888,
    0x0888, 0x0888, 0x0888, 0x0888, 0x0888, 0x0888, 0x0888, 0x0888,
    0x0888, 0x0888, 0x0888, 0x0888, 0x0888, 0x0888, 0x0888, 0x0888,
    0x0888, 0x0888, 0x0888, 0x0888, 0x0888, 0x0888, 0x0888, 0x0888,
    0x0888, 0x0888, 0x0888, 0x0888, 0x0888, 0x0888, 0x0888, 0x0888,
    0x0888, 0x0888, 0x0888, 0x0888, 0x0888, 0x0888, 0x0888, 0x0888,
    0x0888, 0x0888, 0x0888, 0x0888, 0x0888, 0x0888, 0x0888, 0x0888,
    0x0888, 0x0888, 0x0888, 0x0888, 0x0888, 0x0888, 0x0888, 0x0888,
    0x0888, 0x0888, 0x0888, 0x0888, 0x0888, 0x0888, 0x0888, 0x0888,
    0x0888, 0x0888, 0x0888, 0x0888, 0x0888, 0x0888, 0x0888, 0x0888,
    0x0888, 0x0888, 0x0888, 0x0888, 0x0888, 0x0888, 0x0888, 0x0888,
    0x0888, 0x0888, 0x0888, 0x0888, 0x0888, 0x0888, 0x0888, 0x0888,
    0x0888, 0x0888, 0x0888, 0x0888, 0x0888, 0x0888, 0x0888, 0x0888,
    0x0888, 0x0888, 0x0888, 0x0888, 0x0888, 0x0888, 0x0888, 0x0888,
    0x0888, 0x0888, 0x0888, 0x0888, 0x0888, 0x0888, 0x0888, 0x0888,
    0x0888, 0x0888, 0x0888, 0x0888, 0x0888, 0x0888, 0x0888, 0x0888,
    0x0888, 0x0888, 0x0888, 0x0888, 0x0888, 0x0888, 0x0888, 0x0888,
    0x0888, 0x0888, 0x0888, 0x0888, 0x0888, 0x0888, 0x0888, 0x0888,
    0x0888, 0x0888, 0x0888, 0x0888, 0x0888, 0x0888, 0x0888, 0x0888,
    0x0888, 0x0888, 0x0888, 0x0888, 0x0888, 0x0888, 0x0888, 0x0888,
    0x0888, 0x0888, 0x0888, 0x0888, 0x0888, 0x0888, 0x0888, 0x0888,
    0x0888, 0x0888, 0x0888, 0x0888, 0x0888, 0x0888, 0x0888, 0x0888,
    0x0888, 0x0888, 0x0888, 0x0888, 0x0888, 0x0888, 0x0888, 0x0888,
    0x0888, 0x0888, 0x0888, 0x0888, 0x0888, 0x0888, 0x0888, 0x0888,
    0x0888, 0x0888, 0x0888, 0x0888, 0x0888, 0x0888, 0x0888, 0x0888,
    0x0888, 0x0888, 0x0888, 0x0888, 0x0888, 0x0888, 0x0888, 0x0888,
    0x0888, 0x0888, 0x0888, 0x0888, 0x0888, 0x0888, 0x0888, 0x0888,
    0x0888, 0x0888, 0x0888, 0x0888, 0x0888, 0x0888, 0x0888, 0x0888,
    0x0888, 0x0888, 0x0888, 0x0888, 0x0888, 0x0888, 0x0888, 0x0888,
    0x0888, 0x0888, 0x0888, 0x0888, 0x0888, 0x0888, 0x0888, 0x0888,
    0x0888, 0x0888, 0x0888, 0x0888, 0x0888, 0x0888, 0x0888, 0x0888,
    0x0888, 0x0888, 0x0888, 0x0888, 0x0888, 0x0888, 0x0888, 0x0888,
    0x0888, 0x0888, 0x0888, 0x0888, 0x0888, 0x0888, 0x0888, 0x0888,
    0x0888, 0x0888, 0x0888, 0x0888, 0x0888, 0x0888, 0x0888, 0x0888,
    0x0888, 0x0888, 0x0888, 0x0888, 0x0888, 0x0888, 0x0888, 0x0888,
    0x0888, 0x0888, 0x0888, 0x0888, 0x0888, 0x0888, 0x0888, 0x0888,
    0x0888, 0x0888, 0x0888, 0x0888, 0x0888, 0x0888, 0x0888, 0x0888,
    0x0888, 0x0888, 0x0888, 0x0888, 0x0888, 0x0888, 0x0888, 0x0888,
    0x0888, 0x0888, 0x0888, 0x0888, 0x0888, 0x0888, 0x0888, 0x0888,
    0x0888, 0x0888, 0x0888, 0x0888, 0x0888, 0x0888, 0x0888, 0x0888,
    0x0888, 0x0888, 0x0888, 0x0888, 0x0888, 0x0888, 0x0888, 0x0888,
    0x0888, 0x0888, 0x0888, 0x0888, 0x0888, 0x0888, 0x0888, 0x0888,
    0x0888, 0x0888, 0x0888, 0x0888, 0x0888, 0x0888, 0x0888, 0x0888,
    0x0888, 0x0888, 0x0888, 0x0888, 0x0888, 0x0888, 0x0888, 0x0888,
    0x0888, 0x0888, 0x0888, 0x0888, 0x0888, 0x0888, 0x0888, 0x0888,
    0x0888, 0x0888, 0x0888, 0x0888, 0x0888, 0x0888, 0x0888, 0x0888,
    0x0888, 0x0888, 0x0888, 0x0888, 0x0888, 0x0888, 0x0888, 0x0888,
    0x0888, 0x0888, 0x0888, 0x0888, 0x0888, 0x0888, 0x0888, 0x0888,
    0x0888, 0x0888, 0x0888, 0x0888, 0x0888, 0x0888, 0x0888, 0x0888,
    0x0888, 0x0888, 0x0888, 0x0888, 0x0888, 0x0888, 0x0888, 0x0888,
    0x0888, 0x0888, 0x0888, 0x0888, 0x0888, 0x0888, 0x0888, 0x0888,
    0x0888, 0x0888, 0x0888, 0x0888, 0x0888, 0x0888, 0x0888, 0x0888,
    0x0888, 0x0888, 0x0888, 0x0888, 0x0888, 0x0888, 0x0888, 0x0888,
    0x0888, 0x0888, 0x0888, 0x0888, 0x0888, 0x0888, 0x0888, 0x0888,
    0x0888, 0x0888, 0x0888, 0x0888, 0x0888, 0x0888, 0x0888, 0x0888,
    0x0888, 0x0888, 0x0888, 0x0888, 0x0888, 0x0888, 0x0888, 0x0888,
    0x0888, 0x0888, 0x0888, 0x0888, 0x0888, 0x0888, 0x0888, 0x0888,
    0x0888, 0x0888, 0x0888, 0x0888, 0x0888, 0x0888, 0x0888, 0x0888,
    0x0888, 0x0888, 0x0888, 0x0888, 0x0888, 0x0888, 0x0888, 0x0888,
    0x0888, 0x0888, 0x0888, 0x0888, 0x0888, 0x0888, 0x0888, 0x0888,
    0x0888, 0x0888, 0x0888, 0x0888, 0x0888, 0x0888, 0x0888, 0x0888,
    0x0888, 0x0888, 0x0888, 0x0888, 0x0888, 0x0888, 0x0888, 0x0888,
    0x0888, 0x0888, 0x0888, 0x0888, 0x0888, 0x0888, 0x0888, 0x0888,
    0x0888, 0x0888, 0x0888, 0x0888, 0x0888, 0x0888, 0x0888, 0x0888,
    0x0888, 0x0888, 0x0888, 0x0888, 0x0888, 0x0888, 0x0888, 0x0888,
    0x0888, 0x0888, 0x0888, 0x0888, 0x0888, 0x0888, 0x0888, 0x0888,
    0x0888, 0x0888, 0x0888, 0x0888, 0x0888, 0x0888, 0x0888, 0x0888,
    0x0888, 0x0888, 0x0888, 0x0888, 0x0888, 0x0888, 0x0888, 0x0888,
    0x0888, 0x0888, 0x0888, 0x0888, 0x0888, 0x0888, 0x0888, 0x0888,
    0x0888, 0x0888, 0x0888, 0x0888, 0x0888, 0x0888, 0x0888, 0x0888,
    0x0888, 0x0888, 0x0888, 0x0888, 0x0888, 0x0888, 0x0888, 0x0888,
    0x0888, 0x0888, 0x0888, 0x0888, 0x0888, 0x0888, 0x0888, 0x0888,
    0x0888, 0x0888, 0x0888, 0x0888, 0x0888, 0x0888, 0x0888, 0x0888,
    0x0888, 0x0888, 0x0888, 0x0888, 0x0888, 0x0888, 0x0888, 0x0888,
    0x0888, 0x0888, 0x0888, 0x0888, 0x0888, 0x0888, 0x0888, 0x0888,
    0x0888, 0x0888, 0x0888, 0x0888, 0x0888, 0x0888, 0x0888, 0x0888,
    0x0888, 0x0888, 0x0888, 0x0888, 0x0888, 0x0888, 0x0888, 0x0888,
    0x0888, 0x0888, 0x0888, 0x0888, 0x0888, 0x0888, 0x0888, 0x0888,
    0x0888, 0x0888, 0x0888, 0x0888, 0x0888, 0x0888, 0x0888, 0x0888,
    0x0888, 0x0888, 0x0888, 0x0888, 0x0888, 0x0888, 0x0888, 0x0888,
    0x0888, 0x0888, 0x0888, 0x0888, 0x0888, 0x0888, 0x0888, 0x0888,
    0x0888, 0x0888, 0x0888, 0x0888, 0x0888, 0x0888, 0x0888, 0x0888,
    0x0888, 0x0888, 0x0888, 0x0888, 0x0888, 0x0888, 0x0888, 0x0888,
    0x0888, 0x0888, 0x0888, 0x0888, 0x0888, 0x0888, 0x0888, 0x0888,
    0x0888, 0x0888, 0x0888, 0x0888, 0x0888, 0x0888, 0x0888, 0x0888,
    0x0888, 0x0888, 0x0888, 0x0888, 0x0888, 0x0888, 0x0888, 0x0888,
    0x0888, 0x0888, 0x0888, 0x0888, 0x0888, 0x0888, 0x0888, 0x0888,
    0x0888, 0x0888, 0x0888, 0x0888, 0x0888, 0x0888, 0x0888, 0x0888,
    0x0888, 0x0888, 0x0888, 0x0888, 0x0888, 0x0888, 0x0888, 0x0888,
    0x0888, 0x0888, 0x0888, 0x0888, 0x0888, 0x0888, 0x0888, 0x0888,
    0x0888, 0x0888, 0x0888, 0x0888, 0x0888, 0x0888, 0x0888, 0x0888,
    0x0888, 0x0888, 0x0888, 0x0888, 0x0888, 0x0888, 0x0888, 0x0888,
    0x0888, 0x0888, 0x0888, 0x0888, 0x0888, 0x0888, 0x0888, 0x0888,
    0x0888, 0x0888, 0x0888, 0x0888, 0x0888, 0x0888, 0x0888, 0x0888,
    0x0888, 0x0888, 0x0888, 0x0888, 0x0888, 0x0888, 0x0888, 0x0888,
    0x0888, 0x0888, 0x0888, 0x0888, 0x0888, 0x0888, 0x0888, 0x0888,
    0x0888, 0x0888, 0x0888, 0x0888, 0x0888, 0x0888, 0x0888, 0x0888,
    0x0888, 0x0888, 0x0888, 0x0888, 0x0888, 0x0888, 0x0888, 0x0888,
    0x0888, 0x0888, 0x0888, 0x0888, 0x0888, 0x0888, 0x0888, 0x0888,
    0x0888, 0x0888, 0x0888, 0x0888, 0x0888, 0x0888, 0x0888, 0x0888,
    0x0888, 0x0888, 0x0888, 0x0888, 0x0888, 0x0888, 0x0888, 0x0888,
    0x0888, 0x0888, 0x0888, 0x0888, 0x0888, 0x0888, 0x0888, 0x0888,
    0x0888, 0x0888, 0x0888, 0x0888, 0x0888, 0x0888, 0x0888, 0x0888,
    0x0888, 0x0888, 0x0888, 0x0888, 0x0888, 0x0888, 0x0888, 0x0888,
    0x0888, 0x0888, 0x0888, 0x0888, 0x0888, 0x0888, 0x0888, 0x0888,
    0x0888, 0x0888, 0x0888, 0x0888, 0x0888, 0x0888, 0x0888, 0x0888,
    0x0888, 0x0888, 0x0888, 0x0888, 0x0888, 0x0888, 0x0888, 0x0888,
    0x0888, 0x0888, 0x0888, 0x0888, 0x0888, 0x0888, 0x0888, 0x0888,
    0x0888, 0x0888, 0x0888, 0x0888, 0x0888, 0x0888, 0x0888, 0x0888,
    0x0888, 0x0888, 0x0888, 0x0888, 0x0888, 0x0888, 0x0888, 0x0888,
    0x0888, 0x0888, 0x0888, 0x0888, 0x0888, 0x0888, 0x0888, 0x0888,
    0x0888, 0x0888, 0x0888, 0x0888, 0x0888, 0x0888, 0x0888, 0x0888,
    0x0888, 0x0888, 0x0888, 0x0888, 0x0888, 0x0888, 0x0888, 0x0888,
    0x0888, 0x0888, 0x0888, 0x0888, 0x0888, 0x0888, 0x0888, 0x0888,
    0x0888, 0x0888, 0x0888, 0x0888, 0x0888, 0x0888, 0x0888, 0x0888,
    0x0888, 0x0888, 0x0888, 0x0888, 0x0888, 0x0888, 0x0888, 0x0888,
    0x0888, 0x0888, 0x0888, 0x0888, 0x0888, 0x0888, 0x0888, 0x0888,
    0x0888, 0x0888, 0x0888, 0x0888, 0x0888, 0x0888, 0x0888, 0x0888,
    0x0888, 0x0888, 0x0888, 0x0888, 0x0888, 0x0888, 0x0888, 0x0888,
    0x0888, 0x0888, 0x0888, 0x0888, 0x0888, 0x0888, 0x0888, 0x0888,
    0x0888, 0x0888, 0x0888, 0x0888, 0x0888, 0x0888, 0x0888, 0x0888,
    0x0888, 0x0888, 0x0888, 0x0888, 0x0888, 0x0888, 0x0888, 0x0888,
    0x0888, 0x0888, 0x0888, 0x0888, 0x0888, 0x0888, 0x0888, 0x0888,
    0x0888, 0x0888, 0x0888, 0x0888, 0x0888, 0x0888, 0x0888, 0x0888,
    0x0888, 0x0888, 0x0888, 0x0888, 0x0888, 0x0888, 0x0888, 0x0888,
    0x0888, 0x0888, 0x0888, 0x0888, 0x0888, 0x0888, 0x0888, 0x0888,
    0x0888, 0x0888, 0x0888, 0x0888, 0x0888, 0x0888, 0x0888, 0x0888,
    0x0888, 0x0888, 0x0888, 0x0888, 0x0888, 0x0888, 0x0888, 0x0888,
    0x0888, 0x0888, 0x0888, 0x0888, 0x0888, 0x0888, 0x0888, 0x0888,
    0x0888, 0x0888, 0x0888, 0x0888, 0x0888, 0x0888, 0x0888, 0x0888,
    0x0888, 0x0888, 0x0888, 0x0888, 0x0888, 0x0888, 0x0888, 0x0888,
    0x0888, 0x0888, 0x0888, 0x0888, 0x0888, 0x0888, 0x0888, 0x0888,
    0x0888, 0x0888, 0x0888, 0x0888, 0x0888, 0x0888, 0x0888, 0x0888,
    0x0888, 0x0888, 0x0888, 0x0888, 0x0888, 0x0888, 0x0888, 0x0888,
    0x0888, 0x0888, 0x0888, 0x0888, 0x0888, 0x0888, 0x0888, 0x0888,
    0x0888, 0x0888, 0x0888, 0x0888, 0x0888, 0x0888, 0x0888, 0x0888,
    0x0888, 0x0888, 0x0888, 0x0888, 0x0888, 0x0888, 0x0888, 0x0888,
    0x0888, 0x0888, 0x0888, 0x0888, 0x0888, 0x0888, 0x0888, 0x0888,
    0x0888, 0x0888, 0x0888, 0x0888, 0x0888, 0x0888, 0x0888, 0x0888,
    0x0888, 0x0888, 0x0888, 0x0888, 0x0888, 0x0888, 0x0888, 0x0888,
    0x0888, 0x0888, 0x0888, 0x0888, 0x0888, 0x0888, 0x0888, 0x0888,
    0x0888, 0x0888, 0x0888, 0x0888, 0x0888, 0x0888, 0x0888, 0x0888,
    0x0888, 0x0888, 0x0888, 0x0888, 0x0888, 0x0888, 0x0888, 0x0888,
    0x0888, 0x0888, 0x0888, 0x0888, 0x0888, 0x0888, 0x0888, 0x0888,
    0x0888, 0x0888, 0x0888, 0x0888, 0x0888, 0x0888, 0x0888, 0x0888,
    0x0888, 0x0888, 0x0888, 0x0888, 0x0888, 0x0888, 0x0888, 0x0888,
    0x0888, 0x0888, 0x0888, 0x0888, 0x0888, 0x0888, 0x0888, 0x0888,
    0x0888, 0x0888, 0x0888, 0x0888, 0x0888, 0x0888, 0x0888, 0x0888,
    0x0888, 0x0888, 0x0888, 0x0888, 0x0888, 0x0888, 0x0888, 0x0888,
    0x0888, 0x0888, 0x0888, 0x0888, 0x0888, 0x0888, 0x0888, 0x0888,
    0x0888, 0x0888, 0x0888, 0x0888, 0x0888, 0x0888, 0x0888, 0x0888,
    0x0888, 0x0888, 0x0888, 0x0888, 0x0888, 0x0888, 0x0888, 0x0888,
    0x0888, 0x0888, 0x0888, 0x0888, 0x0888, 0x0888, 0x0888, 0x0888,
    0x0888, 0x0888, 0x0888, 0x0888, 0x0888, 0x0888, 0x0888, 0x0888,
    0x0888, 0x0888, 0x0888, 0x0888, 0x0888, 0x0888, 0x0888, 0x0888,
    0x0888, 0x0888, 0x0888, 0x0888, 0x0888, 0x0888, 0x0888, 0x0888,
    0x0888, 0x0888, 0x0888, 0x0888, 0x0888, 0x0888, 0x0888, 0x0888,
    0x0888, 0x0888, 0x0888, 0x0888, 0x0888, 0x0888, 0x0888, 0x0888,
    0x0888, 0x0888, 0x0888, 0x0888, 0x0888, 0x0888, 0x0888, 0x0888,
    0x0888, 0x0888, 0x0888, 0x0888, 0x0888, 0x0888, 0x0888, 0x0888,
    0x0888, 0x0888, 0x0888, 0x0888, 0x0888, 0x0888, 0x0888, 0x0888,
    0x0888, 0x0888, 0x0888, 0x0888, 0x0888, 0x0888, 0x0888, 0x0888,
    0x0888, 0x0888, 0x0888, 0x0888, 0x0888, 0x0888, 0x0888, 0x0888,
    0x0888, 0x0888, 0x0888, 0x0888, 0x0888, 0x0888, 0x0888, 0x0888,
    0x0888, 0x0888, 0x0888, 0x0888, 0x0888, 0x0888, 0x0888, 0x0888,
    0x0888, 0x0888, 0x0888, 0x0888, 0x0888, 0x0888, 0x0888, 0x0888,
    0x0888, 0x0888, 0x0888, 0x0888, 0x0888, 0x0888, 0x0888, 0x0888,
    0x0888, 0x0888, 0x0888, 0x0888, 0x0888, 0x0888, 0x0888, 0x0888,
    0x0888, 0x0888, 0x0888, 0x0888, 0x0888, 0x0888, 0x0888, 0x0888,
    0x0888, 0x0888, 0x0888, 0x0888, 0x0888, 0x0888, 0x0888, 0x0888,
    0x0888, 0x0888, 0x0888, 0x0888, 0x0888, 0x0888, 0x0888, 0x0888,
    0x0888, 0x0888, 0x0888, 0x0888, 0x0888, 0x0888, 0x0888, 0x0888,
    0x0888, 0x0888, 0x0888, 0x0888, 0x0888, 0x0888, 0x0888, 0x0888,
    0x0888, 0x0888, 0x0888, 0x0888, 0x0888, 0x0888, 0x0888, 0x0888,
    0x0888, 0x0888, 0x0888, 0x0888, 0x0888, 0x0888, 0x0888, 0x0888,
    0x0888, 0x0888, 0x0888, 0x0888, 0x0888, 0x0888, 0x0888, 0x0888,
    0x0888, 0x0888, 0x0888, 0x0888, 0x0888, 0x0888, 0x0888, 0x0888,
    0x0888, 0x0888, 0x0888, 0x0888, 0x0888, 0x0888, 0x0888, 0x0888,
    0x0888, 0x0888, 0x0888, 0x0888, 0x0888, 0x0888, 0x0888, 0x0888,
    0x0888, 0x0888, 0x0888, 0x0888, 0x0888, 0x0888, 0x0888, 0x0888,
    0x0888, 0x0888, 0x0888, 0x0888, 0x0888, 0x0888, 0x0888, 0x0888,
    0x0888, 0x0888, 0x0888, 0x0888, 0x0888, 0x0888, 0x0888, 0x0888,
    0x0888, 0x0888, 0x0888, 0x0888, 0x0888, 0x0888, 0x0888, 0x0888,
    0x0888, 0x0888, 0x0888, 0x0888, 0x0888, 0x0888, 0x0888, 0x0888,
    0x0888, 0x0888, 0x0888, 0x0888, 0x0888, 0x0888, 0x0888, 0x0888,
    0x0888, 0x0888, 0x0888, 0x0888, 0x0888, 0x0888, 0x0888, 0x0888,
    0x0888, 0x0888, 0x0888, 0x0888, 0x0888, 0x0888, 0x0888, 0x0888,
    0x0888, 0x0888, 0x0888, 0x0888, 0x0888, 0x0888, 0x0888, 0x0888,
    0x0888, 0x0888, 0x0888, 0x0888, 0x0888, 0x0888, 0x0888, 0x0888,
    0x0888, 0x0888, 0x0888, 0x0888, 0x0888, 0x0888, 0x0888, 0x0888,
    0x0888, 0x0888, 0x0888, 0x0888, 0x0888, 0x0888, 0x0888, 0x0888,
    0x0888, 0x0888, 0x0888, 0x0888, 0x0888, 0x0888, 0x0888, 0x0888,
    0x0888, 0x0888, 0x0888, 0x0888, 0x0888, 0x0888, 0x0888, 0x0888,
    0x0888, 0x0888, 0x0888, 0x0888, 0x0888, 0x0888, 0x0888, 0x0888,
    0x0888, 0x0888, 0x0888, 0x0888, 0x0888, 0x0888, 0x0888, 0x0888,
    0x0888, 0x0888, 0x0888, 0x0888, 0x0888, 0x0888, 0x0888, 0x0888,
    0x0888, 0x0888, 0x0888, 0x0888, 0x0888, 0x0888, 0x0888, 0x0888,
    0x0888, 0x0888, 0x0888, 0x0888, 0x0888, 0x0888, 0x0888, 0x0888,
    0x0888, 0x0888, 0x0888, 0x0888, 0x0888, 0x0888, 0x0888, 0x0888,
    0x0888, 0x0888, 0x0888, 0x0888, 0x0888, 0x0888, 0x0888, 0x0888,
    0x0888, 0x0888, 0x0888, 0x0888, 0x0888, 0x0888, 0x0888, 0x0888,
    0x0888, 0x0888, 0x0888, 0x0888, 0x0888, 0x0888, 0x0888, 0x0888,
    0x0888, 0x0888, 0x0888, 0x0888, 0x0888, 0x0888, 0x0888, 0x0888,
    0x0888, 0x0888, 0x0888, 0x0888, 0x0888, 0x0888, 0x0888, 0x0888,
    0x0888, 0x0888, 0x0888, 0x0888, 0x0888, 0x0888, 0x0888, 0x0888,
    0x0888, 0x0888, 0x0888, 0x0888, 0x0888, 0x0888, 0x0888, 0x0888,
    0x0888, 0x0888, 0x0888, 0x0888, 0x0888, 0x0888, 0x0888, 0x0888,
    0x0888, 0x0888, 0x0888, 0x0888, 0x0888, 0x0888, 0x0888, 0x0888,
    0x0888, 0x0888, 0x0888, 0x0888, 0x0888, 0x0888, 0x0888, 0x0888,
    0x0888, 0x0888, 0x0888, 0x0888, 0x0888, 0x0888, 0x0888, 0x0888,
    0x0888, 0x0888, 0x0888, 0x0888, 0x0888, 0x0888, 0x0888, 0x0888,
    0x0888, 0x0888, 0x0888, 0x0888, 0x0888, 0x0888, 0x0888, 0x0888,
    0x0888, 0x0888, 0x0888, 0x0888, 0x0888, 0x0888, 0x0888, 0x0888,
    0x0888, 0x0888, 0x0888, 0x0888, 0x0888, 0x0888, 0x0888, 0x0888,
    0x0888, 0x0888, 0x0888, 0x0888, 0x0888, 0x0888, 0x0888, 0x0888,
    0x0888, 0x0888, 0x0888, 0x0888, 0x0888, 0x0888, 0x0888, 0x0888,
    0x0888, 0x0888, 0x0888, 0x0888, 0x0888, 0x0888, 0x0888, 0x0888,
    0x0888, 0x0888, 0x0888, 0x0888, 0x0888, 0x0888, 0x0888, 0x0888,
    0x0888, 0x0888, 0x0888, 0x0888, 0x0888, 0x0888, 0x0888, 0x0888,
    0x0888, 0x0888, 0x0888, 0x0888, 0x0888, 0x0888, 0x0888, 0x0888,
    0x0888, 0x0888, 0x0888, 0x0888, 0x0888, 0x0888, 0x0888, 0x0888,
    0x0888, 0x0888, 0x0888, 0x0888, 0x0888, 0x0888, 0x0888, 0x0888,
    0x0888, 0x0888, 0x0888, 0x0888, 0x0888, 0x0888, 0x0888, 0x0888,
    0x0888, 0x0888, 0x0888, 0x0888, 0x0888, 0x0888, 0x0888, 0x0888,
    0x0888, 0x0888, 0x0888, 0x0888, 0x0888, 0x0888, 0x0888, 0x0888,
    0x0888, 0x0888, 0x0888, 0x0888, 0x0888, 0x0888, 0x0888, 0x0888,
    0x0888, 0x0888, 0x0888, 0x0888, 0x0888, 0x0888, 0x0888, 0x0888,
    0x0888, 0x0888, 0x0888, 0x0888, 0x0888, 0x0888, 0x0888, 0x0888,
    0x0888, 0x0888, 0x0888, 0x0888, 0x0888, 0x0888, 0x0888, 0x0888,
    0x0888, 0x0888, 0x0888, 0x0888, 0x0888, 0x0888, 0x0888, 0x0888,
    0x0888, 0x0888, 0x0888, 0x0888, 0x0888, 0x0888, 0x0888, 0x0888,
    0x0888, 0x0888, 0x0888, 0x0888, 0x0888, 0x0888, 0x0888, 0x0888,
    0x0888, 0x0888, 0x0888, 0x0888, 0x0888, 0x0888, 0x0888, 0x0888,
    0x0888, 0x0888, 0x0888, 0x0888, 0x0888, 0x0888, 0x0888, 0x0888,
    0x0888, 0x0888, 0x0888, 0x0888, 0x0888, 0x0888, 0x0888, 0x0888,
    0x0888, 0x0888, 0x0888, 0x0888, 0x0888, 0x0888, 0x0888, 0x0888,
    0x0888, 0x0888, 0x0888, 0x0888, 0x0888, 0x0888, 0x0888, 0x0888,
    0x0888, 0x0888, 0x0888, 0x0888, 0x0888, 0x0888, 0x0888, 0x0888,
    0x0888, 0x0888, 0x0888, 0x0888, 0x0888, 0x0888, 0x0888, 0x0888,
    0x0888, 0x0888, 0x0888, 0x0888, 0x0888, 0x0888, 0x0888, 0x0888,
    0x0888, 0x0888, 0x0888, 0x0888, 0x0888, 0x0888, 0x0888, 0x0888,
    0x0888, 0x0888, 0x0888, 0x0888, 0x0888, 0x0888, 0x0888, 0x0888,
    0x0888, 0x0888, 0x0888, 0x0888, 0x0888, 0x0888, 0x0888, 0x0888,
    0x0888, 0x0888, 0x0888, 0x0888, 0x0888, 0x0888, 0x0888, 0x0888,
    0x0888, 0x0888, 0x0888, 0x0888, 0x0888, 0x0888, 0x0888, 0x0888,
    0x0888, 0x0888, 0x0888, 0x0888, 0x0888, 0x0888, 0x0888, 0x0888,
    0x0888, 0x0888, 0x0888, 0x0888, 0x0888, 0x0888, 0x0888, 0x0888,
    0x0888, 0x0888, 0x0888, 0x0888, 0x0888, 0x0888, 0x0888, 0x0888,
    0x0888, 0x0888, 0x0888, 0x0888, 0x0888, 0x0888, 0x0888, 0x0888,
    0x0888, 0x0888, 0x0888, 0x0888, 0x0888, 0x0888, 0x0888, 0x0888,
    0x0888, 0x0888, 0x0888, 0x0888, 0x0888, 0x0888, 0x0888, 0x0888,
    0x0888, 0x0888, 0x0888, 0x0888, 0x0888, 0x0888, 0x0888, 0x0888,
    0x0888, 0x0888, 0x0888, 0x0888, 0x0888, 0x0888, 0x0888, 0x0888,
    0x0888, 0x0888, 0x0888, 0x0888, 0x0888, 0x0888, 0x0888, 0x0888,
    0x0888, 0x0888, 0x0888, 0x0888, 0x0888, 0x0888, 0x0888, 0x0888,
    0x0888, 0x0888, 0x0888, 0x0888, 0x0888, 0x0888, 0x0888, 0x0888,
    0x0888, 0x0888, 0x0888, 0x0888, 0x0888, 0x0888, 0x0888, 0x0888,
    0x0888, 0x0888, 0x0888, 0x0888, 0x0888, 0x0888, 0x0888, 0x0888,
    0x0888, 0x0888, 0x0888, 0x0888, 0x0888, 0x0888, 0x0888, 0x0888,
    0x0888, 0x0888, 0x0888, 0x0888, 0x0888, 0x0888, 0x0888, 0x0888,
    0x0888, 0x0888, 0x0888, 0x0888, 0x0888, 0x0888, 0x0888, 0x0888,
    0x0888, 0x0888, 0x0888, 0x0888, 0x0888, 0x0888, 0x0888, 0x0888,
    0x0888, 0x0888, 0x0888, 0x0888, 0x0888, 0x0888, 0x0888, 0x0888,
    0x0888, 0x0888, 0x0888, 0x0888, 0x0888, 0x0888, 0x0888, 0x0888,
    0x0888, 0x0888, 0x0888, 0x0888, 0x0888, 0x0888, 0x0888, 0x0888,
    0x0888, 0x0888, 0x0888, 0x0888, 0x0888, 0x0888, 0x0888, 0x0888,
    0x0888, 0x0888, 0x0888, 0x0888, 0x0888, 0x0888, 0x0888, 0x0888,
    0x0888, 0x0888, 0x0888, 0x0888, 0x0888, 0x0888, 0x0888, 0x0888,
    0x0888, 0x0888, 0x0888, 0x0888, 0x0888, 0x0888, 0x0888, 0x0888,
    0x0888, 0x0888, 0x0888, 0x0888, 0x0888, 0x0888, 0x0888, 0x0888,
    0x0888, 0x0888, 0x0888, 0x0888, 0x0888, 0x0888, 0x0888, 0x0888,
    0x0888, 0x0888, 0x0888, 0x0888, 0x0888, 0x0888, 0x0888, 0x0888,
    0x0888, 0x0888, 0x0888, 0x0888, 0x0888, 0x0888, 0x0888, 0x0888,
    0x0888, 0x0888, 0x0888, 0x0888, 0x0888, 0x0888, 0x0888, 0x0888,
    0x0888, 0x0888, 0x0888, 0x0888, 0x0888, 0x0888, 0x0888, 0x0888,
    0x0888, 0x0888, 0x0888, 0x0888, 0x0888, 0x0888, 0x0888, 0x0888,
    0x0888, 0x0888, 0x0888, 0x0888, 0x0888, 0x0888, 0x0888, 0x0888,
    0x0888, 0x0888, 0x0888, 0x0888, 0x0888, 0x0888, 0x0888, 0x0888,
    0x0888, 0x0888, 0x0888, 0x0888, 0x0888, 0x0888, 0x0888, 0x0888,
    0x0888, 0x0888, 0x0888, 0x0888, 0x0888, 0x0888, 0x0888, 0x0888,
    0x0888, 0x0888, 0x0888, 0x0888, 0x0888, 0x0888, 0x0888, 0x0888,
    0x0888, 0x0888, 0x0888, 0x0888, 0x0888, 0x0888, 0x0888, 0x0888,
    0x0888, 0x0888, 0x0888, 0x0888, 0x0888, 0x0888, 0x0888, 0x0888,
    0x0888, 0x0888, 0x0888, 0x0888, 0x0888, 0x0888, 0x0888, 0x0888,
    0x0888, 0x0888, 0x0888, 0x0888, 0x0888, 0x0888, 0x0888, 0x0888,
    0x0888, 0x0888, 0x0888, 0x0888, 0x0888, 0x0888, 0x0888, 0x0888,
    0x0888, 0x0888, 0x0888, 0x0888, 0x0888, 0x0888, 0x0888, 0x0888,
    0x0888, 0x0888, 0x0888, 0x0888, 0x0888, 0x0888, 0x0888, 0x0888,
    0x0888, 0x0888, 0x0888, 0x0888, 0x0888, 0x0888, 0x0888, 0x0888,
    0x0888, 0x0888, 0x0888, 0x0888, 0x0888, 0x0888, 0x0888, 0x0888,
    0x0888, 0x0888, 0x0888, 0x0888, 0x0888, 0x0888, 0x0888, 0x0888,
    0x0888, 0x0888, 0x0888, 0x0888, 0x0888, 0x0888, 0x0888, 0x0888,
    0x0888, 0x0888, 0x0888, 0x0888, 0x0888, 0x0888, 0x0888, 0x0888,
    0x0888, 0x0888, 0x0888, 0x0888, 0x0888, 0x0888, 0x0888, 0x0888,
    0x0888, 0x0888, 0x0888, 0x0888, 0x0888, 0x0888, 0x0888, 0x0888,
    0x0888, 0x0888, 0x0888, 0x0888, 0x0888, 0x0888, 0x0888, 0x0888,
    0x0888, 0x0888, 0x0888, 0x0888, 0x0888, 0x0888, 0x0888, 0x0888,
    0x0888, 0x0888, 0x0888, 0x0888, 0x0888, 0x0888, 0x0888, 0x0888,
    0x0888, 0x0888, 0x0888, 0x0888, 0x0888, 0x0888, 0x0888, 0x0888,
    0x0888, 0x0888, 0x0888, 0x0888, 0x0888, 0x0888, 0x0888, 0x0888,
    0x0888, 0x0888, 0x0888, 0x0888, 0x0888, 0x0888, 0x0888, 0x0888,
    0x0888, 0x0888, 0x0888, 0x0888, 0x0888, 0x0888, 0x0888, 0x0888,
    0x0888, 0x0888, 0x0888, 0x0888, 0x0888, 0x0888, 0x0888, 0x0888,
    0x0888, 0x0888, 0x0888, 0x0888, 0x0888, 0x0888, 0x0888, 0x0888,
    0x0888, 0x0888, 0x0888, 0x0888, 0x0888, 0x0888, 0x0888, 0x0888,
    0x0888, 0x0888, 0x0888, 0x0888, 0x0888, 0x0888, 0x0888, 0x0888,
    0x0888, 0x0888, 0x0888, 0x0888, 0x0888, 0x0888, 0x0888, 0x0888,
    0x0888, 0x0888, 0x0888, 0x0888, 0x0888, 0x0888, 0x0888, 0x0888,
    0x0888, 0x0888, 0x0888, 0x0888, 0x0888, 0x0888, 0x0888, 0x0888,
    0x0888, 0x0888, 0x0888, 0x0888, 0x0888, 0x0888, 0x0888, 0x0888,
    0x0888, 0x0888, 0x0888, 0x0888, 0x0888, 0x0888, 0x0888, 0x0888,
    0x0888, 0x0888, 0x0888, 0x0888, 0x0888, 0x0888, 0x0888, 0x0888,
    0x0888, 0x0888, 0x0888, 0x0888, 0x0888, 0x0888, 0x0888, 0x0888,
    0x0888, 0x0888, 0x0888, 0x0888, 0x0888, 0x0888, 0x0888, 0x0888,
    0x0888, 0x0888, 0x0888, 0x0888, 0x0888, 0x0888, 0x0888, 0x0888,
    0x0888, 0x0888, 0x0888, 0x0888, 0x0888, 0x0888, 0x0888, 0x0888,
    0x0888, 0x0888, 0x0888, 0x0888, 0x0888, 0x0888, 0x0888, 0x0888,
    0x0888, 0x0888, 0x0888, 0x0888, 0x0888, 0x0888, 0x0888, 0x0888,
    0x0888, 0x0888, 0x0888, 0x0888, 0x0888, 0x0888, 0x0888, 0x0888,
    0x0888, 0x0888, 0x0888, 0x0888, 0x0888, 0x0888, 0x0888, 0x0888,
    0x0888, 0x0888, 0x0888, 0x0888, 0x0888, 0x0888, 0x0888, 0x0888,
    0x0888, 0x0888, 0x0888, 0x0888, 0x0888, 0x0888, 0x0888, 0x0888,
    0x0888, 0x0888, 0x0888, 0x0888, 0x0888, 0x0888, 0x0888, 0x0888,
    0x0888, 0x0888, 0x0888, 0x0888, 0x0888, 0x0888, 0x0888, 0x0888,
    0x0888, 0x0888, 0x0888, 0x0888, 0x0888, 0x0888, 0x0888, 0x0888,
    0x0888, 0x0888, 0x0888, 0x0888, 0x0888, 0x0888, 0x0888, 0x0888,
    0x0888, 0x0888, 0x0888, 0x0888, 0x0888, 0x0888, 0x0888, 0x0888,
    0x0888, 0x0888, 0x0888, 0x0888, 0x0888, 0x0888, 0x0888, 0x0888,
    0x0888, 0x0888, 0x0888, 0x0888, 0x0888, 0x0888, 0x0888, 0x0888,
    0x0888, 0x0888, 0x0888, 0x0888, 0x0888, 0x0888, 0x0888, 0x0888,
    0x0888, 0x0888, 0x0888, 0x0888, 0x0888, 0x0888, 0x0888, 0x0888,
    0x0888, 0x0888, 0x0888, 0x0888, 0x0888, 0x0888, 0x0888, 0x0888,
    0x0888, 0x0888, 0x0888, 0x0888, 0x0888, 0x0888, 0x0888, 0x0888,
    0x0888, 0x0888, 0x0888, 0x0888, 0x0888, 0x0888, 0x0888, 0x0888,
    0x0888, 0x0888, 0x0888, 0x0888, 0x0888, 0x0888, 0x0888, 0x0888,
    0x0888, 0x0888, 0x0888, 0x0888, 0x0888, 0x0888, 0x0888, 0x0888,
    0x0888, 0x0888, 0x0888, 0x0888, 0x0888, 0x0888, 0x0888, 0x0888,
    0x0888, 0x0888, 0x0888, 0x0888, 0x0888, 0x0888, 0x0888, 0x0888,
    0x0888, 0x0888, 0x0888, 0x0888, 0x0888, 0x0888, 0x0888, 0x0888,
    0x0888, 0x0888, 0x0888, 0x0888, 0x0888, 0x0888, 0x0888, 0x0888,
    0x0888, 0x0888, 0x0888, 0x0888, 0x0888, 0x0888, 0x0888, 0x0888,
    0x0888, 0x0888, 0x0888, 0x0888, 0x0888, 0x0888, 0x0888, 0x0888,
    0x0888, 0x0888, 0x0888, 0x0888, 0x0888, 0x0888, 0x0888, 0x0888,
    0x0888, 0x0888, 0x0888, 0x0888, 0x0888, 0x0888, 0x0888, 0x0888,
    0x0888, 0x0888, 0x0888, 0x0888, 0x0888, 0x0888, 0x0888, 0x0888,
    0x0888, 0x0888, 0x0888, 0x0888, 0x0888, 0x0888, 0x0888, 0x0888,
    0x0888, 0x0888, 0x0888, 0x0888, 0x0888, 0x0888, 0x0888, 0x0888,
    0x0888, 0x0888, 0x0888, 0x0888, 0x0888, 0x0888, 0x0888, 0x0888,
    0x0888, 0x0888, 0x0888, 0x0888, 0x0888, 0x0888, 0x0888, 0x0888,
    0x0888, 0x0888, 0x0888, 0x0888, 0x0888, 0x0888, 0x0888, 0x0888,
    0x0888, 0x0888, 0x0888, 0x0888, 0x0888, 0x0888, 0x0888, 0x0888,
    0x0888, 0x0888, 0x0888, 0x0888, 0x0888, 0x0888, 0x0888, 0x0888,
    0x0888, 0x0888, 0x0888, 0x0888, 0x0888, 0x0888, 0x0888, 0x0888,
    0x0888, 0x0888, 0x0888, 0x0888, 0x0888, 0x0888, 0x0888, 0x0888,
    0x0888, 0x0888, 0x0888, 0x0888, 0x0888, 0x0888, 0x0888, 0x0888,
    0x0888, 0x0888, 0x0888, 0x0888, 0x0888, 0x0888, 0x0888, 0x0888,
    0x0888, 0x0888, 0x0888, 0x0888, 0x0888, 0x0888, 0x0888, 0x0888,
    0x0888, 0x0888, 0x0888, 0x0888, 0x0888, 0x0888, 0x0888, 0x0888,
    0x0888, 0x0888, 0x0888, 0x0888, 0x0888, 0x0888, 0x0888, 0x0888,
    0x0888, 0x0888, 0x0888, 0x0888, 0x0888, 0x0888, 0x0888, 0x0888,
    0x0888, 0x0888, 0x0888, 0x0888, 0x0888, 0x0888, 0x0888, 0x0888,
    0x0888, 0x0888, 0x0888, 0x0888, 0x0888, 0x0888, 0x0888, 0x0888,
    0x0888, 0x0888, 0x0888, 0x0888, 0x0888, 0x0888, 0x0888, 0x0888,
    0x0888, 0x0888, 0x0888, 0x0888, 0x0888, 0x0888, 0x0888, 0x0888,
    0x0888, 0x0888, 0x0888, 0x0888, 0x0888, 0x0888, 0x0888, 0x0888,
    0x0888, 0x0888, 0x0888, 0x0888, 0x0888, 0x0888, 0x0888, 0x0888,
    0x0888, 0x0888, 0x0888, 0x0888, 0x0888, 0x0888, 0x0888, 0x0888,
    0x0888, 0x0888, 0x0888, 0x0888, 0x0888, 0x0888, 0x0888, 0x0888,
    0x0888, 0x0888, 0x0888, 0x0888, 0x0888, 0x0888, 0x0888, 0x0888,
    0x0888, 0x0888, 0x0888, 0x0888, 0x0888, 0x0888, 0x0888, 0x0888,
    0x0888, 0x0888, 0x0888, 0x0888, 0x0888, 0x0888, 0x0888, 0x0888,
    0x0888, 0x0888, 0x0888, 0x0888, 0x0888, 0x0888, 0x0888, 0x0888,
    0x0888, 0x0888, 0x0888, 0x0888, 0x0888, 0x0888, 0x0888, 0x0888,
    0x0888, 0x0888, 0x0888, 0x0888, 0x0888, 0x0888, 0x0888, 0x0888,
    0x0888, 0x0888, 0x0888, 0x0888, 0x0888, 0x0888, 0x0888, 0x0888,
    0x0888, 0x0888, 0x0888, 0x0888, 0x0888, 0x0888, 0x0888, 0x0888,
    0x0888, 0x0888, 0x0888, 0x0888, 0x0888, 0x0888, 0x0888, 0x0888,
    0x0888, 0x0888, 0x0888, 0x0888, 0x0888, 0x0888, 0x0888, 0x0888,
    0x0888, 0x0888, 0x0888, 0x0888, 0x0888, 0x0888, 0x0888, 0x0888,
    0x0888, 0x0888, 0x0888, 0x0888, 0x0888, 0x0888, 0x0888, 0x0888,
    0x0888, 0x0888, 0x0888, 0x0888, 0x0888, 0x0888, 0x0888, 0x0888,
    0x0888, 0x0888, 0x0888, 0x0888, 0x0888, 0x0888, 0x0888, 0x0888,
    0x0888, 0x0888, 0x0888, 0x0888, 0x0888, 0x0888, 0x0888, 0x0888,
    0x0888, 0x0888, 0x0888, 0x0888, 0x0888, 0x0888, 0x0888, 0x0888,
    0x0888, 0x0888, 0x0888, 0x0888, 0x0888, 0x0888, 0x0888, 0x0888,
    0x0888, 0x0888, 0x0888, 0x0888, 0x0888, 0x0888, 0x0888, 0x0888,
    0x0888, 0x0888, 0x0888, 0x0888, 0x0888, 0x0888, 0x0888, 0x0888,
    0x0888, 0x0888, 0x0888, 0x0888, 0x0888, 0x0888, 0x0888, 0x0888,
    0x0888, 0x0888, 0x0888, 0x0888, 0x0888, 0x0888, 0x0888, 0x0888,
    0x0888, 0x0888, 0x0888, 0x0888, 0x0888, 0x0888, 0x0888, 0x0888,
    0x0888, 0x0888, 0x0888, 0x0888, 0x0888, 0x0888, 0x0888, 0x0888,
    0x0888, 0x0888, 0x0888, 0x0888, 0x0888, 0x0888, 0x0888, 0x0888,
    0x0888, 0x0888, 0x0888, 0x0888, 0x0888, 0x0888, 0x0888, 0x0888,
    0x0888, 0x0888, 0x0888, 0x0888, 0x0888, 0x0888, 0x0888, 0x0888,
    0x0888, 0x0888, 0x0888, 0x0888, 0x0888, 0x0888, 0x0888, 0x0888,
    0x0888, 0x0888, 0x0888, 0x0888, 0x0888, 0x0888, 0x0888, 0x0888,
    0x0888, 0x0888, 0x0888, 0x0888, 0x0888, 0x0888, 0x0888, 0x0888,
    0x0888, 0x0888, 0x0888, 0x0888, 0x0888, 0x0888, 0x0888, 0x0888,
    0x0888, 0x0888, 0x0888, 0x0888, 0x0888, 0x0888, 0x0888, 0x0888,
    0x0888, 0x0888, 0x0888, 0x0888, 0x0888, 0x0888, 0x0888, 0x0888,
    0x0888, 0x0888, 0x0888, 0x0888, 0x0888, 0x0888, 0x0888, 0x0888,
    0x0888, 0x0888, 0x0888, 0x0888, 0x0888, 0x0888, 0x0888, 0x0888,
    0x0888, 0x0888, 0x0888, 0x0888, 0x0888, 0x0888, 0x0888, 0x0888,
    0x0888, 0x0888, 0x0888, 0x0888, 0x0888, 0x0888, 0x0888, 0x0888,
    0x0888, 0x0888, 0x0888, 0x0888, 0x0888, 0x0888, 0x0888, 0x0888,
    0x0888, 0x0888, 0x0888, 0x0888, 0x0888, 0x0888, 0x0888, 0x0888,
    0x0888, 0x0888, 0x0888, 0x0888, 0x0888, 0x0888, 0x0888, 0x0888,
    0x0888, 0x0888, 0x0888, 0x0888, 0x0888, 0x0888, 0x0888, 0x0888,
    0x0888, 0x0888, 0x0888, 0x0888, 0x0888, 0x0888, 0x0888, 0x0888,
    0x0888, 0x0888, 0x0888, 0x0888, 0x0888, 0x0888, 0x0888, 0x0888,
    0x0888, 0x0888, 0x0888, 0x0888, 0x0888, 0x0888, 0x0888, 0x0888,
    0x0888, 0x0888, 0x0888, 0x0888, 0x0888, 0x0888, 0x0888, 0x0888,
    0x0888, 0x0888, 0x0888, 0x0888, 0x0888, 0x0888, 0x0888, 0x0888,
    0x0888, 0x0888, 0x0888, 0x0888, 0x0888, 0x0888, 0x0888, 0x0888,
    0x0888, 0x0888, 0x0888, 0x0888, 0x0888, 0x0888, 0x0888, 0x0888,
    0x0888, 0x0888, 0x0888, 0x0888, 0x0888, 0x0888, 0x0888, 0x0888,
    0x0888, 0x0888, 0x0888, 0x0888, 0x0888, 0x0888, 0x0888, 0x0888,
    0x0888, 0x0888, 0x0888, 0x0888, 0x0888, 0x0888, 0x0888, 0x0888,
    0x0888, 0x0888, 0x0888, 0x0888, 0x0888, 0x0888, 0x0888, 0x0888,
    0x0888, 0x0888, 0x0888, 0x0888, 0x0888, 0x0888, 0x0888, 0x0888,
    0x0888, 0x0888, 0x0888, 0x0888, 0x0888, 0x0888, 0x0888, 0x0888,
    0x0888, 0x0888, 0x0888, 0x0888, 0x0888, 0x0888, 0x0888, 0x0888,
    0x0888, 0x0888, 0x0888, 0x0888, 0x0888, 0x0888, 0x0888, 0x0888,
    0x0888, 0x0888, 0x0888, 0x0888, 0x0888, 0x0888, 0x0888, 0x0888,
    0x0888, 0x0888, 0x0888, 0x0888, 0x0888, 0x0888, 0x0888, 0x0888,
    0x0888, 0x0888, 0x0888, 0x0888, 0x0888, 0x0888, 0x0888, 0x0888,
    0x0888, 0x0888, 0x0888, 0x0888, 0x0888, 0x0888, 0x0888, 0x0888,
    0x0888, 0x0888, 0x0888, 0x0888, 0x0888, 0x0888, 0x0888, 0x0888,
    0x0888, 0x0888, 0x0888, 0x0888, 0x0888, 0x0888, 0x0888, 0x0888,
    0x0888, 0x0888, 0x0888, 0x0888, 0x0888, 0x0888, 0x0888, 0x0888,
    0x0888, 0x0888, 0x0888, 0x0888, 0x0888, 0x0888, 0x0888, 0x0888,
    0x0888, 0x0888, 0x0888, 0x0888, 0x0888, 0x0888, 0x0888, 0x0888,
    0x0888, 0x0888, 0x0888, 0x0888, 0x0888, 0x0888, 0x0888, 0x0888,
    0x0888, 0x0888, 0x0888, 0x0888, 0x0888, 0x0888, 0x0888, 0x0888,
    0x0888, 0x0888, 0x0888, 0x0888, 0x0888, 0x0888, 0x0888, 0x0888,
    0x0888, 0x0888, 0x0888, 0x0888, 0x0888, 0x0888, 0x0888, 0x0888,
    0x0888, 0x0888, 0x0888, 0x0888, 0x0888, 0x0888, 0x0888, 0x0888,
    0x0888, 0x0888, 0x0888, 0x0888, 0x0888, 0x0888, 0x0888, 0x0888,
    0x0888, 0x0888, 0x0888, 0x0888, 0x0888, 0x0888, 0x0888, 0x0888,
    0x0888, 0x0888, 0x0888, 0x0888, 0x0888, 0x0888, 0x0888, 0x0888,
    0x0888, 0x0888, 0x0888, 0x0888, 0x0888, 0x0888, 0x0888, 0x0888,
    0x0888, 0x0888, 0x0888, 0x0888, 0x0888, 0x0888, 0x0888, 0x0888,
    0x0888, 0x0888, 0x0888, 0x0888, 0x0888, 0x0888, 0x0888, 0x0888,
    0x0888, 0x0888, 0x0888, 0x0888, 0x0888, 0x0888, 0x0888, 0x0888,
    0x0888, 0x0888, 0x0888, 0x0888, 0x0888, 0x0888, 0x0888, 0x0888,
    0x0888, 0x0888, 0x0888, 0x0888, 0x0888, 0x0888, 0x0888, 0x0888,
    0x0888, 0x0888, 0x0888, 0x0888, 0x0888, 0x0888, 0x0888, 0x0888,
    0x0888, 0x0888, 0x0888, 0x0888, 0x0888, 0x0888, 0x0888, 0x0888,
    0x0888, 0x0888, 0x0888, 0x0888, 0x0888, 0x0888, 0x0888, 0x0888,
    0x0888, 0x0888, 0x0888, 0x0888, 0x0888, 0x0888, 0x0888, 0x0888,
    0x0888, 0x0888, 0x0888, 0x0888, 0x0888, 0x0888, 0x0888, 0x0888,
    0x0888, 0x0888, 0x0888, 0x0888, 0x0888, 0x0888, 0x0888, 0x0888,
    0x0888, 0x0888, 0x0888, 0x0888, 0x0888, 0x0888, 0x0888, 0x0888,
    0x0888, 0x0888, 0x0888, 0x0888, 0x0888, 0x0888, 0x0888, 0x0888,
    0x0888, 0x0888, 0x0888, 0x0888, 0x0888, 0x0888, 0x0888, 0x0888,
    0x0888, 0x0888, 0x0888, 0x0888, 0x0888, 0x0888, 0x0888, 0x0888,
    0x0888, 0x0888, 0x0888, 0x0888, 0x0888, 0x0888, 0x0888, 0x0888,
    0x0888, 0x0888, 0x0888, 0x0888, 0x0888, 0x0888, 0x0888, 0x0888,
    0x0888, 0x0888, 0x0888, 0x0888, 0x0888, 0x0888, 0x0888, 0x0888,
    0x0888, 0x0888, 0x0888, 0x0888, 0x0888, 0x0888, 0x0888, 0x0888,
    0x0888, 0x0888, 0x0888, 0x0888, 0x0888, 0x0888, 0x0888, 0x0888,
    0x0888, 0x0888, 0x0888, 0x0888, 0x0888, 0x0888, 0x0888, 0x0888,
    0x0888, 0x0888, 0x0888, 0x0888, 0x0888, 0x0888, 0x0888, 0x0888,
    0x0888, 0x0888, 0x0888, 0x0888, 0x0888, 0x0888, 0x0888, 0x0888,
    0x0888, 0x0888, 0x0888, 0x0888, 0x0888, 0x0888, 0x0888, 0x0888,
    0x0888, 0x0888, 0x0888, 0x0888, 0x0888, 0x0888, 0x0888, 0x0888,
    0x0888, 0x0888, 0x0888, 0x0888, 0x0888, 0x0888, 0x0888, 0x0888,
    0x0888, 0x0888, 0x0888, 0x0888, 0x0888, 0x0888, 0x0888, 0x0888,
    0x0888, 0x0888, 0x0888, 0x0888, 0x0888, 0x0888, 0x0888, 0x0888,
    0x0888, 0x0888, 0x0888, 0x0888, 0x0888, 0x0888, 0x0888, 0x0888,
    0x0888, 0x0888, 0x0888, 0x0888, 0x0888, 0x0888, 0x0888, 0x0888,
    0x0888, 0x0888, 0x0888, 0x0888, 0x0888, 0x0888, 0x0888, 0x0888,
    0x0888, 0x0888, 0x0888, 0x0888, 0x0888, 0x0888, 0x0888, 0x0888,
    0x0888, 0x0888, 0x0888, 0x0888, 0x0888, 0x0888, 0x0888, 0x0888,
    0x0888, 0x0888, 0x0888, 0x0888, 0x0888, 0x0888, 0x0888, 0x0888,
    0x0888, 0x0888, 0x0888, 0x0888, 0x0888, 0x0888, 0x0888, 0x0888,
    0x0888, 0x0888, 0x0888, 0x0888, 0x0888, 0x0888, 0x0888, 0x0888,
    0x0888, 0x0888, 0x0888, 0x0888, 0x0888, 0x0888, 0x0888, 0x0888,
    0x0888, 0x0888, 0x0888, 0x0888, 0x0888, 0x0888, 0x0888, 0x0888,
    0x0888, 0x0888, 0x0888, 0x0888, 0x0888, 0x0888, 0x0888, 0x0888,
    0x0888, 0x0888, 0x0888, 0x0888, 0x0888, 0x0888, 0x0888, 0x0888,
    0x0888, 0x0888, 0x0888, 0x0888, 0x0888, 0x0888, 0x0888, 0x0888,
    0x0888, 0x0888, 0x0888, 0x0888, 0x0888, 0x0888, 0x0888, 0x0888,
    0x0888, 0x0888, 0x0888, 0x0888, 0x0888, 0x0888, 0x0888, 0x0888,
    0x0888, 0x0888, 0x0888, 0x0888, 0x0888, 0x0888, 0x0888, 0x0888,
    0x0888, 0x0888, 0x0888, 0x0888, 0x0888, 0x0888, 0x0888, 0x0888,
    0x0888, 0x0888, 0x0888, 0x0888, 0x0888, 0x0888, 0x0888, 0x0888,
    0x0888, 0x0888, 0x0888, 0x0888, 0x0888, 0x0888, 0x0888, 0x0888,
    0x0888, 0x0888, 0x0888, 0x0888, 0x0888, 0x0888, 0x0888, 0x0888,
    0x0888, 0x0888, 0x0888, 0x0888, 0x0888, 0x0888, 0x0888, 0x0888,
    0x0888, 0x0888, 0x0888, 0x0888, 0x0888, 0x0888, 0x0888, 0x0888,
    0x0888, 0x0888, 0x0888, 0x0888, 0x0888, 0x0888, 0x0888, 0x0888,
    0x0888, 0x0888, 0x0888, 0x0888, 0x0888, 0x0888, 0x0888, 0x0888,
    0x0888, 0x0888, 0x0888, 0x0888, 0x0888, 0x0888, 0x0888, 0x0888,
    0x0888, 0x0888, 0x0888, 0x0888, 0x0888, 0x0888, 0x0888, 0x0888,
    0x0888, 0x0888, 0x0888, 0x0888, 0x0888, 0x0888, 0x0888, 0x0888,
    0x0888, 0x0888, 0x0888, 0x0888, 0x0888, 0x0888, 0x0888, 0x0888,
    0x0888, 0x0888, 0x0888, 0x0888, 0x0888, 0x0888, 0x0888, 0x0888,
    0x0888, 0x0888, 0x0888, 0x0888, 0x0888, 0x0888, 0x0888, 0x0888,
    0x0888, 0x0888, 0x0888, 0x0888, 0x0888, 0x0888, 0x0888, 0x0888,
    0x0888, 0x0888, 0x0888, 0x0888, 0x0888, 0x0888, 0x0888, 0x0888,
    0x0888, 0x0888, 0x0888, 0x0888, 0x0888, 0x0888, 0x0888, 0x0888,
    0x0888, 0x0888, 0x0888, 0x0888, 0x0888, 0x0888, 0x0888, 0x0888,
    0x0888, 0x0888, 0x0888, 0x0888, 0x0888, 0x0888, 0x0888, 0x0888,
    0x0888, 0x0888, 0x0888, 0x0888, 0x0888, 0x0888, 0x0888, 0x0888,
    0x0888, 0x0888, 0x0888, 0x0888, 0x0888, 0x0888, 0x0888, 0x0888,
    0x0888, 0x0888, 0x0888, 0x0888, 0x0888, 0x0888, 0x0888, 0x0888,
    0x0888, 0x0888, 0x0888, 0x0888, 0x0888, 0x0888, 0x0888, 0x0888,
    0x0888, 0x0888, 0x0888, 0x0888, 0x0888, 0x0888, 0x0888, 0x0888,
    0x0888, 0x0888, 0x0888, 0x0888, 0x0888, 0x0888, 0x0888, 0x0888,
    0x0888, 0x0888, 0x0888, 0x0888, 0x0888, 0x0888, 0x0888, 0x0888,
    0x0888, 0x0888, 0x0888, 0x0888, 0x0888, 0x0888, 0x0888, 0x0888,
    0x0888, 0x0888, 0x0888, 0x0888, 0x0888, 0x0888, 0x0888, 0x0888,
    0x0888, 0x0888, 0x0888, 0x0888, 0x0888, 0x0888, 0x0888, 0x0888,
    0x0888, 0x0888, 0x0888, 0x0888, 0x0888, 0x0888, 0x0888, 0x0888,
    0x0888, 0x0888, 0x0888, 0x0888, 0x0888, 0x0888, 0x0888, 0x0888,
    0x0888, 0x0888, 0x0888, 0x0888, 0x0888, 0x0888, 0x0888, 0x0888,
    0x0888, 0x0888, 0x0888, 0x0888, 0x0888, 0x0888, 0x0888, 0x0888,
    0x0888, 0x0888, 0x0888, 0x0888, 0x0888, 0x0888, 0x0888, 0x0888,
    0x0888, 0x0888, 0x0888, 0x0888, 0x0888, 0x0888, 0x0888, 0x0888,
    0x0888, 0x0888, 0x0888, 0x0888, 0x0888, 0x0888, 0x0888, 0x0888,
    0x0888, 0x0888, 0x0888, 0x0888, 0x0888, 0x0888, 0x0888, 0x0888,
    0x0888, 0x0888, 0x0888, 0x0888, 0x0888, 0x0888, 0x0888, 0x0888,
    0x0888, 0x0888, 0x0888, 0x0888, 0x0888, 0x0888, 0x0888, 0x0888,
    0x0888, 0x0888, 0x0888, 0x0888, 0x0888, 0x0888, 0x0888, 0x0888,
    0x0888, 0x0888, 0x0888, 0x0888, 0x0888, 0x0888, 0x0888, 0x0888,
    0x0888, 0x0888, 0x0888, 0x0888, 0x0888, 0x0888, 0x0888, 0x0888,
    0x0888, 0x0888, 0x0888, 0x0888, 0x0888, 0x0888, 0x0888, 0x0888,
    0x0888, 0x0888, 0x0888, 0x0888, 0x0888, 0x0888, 0x0888, 0x0888,
    0x0888, 0x0888, 0x0888, 0x0888, 0x0888, 0x0888, 0x0888, 0x0888,
    0x0888, 0x0888, 0x0888, 0x0888, 0x0888, 0x0888, 0x0888, 0x0888,
    0x0888, 0x0888, 0x0888, 0x0888, 0x0888, 0x0888, 0x0888, 0x0888,
    0x0888, 0x0888, 0x0888, 0x0888, 0x0888, 0x0888, 0x0888, 0x0888,
    0x0888, 0x0888, 0x0888, 0x0888, 0x0888, 0x0888, 0x0888, 0x0888,
    0x0888, 0x0888, 0x0888, 0x0888, 0x0888, 0x0888, 0x0888, 0x0888,
    0x0888, 0x0888, 0x0888, 0x0888, 0x0888, 0x0888, 0x0888, 0x0888,
    0x0888, 0x0888, 0x0888, 0x0888, 0x0888, 0x0888, 0x0888, 0x0888,
    0x0888, 0x0888, 0x0888, 0x0888, 0x0888, 0x0888, 0x0888, 0x0888,
    0x0888, 0x0888, 0x0888, 0x0888, 0x0888, 0x0888, 0x0888, 0x0888,
    0x0888, 0x0888, 0x0888, 0x0888, 0x0888, 0x0888, 0x0888, 0x0888,
    0x0888, 0x0888, 0x0888, 0x0888, 0x0888, 0x0888, 0x0888, 0x0888,
    0x0888, 0x0888, 0x0888, 0x0888, 0x0888, 0x0888, 0x0888, 0x0888,
    0x0888, 0x0888, 0x0888, 0x0888, 0x0888, 0x0888, 0x0888, 0x0888,
    0x0888, 0x0888, 0x0888, 0x0888, 0x0888, 0x0888, 0x0888, 0x0888,
    0x0888, 0x0888, 0x0888, 0x0888, 0x0888, 0x0888, 0x0888, 0x0888,
    0x0888, 0x0888, 0x0888, 0x0888, 0x0888, 0x0888, 0x0888, 0x0888,
    0x0888, 0x0888, 0x0888, 0x0888, 0x0888, 0x0888, 0x0888, 0x0888,
    0x0888, 0x0888, 0x0888, 0x0888, 0x0888, 0x0888, 0x0888, 0x0888,
    0x0888, 0x0888, 0x0888, 0x0888, 0x0888, 0x0888, 0x0888, 0x0888,
    0x0888, 0x0888, 0x0888, 0x0888, 0x0888, 0x0888, 0x0888, 0x0888,
    0x0888, 0x0888, 0x0888, 0x0888, 0x0888, 0x0888, 0x0888, 0x0888,
    0x0888, 0x0888, 0x0888, 0x0888, 0x0888, 0x0888, 0x0888, 0x0888,
    0x0888, 0x0888, 0x0888, 0x0888, 0x0888, 0x0888, 0x0888, 0x0888,
    0x0888, 0x0888, 0x0888, 0x0888, 0x0888, 0x0888, 0x0888, 0x0888,
    0x0888, 0x0888, 0x0888, 0x0888, 0x0888, 0x0888, 0x0888, 0x0888,
    0x0888, 0x0888, 0x0888, 0x0888, 0x0888, 0x0888, 0x0888, 0x0888,
    0x0888, 0x0888, 0x0888, 0x0888, 0x0888, 0x0888, 0x0888, 0x0888,
    0x0888, 0x0888, 0x0888, 0x0888, 0x0888, 0x0888, 0x0888, 0x0888,
    0x0888, 0x0888, 0x0888, 0x0888, 0x0888, 0x0888, 0x0888, 0x0888,
    0x0888, 0x0888, 0x0888, 0x0888, 0x0888, 0x0888, 0x0888, 0x0888,
    0x0888, 0x0888, 0x0888, 0x0888, 0x0888, 0x0888, 0x0888, 0x0888,
    0x0888, 0x0888, 0x0888, 0x0888, 0x0888, 0x0888, 0x0888, 0x0888,
    0x0888, 0x0888, 0x0888, 0x0888, 0x0888, 0x0888, 0x0888, 0x0888,
    0x0888, 0x0888, 0x0888, 0x0888, 0x0888, 0x0888, 0x0888, 0x0888,
    0x0888, 0x0888, 0x0888, 0x0888, 0x0888, 0x0888, 0x0888, 0x0888,
    0x0888, 0x0888, 0x0888, 0x0888, 0x0888, 0x0888, 0x0888, 0x0888,
    0x0888, 0x0888, 0x0888, 0x0888, 0x0888, 0x0888, 0x0888, 0x0888,
    0x0888, 0x0888, 0x0888, 0x0888, 0x0888, 0x0888, 0x0888, 0x0888,
    0x0888, 0x0888, 0x0888, 0x0888, 0x0888, 0x0888, 0x0888, 0x0888,
    0x0888, 0x0888, 0x0888, 0x0888, 0x0888, 0x0888, 0x0888, 0x0888,
    0x0888, 0x0888, 0x0888, 0x0888, 0x0888, 0x0888, 0x0888, 0x0888,
    0x0888, 0x0888, 0x0888, 0x0888, 0x0888, 0x0888, 0x0888, 0x0888,
    0x0888, 0x0888, 0x0888, 0x0888, 0x0888, 0x0888, 0x0888, 0x0888,
    0x0888, 0x0888, 0x0888, 0x0888, 0x0888, 0x0888, 0x0888, 0x0888,
    0x0888, 0x0888, 0x0888, 0x0888, 0x0888, 0x0888, 0x0888, 0x0888,
    0x0888, 0x0888, 0x0888, 0x0888, 0x0888, 0x0888, 0x0888, 0x0888,
    0x0888, 0x0888, 0x0888, 0x0888, 0x0888, 0x0888, 0x0888, 0x0888,
    0x0888, 0x0888, 0x0888, 0x0888, 0x0888, 0x0888, 0x0888, 0x0888,
    0x0888, 0x0888, 0x0888, 0x0888, 0x0888, 0x0888, 0x0888, 0x0888,
    0x0888, 0x0888, 0x0888, 0x0888, 0x0888, 0x0888, 0x0888, 0x0888,
    0x0888, 0x0888, 0x0888, 0x0888, 0x0888, 0x0888, 0x0888, 0x0888,
    0x0888, 0x0888, 0x0888, 0x0888, 0x0888, 0x0888, 0x0888, 0x0888,
    0x0888, 0x0888, 0x0888, 0x0888, 0x0888, 0x0888, 0x0888, 0x0888,
    0x0888, 0x0888, 0x0888, 0x0888, 0x0888, 0x0888, 0x0888, 0x0888,
    0x0888, 0x0888, 0x0888, 0x0888, 0x0888, 0x0888, 0x0888, 0x0888,
    0x0888, 0x0888, 0x0888, 0x0888, 0x0888, 0x0888, 0x0888, 0x0888,
    0x0888, 0x0888, 0x0888, 0x0888, 0x0888, 0x0888, 0x0888, 0x0888,
    0x0888, 0x0888, 0x0888, 0x0888, 0x0888, 0x0888, 0x0888, 0x0888,
    0x0888, 0x0888, 0x0888, 0x0888, 0x0888, 0x0888, 0x0888, 0x0888,
    0x0888, 0x0888, 0x0888, 0x0888, 0x0888, 0x0888, 0x0888, 0x0888,
    0x0888, 0x0888, 0x0888, 0x0888, 0x0888, 0x0888, 0x0888, 0x0888,
    0x0888, 0x0888, 0x0888, 0x0888, 0x0888, 0x0888, 0x0888, 0x0888,
    0x0888, 0x0888, 0x0888, 0x0888, 0x0888, 0x0888, 0x0888, 0x0888,
    0x0888, 0x0888, 0x0888, 0x0888, 0x0888, 0x0888, 0x0888, 0x0888,
    0x0888, 0x0888, 0x0888, 0x0888, 0x0888, 0x0888, 0x0888, 0x0888,
    0x0888, 0x0888, 0x0888, 0x0888, 0x0888, 0x0888, 0x0888, 0x0888,
    0x0888, 0x0888, 0x0888, 0x0888, 0x0888, 0x0888, 0x0888, 0x0888,
    0x0888, 0x0888, 0x0888, 0x0888, 0x0888, 0x0888, 0x0888, 0x0888,
    0x0888, 0x0888, 0x0888, 0x0888, 0x0888, 0x0888, 0x0888, 0x0888,
    0x0888, 0x0888, 0x0888, 0x0888, 0x0888, 0x0888, 0x0888, 0x0888,
    0x0888, 0x0888, 0x0888, 0x0888, 0x0888, 0x0888, 0x0888, 0x0888,
    0x0888, 0x0888, 0x0888, 0x0888, 0x0888, 0x0888, 0x0888, 0x0888,
    0x0888, 0x0888, 0x0888, 0x0888, 0x0888, 0x0888, 0x0888, 0x0888,
    0x0888, 0x0888, 0x0888, 0x0888, 0x0888, 0x0888, 0x0888, 0x0888,
    0x0888, 0x0888, 0x0888, 0x0888, 0x0888, 0x0888, 0x0888, 0x0888,
    0x0888, 0x0888, 0x0888, 0x0888, 0x0888, 0x0888, 0x0888, 0x0888,
    0x0888, 0x0888, 0x0888, 0x0888, 0x0888, 0x0888, 0x0888, 0x0888,
    0x0888, 0x0888, 0x0888, 0x0888, 0x0888, 0x0888, 0x0888, 0x0888,
    0x0888, 0x0888, 0x0888, 0x0888, 0x0888, 0x0888, 0x0888, 0x0888,
    0x0888, 0x0888, 0x0888, 0x0888, 0x0888, 0x0888, 0x0888, 0x0888,
    0x0888, 0x0888, 0x0888, 0x0888, 0x0888, 0x0888, 0x0888, 0x0888,
    0x0888, 0x0888, 0x0888, 0x0888, 0x0888, 0x0888, 0x0888, 0x0888,
    0x0888, 0x0888, 0x0888, 0x0888, 0x0888, 0x0888, 0x0888, 0x0888,
    0x0888, 0x0888, 0x0888, 0x0888, 0x0888, 0x0888, 0x0888, 0x0888,
    0x0888, 0x0888, 0x0888, 0x0888, 0x0888, 0x0888, 0x0888, 0x0888,
    0x0888, 0x0888, 0x0888, 0x0888, 0x0888, 0x0888, 0x0888, 0x0888,
    0x0888, 0x0888, 0x0888, 0x0888, 0x0888, 0x0888, 0x0888, 0x0888,
    0x0888, 0x0888, 0x0888, 0x0888, 0x0888, 0x0888, 0x0888, 0x0888,
    0x0888, 0x0888, 0x0888, 0x0888, 0x0888, 0x0888, 0x0888, 0x0888,
    0x0888, 0x0888, 0x0888, 0x0888, 0x0888, 0x0888, 0x0888, 0x0888,
    0x0888, 0x0888, 0x0888, 0x0888, 0x0888, 0x0888, 0x0888, 0x0888,
    0x0888, 0x0888, 0x0888, 0x0888, 0x0888, 0x0888, 0x0888, 0x0888,
    0x0888, 0x0888, 0x0888, 0x0888, 0x0888, 0x0888, 0x0888, 0x0888,
    0x0888, 0x0888, 0x0888, 0x0888, 0x0888, 0x0888, 0x0888, 0x0888,
    0x0888, 0x0888, 0x0888, 0x0888, 0x0888, 0x0888, 0x0888, 0x0888,
    0x0888, 0x0888, 0x0888, 0x0888, 0x0888, 0x0888, 0x0888, 0x0888,
    0x0888, 0x0888, 0x0888, 0x0888, 0x0888, 0x0888, 0x0888, 0x0888,
    0x0888, 0x0888, 0x0888, 0x0888, 0x0888, 0x0888, 0x0888, 0x0888,
    0x0888, 0x0888, 0x0888, 0x0888, 0x0888, 0x0888, 0x0888, 0x0888,
    0x0888, 0x0888, 0x0888, 0x0888, 0x0888, 0x0888, 0x0888, 0x0888,
    0x0888, 0x0888, 0x0888, 0x0888, 0x0888, 0x0888, 0x0888, 0x0888,
    0x0888, 0x0888, 0x0888, 0x0888, 0x0888, 0x0888, 0x0888, 0x0888,
    0x0888, 0x0888, 0x0888, 0x0888, 0x0888, 0x0888, 0x0888, 0x0888,
    0x0888, 0x0888, 0x0888, 0x0888, 0x0888, 0x0888, 0x0888, 0x0888,
    0x0888, 0x0888, 0x0888, 0x0888, 0x0888, 0x0888, 0x0888, 0x0888,
    0x0888, 0x0888, 0x0888, 0x0888, 0x0888, 0x0888, 0x0888, 0x0888,
    0x0888, 0x0888, 0x0888, 0x0888, 0x0888, 0x0888, 0x0888, 0x0888,
    0x0888, 0x0888, 0x0888, 0x0888, 0x0888, 0x0888, 0x0888, 0x0888,
    0x0888, 0x0888, 0x0888, 0x0888, 0x0888, 0x0888, 0x0888, 0x0888,
    0x0888, 0x0888, 0x0888, 0x0888, 0x0888, 0x0888, 0x0888, 0x0888,
    0x0888, 0x0888, 0x0888, 0x0888, 0x0888, 0x0888, 0x0888, 0x0888,
    0x0888, 0x0888, 0x0888, 0x0888, 0x0888, 0x0888, 0x0888, 0x0888,
    0x0888, 0x0888, 0x0888, 0x0888, 0x0888, 0x0888, 0x0888, 0x0888,
    0x0888, 0x0888, 0x0888, 0x0888, 0x0888, 0x0888, 0x0888, 0x0888,
    0x0888, 0x0888, 0x0888, 0x0888, 0x0888, 0x0888, 0x0888, 0x0888,
    0x0888, 0x0888, 0x0888, 0x0888, 0x0888, 0x0888, 0x0888, 0x0888,
    0x0888, 0x0888, 0x0888, 0x0888, 0x0888, 0x0888, 0x0888, 0x0888,
    0x0888, 0x0888, 0x0888, 0x0888, 0x0888, 0x0888, 0x0888, 0x0888,
    0x0888, 0x0888, 0x0888, 0x0888, 0x0888, 0x0888, 0x0888, 0x0888,
    0x0888, 0x0888, 0x0888, 0x0888, 0x0888, 0x0888, 0x0888, 0x0888,
    0x0888, 0x0888, 0x0888, 0x0888, 0x0888, 0x0888, 0x0888, 0x0888,
    0x0888, 0x0888, 0x0888, 0x0888, 0x0888, 0x0888, 0x0888, 0x0888,
    0x0888, 0x0888, 0x0888, 0x0888, 0x0888, 0x0888, 0x0888, 0x0888,
    0x0888, 0x0888, 0x0888, 0x0888, 0x0888, 0x0888, 0x0888, 0x0888,
    0x0888, 0x0888, 0x0888, 0x0888, 0x0888, 0x0888, 0x0888, 0x0888,
    0x0888, 0x0888, 0x0888, 0x0888, 0x0888, 0x0888, 0x0888, 0x0888,
    0x0888, 0x0888, 0x0888, 0x0888, 0x0888, 0x0888, 0x0888, 0x0888,
    0x0888, 0x0888, 0x0888, 0x0888, 0x0888, 0x0888, 0x0888, 0x0888,
    0x0888, 0x0888, 0x0888, 0x0888, 0x0888, 0x0888, 0x0888, 0x0888,
    0x0888, 0x0888, 0x0888, 0x0888, 0x0888, 0x0888, 0x0888, 0x0888,
    0x0888, 0x0888, 0x0888, 0x0888, 0x0888, 0x0888, 0x0888, 0x0888,
    0x0888, 0x0888, 0x0888, 0x0888, 0x0888, 0x0888, 0x0888, 0x0888,
    0x0888, 0x0888, 0x0888, 0x0888, 0x0888, 0x0888, 0x0888, 0x0888,
    0x0888, 0x0888, 0x0888, 0x0888, 0x0888, 0x0888, 0x0888, 0x0888,
    0x0888, 0x0888, 0x0888, 0x0888, 0x0888, 0x0888, 0x0888, 0x0888,
    0x0888, 0x0888, 0x0888, 0x0888, 0x0888, 0x0888, 0x0888, 0x0888,
    0x0888, 0x0888, 0x0888, 0x0888, 0x0888, 0x0888, 0x0888, 0x0888,
    0x0888, 0x0888, 0x0888, 0x0888, 0x0888, 0x0888, 0x0888, 0x0888,
    0x0888, 0x0888, 0x0888, 0x0888, 0x0888, 0x0888, 0x0888, 0x0888,
    0x0888, 0x0888, 0x0888, 0x0888, 0x0888, 0x0888, 0x0888, 0x0888,
    0x0888, 0x0888, 0x0888, 0x0888, 0x0888, 0x0888, 0x0888, 0x0888,
    0x0888, 0x0888, 0x0888, 0x0888, 0x0888, 0x0888, 0x0888, 0x0888,
    0x0888, 0x0888, 0x0888, 0x0888, 0x0888, 0x0888, 0x0888, 0x0888,
    0x0888, 0x0888, 0x0888, 0x0888, 0x0888, 0x0888, 0x0888, 0x0888,
    0x0888, 0x0888, 0x0888, 0x0888, 0x0888, 0x0888, 0x0888, 0x0888,
    0x0888, 0x0888, 0x0888, 0x0888, 0x0888, 0x0888, 0x0888, 0x0888,
    0x0888, 0x0888, 0x0888, 0x0888, 0x0888, 0x0888, 0x0888, 0x0888,
    0x0888, 0x0888, 0x0888, 0x0888, 0x0888, 0x0888, 0x0888, 0x0888,
    0x0888, 0x0888, 0x0888, 0x0888, 0x0888, 0x0888, 0x0888, 0x0888,
    0x0888, 0x0888, 0x0888, 0x0888, 0x0888, 0x0888, 0x0888, 0x0888,
    0x0888, 0x0888, 0x0888, 0x0888, 0x0888, 0x0888, 0x0888, 0x0888,
    0x0888, 0x0888, 0x0888, 0x0888, 0x0888, 0x0888, 0x0888, 0x0888,
    0x0888, 0x0888, 0x0888, 0x0888, 0x0888, 0x0888, 0x0888, 0x0888,
    0x0888, 0x0888, 0x0888, 0x0888, 0x0888, 0x0888, 0x0888, 0x0888,
    0x0888, 0x0888, 0x0888, 0x0888, 0x0888, 0x0888, 0x0888, 0x0888,
    0x0888, 0x0888, 0x0888, 0x0888, 0x0888, 0x0888, 0x0888, 0x0888,
    0x0888, 0x0888, 0x0888, 0x0888, 0x0888, 0x0888, 0x0888, 0x0888,
    0x0888, 0x0888, 0x0888, 0x0888, 0x0888, 0x0888, 0x0888, 0x0888,
    0x0888, 0x0888, 0x0888, 0x0888, 0x0888, 0x0888, 0x0888, 0x0888,
    0x0888, 0x0888, 0x0888, 0x0888, 0x0888, 0x0888, 0x0888, 0x0888,
    0x0888, 0x0888, 0x0888, 0x0888, 0x0888, 0x0888, 0x0888, 0x0888,
    0x0888, 0x0888, 0x0888, 0x0888, 0x0888, 0x0888, 0x0888, 0x0888,
    0x0888, 0x0888, 0x0888, 0x0888, 0x0888, 0x0888, 0x0888, 0x0888,
    0x0888, 0x0888, 0x0888, 0x0888, 0x0888, 0x0888, 0x0888, 0x0888,
    0x0888, 0x0888, 0x0888, 0x0888, 0x0888, 0x0888, 0x0888, 0x0888,
    0x0888, 0x0888, 0x0888, 0x0888, 0x0888, 0x0888, 0x0888, 0x0888,
    0x0888, 0x0888, 0x0888, 0x0888, 0x0888, 0x0888, 0x0888, 0x0888,
    0x0888, 0x0888, 0x0888, 0x0888, 0x0888, 0x0888, 0x0888, 0x0888,
    0x0888, 0x0888, 0x0888, 0x0888, 0x0888, 0x0888, 0x0888, 0x0888,
    0x0888, 0x0888, 0x0888, 0x0888, 0x0888, 0x0888, 0x0888, 0x0888,
    0x0888, 0x0888, 0x0888, 0x0888, 0x0888, 0x0888, 0x0888, 0x0888,
    0x0888, 0x0888, 0x0888, 0x0888, 0x0888, 0x0888, 0x0888, 0x0888,
    0x0888, 0x0888, 0x0888, 0x0888, 0x0888, 0x0888, 0x0888, 0x0888,
    0x0888, 0x0888, 0x0888, 0x0888, 0x0888, 0x0888, 0x0888, 0x0888,
    0x0888, 0x0888, 0x0888, 0x0888, 0x0888, 0x0888, 0x0888, 0x0888,
    0x0888, 0x0888, 0x0888, 0x0888, 0x0888, 0x0888, 0x0888, 0x0888,
    0x0888, 0x0888, 0x0888, 0x0888, 0x0888, 0x0888, 0x0888, 0x0888,
    0x0888, 0x0888, 0x0888, 0x0888, 0x0888, 0x0888, 0x0888, 0x0888,
    0x0888, 0x0888, 0x0888, 0x0888, 0x0888, 0x0888, 0x0888, 0x0888,
    0x0888, 0x0888, 0x0888, 0x0888, 0x0888, 0x0888, 0x0888, 0x0888,
    0x0888, 0x0888, 0x0888, 0x0888, 0x0888, 0x0888, 0x0888, 0x0888,
    0x0888, 0x0888, 0x0888, 0x0888, 0x0888, 0x0888, 0x0888, 0x0888,
    0x0888, 0x0888, 0x0888, 0x0888, 0x0888, 0x0888, 0x0888, 0x0888,
    0x0888, 0x0888, 0x0888, 0x0888, 0x0888, 0x0888, 0x0888, 0x0888,
    0x0888, 0x0888, 0x0888, 0x0888, 0x0888, 0x0888, 0x0888, 0x0888,
    0x0888, 0x0888, 0x0888, 0x0888, 0x0888, 0x0888, 0x0888, 0x0888,
    0x0888, 0x0888, 0x0888, 0x0888, 0x0888, 0x0888, 0x0888, 0x0888,
    0x0888, 0x0888, 0x0888, 0x0888, 0x0888, 0x0888, 0x0888, 0x0888,
    0x0888, 0x0888, 0x0888, 0x0888, 0x0888, 0x0888, 0x0888, 0x0888,
    0x0888, 0x0888, 0x0888, 0x0888, 0x0888, 0x0888, 0x0888, 0x0888,
    0x0888, 0x0888, 0x0888, 0x0888, 0x0888, 0x0888, 0x0888, 0x0888,
    0x0888, 0x0888, 0x0888, 0x0888, 0x0888, 0x0888, 0x0888, 0x0888,
    0x0888, 0x0888, 0x0888, 0x0888, 0x0888, 0x0888, 0x0888, 0x0888,
    0x0888, 0x0888, 0x0888, 0x0888, 0x0888, 0x0888, 0x0888, 0x0888,
    0x0888, 0x0888, 0x0888, 0x0888, 0x0888, 0x0888, 0x0888, 0x0888,
    0x0888, 0x0888, 0x0888, 0x0888, 0x0888, 0x0888, 0x0888, 0x0888,
    0x0888, 0x0888, 0x0888, 0x0888, 0x0888, 0x0888, 0x0888, 0x0888,
    0x0888, 0x0888, 0x0888, 0x0888, 0x0888, 0x0888, 0x0888, 0x0888,
    0x0888, 0x0888, 0x0888, 0x0888, 0x0888, 0x0888, 0x0888, 0x0888,
    0x0888, 0x0888, 0x0888, 0x0888, 0x0888, 0x0888, 0x0888, 0x0888,
    0x0888, 0x0888, 0x0888, 0x0888, 0x0888, 0x0888, 0x0888, 0x0888,
    0x0888, 0x0888, 0x0888, 0x0888, 0x0888, 0x0888, 0x0888, 0x0888,
    0x0888, 0x0888, 0x0888, 0x0888, 0x0888, 0x0888, 0x0888, 0x0888,
    0x0888, 0x0888, 0x0888, 0x0888, 0x0888, 0x0888, 0x0888, 0x0888,
    0x0888, 0x0888, 0x0888, 0x0888, 0x0888, 0x0888, 0x0888, 0x0888,
    0x0888, 0x0888, 0x0888, 0x0888, 0x0888, 0x0888, 0x0888, 0x0888,
    0x0888, 0x0888, 0x0888, 0x0888, 0x0888, 0x0888, 0x0888, 0x0888,
    0x0888, 0x0888, 0x0888, 0x0888, 0x0888, 0x0888, 0x0888, 0x0888,
    0x0888, 0x0888, 0x0888, 0x0888, 0x0888, 0x0888, 0x0888, 0x0888,
    0x0888, 0x0888, 0x0888, 0x0888, 0x0888, 0x0888, 0x0888, 0x0888,
    0x0888, 0x0888, 0x0888, 0x0888, 0x0888, 0x0888, 0x0888, 0x0888,
    0x0888, 0x0888, 0x0888, 0x0888, 0x0888, 0x0888, 0x0888, 0x0888,
    0x0888, 0x0888, 0x0888, 0x0888, 0x0888, 0x0888, 0x0888, 0x0888,
    0x0888, 0x0888, 0x0888, 0x0888, 0x0888, 0x0888, 0x0888, 0x0888,
    0x0888, 0x0888, 0x0888, 0x0888, 0x0888, 0x0888, 0x0888, 0x0888,
    0x0888, 0x0888, 0x0888, 0x0888, 0x0888, 0x0888, 0x0888, 0x0888,
    0x0888, 0x0888, 0x0888, 0x0888, 0x0888, 0x0888, 0x0888, 0x0888,
    0x0888, 0x0888, 0x0888, 0x0888, 0x0888, 0x0888, 0x0888, 0x0888,
    0x0888, 0x0888, 0x0888, 0x0888, 0x0888, 0x0888, 0x0888, 0x0888,
    0x0888, 0x0888, 0x0888, 0x0888, 0x0888, 0x0888, 0x0888, 0x0888,
    0x0888, 0x0888, 0x0888, 0x0888, 0x0888, 0x0888, 0x0888, 0x0888,
    0x0888, 0x0888, 0x0888, 0x0888, 0x0888, 0x0888, 0x0888, 0x0888,
    0x0888, 0x0888, 0x0888, 0x0888, 0x0888, 0x0888, 0x0888, 0x0888,
    0x0888, 0x0888, 0x0888, 0x0888, 0x0888, 0x0888, 0x0888, 0x0888,
    0x0888, 0x0888, 0x0888, 0x0888, 0x0888, 0x0888, 0x0888, 0x0888,
    0x0888, 0x0888, 0x0888, 0x0888, 0x0888, 0x0888, 0x0888, 0x0888,
    0x0888, 0x0888, 0x0888, 0x0888, 0x0888, 0x0888, 0x0888, 0x0888,
    0x0888, 0x0888, 0x0888, 0x0888, 0x0888, 0x0888, 0x0888, 0x0888,
    0x0888, 0x0888, 0x0888, 0x0888, 0x0888, 0x0888, 0x0888, 0x0888,
    0x0888, 0x0888, 0x0888, 0x0888, 0x0888, 0x0888, 0x0888, 0x0888,
    0x0888, 0x0888, 0x0888, 0x0888, 0x0888, 0x0888, 0x0888, 0x0888,
    0x0888, 0x0888, 0x0888, 0x0888, 0x0888, 0x0888, 0x0888, 0x0888,
    0x0888, 0x0888, 0x0888, 0x0888, 0x0888, 0x0888, 0x0888, 0x0888,
    0x0888, 0x0888, 0x0888, 0x0888, 0x0888, 0x0888, 0x0888, 0x0888,
    0x0888, 0x0888, 0x0888, 0x0888, 0x0888, 0x0888, 0x0888, 0x0888,
    0x0888, 0x0888, 0x0888, 0x0888, 0x0888, 0x0888, 0x0888, 0x0888,
    0x0888, 0x0888, 0x0888, 0x0888, 0x0888, 0x0888, 0x0888, 0x0888,
    0x0888, 0x0888, 0x0888, 0x0888, 0x0888, 0x0888, 0x0888, 0x0888,
    0x0888, 0x0888, 0x0888, 0x0888, 0x0888, 0x0888, 0x0888, 0x0888,
    0x0888, 0x0888, 0x0888, 0x0888, 0x0888, 0x0888, 0x0888, 0x0888,
    0x0888, 0x0888, 0x0888, 0x0888, 0x0888, 0x0888, 0x0888, 0x0888,
    0x0888, 0x0888, 0x0888, 0x0888, 0x0888, 0x0888, 0x0888, 0x0888,
    0x0888, 0x0888, 0x0888, 0x0888, 0x0888, 0x0888, 0x0888, 0x0888,
    0x0888, 0x0888, 0x0888, 0x0888, 0x0888, 0x0888, 0x0888, 0x0888,
    0x0888, 0x0888, 0x0888, 0x0888, 0x0888, 0x0888, 0x0888, 0x0888,
    0x0888, 0x0888, 0x0888, 0x0888, 0x0888, 0x0888, 0x0888, 0x0888,
    0x0888, 0x0888, 0x0888, 0x0888, 0x0888, 0x0888, 0x0888, 0x0888,
    0x0888, 0x0888, 0x0888, 0x0888, 0x0888, 0x0888, 0x0888, 0x0888,
    0x0888, 0x0888, 0x0888, 0x0888, 0x0888, 0x0888, 0x0888, 0x0888,
    0x0888, 0x0888, 0x0888, 0x0888, 0x0888, 0x0888, 0x0888, 0x0888,
    0x0888, 0x0888, 0x0888, 0x0888, 0x0888, 0x0888, 0x0888, 0x0888,
    0x0888, 0x0888, 0x0888, 0x0888, 0x0888, 0x0888, 0x0888, 0x0888,
    0x0888, 0x0888, 0x0888, 0x0888, 0x0888, 0x0888, 0x0888, 0x0888,
    0x0888, 0x0888, 0x0888, 0x0888, 0x0888, 0x0888, 0x0888, 0x0888,
    0x0888, 0x0888, 0x0888, 0x0888, 0x0888, 0x0888, 0x0888, 0x0888,
    0x0888, 0x0888, 0x0888, 0x0888, 0x0888, 0x0888, 0x0888, 0x0888,
    0x0888, 0x0888, 0x0888, 0x0888, 0x0888, 0x0888, 0x0888, 0x0888,
    0x0888, 0x0888, 0x0888, 0x0888, 0x0888, 0x0888, 0x0888, 0x0888,
    0x0888, 0x0888, 0x0888, 0x0888, 0x0888, 0x0888, 0x0888, 0x0888,
    0x0888, 0x0888, 0x0888, 0x0888, 0x0888, 0x0888, 0x0888, 0x0888,
    0x0888, 0x0888, 0x0888, 0x0888, 0x0888, 0x0888, 0x0888, 0x0888,
    0x0888, 0x0888, 0x0888, 0x0888, 0x0888, 0x0888, 0x0888, 0x0888,
    0x0888, 0x0888, 0x0888, 0x0888, 0x0888, 0x0888, 0x0888, 0x0888,
    0x0888, 0x0888, 0x0888, 0x0888, 0x0888, 0x0888, 0x0888, 0x0888,
    0x0888, 0x0888, 0x0888, 0x0888, 0x0888, 0x0888, 0x0888, 0x0888,
    0x0888, 0x0888, 0x0888, 0x0888, 0x0888, 0x0888, 0x0888, 0x0888,
    0x0888, 0x0888, 0x0888, 0x0888, 0x0888, 0x0888, 0x0888, 0x0888,
    0x0888, 0x0888, 0x0888, 0x0888, 0x0888, 0x0888, 0x0888, 0x0888,
    0x0888, 0x0888, 0x0888, 0x0888, 0x0888, 0x0888, 0x0888, 0x0888,
    0x0888, 0x0888, 0x0888, 0x0888, 0x0888, 0x0888, 0x0888, 0x0888,
    0x0888, 0x0888, 0x0888, 0x0888, 0x0888, 0x0888, 0x0888, 0x0888,
    0x0888, 0x0888, 0x0888, 0x0888, 0x0888, 0x0888, 0x0888, 0x0888,
    0x0888, 0x0888, 0x0888, 0x0888, 0x0888, 0x0888, 0x0888, 0x0888,
    0x0888, 0x0888, 0x0888, 0x0888, 0x0888, 0x0888, 0x0888, 0x0888,
    0x0888, 0x0888, 0x0888, 0x0888, 0x0888, 0x0888, 0x0888, 0x0888,
    0x0888, 0x0888, 0x0888, 0x0888, 0x0888, 0x0888, 0x0888, 0x0888,
    0x0888, 0x0888, 0x0888, 0x0888, 0x0888, 0x0888, 0x0888, 0x0888,
    0x0888, 0x0888, 0x0888, 0x0888, 0x0888, 0x0888, 0x0888, 0x0888,
    0x0888, 0x0888, 0x0888, 0x0888, 0x0888, 0x0888, 0x0888, 0x0888,
    0x0888, 0x0888, 0x0888, 0x0888, 0x0888, 0x0888, 0x0888, 0x0888,
    0x0888, 0x0888, 0x0888, 0x0888, 0x0888, 0x0888, 0x0888, 0x0888,
    0x0888, 0x0888, 0x0888, 0x0888, 0x0888, 0x0888, 0x0888, 0x0888,
    0x0888, 0x0888, 0x0888, 0x0888, 0x0888, 0x0888, 0x0888, 0x0888,
    0x0888, 0x0888, 0x0888, 0x0888, 0x0888, 0x0888, 0x0888, 0x0888,
    0x0888, 0x0888, 0x0888, 0x0888, 0x0888, 0x0888, 0x0888, 0x0888,
    0x0888, 0x0888, 0x0888, 0x0888, 0x0888, 0x0888, 0x0888, 0x0888,
    0x0888, 0x0888, 0x0888, 0x0888, 0x0888, 0x0888, 0x0888, 0x0888,
    0x0888, 0x0888, 0x0888, 0x0888, 0x0888, 0x0888, 0x0888, 0x0888,
    0x0888, 0x0888, 0x0888, 0x0888, 0x0888, 0x0888, 0x0888, 0x0888,
    0x0888, 0x0888, 0x0888, 0x0888, 0x0888, 0x0888, 0x0888, 0x0888,
    0x0888, 0x0888, 0x0888, 0x0888, 0x0888, 0x0888, 0x0888, 0x0888,
    0x0888, 0x0888, 0x0888, 0x0888, 0x0888, 0x0888, 0x0888, 0x0888,
    0x0888, 0x0888, 0x0888, 0x0888, 0x0888, 0x0888, 0x0888, 0x0888,
    0x0888, 0x0888, 0x0888, 0x0888, 0x0888, 0x0888, 0x0888, 0x0888,
    0x0888, 0x0888, 0x0888, 0x0888, 0x0888, 0x0888, 0x0888, 0x0888,
    0x0888, 0x0888, 0x0888, 0x0888, 0x0888, 0x0888, 0x0888, 0x0888,
    0x0888, 0x0888, 0x0888, 0x0888, 0x0888, 0x0888, 0x0888, 0x0888,
    0x0888, 0x0888, 0x0888, 0x0888, 0x0888, 0x0888, 0x0888, 0x0888,
    0x0888, 0x0888, 0x0888, 0x0888, 0x0888, 0x0888, 0x0888, 0x0888,
    0x0888, 0x0888, 0x0888, 0x0888, 0x0888, 0x0888, 0x0888, 0x0888,
    0x0888, 0x0888, 0x0888, 0x0888, 0x0888, 0x0888, 0x0888, 0x0888,
    0x0888, 0x0888, 0x0888, 0x0888, 0x0888, 0x0888, 0x0888, 0x0888,
    0x0888, 0x0888, 0x0888, 0x0888, 0x0888, 0x0888, 0x0888, 0x0888,
    0x0888, 0x0888, 0x0888, 0x0888, 0x0888, 0x0888, 0x0888, 0x0888,
    0x0888, 0x0888, 0x0888, 0x0888, 0x0888, 0x0888, 0x0888, 0x0888,
    0x0888, 0x0888, 0x0888, 0x0888, 0x0888, 0x0888, 0x0888, 0x0888,
    0x0888, 0x0888, 0x0888, 0x0888, 0x0888, 0x0888, 0x0888, 0x0888,
    0x0888, 0x0888, 0x0888, 0x0888, 0x0888, 0x0888, 0x0888, 0x0888,
    0x0888, 0x0888, 0x0888, 0x0888, 0x0888, 0x0888, 0x0888, 0x0888,
    0x0888, 0x0888, 0x0888, 0x0888, 0x0888, 0x0888, 0x0888, 0x0888,
    0x0888, 0x0888, 0x0888, 0x0888, 0x0888, 0x0888, 0x0888, 0x0888,
    0x0888, 0x0888, 0x0888, 0x0888, 0x0888, 0x0888, 0x0888, 0x0888,
    0x0888, 0x0888, 0x0888, 0x0888, 0x0888, 0x0888, 0x0888, 0x0888,
    0x0888, 0x0888, 0x0888, 0x0888, 0x0888, 0x0888, 0x0888, 0x0888,
    0x0888, 0x0888, 0x0888, 0x0888, 0x0888, 0x0888, 0x0888, 0x0888,
    0x0888, 0x0888, 0x0888, 0x0888, 0x0888, 0x0888, 0x0888, 0x0888,
    0x0888, 0x0888, 0x0888, 0x0888, 0x0888, 0x0888, 0x0888, 0x0888,
    0x0888, 0x0888, 0x0888, 0x0888, 0x0888, 0x0888, 0x0888, 0x0888,
    0x0888, 0x0888, 0x0888, 0x0888, 0x0888, 0x0888, 0x0888, 0x0888,
    0x0888, 0x0888, 0x0888, 0x0888, 0x0888, 0x0888, 0x0888, 0x0888,
    0x0888, 0x0888, 0x0888, 0x0888, 0x0888, 0x0888, 0x0888, 0x0888,
    0x0888, 0x0888, 0x0888, 0x0888, 0x0888, 0x0888, 0x0888, 0x0888,
    0x0888, 0x0888, 0x0888, 0x0888, 0x0888, 0x0888, 0x0888, 0x0888,
    0x0888, 0x0888, 0x0888, 0x0888, 0x0888, 0x0888, 0x0888, 0x0888,
    0x0888, 0x0888, 0x0888, 0x0888, 0x0888, 0x0888, 0x0888, 0x0888,
    0x0888, 0x0888, 0x0888, 0x0888, 0x0888, 0x0888, 0x0888, 0x0888,
    0x0888, 0x0888, 0x0888, 0x0888, 0x0888, 0x0888, 0x0888, 0x0888,
    0x0888, 0x0888, 0x0888, 0x0888, 0x0888, 0x0888, 0x0888, 0x0888,
    0x0888, 0x0888, 0x0888, 0x0888, 0x0888, 0x0888, 0x0888, 0x0888,
    0x0888, 0x0888, 0x0888, 0x0888, 0x0888, 0x0888, 0x0888, 0x0888,
    0x0888, 0x0888, 0x0888, 0x0888, 0x0888, 0x0888, 0x0888, 0x0888,
    0x0888, 0x0888, 0x0888, 0x0888, 0x0888, 0x0888, 0x0888, 0x0888,
    0x0888, 0x0888, 0x0888, 0x0888, 0x0888, 0x0888, 0x0888, 0x0888,
    0x0888, 0x0888, 0x0888, 0x0888, 0x0888, 0x0888, 0x0888, 0x0888,
    0x0888, 0x0888, 0x0888, 0x0888, 0x0888, 0x0888, 0x0888, 0x0888,
    0x0888, 0x0888, 0x0888, 0x0888, 0x0888, 0x0888, 0x0888, 0x0888,
    0x0888, 0x0888, 0x0888, 0x0888, 0x0888, 0x0888, 0x0888, 0x0888,
    0x0888, 0x0888, 0x0888, 0x0888, 0x0888, 0x0888, 0x0888, 0x0888,
    0x0888, 0x0888, 0x0888, 0x0888, 0x0888, 0x0888, 0x0888, 0x0888,
    0x0888, 0x0888, 0x0888, 0x0888, 0x0888, 0x0888, 0x0888, 0x0888,
    0x0888, 0x0888, 0x0888, 0x0888, 0x0888, 0x0888, 0x0888, 0x0888,
    0x0888, 0x0888, 0x0888, 0x0888, 0x0888, 0x0888, 0x0888, 0x0888,
    0x0888, 0x0888, 0x0888, 0x0888, 0x0888, 0x0888, 0x0888, 0x0888,
    0x0888, 0x0888, 0x0888, 0x0888, 0x0888, 0x0888, 0x0888, 0x0888,
    0x0888, 0x0888, 0x0888, 0x0888, 0x0888, 0x0888, 0x0888, 0x0888,
    0x0888, 0x0888, 0x0888, 0x0888, 0x0888, 0x0888, 0x0888, 0x0888,
    0x0888, 0x0888, 0x0888, 0x0888, 0x0888, 0x0888, 0x0888, 0x0888,
    0x0888, 0x0888, 0x0888, 0x0888, 0x0888, 0x0888, 0x0888, 0x0888,
    0x0888, 0x0888, 0x0888, 0x0888, 0x0888, 0x0888, 0x0888, 0x0888,
    0x0888, 0x0888, 0x0888, 0x0888, 0x0888, 0x0888, 0x0888, 0x0888,
    0x0888, 0x0888, 0x0888, 0x0888, 0x0888, 0x0888, 0x0888, 0x0888,
    0x0888, 0x0888, 0x0888, 0x0888, 0x0888, 0x0888, 0x0888, 0x0888,
    0x0888, 0x0888, 0x0888, 0x0888, 0x0888, 0x0888, 0x0888, 0x0888,
    0x0888, 0x0888, 0x0888, 0x0888, 0x0888, 0x0888, 0x0888, 0x0888,
    0x0888, 0x0888, 0x0888, 0x0888, 0x0888, 0x0888, 0x0888, 0x0888,
    0x0888, 0x0888, 0x0888, 0x0888, 0x0888, 0x0888, 0x0888, 0x0888,
    0x0888, 0x0888, 0x0888, 0x0888, 0x0888, 0x0888, 0x0888, 0x0888,
    0x0888, 0x0888, 0x0888, 0x0888, 0x0888, 0x0888, 0x0888, 0x0888,
    0x0888, 0x0888, 0x0888, 0x0888, 0x0888, 0x0888, 0x0888, 0x0888,
    0x0888, 0x0888, 0x0888, 0x0888, 0x0888, 0x0888, 0x0888, 0x0888,
    0x0888, 0x0888, 0x0888, 0x0888, 0x0888, 0x0888, 0x0888, 0x0888,
    0x0888, 0x0888, 0x0888, 0x0888, 0x0888, 0x0888, 0x0888, 0x0888,
    0x0888, 0x0888, 0x0888, 0x0888, 0x0888, 0x0888, 0x0888, 0x0888,
    0x0888, 0x0888, 0x0888, 0x0888, 0x0888, 0x0888, 0x0888, 0x0888,
    0x0888, 0x0888, 0x0888, 0x0888, 0x0888, 0x0888, 0x0888, 0x0888,
    0x0888, 0x0888, 0x0888, 0x0888, 0x0888, 0x0888, 0x0888, 0x0888,
    0x0888, 0x0888, 0x0888, 0x0888, 0x0888, 0x0888, 0x0888, 0x0888,
    0x0888, 0x0888, 0x0888, 0x0888, 0x0888, 0x0888, 0x0888, 0x0888,
    0x0888, 0x0888, 0x0888, 0x0888, 0x0888, 0x0888, 0x0888, 0x0888,
    0x0888, 0x0888, 0x0888, 0x0888, 0x0888, 0x0888, 0x0888, 0x0888,
    0x0888, 0x0888, 0x0888, 0x0888, 0x0888, 0x0888, 0x0888, 0x0888,
    0x0888, 0x0888, 0x0888, 0x0888, 0x0888, 0x0888, 0x0888, 0x0888,
    0x0888, 0x0888, 0x0888, 0x0888, 0x0888, 0x0888, 0x0888, 0x0888,
    0x0888, 0x0888, 0x0888, 0x0888, 0x0888, 0x0888, 0x0888, 0x0888,
    0x0888, 0x0888, 0x0888, 0x0888, 0x0888, 0x0888, 0x0888, 0x0888,
    0x0888, 0x0888, 0x0888, 0x0888, 0x0888, 0x0888, 0x0888, 0x0888,
    0x0888, 0x0888, 0x0888, 0x0888, 0x0888, 0x0888, 0x0888, 0x0888,
    0x0888, 0x0888, 0x0888, 0x0888, 0x0888, 0x0888, 0x0888, 0x0888,
    0x0888, 0x0888, 0x0888, 0x0888, 0x0888, 0x0888, 0x0888, 0x0888,
    0x0888, 0x0888, 0x0888, 0x0888, 0x0888, 0x0888, 0x0888, 0x0888,
    0x0888, 0x0888, 0x0888, 0x0888, 0x0888, 0x0888, 0x0888, 0x0888,
    0x0888, 0x0888, 0x0888, 0x0888, 0x0888, 0x0888, 0x0888, 0x0888,
    0x0888, 0x0888, 0x0888, 0x0888, 0x0888, 0x0888, 0x0888, 0x0888,
    0x0888, 0x0888, 0x0888, 0x0888, 0x0888, 0x0888, 0x0888, 0x0888,
    0x0888, 0x0888, 0x0888, 0x0888, 0x0888, 0x0888, 0x0888, 0x0888,
    0x0888, 0x0888, 0x0888, 0x0888, 0x0888, 0x0888, 0x0888, 0x0888,
    0x0888, 0x0888, 0x0888, 0x0888, 0x0888, 0x0888, 0x0888, 0x0888,
    0x0888, 0x0888, 0x0888, 0x0888, 0x0888, 0x0888, 0x0888, 0x0888,
    0x0888, 0x0888, 0x0888, 0x0888, 0x0888, 0x0888, 0x0888, 0x0888,
    0x0888, 0x0888, 0x0888, 0x0888, 0x0888, 0x0888, 0x0888, 0x0888,
    0x0888, 0x0888, 0x0888, 0x0888, 0x0888, 0x0888, 0x0888, 0x0888,
    0x0888, 0x0888, 0x0888, 0x0888, 0x0888, 0x0888, 0x0888, 0x0888,
    0x0888, 0x0888, 0x0888, 0x0888, 0x0888, 0x0888, 0x0888, 0x0888,
    0x0888, 0x0888, 0x0888, 0x0888, 0x0888, 0x0888, 0x0888, 0x0888,
    0x0888, 0x0888, 0x0888, 0x0888, 0x0888, 0x0888, 0x0888, 0x0888,
    0x0888, 0x0888, 0x0888, 0x0888, 0x0888, 0x0888, 0x0888, 0x0888,
    0x0888, 0x0888, 0x0888, 0x0888, 0x0888, 0x0888, 0x0888, 0x0888,
    0x0888, 0x0888, 0x0888, 0x0888, 0x0888, 0x0888, 0x0888, 0x0888,
    0x0888, 0x0888, 0x0888, 0x0888, 0x0888, 0x0888, 0x0888, 0x0888,
    0x0888, 0x0888, 0x0888, 0x0888, 0x0888, 0x0888, 0x0888, 0x0888,
    0x0888, 0x0888, 0x0888, 0x0888, 0x0888, 0x0888, 0x0888, 0x0888,
    0x0888, 0x0888, 0x0888, 0x0888, 0x0888, 0x0888, 0x0888, 0x0888,
    0x0888, 0x0888, 0x0888, 0x0888, 0x0888, 0x0888, 0x0888, 0x0888,
    0x0888, 0x0888, 0x0888, 0x0888, 0x0888, 0x0888, 0x0888, 0x0888,
    0x0888, 0x0888, 0x0888, 0x0888, 0x0888, 0x0888, 0x0888, 0x0888,
    0x0888, 0x0888, 0x0888, 0x0888, 0x0888, 0x0888, 0x0888, 0x0888,
    0x0888, 0x0888, 0x0888, 0x0888, 0x0888, 0x0888, 0x0888, 0x0888,
    0x0888, 0x0888, 0x0888, 0x0888, 0x0888, 0x0888, 0x0888, 0x0888,
    0x0888, 0x0888, 0x0888, 0x0888, 0x0888, 0x0888, 0x0888, 0x0888,
    0x0888, 0x0888, 0x0888, 0x0888, 0x0888, 0x0888, 0x0888, 0x0888,
    0x0888, 0x0888, 0x0888, 0x0888, 0x0888, 0x0888, 0x0888, 0x0888,
    0x0888, 0x0888, 0x0888, 0x0888, 0x0888, 0x0888, 0x0888, 0x0888,
    0x0888, 0x0888, 0x0888, 0x0888, 0x0888, 0x0888, 0x0888, 0x0888,
    0x0888, 0x0888, 0x0888, 0x0888, 0x0888, 0x0888, 0x0888, 0x0888,
    0x0888, 0x0888, 0x0888, 0x0888, 0x0888, 0x0888, 0x0888, 0x0888,
    0x0888, 0x0888, 0x0888, 0x0888, 0x0888, 0x0888, 0x0888, 0x0888,
    0x0888, 0x0888, 0x0888, 0x0888, 0x0888, 0x0888, 0x0888, 0x0888,
    0x0888, 0x0888, 0x0888, 0x0888, 0x0888, 0x0888, 0x0888, 0x0888,
    0x0888, 0x0888, 0x0888, 0x0888, 0x0888, 0x0888, 0x0888, 0x0888,
    0x0888, 0x0888, 0x0888, 0x0888, 0x0888, 0x0888, 0x0888, 0x0888,
    0x0888, 0x0888, 0x0888, 0x0888, 0x0888, 0x0888, 0x0888, 0x0888,
    0x0888, 0x0888, 0x0888, 0x0888, 0x0888, 0x0888, 0x0888, 0x0888,
    0x0888, 0x0888, 0x0888, 0x0888, 0x0888, 0x0888, 0x0888, 0x0888,
    0x0888, 0x0888, 0x0888, 0x0888, 0x0888, 0x0888, 0x0888, 0x0888,
    0x0888, 0x0888, 0x0888, 0x0888, 0x0888, 0x0888, 0x0888, 0x0888,
    0x0888, 0x0888, 0x0888, 0x0888, 0x0888, 0x0888, 0x0888, 0x0888,
    0x0888, 0x0888, 0x0888, 0x0888, 0x0888, 0x0888, 0x0888, 0x0888,
    0x0888, 0x0888, 0x0888, 0x0888, 0x0888, 0x0888, 0x0888, 0x0888,
    0x0888, 0x0888, 0x0888, 0x0888, 0x0888, 0x0888, 0x0888, 0x0888,
    0x0888, 0x0888, 0x0888, 0x0888, 0x0888, 0x0888, 0x0888, 0x0888,
    0x0888, 0x0888, 0x0888, 0x0888, 0x0888, 0x0888, 0x0888, 0x0888,
    0x0888, 0x0888, 0x0888, 0x0888, 0x0888, 0x0888, 0x0888, 0x0888,
    0x0888, 0x0888, 0x0888, 0x0888, 0x0888, 0x0888, 0x0888, 0x0888,
    0x0888, 0x0888, 0x0888, 0x0888, 0x0888, 0x0888, 0x0888, 0x0888,
    0x0888, 0x0888, 0x0888, 0x0888, 0x0888, 0x0888, 0x0888, 0x0888,
    0x0888, 0x0888, 0x0888, 0x0888, 0x0888, 0x0888, 0x0888, 0x0888,
    0x0888, 0x0888, 0x0888, 0x0888, 0x0888, 0x0888, 0x0888, 0x0888,
    0x0888, 0x0888, 0x0888, 0x0888, 0x0888, 0x0888, 0x0888, 0x0888,
    0x0888, 0x0888, 0x0888, 0x0888, 0x0888, 0x0888, 0x0888, 0x0888,
    0x0888, 0x0888, 0x0888, 0x0888, 0x0888, 0x0888, 0x0888, 0x0888,
    0x0888, 0x0888, 0x0888, 0x0888, 0x0888, 0x0888, 0x0888, 0x0888,
    0x0888, 0x0888, 0x0888, 0x0888, 0x0888, 0x0888, 0x0888, 0x0888,
    0x0888, 0x0888, 0x0888, 0x0888, 0x0888, 0x0888, 0x0888, 0x0888,
    0x0888, 0x0888, 0x0888, 0x0888, 0x0888, 0x0888, 0x0888, 0x0888,
    0x0888, 0x0888, 0x0888, 0x0888, 0x0888, 0x0888, 0x0888, 0x0888,
    0x0888, 0x0888, 0x0888, 0x0888, 0x0888, 0x0888, 0x0888, 0x0888,
    0x0888, 0x0888, 0x0888, 0x0888, 0x0888, 0x0888, 0x0888, 0x0888,
    0x0888, 0x0888, 0x0888, 0x0888, 0x0888, 0x0888, 0x0888, 0x0888,
    0x0888, 0x0888, 0x0888, 0x0888, 0x0888, 0x0888, 0x0888, 0x0888,
    0x0888, 0x0888, 0x0888, 0x0888, 0x0888, 0x0888, 0x0888, 0x0888,
    0x0888, 0x0888, 0x0888, 0x0888, 0x0888, 0x0888, 0x0888, 0x0888,
    0x0888, 0x0888, 0x0888, 0x0888, 0x0888, 0x0888, 0x0888, 0x0888,
    0x0888, 0x0888, 0x0888, 0x0888, 0x0888, 0x0888, 0x0888, 0x0888,
    0x0888, 0x0888, 0x0888, 0x0888, 0x0888, 0x0888, 0x0888, 0x0888,
    0x0888, 0x0888, 0x0888, 0x0888, 0x0888, 0x0888, 0x0888, 0x0888,
    0x0888, 0x0888, 0x0888, 0x0888, 0x0888, 0x0888, 0x0888, 0x0888,
    0x0888, 0x0888, 0x0888, 0x0888, 0x0888, 0x0888, 0x0888, 0x0888,
    0x0888, 0x0888, 0x0888, 0x0888, 0x0888, 0x0888, 0x0888, 0x0888,
    0x0888, 0x0888, 0x0888, 0x0888, 0x0888, 0x0888, 0x0888, 0x0888,
    0x0888, 0x0888, 0x0888, 0x0888, 0x0888, 0x0888, 0x0888, 0x0888,
    0x0888, 0x0888, 0x0888, 0x0888, 0x0888, 0x0888, 0x0888, 0x0888,
    0x0888, 0x0888, 0x0888, 0x0888, 0x0888, 0x0888, 0x0888, 0x0888,
    0x0888, 0x0888, 0x0888, 0x0888, 0x0888, 0x0888, 0x0888, 0x0888,
    0x0888, 0x0888, 0x0888, 0x0888, 0x0888, 0x0888, 0x0888, 0x0888,
    0x0888, 0x0888, 0x0888, 0x0888, 0x0888, 0x0888, 0x0888, 0x0888,
    0x0888, 0x0888, 0x0888, 0x0888, 0x0888, 0x0888, 0x0888, 0x0888,
    0x0888, 0x0888, 0x0888, 0x0888, 0x0888, 0x0888, 0x0888, 0x0888,
    0x0888, 0x0888, 0x0888, 0x0888, 0x0888, 0x0888, 0x0888, 0x0888,
    0x0888, 0x0888, 0x0888, 0x0888, 0x0888, 0x0888, 0x0888, 0x0888,
    0x0888, 0x0888, 0x0888, 0x0888, 0x0888, 0x0888, 0x0888, 0x0888,
    0x0888, 0x0888, 0x0888, 0x0888, 0x0888, 0x0888, 0x0888, 0x0888,
    0x0888, 0x0888, 0x0888, 0x0888, 0x0888, 0x0888, 0x0888, 0x0888,
    0x0888, 0x0888, 0x0888, 0x0888, 0x0888, 0x0888, 0x0888, 0x0888,
    0x0888, 0x0888, 0x0888, 0x0888, 0x0888, 0x0888, 0x0888, 0x0888,
    0x0888, 0x0888, 0x0888, 0x0888, 0x0888, 0x0888, 0x0888, 0x0888,
    0x0888, 0x0888, 0x0888, 0x0888, 0x0888, 0x0888, 0x0888, 0x0888,
    0x0888, 0x0888, 0x0888, 0x0888, 0x0888, 0x0888, 0x0888, 0x0888,
    0x0888, 0x0888, 0x0888, 0x0888, 0x0888, 0x0888, 0x0888, 0x0888,
    0x0888, 0x0888, 0x0888, 0x0888, 0x0888, 0x0888, 0x0888, 0x0888,
    0x0888, 0x0888, 0x0888, 0x0888, 0x0888, 0x0888, 0x0888, 0x0888,
    0x0888, 0x0888, 0x0888, 0x0888, 0x0888, 0x0888, 0x0888, 0x0888,
    0x0888, 0x0888, 0x0888, 0x0888, 0x0888, 0x0888, 0x0888, 0x0888,
    0x0888, 0x0888, 0x0888, 0x0888, 0x0888, 0x0888, 0x0888, 0x0888,
    0x0888, 0x0888, 0x0888, 0x0888, 0x0888, 0x0888, 0x0888, 0x0888,
    0x0888, 0x0888, 0x0888, 0x0888, 0x0888, 0x0888, 0x0888, 0x0888,
    0x0888, 0x0888, 0x0888, 0x0888, 0x0888, 0x0888, 0x0888, 0x0888,
    0x0888, 0x0888, 0x0888, 0x0888, 0x0888, 0x0888, 0x0888, 0x0888,
    0x0888, 0x0888, 0x0888, 0x0888, 0x0888, 0x0888, 0x0888, 0x0888,
    0x0888, 0x0888, 0x0888, 0x0888, 0x0888, 0x0888, 0x0888, 0x0888,
    0x0888, 0x0888, 0x0888, 0x0888, 0x0888, 0x0888, 0x0888, 0x0888,
    0x0888, 0x0888, 0x0888, 0x0888, 0x0888, 0x0888, 0x0888, 0x0888,
    0x0888, 0x0888, 0x0888, 0x0888, 0x0888, 0x0888, 0x0888, 0x0888,
    0x0888, 0x0888, 0x0888, 0x0888, 0x0888, 0x0888, 0x0888, 0x0888,
    0x0888, 0x0888, 0x0888, 0x0888, 0x0888, 0x0888, 0x0888, 0x0888,
    0x0888, 0x0888, 0x0888, 0x0888, 0x0888, 0x0888, 0x0888, 0x0888,
    0x0888, 0x0888, 0x0888, 0x0888, 0x0888, 0x0888, 0x0888, 0x0888,
    0x0888, 0x0888, 0x0888, 0x0888, 0x0888, 0x0888, 0x0888, 0x0888,
    0x0888, 0x0888, 0x0888, 0x0888, 0x0888, 0x0888, 0x0888, 0x0888,
    0x0888, 0x0888, 0x0888, 0x0888, 0x0888, 0x0888, 0x0888, 0x0888,
    0x0888, 0x0888, 0x0888, 0x0888, 0x0888, 0x0888, 0x0888, 0x0888,
    0x0888, 0x0888, 0x0888, 0x0888, 0x0888, 0x0888, 0x0888, 0x0888,
    0x0888, 0x0888, 0x0888, 0x0888, 0x0888, 0x0888, 0x0888, 0x0888,
    0x0888, 0x0888, 0x0888, 0x0888, 0x0888, 0x0888, 0x0888, 0x0888,
    0x0888, 0x0888, 0x0888, 0x0888, 0x0888, 0x0888, 0x0888, 0x0888,
    0x0888, 0x0888, 0x0888, 0x0888, 0x0888, 0x0888, 0x0888, 0x0888,
    0x0888, 0x0888, 0x0888, 0x0888, 0x0888, 0x0888, 0x0888, 0x0888,
    0x0888, 0x0888, 0x0888, 0x0888, 0x0888, 0x0888, 0x0888, 0x0888,
    0x0888, 0x0888, 0x0888, 0x0888, 0x0888, 0x0888, 0x0888, 0x0888,
    0x0888, 0x0888, 0x0888, 0x0888, 0x0888, 0x0888, 0x0888, 0x0888,
    0x0888, 0x0888, 0x0888, 0x0888, 0x0888, 0x0888, 0x0888, 0x0888,
    0x0888, 0x0888, 0x0888, 0x0888, 0x0888, 0x0888, 0x0888, 0x0888,
    0x0888, 0x0888, 0x0888, 0x0888, 0x0888, 0x0888, 0x0888, 0x0888,
    0x0888, 0x0888, 0x0888, 0x0888, 0x0888, 0x0888, 0x0888, 0x0888,
    0x0888, 0x0888, 0x0888, 0x0888, 0x0888, 0x0888, 0x0888, 0x0888,
    0x0888, 0x0888, 0x0888, 0x0888, 0x0888, 0x0888, 0x0888, 0x0888,
    0x0888, 0x0888, 0x0888, 0x0888, 0x0888, 0x0888, 0x0888, 0x0888,
    0x0888, 0x0888, 0x0888, 0x0888, 0x0888, 0x0888, 0x0888, 0x0888,
    0x0888, 0x0888, 0x0888, 0x0888, 0x0888, 0x0888, 0x0888, 0x0888,
    0x0888, 0x0888, 0x0888, 0x0888, 0x0888, 0x0888, 0x0888, 0x0888,
    0x0888, 0x0888, 0x0888, 0x0888, 0x0888, 0x0888, 0x0888, 0x0888,
    0x0888, 0x0888, 0x0888, 0x0888, 0x0888, 0x0888, 0x0888, 0x0888,
    0x0888, 0x0888, 0x0888, 0x0888, 0x0888, 0x0888, 0x0888, 0x0888,
    0x0888, 0x0888, 0x0888, 0x0888, 0x0888, 0x0888, 0x0888, 0x0888,
    0x0888, 0x0888, 0x0888, 0x0888, 0x0888, 0x0888, 0x0888, 0x0888,
    0x0888, 0x0888, 0x0888, 0x0888, 0x0888, 0x0888, 0x0888, 0x0888,
    0x0888, 0x0888, 0x0888, 0x0888, 0x0888, 0x0888, 0x0888, 0x0888,
    0x0888, 0x0888, 0x0888, 0x0888, 0x0888, 0x0888, 0x0888, 0x0888,
    0x0888, 0x0888, 0x0888, 0x0888, 0x0888, 0x0888, 0x0888, 0x0888,
    0x0888, 0x0888, 0x0888, 0x0888, 0x0888, 0x0888, 0x0888, 0x0888,
    0x0888, 0x0888, 0x0888, 0x0888, 0x0888, 0x0888, 0x0888, 0x0888,
    0x0888, 0x0888, 0x0888, 0x0888, 0x0888, 0x0888, 0x0888, 0x0888,
    0x0888, 0x0888, 0x0888, 0x0888, 0x0888, 0x0888, 0x0888, 0x0888,
    0x0888, 0x0888, 0x0888, 0x0888, 0x0888, 0x0888, 0x0888, 0x0888,
    0x0888, 0x0888, 0x0888, 0x0888, 0x0888, 0x0888, 0x0888, 0x0888,
    0x0888, 0x0888, 0x0888, 0x0888, 0x0888, 0x0888, 0x0888, 0x0888,
    0x0888, 0x0888, 0x0888, 0x0888, 0x0888, 0x0888, 0x0888, 0x0888,
    0x0888, 0x0888, 0x0888, 0x0888, 0x0888, 0x0888, 0x0888, 0x0888,
    0x0888, 0x0888, 0x0888, 0x0888, 0x0888, 0x0888, 0x0888, 0x0888,
    0x0888, 0x0888, 0x0888, 0x0888, 0x0888, 0x0888, 0x0888, 0x0888,
    0x0888, 0x0888, 0x0888, 0x0888, 0x0888, 0x0888, 0x0888, 0x0888,
    0x0888, 0x0888, 0x0888, 0x0888, 0x0888, 0x0888, 0x0888, 0x0888,
    0x0888, 0x0888, 0x0888, 0x0888, 0x0888, 0x0888, 0x0888, 0x0888,
    0x0888, 0x0888, 0x0888, 0x0888, 0x0888, 0x0888, 0x0888, 0x0888,
    0x0888, 0x0888, 0x0888, 0x0888, 0x0888, 0x0888, 0x0888, 0x0888,
    0x0888, 0x0888, 0x0888, 0x0888, 0x0888, 0x0888, 0x0888, 0x0888,
    0x0888, 0x0888, 0x0888, 0x0888, 0x0888, 0x0888, 0x0888, 0x0888,
    0x0888, 0x0888, 0x0888, 0x0888, 0x0888, 0x0888, 0x0888, 0x0888,
    0x0888, 0x0888, 0x0888, 0x0888, 0x0888, 0x0888, 0x0888, 0x0888,
    0x0888, 0x0888, 0x0888, 0x0888, 0x0888, 0x0888, 0x0888, 0x0888,
    0x0888, 0x0888, 0x0888, 0x0888, 0x0888, 0x0888, 0x0888, 0x0888,
    0x0888, 0x0888, 0x0888, 0x0888, 0x0888, 0x0888, 0x0888, 0x0888,
    0x0888, 0x0888, 0x0888, 0x0888, 0x0888, 0x0888, 0x0888, 0x0888,
    0x0888, 0x0888, 0x0888, 0x0888, 0x0888, 0x0888, 0x0888, 0x0888,
    0x0888, 0x0888, 0x0888, 0x0888, 0x0888, 0x0888, 0x0888, 0x0888,
    0x0888, 0x0888, 0x0888, 0x0888, 0x0888, 0x0888, 0x0888, 0x0888,
    0x0888, 0x0888, 0x0888, 0x0888, 0x0888, 0x0888, 0x0888, 0x0888,
    0x0888, 0x0888, 0x0888, 0x0888, 0x0888, 0x0888, 0x0888, 0x0888,
    0x0888, 0x0888, 0x0888, 0x0888, 0x0888, 0x0888, 0x0888, 0x0888,
    0x0888, 0x0888, 0x0888, 0x0888, 0x0888, 0x0888, 0x0888, 0x0888,
    0x0888, 0x0888, 0x0888, 0x0888, 0x0888, 0x0888, 0x0888, 0x0888,
    0x0888, 0x0888, 0x0888, 0x0888, 0x0888, 0x0888, 0x0888, 0x0888,
    0x0888, 0x0888, 0x0888, 0x0888, 0x0888, 0x0888, 0x0888, 0x0888,
    0x0888, 0x0888, 0x0888, 0x0888, 0x0888, 0x0888, 0x0888, 0x0888,
    0x0888, 0x0888, 0x0888, 0x0888, 0x0888, 0x0888, 0x0888, 0x0888,
    0x0888, 0x0888, 0x0888, 0x0888, 0x0888, 0x0888, 0x0888, 0x0888,
    0x0888, 0x0888, 0x0888, 0x0888, 0x0888, 0x0888, 0x0888, 0x0888,
    0x0888, 0x0888, 0x0888, 0x0888, 0x0888, 0x0888, 0x0888, 0x0888,
    0x0888, 0x0888, 0x0888, 0x0888, 0x0888, 0x0888, 0x0888, 0x0888,
    0x0888, 0x0888, 0x0888, 0x0888, 0x0888, 0x0888, 0x0888, 0x0888,
    0x0888, 0x0888, 0x0888, 0x0888, 0x0888, 0x0888, 0x0888, 0x0888,
    0x0888, 0x0888, 0x0888, 0x0888, 0x0888, 0x0888, 0x0888, 0x0888,
    0x0888, 0x0888, 0x0888, 0x0888, 0x0888, 0x0888, 0x0888, 0x0888,
    0x0888, 0x0888, 0x0888, 0x0888, 0x0888, 0x0888, 0x0888, 0x0888,
    0x0888, 0x0888, 0x0888, 0x0888, 0x0888, 0x0888, 0x0888, 0x0888,
    0x0888, 0x0888, 0x0888, 0x0888, 0x0888, 0x0888, 0x0888, 0x0888,
    0x0888, 0x0888, 0x0888, 0x0888, 0x0888, 0x0888, 0x0888, 0x0888,
    0x0888, 0x0888, 0x0888, 0x0888, 0x0888, 0x0888, 0x0888, 0x0888,
    0x0888, 0x0888, 0x0888, 0x0888, 0x0888, 0x0888, 0x0888, 0x0888,
    0x0888, 0x0888, 0x0888, 0x0888, 0x0888, 0x0888, 0x0888, 0x0888,
    0x0888, 0x0888, 0x0888, 0x0888, 0x0888, 0x0888, 0x0888, 0x0888,
    0x0888, 0x0888, 0x0888, 0x0888, 0x0888, 0x0888, 0x0888, 0x0888,
    0x0888, 0x0888, 0x0888, 0x0888, 0x0888, 0x0888, 0x0888, 0x0888,
    0x0888, 0x0888, 0x0888, 0x0888, 0x0888, 0x0888, 0x0888, 0x0888,
    0x0888, 0x0888, 0x0888, 0x0888, 0x0888, 0x0888, 0x0888, 0x0888,
    0x0888, 0x0888, 0x0888, 0x0888, 0x0888, 0x0888, 0x0888, 0x0888,
    0x0888, 0x0888, 0x0888, 0x0888, 0x0888, 0x0888, 0x0888, 0x0888,
    0x0888, 0x0888, 0x0888, 0x0888, 0x0888, 0x0888, 0x0888, 0x0888,
    0x0888, 0x0888, 0x0888, 0x0888, 0x0888, 0x0888, 0x0888, 0x0888,
    0x0888, 0x0888, 0x0888, 0x0888, 0x0888, 0x0888, 0x0888, 0x0888,
    0x0888, 0x0888, 0x0888, 0x0888, 0x0888, 0x0888, 0x0888, 0x0888,
    0x0888, 0x0888, 0x0888, 0x0888, 0x0888, 0x0888, 0x0888, 0x0888,
    0x0888, 0x0888, 0x0888, 0x0888, 0x0888, 0x0888, 0x0888, 0x0888,
    0x0888, 0x0888, 0x0888, 0x0888, 0x0888, 0x0888, 0x0888, 0x0888,
    0x0888, 0x0888, 0x0888, 0x0888, 0x0888, 0x0888, 0x0888, 0x0888,
    0x0888, 0x0888, 0x0888, 0x0888, 0x0888, 0x0888, 0x0888, 0x0888,
    0x0888, 0x0888, 0x0888, 0x0888, 0x0888, 0x0888, 0x0888, 0x0888,
    0x0888, 0x0888, 0x0888, 0x0888, 0x0888, 0x0888, 0x0888, 0x0888,
    0x0888, 0x0888, 0x0888, 0x0888, 0x0888, 0x0888, 0x0888, 0x0888,
    0x0888, 0x0888, 0x0888, 0x0888, 0x0888, 0x0888, 0x0888, 0x0888,
    0x0888, 0x0888, 0x0888, 0x0888, 0x0888, 0x0888, 0x0888, 0x0888,
    0x0888, 0x0888, 0x0888, 0x0888, 0x0888, 0x0888, 0x0888, 0x0888,
    0x0888, 0x0888, 0x0888, 0x0888, 0x0888, 0x0888, 0x0888, 0x0888,
    0x0888, 0x0888, 0x0888, 0x0888, 0x0888, 0x0888, 0x0888, 0x0888,
    0x0888, 0x0888, 0x0888, 0x0888, 0x0888, 0x0888, 0x0888, 0x0888,
    0x0888, 0x0888, 0x0888, 0x0888, 0x0888, 0x0888, 0x0888, 0x0888,
    0x0888, 0x0888, 0x0888, 0x0888, 0x0888, 0x0888, 0x0888, 0x0888,
    0x0888, 0x0888, 0x0888, 0x0888, 0x0888, 0x0888, 0x0888, 0x0888,
    0x0888, 0x0888, 0x0888, 0x0888, 0x0888, 0x0888, 0x0888, 0x0888,
    0x0888, 0x0888, 0x0888, 0x0888, 0x0888, 0x0888, 0x0888, 0x0888,
    0x0888, 0x0888, 0x0888, 0x0888, 0x0888, 0x0888, 0x0888, 0x0888,
    0x0888, 0x0888, 0x0888, 0x0888, 0x0888, 0x0888, 0x0888, 0x0888,
    0x0888, 0x0888, 0x0888, 0x0888, 0x0888, 0x0888, 0x0888, 0x0888,
    0x0888, 0x0888, 0x0888, 0x0888, 0x0888, 0x0888, 0x0888, 0x0888,
    0x0888, 0x0888, 0x0888, 0x0888, 0x0888, 0x0888, 0x0888, 0x0888,
    0x0888, 0x0888, 0x0888, 0x0888, 0x0888, 0x0888, 0x0888, 0x0888,
    0x0888, 0x0888, 0x0888, 0x0888, 0x0888, 0x0888, 0x0888, 0x0888,
    0x0888, 0x0888, 0x0888, 0x0888, 0x0888, 0x0888, 0x0888, 0x0888,
    0x0888, 0x0888, 0x0888, 0x0888, 0x0888, 0x0888, 0x0888, 0x0888,
    0x0888, 0x0888, 0x0888, 0x0888, 0x0888, 0x0888, 0x0888, 0x0888,
    0x0888, 0x0888, 0x0888, 0x0888, 0x0888, 0x0888, 0x0888, 0x0888,
    0x0888, 0x0888, 0x0888, 0x0888, 0x0888, 0x0888, 0x0888, 0x0888,
    0x0888, 0x0888, 0x0888, 0x0888, 0x0888, 0x0888, 0x0888, 0x0888,
    0x0888, 0x0888, 0x0888, 0x0888, 0x0888, 0x0888, 0x0888, 0x0888,
    0x0888, 0x0888, 0x0888, 0x0888, 0x0888, 0x0888, 0x0888, 0x0888,
    0x0888, 0x0888, 0x0888, 0x0888, 0x0888, 0x0888, 0x0888, 0x0888,
    0x0888, 0x0888, 0x0888, 0x0888, 0x0888, 0x0888, 0x0888, 0x0888,
    0x0888, 0x0888, 0x0888, 0x0888, 0x0888, 0x0888, 0x0888, 0x0888,
    0x0888, 0x0888, 0x0888, 0x0888, 0x0888, 0x0888, 0x0888, 0x0888,
    0x0888, 0x0888, 0x0888, 0x0888, 0x0888, 0x0888, 0x0888, 0x0888,
    0x0888, 0x0888, 0x0888, 0x0888, 0x0888, 0x0888, 0x0888, 0x0888,
    0x0888, 0x0888, 0x0888, 0x0888, 0x0888, 0x0888, 0x0888, 0x0888,
    0x0888, 0x0888, 0x0888, 0x0888, 0x0888, 0x0888, 0x0888, 0x0888,
    0x0888, 0x0888, 0x0888, 0x0888, 0x0888, 0x0888, 0x0888, 0x0888,
    0x0888, 0x0888, 0x0888, 0x0888, 0x0888, 0x0888, 0x0888, 0x0888,
    0x0888, 0x0888, 0x0888, 0x0888, 0x0888, 0x0888, 0x0888, 0x0888,
    0x0888, 0x0888, 0x0888, 0x0888, 0x0888, 0x0888, 0x0888, 0x0888,
    0x0888, 0x0888, 0x0888, 0x0888, 0x0888, 0x0888, 0x0888, 0x0888,
    0x0888, 0x0888, 0x0888, 0x0888, 0x0888, 0x0888, 0x0888, 0x0888,
    0x0888, 0x0888, 0x0888, 0x0888, 0x0888, 0x0888, 0x0888, 0x0888,
    0x0888, 0x0888, 0x0888, 0x0888, 0x0888, 0x0888, 0x0888, 0x0888,
    0x0888, 0x0888, 0x0888, 0x0888, 0x0888, 0x0888, 0x0888, 0x0888,
    0x0888, 0x0888, 0x0888, 0x0888, 0x0888, 0x0888, 0x0888, 0x0888,
    0x0888, 0x0888, 0x0888, 0x0888, 0x0888, 0x0888, 0x0888, 0x0888,
    0x0888, 0x0888, 0x0888, 0x0888, 0x0888, 0x0888, 0x0888, 0x0888,
    0x0888, 0x0888, 0x0888, 0x0888, 0x0888, 0x0888, 0x0888, 0x0888,
    0x0888, 0x0888, 0x0888, 0x0888, 0x0888, 0x0888, 0x0888, 0x0888,
    0x0888, 0x0888, 0x0888, 0x0888, 0x0888, 0x0888, 0x0888, 0x0888,
    0x0888, 0x0888, 0x0888, 0x0888, 0x0888, 0x0888, 0x0888, 0x0888,
    0x0888, 0x0888, 0x0888, 0x0888, 0x0888, 0x0888, 0x0888, 0x0888,
    0x0888, 0x0888, 0x0888, 0x0888, 0x0888, 0x0888, 0x0888, 0x0888,
    0x0888, 0x0888, 0x0888, 0x0888, 0x0888, 0x0888, 0x0888, 0x0888,
    0x0888, 0x0888, 0x0888, 0x0888, 0x0888, 0x0888, 0x0888, 0x0888,
    0x0888, 0x0888, 0x0888, 0x0888, 0x0888, 0x0888, 0x0888, 0x0888,
    0x0888, 0x0888, 0x0888, 0x0888, 0x0888, 0x0888, 0x0888, 0x0888,
    0x0888, 0x0888, 0x0888, 0x0888, 0x0888, 0x0888, 0x0888, 0x0888,
    0x0888, 0x0888, 0x0888, 0x0888, 0x0888, 0x0888, 0x0888, 0x0888,
    0x0888, 0x0888, 0x0888, 0x0888, 0x0888, 0x0888, 0x0888, 0x0888,
    0x0888, 0x0888, 0x0888, 0x0888, 0x0888, 0x0888, 0x0888, 0x0888,
    0x0888, 0x0888, 0x0888, 0x0888, 0x0888, 0x0888, 0x0888, 0x0888,
    0x0888, 0x0888, 0x0888, 0x0888, 0x0888, 0x0888, 0x0888, 0x0888,
    0x0888, 0x0888, 0x0888, 0x0888, 0x0888, 0x0888, 0x0888, 0x0888,
    0x0888, 0x0888, 0x0888, 0x0888, 0x0888, 0x0888, 0x0888, 0x0888,
    0x0888, 0x0888, 0x0888, 0x0888, 0x0888, 0x0888, 0x0888, 0x0888,
    0x0888, 0x0888, 0x0888, 0x0888, 0x0888, 0x0888, 0x0888, 0x0888,
    0x0888, 0x0888, 0x0888, 0x0888, 0x0888, 0x0888, 0x0888, 0x0888,
    0x0888, 0x0888, 0x0888, 0x0888, 0x0888, 0x0888, 0x0888, 0x0888,
    0x0888, 0x0888, 0x0888, 0x0888, 0x0888, 0x0888, 0x0888, 0x0888,
    0x0888, 0x0888, 0x0888, 0x0888, 0x0888, 0x0888, 0x0888, 0x0888,
    0x0888, 0x0888, 0x0888, 0x0888, 0x0888, 0x0888, 0x0888, 0x0888,
    0x0888, 0x0888, 0x0888, 0x0888, 0x0888, 0x0888, 0x0888, 0x0888,
    0x0888, 0x0888, 0x0888, 0x0888, 0x0888, 0x0888, 0x0888, 0x0888,
    0x0888, 0x0888, 0x0888, 0x0888, 0x0888, 0x0888, 0x0888, 0x0888,
    0x0888, 0x0888, 0x0888, 0x0888, 0x0888, 0x0888, 0x0888, 0x0888,
    0x0888, 0x0888, 0x0888, 0x0888, 0x0888, 0x0888, 0x0888, 0x0888,
    0x0888, 0x0888, 0x0888, 0x0888, 0x0888, 0x0888, 0x0888, 0x0888,
    0x0888, 0x0888, 0x0888, 0x0888, 0x0888, 0x0888, 0x0888, 0x0888,
    0x0888, 0x0888, 0x0888, 0x0888, 0x0888, 0x0888, 0x0888, 0x0888,
    0x0888, 0x0888, 0x0888, 0x0888, 0x0888, 0x0888, 0x0888, 0x0888,
    0x0888, 0x0888, 0x0888, 0x0888, 0x0888, 0x0888, 0x0888, 0x0888,
    0x0888, 0x0888, 0x0888, 0x0888, 0x0888, 0x0888, 0x0888, 0x0888,
    0x0888, 0x0888, 0x0888, 0x0888, 0x0888, 0x0888, 0x0888, 0x0888,
    0x0888, 0x0888, 0x0888, 0x0888, 0x0888, 0x0888, 0x0888, 0x0888,
    0x0888, 0x0888, 0x0888, 0x0888, 0x0888, 0x0888, 0x0888, 0x0888,
    0x0888, 0x0888, 0x0888, 0x0888, 0x0888, 0x0888, 0x0888, 0x0888,
    0x0888, 0x0888, 0x0888, 0x0888, 0x0888, 0x0888, 0x0888, 0x0888,
    0x0888, 0x0888, 0x0888, 0x0888, 0x0888, 0x0888, 0x0888, 0x0888,
    0x0888, 0x0888, 0x0888, 0x0888, 0x0888, 0x0888, 0x0888, 0x0888,
    0x0888, 0x0888, 0x0888, 0x0888, 0x0888, 0x0888, 0x0888, 0x0888,
    0x0888, 0x0888, 0x0888, 0x0888, 0x0888, 0x0888, 0x0888, 0x0888,
    0x0888, 0x0888, 0x0888, 0x0888, 0x0888, 0x0888, 0x0888, 0x0888,
    0x0888, 0x0888, 0x0888, 0x0888, 0x0888, 0x0888, 0x0888, 0x0888,
    0x0888, 0x0888, 0x0888, 0x0888, 0x0888, 0x0888, 0x0888, 0x0888,
    0x0888, 0x0888, 0x0888, 0x0888, 0x0888, 0x0888, 0x0888, 0x0888,
    0x0888, 0x0888, 0x0888, 0x0888, 0x0888, 0x0888, 0x0888, 0x0888,
    0x0888, 0x0888, 0x0888, 0x0888, 0x0888, 0x0888, 0x0888, 0x0888,
    0x0888, 0x0888, 0x0888, 0x0888, 0x0888, 0x0888, 0x0888, 0x0888,
    0x0888, 0x0888, 0x0888, 0x0888, 0x0888, 0x0888, 0x0888, 0x0888,
    0x0888, 0x0888, 0x0888, 0x0888, 0x0888, 0x0888, 0x0888, 0x0888,
    0x0888, 0x0888, 0x0888, 0x0888, 0x0888, 0x0888, 0x0888, 0x0888,
    0x0888, 0x0888, 0x0888, 0x0888, 0x0888, 0x0888, 0x0888, 0x0888,
    0x0888, 0x0888, 0x0888, 0x0888, 0x0888, 0x0888, 0x0888, 0x0888,
    0x0888, 0x0888, 0x0888, 0x0888, 0x0888, 0x0888, 0x0888, 0x0888,
    0x0888, 0x0888, 0x0888, 0x0888, 0x0888, 0x0888, 0x0888, 0x0888,
    0x0888, 0x0888, 0x0888, 0x0888, 0x0888, 0x0888, 0x0888, 0x0888,
    0x0888, 0x0888, 0x0888, 0x0888, 0x0888, 0x0888, 0x0888, 0x0888,
    0x0888, 0x0888, 0x0888, 0x0888, 0x0888, 0x0888, 0x0888, 0x0888,
    0x0888, 0x0888, 0x0888, 0x0888, 0x0888, 0x0888, 0x0888, 0x0888,
    0x0888, 0x0888, 0x0888, 0x0888, 0x0888, 0x0888, 0x0888, 0x0888,
    0x0888, 0x0888, 0x0888, 0x0888, 0x0888, 0x0888, 0x0888, 0x0888,
    0x0888, 0x0888, 0x0888, 0x0888, 0x0888, 0x0888, 0x0888, 0x0888,
    0x0888, 0x0888, 0x0888, 0x0888, 0x0888, 0x0888, 0x0888, 0x0888,
    0x0888, 0x0888, 0x0888, 0x0888, 0x0888, 0x0888, 0x0888, 0x0888,
    0x0888, 0x0888, 0x0888, 0x0888, 0x0888, 0x0888, 0x0888, 0x0888,
    0x0888, 0x0888, 0x0888, 0x0888, 0x0888, 0x0888, 0x0888, 0x0888,
    0x0888, 0x0888, 0x0888, 0x0888, 0x0888, 0x0888, 0x0888, 0x0888,
    0x0888, 0x0888, 0x0888, 0x0888, 0x0888, 0x0888, 0x0888, 0x0888,
    0x0888, 0x0888, 0x0888, 0x0888, 0x0888, 0x0888, 0x0888, 0x0888,
    0x0888, 0x0888, 0x0888, 0x0888, 0x0888, 0x0888, 0x0888, 0x0888,
    0x0888, 0x0888, 0x0888, 0x0888, 0x0888, 0x0888, 0x0888, 0x0888,
    0x0888, 0x0888, 0x0888, 0x0888, 0x0888, 0x0888, 0x0888, 0x0888,
    0x0888, 0x0888, 0x0888, 0x0888, 0x0888, 0x0888, 0x0888, 0x0888,
    0x0888, 0x0888, 0x0888, 0x0888, 0x0888, 0x0888, 0x0888, 0x0888,
    0x0888, 0x0888, 0x0888, 0x0888, 0x0888, 0x0888, 0x0888, 0x0888,
    0x0888, 0x0888, 0x0888, 0x0888, 0x0888, 0x0888, 0x0888, 0x0888,
    0x0888, 0x0888, 0x0888, 0x0888, 0x0888, 0x0888, 0x0888, 0x0888,
    0x0888, 0x0888, 0x0888, 0x0888, 0x0888, 0x0888, 0x0888, 0x0888,
    0x0888, 0x0888, 0x0888, 0x0888, 0x0888, 0x0888, 0x0888, 0x0888,
    0x0888, 0x0888, 0x0888, 0x0888, 0x0888, 0x0888, 0x0888, 0x0888,
    0x0888, 0x0888, 0x0888, 0x0888, 0x0888, 0x0888, 0x0888, 0x0888,
    0x0888, 0x0888, 0x0888, 0x0888, 0x0888, 0x0888, 0x0888, 0x0888,
    0x0888, 0x0888, 0x0888, 0x0888, 0x0888, 0x0888, 0x0888, 0x0888,
    0x0888, 0x0888, 0x0888, 0x0888, 0x0888, 0x0888, 0x0888, 0x0888,
    0x0888, 0x0888, 0x0888, 0x0888, 0x0888, 0x0888, 0x0888, 0x0888,
    0x0888, 0x0888, 0x0888, 0x0888, 0x0888, 0x0888, 0x0888, 0x0888,
    0x0888, 0x0888, 0x0888, 0x0888, 0x0888, 0x0888, 0x0888, 0x0888,
    0x0888, 0x0888, 0x0888, 0x0888, 0x0888, 0x0888, 0x0888, 0x0888,
    0x0888, 0x0888, 0x0888, 0x0888, 0x0888, 0x0888, 0x0888, 0x0888,
    0x0888, 0x0888, 0x0888, 0x0888, 0x0888, 0x0888, 0x0888, 0x0888,
    0x0888, 0x0888, 0x0888, 0x0888, 0x0888, 0x0888, 0x0888, 0x0888,
    0x0888, 0x0888, 0x0888, 0x0888, 0x0888, 0x0888, 0x0888, 0x0888,
    0x0888, 0x0888, 0x0888, 0x0888, 0x0888, 0x0888, 0x0888, 0x0888,
    0x0888, 0x0888, 0x0888, 0x0888, 0x0888, 0x0888, 0x0888, 0x0888,
    0x0888, 0x0888, 0x0888, 0x0888, 0x0888, 0x0888, 0x0888, 0x0888,
    0x0888, 0x0888, 0x0888, 0x0888, 0x0888, 0x0888, 0x0888, 0x0888,
    0x0888, 0x0888, 0x0888, 0x0888, 0x0888, 0x0888, 0x0888, 0x0888,
    0x0888, 0x0888, 0x0888, 0x0888, 0x0888, 0x0888, 0x0888, 0x0888,
    0x0888, 0x0888, 0x0888, 0x0888, 0x0888, 0x0888, 0x0888, 0x0888,
    0x0888, 0x0888, 0x0888, 0x0888, 0x0888, 0x0888, 0x0888, 0x0888,
    0x0888, 0x0888, 0x0888, 0x0888, 0x0888, 0x0888, 0x0888, 0x0888,
    0x0888, 0x0888, 0x0888, 0x0888, 0x0888, 0x0888, 0x0888, 0x0888,
    0x0888, 0x0888, 0x0888, 0x0888, 0x0888, 0x0888, 0x0888, 0x0888,
    0x0888, 0x0888, 0x0888, 0x0888, 0x0888, 0x0888, 0x0888, 0x0888,
    0x0888, 0x0888, 0x0888, 0x0888, 0x0888, 0x0888, 0x0888, 0x0888,
    0x0888, 0x0888, 0x0888, 0x0888, 0x0888, 0x0888, 0x0888, 0x0888,
    0x0888, 0x0888, 0x0888, 0x0888, 0x0888, 0x0888, 0x0888, 0x0888,
    0x0888, 0x0888, 0x0888, 0x0888, 0x0888, 0x0888, 0x0888, 0x0888,
    0x0888, 0x0888, 0x0888, 0x0888, 0x0888, 0x0888, 0x0888, 0x0888,
    0x0888, 0x0888, 0x0888, 0x0888, 0x0888, 0x0888, 0x0888, 0x0888,
    0x0888, 0x0888, 0x0888, 0x0888, 0x0888, 0x0888, 0x0888, 0x0888,
    0x0888, 0x0888, 0x0888, 0x0888, 0x0888, 0x0888, 0x0888, 0x0888,
    0x0888, 0x0888, 0x0888, 0x0888, 0x0888, 0x0888, 0x0888, 0x0888,
    0x0888, 0x0888, 0x0888, 0x0888, 0x0888, 0x0888, 0x0888, 0x0888,
    0x0888, 0x0888, 0x0888, 0x0888, 0x0888, 0x0888, 0x0888, 0x0888,
    0x0888, 0x0888, 0x0888, 0x0888, 0x0888, 0x0888, 0x0888, 0x0888,
    0x0888, 0x0888, 0x0888, 0x0888, 0x0888, 0x0888, 0x0888, 0x0888,
    0x0888, 0x0888, 0x0888, 0x0888, 0x0888, 0x0888, 0x0888, 0x0888,
    0x0888, 0x0888, 0x0888, 0x0888, 0x0888, 0x0888, 0x0888, 0x0888,
    0x0888, 0x0888, 0x0888, 0x0888, 0x0888, 0x0888, 0x0888, 0x0888,
    0x0888, 0x0888, 0x0888, 0x0888, 0x0888, 0x0888, 0x0888, 0x0888,
    0x0888, 0x0888, 0x0888, 0x0888, 0x0888, 0x0888, 0x0888, 0x0888,
    0x0888, 0x0888, 0x0888, 0x0888, 0x0888, 0x0888, 0x0888, 0x0888,
    0x0888, 0x0888, 0x0888, 0x0888, 0x0888, 0x0888, 0x0888, 0x0888,
    0x0888, 0x0888, 0x0888, 0x0888, 0x0888, 0x0888, 0x0888, 0x0888,
    0x0888, 0x0888, 0x0888, 0x0888, 0x0888, 0x0888, 0x0888, 0x0888,
    0x0888, 0x0888, 0x0888, 0x0888, 0x0888, 0x0888, 0x0888, 0x0888,
    0x0888, 0x0888, 0x0888, 0x0888, 0x0888, 0x0888, 0x0888, 0x0888,
    0x0888, 0x0888, 0x0888, 0x0888, 0x0888, 0x0888, 0x0888, 0x0888,
    0x0888, 0x0888, 0x0888, 0x0888, 0x0888, 0x0888, 0x0888, 0x0888,
    0x0888, 0x0888, 0x0888, 0x0888, 0x0888, 0x0888, 0x0888, 0x0888,
    0x0888, 0x0888, 0x0888, 0x0888, 0x0888, 0x0888, 0x0888, 0x0888,
    0x0888, 0x0888, 0x0888, 0x0888, 0x0888, 0x0888, 0x0888, 0x0888,
    0x0888, 0x0888, 0x0888, 0x0888, 0x0888, 0x0888, 0x0888, 0x0888,
    0x0888, 0x0888, 0x0888, 0x0888, 0x0888, 0x0888, 0x0888, 0x0888,
    0x0888, 0x0888, 0x0888, 0x0888, 0x0888, 0x0888, 0x0888, 0x0888,
    0x0888, 0x0888, 0x0888, 0x0888, 0x0888, 0x0888, 0x0888, 0x0888,
    0x0888, 0x0888, 0x0888, 0x0888, 0x0888, 0x0888, 0x0888, 0x0888,
    0x0888, 0x0888, 0x0888, 0x0888, 0x0888, 0x0888, 0x0888, 0x0888,
    0x0888, 0x0888, 0x0888, 0x0888, 0x0888, 0x0888, 0x0888, 0x0888,
    0x0888, 0x0888, 0x0888, 0x0888, 0x0888, 0x0888, 0x0888, 0x0888,
    0x0888, 0x0888, 0x0888, 0x0888, 0x0888, 0x0888, 0x0888, 0x0888,
    0x0888, 0x0888, 0x0888, 0x0888, 0x0888, 0x0888, 0x0888, 0x0888,
    0x0888, 0x0888, 0x0888, 0x0888, 0x0888, 0x0888, 0x0888, 0x0888,
    0x0888, 0x0888, 0x0888, 0x0888, 0x0888, 0x0888, 0x0888, 0x0888,
    0x0888, 0x0888, 0x0888, 0x0888, 0x0888, 0x0888, 0x0888, 0x0888,
    0x0888, 0x0888, 0x0888, 0x0888, 0x0888, 0x0888, 0x0888, 0x0888,
    0x0888, 0x0888, 0x0888, 0x0888, 0x0888, 0x0888, 0x0888, 0x0888,
    0x0888, 0x0888, 0x0888, 0x0888, 0x0888, 0x0888, 0x0888, 0x0888,
    0x0888, 0x0888, 0x0888, 0x0888, 0x0888, 0x0888, 0x0888, 0x0888,
    0x0888, 0x0888, 0x0888, 0x0888, 0x0888, 0x0888, 0x0888, 0x0888,
    0x0888, 0x0888, 0x0888, 0x0888, 0x0888, 0x0888, 0x0888, 0x0888,
    0x0888, 0x0888, 0x0888, 0x0888, 0x0888, 0x0888, 0x0888, 0x0888,
    0x0888, 0x0888, 0x0888, 0x0888, 0x0888, 0x0888, 0x0888, 0x0888,
    0x0888, 0x0888, 0x0888, 0x0888, 0x0888, 0x0888, 0x0888, 0x0888,
    0x0888, 0x0888, 0x0888, 0x0888, 0x0888, 0x0888, 0x0888, 0x0888,
    0x0888, 0x0888, 0x0888, 0x0888, 0x0888, 0x0888, 0x0888, 0x0888,
    0x0888, 0x0888, 0x0888, 0x0888, 0x0888, 0x0888, 0x0888, 0x0888,
    0x0888, 0x0888, 0x0888, 0x0888, 0x0888, 0x0888, 0x0888, 0x0888,
    0x0888, 0x0888, 0x0888, 0x0888, 0x0888, 0x0888, 0x0888, 0x0888,
    0x0888, 0x0888, 0x0888, 0x0888, 0x0888, 0x0888, 0x0888, 0x0888,
    0x0888, 0x0888, 0x0888, 0x0888, 0x0888, 0x0888, 0x0888, 0x0888,
    0x0888, 0x0888, 0x0888, 0x0888, 0x0888, 0x0888, 0x0888, 0x0888,
    0x0888, 0x0888, 0x0888, 0x0888, 0x0888, 0x0888, 0x0888, 0x0888,
    0x0888, 0x0888, 0x0888, 0x0888, 0x0888, 0x0888, 0x0888, 0x0888,
    0x0888, 0x0888, 0x0888, 0x0888, 0x0888, 0x0888, 0x0888, 0x0888,
    0x0888, 0x0888, 0x0888, 0x0888, 0x0888, 0x0888, 0x0888, 0x0888,
    0x0888, 0x0888, 0x0888, 0x0888, 0x0888, 0x0888, 0x0888, 0x0888,
    0x0888, 0x0888, 0x0888, 0x0888, 0x0888, 0x0888, 0x0888, 0x0888,
    0x0888, 0x0888, 0x0888, 0x0888, 0x0888, 0x0888, 0x0888, 0x0888,
    0x0888, 0x0888, 0x0888, 0x0888, 0x0888, 0x0888, 0x0888, 0x0888,
    0x0888, 0x0888, 0x0888, 0x0888, 0x0888, 0x0888, 0x0888, 0x0888,
    0x0888, 0x0888, 0x0888, 0x0888, 0x0888, 0x0888, 0x0888, 0x0888,
    0x0888, 0x0888, 0x0888, 0x0888, 0x0888, 0x0888, 0x0888, 0x0888,
    0x0888, 0x0888, 0x0888, 0x0888, 0x0888, 0x0888, 0x0888, 0x0888,
    0x0888, 0x0888, 0x0888, 0x0888, 0x0888, 0x0888, 0x0888, 0x0888,
    0x0888, 0x0888, 0x0888, 0x0888, 0x0888, 0x0888, 0x0888, 0x0888,
    0x0888, 0x0888, 0x0888, 0x0888, 0x0888, 0x0888, 0x0888, 0x0888,
    0x0888, 0x0888, 0x0888, 0x0888, 0x0888, 0x0888, 0x0888, 0x0888,
    0x0888, 0x0888, 0x0888, 0x0888, 0x0888, 0x0888, 0x0888, 0x0888,
    0x0888, 0x0888, 0x0888, 0x0888, 0x0888, 0x0888, 0x0888, 0x0888,
    0x0888, 0x0888, 0x0888, 0x0888, 0x0888, 0x0888, 0x0888, 0x0888,
    0x0888, 0x0888, 0x0888, 0x0888, 0x0888, 0x0888, 0x0888, 0x0888,
    0x0888, 0x0888, 0x0888, 0x0888, 0x0888, 0x0888, 0x0888, 0x0888,
    0x0888, 0x0888, 0x0888, 0x0888, 0x0888, 0x0888, 0x0888, 0x0888,
    0x0888, 0x0888, 0x0888, 0x0888, 0x0888, 0x0888, 0x0888, 0x0888,
    0x0888, 0x0888, 0x0888, 0x0888, 0x0888, 0x0888, 0x0888, 0x0888,
    0x0888, 0x0888, 0x0888, 0x0888, 0x0888, 0x0888, 0x0888, 0x0888,
    0x0888, 0x0888, 0x0888, 0x0888, 0x0888, 0x0888, 0x0888, 0x0888,
    0x0888, 0x0888, 0x0888, 0x0888, 0x0888, 0x0888, 0x0888, 0x0888,
    0x0888, 0x0888, 0x0888, 0x0888, 0x0888, 0x0888, 0x0888, 0x0888,
    0x0888, 0x0888, 0x0888, 0x0888, 0x0888, 0x0888, 0x0888, 0x0888,
    0x0888, 0x0888, 0x0888, 0x0888, 0x0888, 0x0888, 0x0888, 0x0888,
    0x0888, 0x0888, 0x0888, 0x0888, 0x0888, 0x0888, 0x0888, 0x0888,
    0x0888, 0x0888, 0x0888, 0x0888, 0x0888, 0x0888, 0x0888, 0x0888,
    0x0888, 0x0888, 0x0888, 0x0888, 0x0888, 0x0888, 0x0888, 0x0888,
    0x0888, 0x0888, 0x0888, 0x0888, 0x0888, 0x0888, 0x0888, 0x0888,
    0x0888, 0x0888, 0x0888, 0x0888, 0x0888, 0x0888, 0x0888, 0x0888,
    0x0888, 0x0888, 0x0888, 0x0888, 0x0888, 0x0888, 0x0888, 0x0888,
    0x0888, 0x0888, 0x0888, 0x0888, 0x0888, 0x0888, 0x0888, 0x0888,
    0x0888, 0x0888, 0x0888, 0x0888, 0x0888, 0x0888, 0x0888, 0x0888,
    0x0888, 0x0888, 0x0888, 0x0888, 0x0888, 0x0888, 0x0888, 0x0888,
    0x0888, 0x0888, 0x0888, 0x0888, 0x0888, 0x0888, 0x0888, 0x0888,
    0x0888, 0x0888, 0x0888, 0x0888, 0x0888, 0x0888, 0x0888, 0x0888,
    0x0888, 0x0888, 0x0888, 0x0888, 0x0888, 0x0888, 0x0888, 0x0888,
    0x0888, 0x0888, 0x0888, 0x0888, 0x0888, 0x0888, 0x0888, 0x0888,
    0x0888, 0x0888, 0x0888, 0x0888, 0x0888, 0x0888, 0x0888, 0x0888,
    0x0888, 0x0888, 0x0888, 0x0888, 0x0888, 0x0888, 0x0888, 0x0888,
    0x0888, 0x0888, 0x0888, 0x0888, 0x0888, 0x0888, 0x0888, 0x0888,
    0x0888, 0x0888, 0x0888, 0x0888, 0x0888, 0x0888, 0x0888, 0x0888,
    0x0888, 0x0888, 0x0888, 0x0888, 0x0888, 0x0888, 0x0888, 0x0888,
    0x0888, 0x0888, 0x0888, 0x0888, 0x0888, 0x0888, 0x0888, 0x0888,
    0x0888, 0x0888, 0x0888, 0x0888, 0x0888, 0x0888, 0x0888, 0x0888,
    0x0888, 0x0888, 0x0888, 0x0888, 0x0888, 0x0888, 0x0888, 0x0888,
    0x0888, 0x0888, 0x0888, 0x0888, 0x0888, 0x0888, 0x0888, 0x0888,
    0x0888, 0x0888, 0x0888, 0x0888, 0x0888, 0x0888, 0x0888, 0x0888,
    0x0888, 0x0888, 0x0888, 0x0888, 0x0888, 0x0888, 0x0888, 0x0888,
    0x0888, 0x0888, 0x0888, 0x0888, 0x0888, 0x0888, 0x0888, 0x0888,
    0x0888, 0x0888, 0x0888, 0x0888, 0x0888, 0x0888, 0x0888, 0x0888,
    0x0888, 0x0888, 0x0888, 0x0888, 0x0888, 0x0888, 0x0888, 0x0888,
    0x0888, 0x0888, 0x0888, 0x0888, 0x0888, 0x0888, 0x0888, 0x0888,
    0x0888, 0x0888, 0x0888, 0x0888, 0x0888, 0x0888, 0x0888, 0x0888,
    0x0888, 0x0888, 0x0888, 0x0888, 0x0888, 0x0888, 0x0888, 0x0888,
    0x0888, 0x0888, 0x0888, 0x0888, 0x0888, 0x0888, 0x0888, 0x0888,
    0x0888, 0x0888, 0x0888, 0x0888, 0x0888, 0x0888, 0x0888, 0x0888,
    0x0888, 0x0888, 0x0888, 0x0888, 0x0888, 0x0888, 0x0888, 0x0888,
    0x0888, 0x0888, 0x0888, 0x0888, 0x0888, 0x0888, 0x0888, 0x0888,
    0x0888, 0x0888, 0x0888, 0x0888, 0x0888, 0x0888, 0x0888, 0x0888,
    0x0888, 0x0888, 0x0888, 0x0888, 0x0888, 0x0888, 0x0888, 0x0888,
    0x0888, 0x0888, 0x0888, 0x0888, 0x0888, 0x0888, 0x0888, 0x0888,
    0x0888, 0x0888, 0x0888, 0x0888, 0x0888, 0x0888, 0x0888, 0x0888,
    0x0888, 0x0888, 0x0888, 0x0888, 0x0888, 0x0888, 0x0888, 0x0888,
    0x0888, 0x0888, 0x0888, 0x0888, 0x0888, 0x0888, 0x0888, 0x0888,
    0x0888, 0x0888, 0x0888, 0x0888, 0x0888, 0x0888, 0x0888, 0x0888,
    0x0888, 0x0888, 0x0888, 0x0888, 0x0888, 0x0888, 0x0888, 0x0888,
    0x0888, 0x0888, 0x0888, 0x0888, 0x0888, 0x0888, 0x0888, 0x0888,
    0x0888, 0x0888, 0x0888, 0x0888, 0x0888, 0x0888, 0x0888, 0x0888,
    0x0888, 0x0888, 0x0888, 0x0888, 0x0888, 0x0888, 0x0888, 0x0888,
    0x0888, 0x0888, 0x0888, 0x0888, 0x0888, 0x0888, 0x0888, 0x0888,
    0x0888, 0x0888, 0x0888, 0x0888, 0x0888, 0x0888, 0x0888, 0x0888,
    0x0888, 0x0888, 0x0888, 0x0888, 0x0888, 0x0888, 0x0888, 0x0888,
    0x0888, 0x0888, 0x0888, 0x0888, 0x0888, 0x0888, 0x0888, 0x0888,
    0x0888, 0x0888, 0x0888, 0x0888, 0x0888, 0x0888, 0x0888, 0x0888,
    0x0888, 0x0888, 0x0888, 0x0888, 0x0888, 0x0888, 0x0888, 0x0888,
    0x0888, 0x0888, 0x0888, 0x0888, 0x0888, 0x0888, 0x0888, 0x0888,
    0x0888, 0x0888, 0x0888, 0x0888, 0x0888, 0x0888, 0x0888, 0x0888,
    0x0888, 0x0888, 0x0888, 0x0888, 0x0888, 0x0888, 0x0888, 0x0888,
    0x0888, 0x0888, 0x0888, 0x0888, 0x0888, 0x0888, 0x0888, 0x0888,
    0x0888, 0x0888, 0x0888, 0x0888, 0x0888, 0x0888, 0x0888, 0x0888,
    0x0888, 0x0888, 0x0888, 0x0888, 0x0888, 0x0888, 0x0888, 0x0888,
    0x0888, 0x0888, 0x0888, 0x0888, 0x0888, 0x0888, 0x0888, 0x0888,
    0x0888, 0x0888, 0x0888, 0x0888, 0x0888, 0x0888, 0x0888, 0x0888,
    0x0888, 0x0888, 0x0888, 0x0888, 0x0888, 0x0888, 0x0888, 0x0888,
    0x0888, 0x0888, 0x0888, 0x0888, 0x0888, 0x0888, 0x0888, 0x0888,
    0x0888, 0x0888, 0x0888, 0x0888, 0x0888, 0x0888, 0x0888, 0x0888,
    0x0888, 0x0888, 0x0888, 0x0888, 0x0888, 0x0888, 0x0888, 0x0888,
    0x0888, 0x0888, 0x0888, 0x0888, 0x0888, 0x0888, 0x0888, 0x0888,
    0x0888, 0x0888, 0x0888, 0x0888, 0x0888, 0x0888, 0x0888, 0x0888,
    0x0888, 0x0888, 0x0888, 0x0888, 0x0888, 0x0888, 0x0888, 0x0888,
    0x0888, 0x0888, 0x0888, 0x0888, 0x0888, 0x0888, 0x0888, 0x0888,
    0x0888, 0x0888, 0x0888, 0x0888, 0x0888, 0x0888, 0x0888, 0x0888,
    0x0888, 0x0888, 0x0888, 0x0888, 0x0888, 0x0888, 0x0888, 0x0888,
    0x0888, 0x0888, 0x0888, 0x0888, 0x0888, 0x0888, 0x0888, 0x0888,
    0x0888, 0x0888, 0x0888, 0x0888, 0x0888, 0x0888, 0x0888, 0x0888,
    0x0888, 0x0888, 0x0888, 0x0888, 0x0888, 0x0888, 0x0888, 0x0888,
    0x0888, 0x0888, 0x0888, 0x0888, 0x0888, 0x0888, 0x0888, 0x0888,
    0x0888, 0x0888, 0x0888, 0x0888, 0x0888, 0x0888, 0x0888, 0x0888,
    0x0888, 0x0888, 0x0888, 0x0888, 0x0888, 0x0888, 0x0888, 0x0888,
    0x0888, 0x0888, 0x0888, 0x0888, 0x0888, 0x0888, 0x0888, 0x0888,
    0x0888, 0x0888, 0x0888, 0x0888, 0x0888, 0x0888, 0x0888, 0x0888,
    0x0888, 0x0888, 0x0888, 0x0888, 0x0888, 0x0888, 0x0888, 0x0888,
    0x0888, 0x0888, 0x0888, 0x0888, 0x0888, 0x0888, 0x0888, 0x0888,
    0x0888, 0x0888, 0x0888, 0x0888, 0x0888, 0x0888, 0x0888, 0x0888,
    0x0888, 0x0888, 0x0888, 0x0888, 0x0888, 0x0888, 0x0888, 0x0888,
    0x0888, 0x0888, 0x0888, 0x0888, 0x0888, 0x0888, 0x0888, 0x0888,
    0x0888, 0x0888, 0x0888, 0x0888, 0x0888, 0x0888, 0x0888, 0x0888,
    0x0888, 0x0888, 0x0888, 0x0888, 0x0888, 0x0888, 0x0888, 0x0888,
    0x0888, 0x0888, 0x0888, 0x0888, 0x0888, 0x0888, 0x0888, 0x0888,
    0x0888, 0x0888, 0x0888, 0x0888, 0x0888, 0x0888, 0x0888, 0x0888,
    0x0888, 0x0888, 0x0888, 0x0888, 0x0888, 0x0888, 0x0888, 0x0888,
    0x0888, 0x0888, 0x0888, 0x0888, 0x0888, 0x0888, 0x0888, 0x0888,
    0x0888, 0x0888, 0x0888, 0x0888, 0x0888, 0x0888, 0x0888, 0x0888,
    0x0888, 0x0888, 0x0888, 0x0888, 0x0888, 0x0888, 0x0888, 0x0888,
    0x0888, 0x0888, 0x0888, 0x0888, 0x0888, 0x0888, 0x0888, 0x0888,
    0x0888, 0x0888, 0x0888, 0x0888, 0x0888, 0x0888, 0x0888, 0x0888,
    0x0888, 0x0888, 0x0888, 0x0888, 0x0888, 0x0888, 0x0888, 0x0888,
    0x0888, 0x0888, 0x0888, 0x0888, 0x0888, 0x0888, 0x0888, 0x0888,
    0x0888, 0x0888, 0x0888, 0x0888, 0x0888, 0x0888, 0x0888, 0x0888,
    0x0888, 0x0888, 0x0888, 0x0888, 0x0888, 0x0888, 0x0888, 0x0888,
    0x0888, 0x0888, 0x0888, 0x0888, 0x0888, 0x0888, 0x0888, 0x0888,
    0x0888, 0x0888, 0x0888, 0x0888, 0x0888, 0x0888, 0x0888, 0x0888,
    0x0888, 0x0888, 0x0888, 0x0888, 0x0888, 0x0888, 0x0888, 0x0888,
    0x0888, 0x0888, 0x0888, 0x0888, 0x0888, 0x0888, 0x0888, 0x0888,
    0x0888, 0x0888, 0x0888, 0x0888, 0x0888, 0x0888, 0x0888, 0x0888,
    0x0888, 0x0888, 0x0888, 0x0888, 0x0888, 0x0888, 0x0888, 0x0888,
    0x0888, 0x0888, 0x0888, 0x0888, 0x0888, 0x0888, 0x0888, 0x0888,
    0x0888, 0x0888, 0x0888, 0x0888, 0x0888, 0x0888, 0x0888, 0x0888,
    0x0888, 0x0888, 0x0888, 0x0888, 0x0888, 0x0888, 0x0888, 0x0888,
    0x0888, 0x0888, 0x0888, 0x0888, 0x0888, 0x0888, 0x0888, 0x0888,
    0x0888, 0x0888, 0x0888, 0x0888, 0x0888, 0x0888, 0x0888, 0x0888,
    0x0888, 0x0888, 0x0888, 0x0888, 0x0888, 0x0888, 0x0888, 0x0888,
    0x0888, 0x0888, 0x0888, 0x0888, 0x0888, 0x0888, 0x0888, 0x0888,
    0x0888, 0x0888, 0x0888, 0x0888, 0x0888, 0x0888, 0x0888, 0x0888,
    0x0888, 0x0888, 0x0888, 0x0888, 0x0888, 0x0888, 0x0888, 0x0888,
    0x0888, 0x0888, 0x0888, 0x0888, 0x0888, 0x0888, 0x0888, 0x0888,
    0x0888, 0x0888, 0x0888, 0x0888, 0x0888, 0x0888, 0x0888, 0x0888,
    0x0888, 0x0888, 0x0888, 0x0888, 0x0888, 0x0888, 0x0888, 0x0888,
    0x0888, 0x0888, 0x0888, 0x0888, 0x0888, 0x0888, 0x0888, 0x0888,
    0x0888, 0x0888, 0x0888, 0x0888, 0x0888, 0x0888, 0x0888, 0x0888,
    0x0888, 0x0888, 0x0888, 0x0888, 0x0888, 0x0888, 0x0888, 0x0888,
    0x0888, 0x0888, 0x0888, 0x0888, 0x0888, 0x0888, 0x0888, 0x0888,
    0x0888, 0x0888, 0x0888, 0x0888, 0x0888, 0x0888, 0x0888, 0x0888,
    0x0888, 0x0888, 0x0888, 0x0888, 0x0888, 0x0888, 0x0888, 0x0888,
    0x0888, 0x0888, 0x0888, 0x0888, 0x0888, 0x0888, 0x0888, 0x0888,
    0x0888, 0x0888, 0x0888, 0x0888, 0x0888, 0x0888, 0x0888, 0x0888,
    0x0888, 0x0888, 0x0888, 0x0888, 0x0888, 0x0888, 0x0888, 0x0888,
    0x0888, 0x0888, 0x0888, 0x0888, 0x0888, 0x0888, 0x0888, 0x0888,
    0x0888, 0x0888, 0x0888, 0x0888, 0x0888, 0x0888, 0x0888, 0x0888,
    0x0888, 0x0888, 0x0888, 0x0888, 0x0888, 0x0888, 0x0888, 0x0888,
    0x0888, 0x0888, 0x0888, 0x0888, 0x0888, 0x0888, 0x0888, 0x0888,
    0x0888, 0x0888, 0x0888, 0x0888, 0x0888, 0x0888, 0x0888, 0x0888,
    0x0888, 0x0888, 0x0888, 0x0888, 0x0888, 0x0888, 0x0888, 0x0888,
    0x0888, 0x0888, 0x0888, 0x0888, 0x0888, 0x0888, 0x0888, 0x0888,
    0x0888, 0x0888, 0x0888, 0x0888, 0x0888, 0x0888, 0x0888, 0x0888,
    0x0888, 0x0888, 0x0888, 0x0888, 0x0888, 0x0888, 0x0888, 0x0888,
    0x0888, 0x0888, 0x0888, 0x0888, 0x0888, 0x0888, 0x0888, 0x0888,
    0x0888, 0x0888, 0x0888, 0x0888, 0x0888, 0x0888, 0x0888, 0x0888,
    0x0888, 0x0888, 0x0888, 0x0888, 0x0888, 0x0888, 0x0888, 0x0888,
    0x0888, 0x0888, 0x0888, 0x0888, 0x0888, 0x0888, 0x0888, 0x0888,
    0x0888, 0x0888, 0x0888, 0x0888, 0x0888, 0x0888, 0x0888, 0x0888,
    0x0888, 0x0888, 0x0888, 0x0888, 0x0888, 0x0888, 0x0888, 0x0888,
    0x0888, 0x0888, 0x0888, 0x0888, 0x0888, 0x0888, 0x0888, 0x0888,
    0x0888, 0x0888, 0x0888, 0x0888, 0x0888, 0x0888, 0x0888, 0x0888,
    0x0888, 0x0888, 0x0888, 0x0888, 0x0888, 0x0888, 0x0888, 0x0888,
    0x0888, 0x0888, 0x0888, 0x0888, 0x0888, 0x0888, 0x0888, 0x0888,
    0x0888, 0x0888, 0x0888, 0x0888, 0x0888, 0x0888, 0x0888, 0x0888,
    0x0888, 0x0888, 0x0888, 0x0888, 0x0888, 0x0888, 0x0888, 0x0888,
    0x0888, 0x0888, 0x0888, 0x0888, 0x0888, 0x0888, 0x0888, 0x0888,
    0x0888, 0x0888, 0x0888, 0x0888, 0x0888, 0x0888, 0x0888, 0x0888,
    0x0888, 0x0888, 0x0888, 0x0888, 0x0888, 0x0888, 0x0888, 0x0888,
    0x0888, 0x0888, 0x0888, 0x0888, 0x0888, 0x0888, 0x0888, 0x0888,
    0x0888, 0x0888, 0x0888, 0x0888, 0x0888, 0x0888, 0x0888, 0x0888,
    0x0888, 0x0888, 0x0888, 0x0888, 0x0888, 0x0888, 0x0888, 0x0888,
    0x0888, 0x0888, 0x0888, 0x0888, 0x0888, 0x0888, 0x0888, 0x0888,
    0x0888, 0x0888, 0x0888, 0x0888, 0x0888, 0x0888, 0x0888, 0x0888,
    0x0888, 0x0888, 0x0888, 0x0888, 0x0888, 0x0888, 0x0888, 0x0888,
    0x0888, 0x0888, 0x0888, 0x0888, 0x0888, 0x0888, 0x0888, 0x0888,
    0x0888, 0x0888, 0x0888, 0x0888, 0x0888, 0x0888, 0x0888, 0x0888,
    0x0888, 0x0888, 0x0888, 0x0888, 0x0888, 0x0888, 0x0888, 0x0888,
    0x0888, 0x0888, 0x0888, 0x0888, 0x0888, 0x0888, 0x0888, 0x0888,
    0x0888, 0x0888, 0x0888, 0x0888, 0x0888, 0x0888, 0x0888, 0x0888,
    0x0888, 0x0888, 0x0888, 0x0888, 0x0888, 0x0888, 0x0888, 0x0888,
    0x0888, 0x0888, 0x0888, 0x0888, 0x0888, 0x0888, 0x0888, 0x0888,
    0x0888, 0x0888, 0x0888, 0x0888, 0x0888, 0x0888, 0x0888, 0x0888,
    0x0888, 0x0888, 0x0888, 0x0888, 0x0888, 0x0888, 0x0888, 0x0888,
    0x0888, 0x0888, 0x0888, 0x0888, 0x0888, 0x0888, 0x0888, 0x0888,
    0x0888, 0x0888, 0x0888, 0x0888, 0x0888, 0x0888, 0x0888, 0x0888,
    0x0888, 0x0888, 0x0888, 0x0888, 0x0888, 0x0888, 0x0888, 0x0888,
    0x0888, 0x0888, 0x0888, 0x0888, 0x0888, 0x0888, 0x0888, 0x0888,
    0x0888, 0x0888, 0x0888, 0x0888, 0x0888, 0x0888, 0x0888, 0x0888,
    0x0888, 0x0888, 0x0888, 0x0888, 0x0888, 0x0888, 0x0888, 0x0888,
    0x0888, 0x0888, 0x0888, 0x0888, 0x0888, 0x0888, 0x0888, 0x0888,
    0x0888, 0x0888, 0x0888, 0x0888, 0x0888, 0x0888, 0x0888, 0x0888,
    0x0888, 0x0888, 0x0888, 0x0888, 0x0888, 0x0888, 0x0888, 0x0888,
    0x0888, 0x0888, 0x0888, 0x0888, 0x0888, 0x0888, 0x0888, 0x0888,
    0x0888, 0x0888, 0x0888, 0x0888, 0x0888, 0x0888, 0x0888, 0x0888,
    0x0888, 0x0888, 0x0888, 0x0888, 0x0888, 0x0888, 0x0888, 0x0888,
    0x0888, 0x0888, 0x0888, 0x0888, 0x0888, 0x0888, 0x0888, 0x0888,
    0x0888, 0x0888, 0x0888, 0x0888, 0x0888, 0x0888, 0x0888, 0x0888,
    0x0888, 0x0888, 0x0888, 0x0888, 0x0888, 0x0888, 0x0888, 0x0888,
    0x0888, 0x0888, 0x0888, 0x0888, 0x0888, 0x0888, 0x0888, 0x0888,
    0x0888, 0x0888, 0x0888, 0x0888, 0x0888, 0x0888, 0x0888, 0x0888,
    0x0888, 0x0888, 0x0888, 0x0888, 0x0888, 0x0888, 0x0888, 0x0888,
    0x0888, 0x0888, 0x0888, 0x0888, 0x0888, 0x0888, 0x0888, 0x0888,
    0x0888, 0x0888, 0x0888, 0x0888, 0x0888, 0x0888, 0x0888, 0x0888,
    0x0888, 0x0888, 0x0888, 0x0888, 0x0888, 0x0888, 0x0888, 0x0888,
    0x0888, 0x0888, 0x0888, 0x0888, 0x0888, 0x0888, 0x0888, 0x0888,
    0x0888, 0x0888, 0x0888, 0x0888, 0x0888, 0x0888, 0x0888, 0x0888,
    0x0888, 0x0888, 0x0888, 0x0888, 0x0888, 0x0888, 0x0888, 0x0888,
    0x0888, 0x0888, 0x0888, 0x0888, 0x0888, 0x0888, 0x0888, 0x0888,
    0x0888, 0x0888, 0x0888, 0x0888, 0x0888, 0x0888, 0x0888, 0x0888,
    0x0888, 0x0888, 0x0888, 0x0888, 0x0888, 0x0888, 0x0888, 0x0888,
    0x0888, 0x0888, 0x0888, 0x0888, 0x0888, 0x0888, 0x0888, 0x0888,
    0x0888, 0x0888, 0x0888, 0x0888, 0x0888, 0x0888, 0x0888, 0x0888,
    0x0888, 0x0888, 0x0888, 0x0888, 0x0888, 0x0888, 0x0888, 0x0888,
    0x0888, 0x0888, 0x0888, 0x0888, 0x0888, 0x0888, 0x0888, 0x0888,
    0x0888, 0x0888, 0x0888, 0x0888, 0x0888, 0x0888, 0x0888, 0x0888,
    0x0888, 0x0888, 0x0888, 0x0888, 0x0888, 0x0888, 0x0888, 0x0888,
    0x0888, 0x0888, 0x0888, 0x0888, 0x0888, 0x0888, 0x0888, 0x0888,
    0x0888, 0x0888, 0x0888, 0x0888, 0x0888, 0x0888, 0x0888, 0x0888,
    0x0888, 0x0888, 0x0888, 0x0888, 0x0888, 0x0888, 0x0888, 0x0888,
    0x0888, 0x0888, 0x0888, 0x0888, 0x0888, 0x0888, 0x0888, 0x0888,
    0x0888, 0x0888, 0x0888, 0x0888, 0x0888, 0x0888, 0x0888, 0x0888,
    0x0888, 0x0888, 0x0888, 0x0888, 0x0888, 0x0888, 0x0888, 0x0888,
    0x0888, 0x0888, 0x0888, 0x0888, 0x0888, 0x0888, 0x0888, 0x0888,
    0x0888, 0x0888, 0x0888, 0x0888, 0x0888, 0x0888, 0x0888, 0x0888,
    0x0888, 0x0888, 0x0888, 0x0888, 0x0888, 0x0888, 0x0888, 0x0888,
    0x0888, 0x0888, 0x0888, 0x0888, 0x0888, 0x0888, 0x0888, 0x0888,
    0x0888, 0x0888, 0x0888, 0x0888, 0x0888, 0x0888, 0x0888, 0x0888,
    0x0888, 0x0888, 0x0888, 0x0888, 0x0888, 0x0888, 0x0888, 0x0888,
    0x0888, 0x0888, 0x0888, 0x0888, 0x0888, 0x0888, 0x0888, 0x0888,
    0x0888, 0x0888, 0x0888, 0x0888, 0x0888, 0x0888, 0x0888, 0x0888,
    0x0888, 0x0888, 0x0888, 0x0888, 0x0888, 0x0888, 0x0888, 0x0888,
    0x0888, 0x0888, 0x0888, 0x0888, 0x0888, 0x0888, 0x0888, 0x0888,
    0x0888, 0x0888, 0x0888, 0x0888, 0x0888, 0x0888, 0x0888, 0x0888,
    0x0888, 0x0888, 0x0888, 0x0888, 0x0888, 0x0888, 0x0888, 0x0888,
    0x0888, 0x0888, 0x0888, 0x0888, 0x0888, 0x0888, 0x0888, 0x0888,
    0x0888, 0x0888, 0x0888, 0x0888, 0x0888, 0x0888, 0x0888, 0x0888,
    0x0888, 0x0888, 0x0888, 0x0888, 0x0888, 0x0888, 0x0888, 0x0888,
    0x0888, 0x0888, 0x0888, 0x0888, 0x0888, 0x0888, 0x0888, 0x0888,
    0x0888, 0x0888, 0x0888, 0x0888, 0x0888, 0x0888, 0x0888, 0x0888,
    0x0888, 0x0888, 0x0888, 0x0888, 0x0888, 0x0888, 0x0888, 0x0888,
    0x0888, 0x0888, 0x0888, 0x0888, 0x0888, 0x0888, 0x0888, 0x0888,
    0x0888, 0x0888, 0x0888, 0x0888, 0x0888, 0x0888, 0x0888, 0x0888,
    0x0888, 0x0888, 0x0888, 0x0888, 0x0888, 0x0888, 0x0888, 0x0888,
    0x0888, 0x0888, 0x0888, 0x0888, 0x0888, 0x0888, 0x0888, 0x0888,
    0x0888, 0x0888, 0x0888, 0x0888, 0x0888, 0x0888, 0x0888, 0x0888,
    0x0888, 0x0888, 0x0888, 0x0888, 0x0888, 0x0888, 0x0888, 0x0888,
    0x0888, 0x0888, 0x0888, 0x0888, 0x0888, 0x0888, 0x0888, 0x0888,
    0x0888, 0x0888, 0x0888, 0x0888, 0x0888, 0x0888, 0x0888, 0x0888,
    0x0888, 0x0888, 0x0888, 0x0888, 0x0888, 0x0888, 0x0888, 0x0888,
    0x0888, 0x0888, 0x0888, 0x0888, 0x0888, 0x0888, 0x0888, 0x0888,
    0x0888, 0x0888, 0x0888, 0x0888, 0x0888, 0x0888, 0x0888, 0x0888,
    0x0888, 0x0888, 0x0888, 0x0888, 0x0888, 0x0888, 0x0888, 0x0888,
    0x0888, 0x0888, 0x0888, 0x0888, 0x0888, 0x0888, 0x0888, 0x0888,
    0x0888, 0x0888, 0x0888, 0x0888, 0x0888, 0x0888, 0x0888, 0x0888,
    0x0888, 0x0888, 0x0888, 0x0888, 0x0888, 0x0888, 0x0888, 0x0888,
    0x0888, 0x0888, 0x0888, 0x0888, 0x0888, 0x0888, 0x0888, 0x0888,
    0x0888, 0x0888, 0x0888, 0x0888, 0x0888, 0x0888, 0x0888, 0x0888,
    0x0888, 0x0888, 0x0888, 0x0888, 0x0888, 0x0888, 0x0888, 0x0888,
    0x0888, 0x0888, 0x0888, 0x0888, 0x0888, 0x0888, 0x0888, 0x0888,
    0x0888, 0x0888, 0x0888, 0x0888, 0x0888, 0x0888, 0x0888, 0x0888,
    0x0888, 0x0888, 0x0888, 0x0888, 0x0888, 0x0888, 0x0888, 0x0888,
    0x0888, 0x0888, 0x0888, 0x0888, 0x0888, 0x0888, 0x0888, 0x0888,
    0x0888, 0x0888, 0x0888, 0x0888, 0x0888, 0x0888, 0x0888, 0x0888,
    0x0888, 0x0888, 0x0888, 0x0888, 0x0888, 0x0888, 0x0888, 0x0888,
    0x0888, 0x0888, 0x0888, 0x0888, 0x0888, 0x0888, 0x0888, 0x0888,
    0x0888, 0x0888, 0x0888, 0x0888, 0x0888, 0x0888, 0x0888, 0x0888,
    0x0888, 0x0888, 0x0888, 0x0888, 0x0888, 0x0888, 0x0888, 0x0888,
    0x0888, 0x0888, 0x0888, 0x0888, 0x0888, 0x0888, 0x0888, 0x0888,
    0x0888, 0x0888, 0x0888, 0x0888, 0x0888, 0x0888, 0x0888, 0x0888,
    0x0888, 0x0888, 0x0888, 0x0888, 0x0888, 0x0888, 0x0888, 0x0888,
    0x0888, 0x0888, 0x0888, 0x0888, 0x0888, 0x0888, 0x0888, 0x0888,
    0x0888, 0x0888, 0x0888, 0x0888, 0x0888, 0x0888, 0x0888, 0x0888,
    0x0888, 0x0888, 0x0888, 0x0888, 0x0888, 0x0888, 0x0888, 0x0888,
    0x0888, 0x0888, 0x0888, 0x0888, 0x0888, 0x0888, 0x0888, 0x0888,
    0x0888, 0x0888, 0x0888, 0x0888, 0x0888, 0x0888, 0x0888, 0x0888,
    0x0888, 0x0888, 0x0888, 0x0888, 0x0888, 0x0888, 0x0888, 0x0888,
    0x0888, 0x0888, 0x0888, 0x0888, 0x0888, 0x0888, 0x0888, 0x0888,
    0x0888, 0x0888, 0x0888, 0x0888, 0x0888, 0x0888, 0x0888, 0x0888,
    0x0888, 0x0888, 0x0888, 0x0888, 0x0888, 0x0888, 0x0888, 0x0888,
    0x0888, 0x0888, 0x0888, 0x0888, 0x0888, 0x0888, 0x0888, 0x0888,
    0x0888, 0x0888, 0x0888, 0x0888, 0x0888, 0x0888, 0x0888, 0x0888,
    0x0888, 0x0888, 0x0888, 0x0888, 0x0888, 0x0888, 0x0888, 0x0888,
    0x0888, 0x0888, 0x0888, 0x0888, 0x0888, 0x0888, 0x0888, 0x0888,
    0x0888, 0x0888, 0x0888, 0x0888, 0x0888, 0x0888, 0x0888, 0x0888,
    0x0888, 0x0888, 0x0888, 0x0888, 0x0888, 0x0888, 0x0888, 0x0888,
    0x0888, 0x0888, 0x0888, 0x0888, 0x0888, 0x0888, 0x0888, 0x0888,
    0x0888, 0x0888, 0x0888, 0x0888, 0x0888, 0x0888, 0x0888, 0x0888,
    0x0888, 0x0888, 0x0888, 0x0888, 0x0888, 0x0888, 0x0888, 0x0888,
    0x0888, 0x0888, 0x0888, 0x0888, 0x0888, 0x0888, 0x0888, 0x0888,
    0x0888, 0x0888, 0x0888, 0x0888, 0x0888, 0x0888, 0x0888, 0x0888,
    0x0888, 0x0888, 0x0888, 0x0888, 0x0888, 0x0888, 0x0888, 0x0888,
    0x0888, 0x0888, 0x0888, 0x0888, 0x0888, 0x0888, 0x0888, 0x0888,
    0x0888, 0x0888, 0x0888, 0x0888, 0x0888, 0x0888, 0x0888, 0x0888,
    0x0888, 0x0888, 0x0888, 0x0888, 0x0888, 0x0888, 0x0888, 0x0888,
    0x0888, 0x0888, 0x0888, 0x0888, 0x0888, 0x0888, 0x0888, 0x0888,
    0x0888, 0x0888, 0x0888, 0x0888, 0x0888, 0x0888, 0x0888, 0x0888,
    0x0888, 0x0888, 0x0888, 0x0888, 0x0888, 0x0888, 0x0888, 0x0888,
    0x0888, 0x0888, 0x0888, 0x0888, 0x0888, 0x0888, 0x0888, 0x0888,
    0x0888, 0x0888, 0x0888, 0x0888, 0x0888, 0x0888, 0x0888, 0x0888,
    0x0888, 0x0888, 0x0888, 0x0888, 0x0888, 0x0888, 0x0888, 0x0888,
    0x0888, 0x0888, 0x0888, 0x0888, 0x0888, 0x0888, 0x0888, 0x0888,
    0x0888, 0x0888, 0x0888, 0x0888, 0x0888, 0x0888, 0x0888, 0x0888,
    0x0888, 0x0888, 0x0888, 0x0888, 0x0888, 0x0888, 0x0888, 0x0888,
    0x0888, 0x0888, 0x0888, 0x0888, 0x0888, 0x0888, 0x0888, 0x0888,
    0x0888, 0x0888, 0x0888, 0x0888, 0x0888, 0x0888, 0x0888, 0x0888,
    0x0888, 0x0888, 0x0888, 0x0888, 0x0888, 0x0888, 0x0888, 0x0888,
    0x0888, 0x0888, 0x0888, 0x0888, 0x0888, 0x0888, 0x0888, 0x0888,
    0x0888, 0x0888, 0x0888, 0x0888, 0x0888, 0x0888, 0x0888, 0x0888,
    0x0888, 0x0888, 0x0888, 0x0888, 0x0888, 0x0888, 0x0888, 0x0888,
    0x0888, 0x0888, 0x0888, 0x0888, 0x0888, 0x0888, 0x0888, 0x0888,
    0x0888, 0x0888, 0x0888, 0x0888, 0x0888, 0x0888, 0x0888, 0x0888,
    0x0888, 0x0888, 0x0888, 0x0888, 0x0888, 0x0888, 0x0888, 0x0888,
    0x0888, 0x0888, 0x0888, 0x0888, 0x0888, 0x0888, 0x0888, 0x0888,
    0x0888, 0x0888, 0x0888, 0x0888, 0x0888, 0x0888, 0x0888, 0x0888,
    0x0888, 0x0888, 0x0888, 0x0888, 0x0888, 0x0888, 0x0888, 0x0888,
    0x0888, 0x0888, 0x0888, 0x0888, 0x0888, 0x0888, 0x0888, 0x0888,
    0x0888, 0x0888, 0x0888, 0x0888, 0x0888, 0x0888, 0x0888, 0x0888,
    0x0888, 0x0888, 0x0888, 0x0888, 0x0888, 0x0888, 0x0888, 0x0888,
    0x0888, 0x0888, 0x0888, 0x0888, 0x0888, 0x0888, 0x0888, 0x0888,
    0x0888, 0x0888, 0x0888, 0x0888, 0x0888, 0x0888, 0x0888, 0x0888,
    0x0888, 0x0888, 0x0888, 0x0888, 0x0888, 0x0888, 0x0888, 0x0888,
    0x0888, 0x0888, 0x0888, 0x0888, 0x0888, 0x0888, 0x0888, 0x0888,
    0x0888, 0x0888, 0x0888, 0x0888, 0x0888, 0x0888, 0x0888, 0x0888,
    0x0888, 0x0888, 0x0888, 0x0888, 0x0888, 0x0888, 0x0888, 0x0888,
    0x0888, 0x0888, 0x0888, 0x0888, 0x0888, 0x0888, 0x0888, 0x0888,
    0x0888, 0x0888, 0x0888, 0x0888, 0x0888, 0x0888, 0x0888, 0x0888,
    0x0888, 0x0888, 0x0888, 0x0888, 0x0888, 0x0888, 0x0888, 0x0888,
    0x0888, 0x0888, 0x0888, 0x0888, 0x0888, 0x0888, 0x0888, 0x0888,
    0x0888, 0x0888, 0x0888, 0x0888, 0x0888, 0x0888, 0x0888, 0x0888,
    0x0888, 0x0888, 0x0888, 0x0888, 0x0888, 0x0888, 0x0888, 0x0888,
    0x0888, 0x0888, 0x0888, 0x0888, 0x0888, 0x0888, 0x0888, 0x0888,
    0x0888, 0x0888, 0x0888, 0x0888, 0x0888, 0x0888, 0x0888, 0x0888,
    0x0888, 0x0888, 0x0888, 0x0888, 0x0888, 0x0888, 0x0888, 0x0888,
    0x0888, 0x0888, 0x0888, 0x0888, 0x0888, 0x0888, 0x0888, 0x0888,
    0x0888, 0x0888, 0x0888, 0x0888, 0x0888, 0x0888, 0x0888, 0x0888,
    0x0888, 0x0888, 0x0888, 0x0888, 0x0888, 0x0888, 0x0888, 0x0888,
    0x0888, 0x0888, 0x0888, 0x0888, 0x0888, 0x0888, 0x0888, 0x0888,
    0x0888, 0x0888, 0x0888, 0x0888, 0x0888, 0x0888, 0x0888, 0x0888,
    0x0888, 0x0888, 0x0888, 0x0888, 0x0888, 0x0888, 0x0888, 0x0888,
    0x0888, 0x0888, 0x0888, 0x0888, 0x0888, 0x0888, 0x0888, 0x0888,
    0x0888, 0x0888, 0x0888, 0x0888, 0x0888, 0x0888, 0x0888, 0x0888,
    0x0888, 0x0888, 0x0888, 0x0888, 0x0888, 0x0888, 0x0888, 0x0888,
    0x0888, 0x0888, 0x0888, 0x0888, 0x0888, 0x0888, 0x0888, 0x0888,
    0x0888, 0x0888, 0x0888, 0x0888, 0x0888, 0x0888, 0x0888, 0x0888,
    0x0888, 0x0888, 0x0888, 0x0888, 0x0888, 0x0888, 0x0888, 0x0888,
    0x0888, 0x0888, 0x0888, 0x0888, 0x0888, 0x0888, 0x0888, 0x0888,
    0x0888, 0x0888, 0x0888, 0x0888, 0x0888, 0x0888, 0x0888, 0x0888,
    0x0888, 0x0888, 0x0888, 0x0888, 0x0888, 0x0888, 0x0888, 0x0888,
    0x0888, 0x0888, 0x0888, 0x0888, 0x0888, 0x0888, 0x0888, 0x0888,
    0x0888, 0x0888, 0x0888, 0x0888, 0x0888, 0x0888, 0x0888, 0x0888,
    0x0888, 0x0888, 0x0888, 0x0888, 0x0888, 0x0888, 0x0888, 0x0888,
    0x0888, 0x0888, 0x0888, 0x0888, 0x0888, 0x0888, 0x0888, 0x0888,
    0x0888, 0x0888, 0x0888, 0x0888, 0x0888, 0x0888, 0x0888, 0x0888,
    0x0888, 0x0888, 0x0888, 0x0888, 0x0888, 0x0888, 0x0888, 0x0888,
    0x0888, 0x0888, 0x0888, 0x0888, 0x0888, 0x0888, 0x0888, 0x0888,
    0x0888, 0x0888, 0x0888, 0x0888, 0x0888, 0x0888, 0x0888, 0x0888,
    0x0888, 0x0888, 0x0888, 0x0888, 0x0888, 0x0888, 0x0888, 0x0888,
    0x0888, 0x0888, 0x0888, 0x0888, 0x0888, 0x0888, 0x0888, 0x0888,
    0x0888, 0x0888, 0x0888, 0x0888, 0x0888, 0x0888, 0x0888, 0x0888,
    0x0888, 0x0888, 0x0888, 0x0888, 0x0888, 0x0888, 0x0888, 0x0888,
    0x0888, 0x0888, 0x0888, 0x0888, 0x0888, 0x0888, 0x0888, 0x0888,
    0x0888, 0x0888, 0x0888, 0x0888, 0x0888, 0x0888, 0x0888, 0x0888,
    0x0888, 0x0888, 0x0888, 0x0888, 0x0888, 0x0888, 0x0888, 0x0888,
    0x0888, 0x0888, 0x0888, 0x0888, 0x0888, 0x0888, 0x0888, 0x0888,
    0x0888, 0x0888, 0x0888, 0x0888, 0x0888, 0x0888, 0x0888, 0x0888,
    0x0888, 0x0888, 0x0888, 0x0888, 0x0888, 0x0888, 0x0888, 0x0888,
    0x0888, 0x0888, 0x0888, 0x0888, 0x0888, 0x0888, 0x0888, 0x0888,
    0x0888, 0x0888, 0x0888, 0x0888, 0x0888, 0x0888, 0x0888, 0x0888,
    0x0888, 0x0888, 0x0888, 0x0888, 0x0888, 0x0888, 0x0888, 0x0888,
    0x0888, 0x0888, 0x0888, 0x0888, 0x0888, 0x0888, 0x0888, 0x0888,
    0x0888, 0x0888, 0x0888, 0x0888, 0x0888, 0x0888, 0x0888, 0x0888,
    0x0888, 0x0888, 0x0888, 0x0888, 0x0888, 0x0888, 0x0888, 0x0888,
    0x0888, 0x0888, 0x0888, 0x0888, 0x0888, 0x0888, 0x0888, 0x0888,
    0x0888, 0x0888, 0x0888, 0x0888, 0x0888, 0x0888, 0x0888, 0x0888,
    0x0888, 0x0888, 0x0888, 0x0888, 0x0888, 0x0888, 0x0888, 0x0888,
    0x0888, 0x0888, 0x0888, 0x0888, 0x0888, 0x0888, 0x0888, 0x0888,
    0x0888, 0x0888, 0x0888, 0x0888, 0x0888, 0x0888, 0x0888, 0x0888,
    0x0888, 0x0888, 0x0888, 0x0888, 0x0888, 0x0888, 0x0888, 0x0888,
    0x0888, 0x0888, 0x0888, 0x0888, 0x0888, 0x0888, 0x0888, 0x0888,
    0x0888, 0x0888, 0x0888, 0x0888, 0x0888, 0x0888, 0x0888, 0x0888,
    0x0888, 0x0888, 0x0888, 0x0888, 0x0888, 0x0888, 0x0888, 0x0888,
    0x0888, 0x0888, 0x0888, 0x0888, 0x0888, 0x0888, 0x0888, 0x0888,
    0x0888, 0x0888, 0x0888, 0x0888, 0x0888, 0x0888, 0x0888, 0x0888,
    0x0888, 0x0888, 0x0888, 0x0888, 0x0888, 0x0888, 0x0888, 0x0888,
    0x0888, 0x0888, 0x0888, 0x0888, 0x0888, 0x0888, 0x0888, 0x0888,
    0x0888, 0x0888, 0x0888, 0x0888, 0x0888, 0x0888, 0x0888, 0x0888,
    0x0888, 0x0888, 0x0888, 0x0888, 0x0888, 0x0888, 0x0888, 0x0888,
    0x0888, 0x0888, 0x0888, 0x0888, 0x0888, 0x0888, 0x0888, 0x0888,
    0x0888, 0x0888, 0x0888, 0x0888, 0x0888, 0x0888, 0x0888, 0x0888,
    0x0888, 0x0888, 0x0888, 0x0888, 0x0888, 0x0888, 0x0888, 0x0888,
    0x0888, 0x0888, 0x0888, 0x0888, 0x0888, 0x0888, 0x0888, 0x0888,
    0x0888, 0x0888, 0x0888, 0x0888, 0x0888, 0x0888, 0x0888, 0x0888,
    0x0888, 0x0888, 0x0888, 0x0888, 0x0888, 0x0888, 0x0888, 0x0888,
    0x0888, 0x0888, 0x0888, 0x0888, 0x0888, 0x0888, 0x0888, 0x0888,
    0x0888, 0x0888, 0x0888, 0x0888, 0x0888, 0x0888, 0x0888, 0x0888,
    0x0888, 0x0888, 0x0888, 0x0888, 0x0888, 0x0888, 0x0888, 0x0888,
    0x0888, 0x0888, 0x0888, 0x0888, 0x0888, 0x0888, 0x0888, 0x0888,
    0x0888, 0x0888, 0x0888, 0x0888, 0x0888, 0x0888, 0x0888, 0x0888,
    0x0888, 0x0888, 0x0888, 0x0888, 0x0888, 0x0888, 0x0888, 0x0888,
    0x0888, 0x0888, 0x0888, 0x0888, 0x0888, 0x0888, 0x0888, 0x0888,
    0x0888, 0x0888, 0x0888, 0x0888, 0x0888, 0x0888, 0x0888, 0x0888,
    0x0888, 0x0888, 0x0888, 0x0888, 0x0888, 0x0888, 0x0888, 0x0888,
    0x0888, 0x0888, 0x0888, 0x0888, 0x0888, 0x0888, 0x0888, 0x0888,
    0x0888, 0x0888, 0x0888, 0x0888, 0x0888, 0x0888, 0x0888, 0x0888,
    0x0888, 0x0888, 0x0888, 0x0888, 0x0888, 0x0888, 0x0888, 0x0888,
    0x0888, 0x0888, 0x0888, 0x0888, 0x0888, 0x0888, 0x0888, 0x0888,
    0x0888, 0x0888, 0x0888, 0x0888, 0x0888, 0x0888, 0x0888, 0x0888,
    0x0888, 0x0888, 0x0888, 0x0888, 0x0888, 0x0888, 0x0888, 0x0888,
    0x0888, 0x0888, 0x0888, 0x0888, 0x0888, 0x0888, 0x0888, 0x0888,
    0x0888, 0x0888, 0x0888, 0x0888, 0x0888, 0x0888, 0x0888, 0x0888,
    0x0888, 0x0888, 0x0888, 0x0888, 0x0888, 0x0888, 0x0888, 0x0888,
    0x0888, 0x0888, 0x0888, 0x0888, 0x0888, 0x0888, 0x0888, 0x0888,
    0x0888, 0x0888, 0x0888, 0x0888, 0x0888, 0x0888, 0x0888, 0x0888,
    0x0888, 0x0888, 0x0888, 0x0888, 0x0888, 0x0888, 0x0888, 0x0888,
    0x0888, 0x0888, 0x0888, 0x0888, 0x0888, 0x0888, 0x0888, 0x0888,
    0x0888, 0x0888, 0x0888, 0x0888, 0x0888, 0x0888, 0x0888, 0x0888,
    0x0888, 0x0888, 0x0888, 0x0888, 0x0888, 0x0888, 0x0888, 0x0888,
    0x0888, 0x0888, 0x0888, 0x0888, 0x0888, 0x0888, 0x0888, 0x0888,
    0x0888, 0x0888, 0x0888, 0x0888, 0x0888, 0x0888, 0x0888, 0x0888,
    0x0888, 0x0888, 0x0888, 0x0888, 0x0888, 0x0888, 0x0888, 0x0888,
    0x0888, 0x0888, 0x0888, 0x0888, 0x0888, 0x0888, 0x0888, 0x0888,
    0x0888, 0x0888, 0x0888, 0x0888, 0x0888, 0x0888, 0x0888, 0x0888,
    0x0888, 0x0888, 0x0888, 0x0888, 0x0888, 0x0888, 0x0888, 0x0888,
    0x0888, 0x0888, 0x0888, 0x0888, 0x0888, 0x0888, 0x0888, 0x0888,
    0x0888, 0x0888, 0x0888, 0x0888, 0x0888, 0x0888, 0x0888, 0x0888,
    0x0888, 0x0888, 0x0888, 0x0888, 0x0888, 0x0888, 0x0888, 0x0888,
    0x0888, 0x0888, 0x0888, 0x0888, 0x0888, 0x0888, 0x0888, 0x0888,
    0x0888, 0x0888, 0x0888, 0x0888, 0x0888, 0x0888, 0x0888, 0x0888,
    0x0888, 0x0888, 0x0888, 0x0888, 0x0888, 0x0888, 0x0888, 0x0888,
    0x0888, 0x0888, 0x0888, 0x0888, 0x0888, 0x0888, 0x0888, 0x0888,
    0x0888, 0x0888, 0x0888, 0x0888, 0x0888, 0x0888, 0x0888, 0x0888,
    0x0888, 0x0888, 0x0888, 0x0888, 0x0888, 0x0888, 0x0888, 0x0888,
    0x0888, 0x0888, 0x0888, 0x0888, 0x0888, 0x0888, 0x0888, 0x0888,
    0x0888, 0x0888, 0x0888, 0x0888, 0x0888, 0x0888, 0x0888, 0x0888,
    0x0888, 0x0888, 0x0888, 0x0888, 0x0888, 0x0888, 0x0888, 0x0888,
    0x0888, 0x0888, 0x0888, 0x0888, 0x0888, 0x0888, 0x0888, 0x0888,
    0x0888, 0x0888, 0x0888, 0x0888, 0x0888, 0x0888, 0x0888, 0x0888,
    0x0888, 0x0888, 0x0888, 0x0888, 0x0888, 0x0888, 0x0888, 0x0888,
    0x0888, 0x0888, 0x0888, 0x0888, 0x0888, 0x0888, 0x0888, 0x0888,
    0x0888, 0x0888, 0x0888, 0x0888, 0x0888, 0x0888, 0x0888, 0x0888,
    0x0888, 0x0888, 0x0888, 0x0888, 0x0888, 0x0888, 0x0888, 0x0888,
    0x0888, 0x0888, 0x0888, 0x0888, 0x0888, 0x0888, 0x0888, 0x0888,
    0x0888, 0x0888, 0x0888, 0x0888, 0x0888, 0x0888, 0x0888, 0x0888,
    0x0888, 0x0888, 0x0888, 0x0888, 0x0888, 0x0888, 0x0888, 0x0888,
    0x0888, 0x0888, 0x0888, 0x0888, 0x0888, 0x0888, 0x0888, 0x0888,
    0x0888, 0x0888, 0x0888, 0x0888, 0x0888, 0x0888, 0x0888, 0x0888,
    0x0888, 0x0888, 0x0888, 0x0888, 0x0888, 0x0888, 0x0888, 0x0888,
    0x0888, 0x0888, 0x0888, 0x0888, 0x0888, 0x0888, 0x0888, 0x0888,
    0x0888, 0x0888, 0x0888, 0x0888, 0x0888, 0x0888, 0x0888, 0x0888,
    0x0888, 0x0888, 0x0888, 0x0888, 0x0888, 0x0888, 0x0888, 0x0888,
    0x0888, 0x0888, 0x0888, 0x0888, 0x0888, 0x0888, 0x0888, 0x0888,
    0x0888, 0x0888, 0x0888, 0x0888, 0x0888, 0x0888, 0x0888, 0x0888,
    0x0888, 0x0888, 0x0888, 0x0888, 0x0888, 0x0888, 0x0888, 0x0888,
    0x0888, 0x0888, 0x0888, 0x0888, 0x0888, 0x0888, 0x0888, 0x0888,
    0x0888, 0x0888, 0x0888, 0x0888, 0x0888, 0x0888, 0x0888, 0x0888,
    0x0888, 0x0888, 0x0888, 0x0888, 0x0888, 0x0888, 0x0888, 0x0888,
    0x0888, 0x0888, 0x0888, 0x0888, 0x0888, 0x0888, 0x0888, 0x0888,
    0x0888, 0x0888, 0x0888, 0x0888, 0x0888, 0x0888, 0x0888, 0x0888,
    0x0888, 0x0888, 0x0888, 0x0888, 0x0888, 0x0888, 0x0888, 0x0888,
    0x0888, 0x0888, 0x0888, 0x0888, 0x0888, 0x0888, 0x0888, 0x0888,
    0x0888, 0x0888, 0x0888, 0x0888, 0x0888, 0x0888, 0x0888, 0x0888,
    0x0888, 0x0888, 0x0888, 0x0888, 0x0888, 0x0888, 0x0888, 0x0888,
    0x0888, 0x0888, 0x0888, 0x0888, 0x0888, 0x0888, 0x0888, 0x0888,
    0x0888, 0x0888, 0x0888, 0x0888, 0x0888, 0x0888, 0x0888, 0x0888,
    0x0888, 0x0888, 0x0888, 0x0888, 0x0888, 0x0888, 0x0888, 0x0888,
    0x0888, 0x0888, 0x0888, 0x0888, 0x0888, 0x0888, 0x0888, 0x0888,
    0x0888, 0x0888, 0x0888, 0x0888, 0x0888, 0x0888, 0x0888, 0x0888,
    0x0888, 0x0888, 0x0888, 0x0888, 0x0888, 0x0888, 0x0888, 0x0888,
    0x0888, 0x0888, 0x0888, 0x0888, 0x0888, 0x0888, 0x0888, 0x0888,
    0x0888, 0x0888, 0x0888, 0x0888, 0x0888, 0x0888, 0x0888, 0x0888,
    0x0888, 0x0888, 0x0888, 0x0888, 0x0888, 0x0888, 0x0888, 0x0888,
    0x0888, 0x0888, 0x0888, 0x0888, 0x0888, 0x0888, 0x0888, 0x0888,
    0x0888, 0x0888, 0x0888, 0x0888, 0x0888, 0x0888, 0x0888, 0x0888,
    0x0888, 0x0888, 0x0888, 0x0888, 0x0888, 0x0888, 0x0888, 0x0888,
    0x0888, 0x0888, 0x0888, 0x0888, 0x0888, 0x0888, 0x0888, 0x0888,
    0x0888, 0x0888, 0x0888, 0x0888, 0x0888, 0x0888, 0x0888, 0x0888,
    0x0888, 0x0888, 0x0888, 0x0888, 0x0888, 0x0888, 0x0888, 0x0888,
    0x0888, 0x0888, 0x0888, 0x0888, 0x0888, 0x0888, 0x0888, 0x0888,
    0x0888, 0x0888, 0x0888, 0x0888, 0x0888, 0x0888, 0x0888, 0x0888,
    0x0888, 0x0888, 0x0888, 0x0888, 0x0888, 0x0888, 0x0888, 0x0888,
    0x0888, 0x0888, 0x0888, 0x0888, 0x0888, 0x0888, 0x0888, 0x0888,
    0x0888, 0x0888, 0x0888, 0x0888, 0x0888, 0x0888, 0x0888, 0x0888,
    0x0888, 0x0888, 0x0888, 0x0888, 0x0888, 0x0888, 0x0888, 0x0888,
    0x0888, 0x0888, 0x0888, 0x0888, 0x0888, 0x0888, 0x0888, 0x0888,
    0x0888, 0x0888, 0x0888, 0x0888, 0x0888, 0x0888, 0x0888, 0x0888,
    0x0888, 0x0888, 0x0888, 0x0888, 0x0888, 0x0888, 0x0888, 0x0888,
    0x0888, 0x0888, 0x0888, 0x0888, 0x0888, 0x0888, 0x0888, 0x0888,
    0x0888, 0x0888, 0x0888, 0x0888, 0x0888, 0x0888, 0x0888, 0x0888,
    0x0888, 0x0888, 0x0888, 0x0888, 0x0888, 0x0888, 0x0888, 0x0888,
    0x0888, 0x0888, 0x0888, 0x0888, 0x0888, 0x0888, 0x0888, 0x0888,
    0x0888, 0x0888, 0x0888, 0x0888, 0x0888, 0x0888, 0x0888, 0x0888,
    0x0888, 0x0888, 0x0888, 0x0888, 0x0888, 0x0888, 0x0888, 0x0888,
    0x0888, 0x0888, 0x0888, 0x0888, 0x0888, 0x0888, 0x0888, 0x0888,
    0x0888, 0x0888, 0x0888, 0x0888, 0x0888, 0x0888, 0x0888, 0x0888,
    0x0888, 0x0888, 0x0888, 0x0888, 0x0888, 0x0888, 0x0888, 0x0888,
    0x0888, 0x0888, 0x0888, 0x0888, 0x0888, 0x0888, 0x0888, 0x0888,
    0x0888, 0x0888, 0x0888, 0x0888, 0x0888, 0x0888, 0x0888, 0x0888,
    0x0888, 0x0888, 0x0888, 0x0888, 0x0888, 0x0888, 0x0888, 0x0888,
    0x0888, 0x0888, 0x0888, 0x0888, 0x0888, 0x0888, 0x0888, 0x0888,
    0x0888, 0x0888, 0x0888, 0x0888, 0x0888, 0x0888, 0x0888, 0x0888,
    0x0888, 0x0888, 0x0888, 0x0888, 0x0888, 0x0888, 0x0888, 0x0888,
    0x0888, 0x0888, 0x0888, 0x0888, 0x0888, 0x0888, 0x0888, 0x0888,
    0x0888, 0x0888, 0x0888, 0x0888, 0x0888, 0x0888, 0x0888, 0x0888,
    0x0888, 0x0888, 0x0888, 0x0888, 0x0888, 0x0888, 0x0888, 0x0888,
    0x0888, 0x0888, 0x0888, 0x0888, 0x0888, 0x0888, 0x0888, 0x0888,
    0x0888, 0x0888, 0x0888, 0x0888, 0x0888, 0x0888, 0x0888, 0x0888,
    0x0888, 0x0888, 0x0888, 0x0888, 0x0888, 0x0888, 0x0888, 0x0888,
    0x0888, 0x0888, 0x0888, 0x0888, 0x0888, 0x0888, 0x0888, 0x0888,
    0x0888, 0x0888, 0x0888, 0x0888, 0x0888, 0x0888, 0x0888, 0x0888,
    0x0888, 0x0888, 0x0888, 0x0888, 0x0888, 0x0888, 0x0888, 0x0888,
    0x0888, 0x0888, 0x0888, 0x0888, 0x0888, 0x0888, 0x0888, 0x0888,
    0x0888, 0x0888, 0x0888, 0x0888, 0x0888, 0x0888, 0x0888, 0x0888,
    0x0888, 0x0888, 0x0888, 0x0888, 0x0888, 0x0888, 0x0888, 0x0888,
    0x0888, 0x0888, 0x0888, 0x0888, 0x0888, 0x0888, 0x0888, 0x0888,
    0x0888, 0x0888, 0x0888, 0x0888, 0x0888, 0x0888, 0x0888, 0x0888,
    0x0888, 0x0888, 0x0888, 0x0888, 0x0888, 0x0888, 0x0888, 0x0888,
    0x0888, 0x0888, 0x0888, 0x0888, 0x0888, 0x0888, 0x0888, 0x0888,
    0x0888, 0x0888, 0x0888, 0x0888, 0x0888, 0x0888, 0x0888, 0x0888,
    0x0888, 0x0888, 0x0888, 0x0888, 0x0888, 0x0888, 0x0888, 0x0888,
    0x0888, 0x0888, 0x0888, 0x0888, 0x0888, 0x0888, 0x0888, 0x0888,
    0x0888, 0x0888, 0x0888, 0x0888, 0x0888, 0x0888, 0x0888, 0x0888,
    0x0888, 0x0888, 0x0888, 0x0888, 0x0888, 0x0888, 0x0888, 0x0888,
    0x0888, 0x0888, 0x0888, 0x0888, 0x0888, 0x0888, 0x0888, 0x0888,
    0x0888, 0x0888, 0x0888, 0x0888, 0x0888, 0x0888, 0x0888, 0x0888,
    0x0888, 0x0888, 0x0888, 0x0888, 0x0888, 0x0888, 0x0888, 0x0888,
    0x0888, 0x0888, 0x0888, 0x0888, 0x0888, 0x0888, 0x0888, 0x0888,
    0x0888, 0x0888, 0x0888, 0x0888, 0x0888, 0x0888, 0x0888, 0x0888,
    0x0888, 0x0888, 0x0888, 0x0888, 0x0888, 0x0888, 0x0888, 0x0888,
    0x0888, 0x0888, 0x0888, 0x0888, 0x0888, 0x0888, 0x0888, 0x0888,
    0x0888, 0x0888, 0x0888, 0x0888, 0x0888, 0x0888, 0x0888, 0x0888,
    0x0888, 0x0888, 0x0888, 0x0888, 0x0888, 0x0888, 0x0888, 0x0888,
    0x0888, 0x0888, 0x0888, 0x0888, 0x0888, 0x0888, 0x0888, 0x0888,
    0x0888, 0x0888, 0x0888, 0x0888, 0x0888, 0x0888, 0x0888, 0x0888,
    0x0888, 0x0888, 0x0888, 0x0888, 0x0888, 0x0888, 0x0888, 0x0888,
    0x0888, 0x0888, 0x0888, 0x0888, 0x0888, 0x0888, 0x0888, 0x0888,
    0x0888, 0x0888, 0x0888, 0x0888, 0x0888, 0x0888, 0x0888, 0x0888,
    0x0888, 0x0888, 0x0888, 0x0888, 0x0888, 0x0888, 0x0888, 0x0888,
    0x0888, 0x0888, 0x0888, 0x0888, 0x0888, 0x0888, 0x0888, 0x0888,
    0x0888, 0x0888, 0x0888, 0x0888, 0x0888, 0x0888, 0x0888, 0x0888,
    0x0888, 0x0888, 0x0888, 0x0888, 0x0888, 0x0888, 0x0888, 0x0888,
    0x0888, 0x0888, 0x0888, 0x0888, 0x0888, 0x0888, 0x0888, 0x0888,
    0x0888, 0x0888, 0x0888, 0x0888, 0x0888, 0x0888, 0x0888, 0x0888,
    0x0888, 0x0888, 0x0888, 0x0888, 0x0888, 0x0888, 0x0888, 0x0888,
    0x0888, 0x0888, 0x0888, 0x0888, 0x0888, 0x0888, 0x0888, 0x0888,
    0x0888, 0x0888, 0x0888, 0x0888, 0x0888, 0x0888, 0x0888, 0x0888,
    0x0888, 0x0888, 0x0888, 0x0888, 0x0888, 0x0888, 0x0888, 0x0888,
    0x0888, 0x0888, 0x0888, 0x0888, 0x0888, 0x0888, 0x0888, 0x0888,
    0x0888, 0x0888, 0x0888, 0x0888, 0x0888, 0x0888, 0x0888, 0x0888,
    0x0888, 0x0888, 0x0888, 0x0888, 0x0888, 0x0888, 0x0888, 0x0888,
    0x0888, 0x0888, 0x0888, 0x0888, 0x0888, 0x0888, 0x0888, 0x0888,
    0x0888, 0x0888, 0x0888, 0x0888, 0x0888, 0x0888, 0x0888, 0x0888,
    0x0888, 0x0888, 0x0888, 0x0888, 0x0888, 0x0888, 0x0888, 0x0888,
    0x0888, 0x0888, 0x0888, 0x0888, 0x0888, 0x0888, 0x0888, 0x0888,
    0x0888, 0x0888, 0x0888, 0x0888, 0x0888, 0x0888, 0x0888, 0x0888,
    0x0888, 0x0888, 0x0888, 0x0888, 0x0888, 0x0888, 0x0888, 0x0888,
    0x0888, 0x0888, 0x0888, 0x0888, 0x0888, 0x0888, 0x0888, 0x0888,
    0x0888, 0x0888, 0x0888, 0x0888, 0x0888, 0x0888, 0x0888, 0x0888,
    0x0888, 0x0888, 0x0888, 0x0888, 0x0888, 0x0888, 0x0888, 0x0888,
    0x0888, 0x0888, 0x0888, 0x0888, 0x0888, 0x0888, 0x0888, 0x0888,
    0x0888, 0x0888, 0x0888, 0x0888, 0x0888, 0x0888, 0x0888, 0x0888,
    0x0888, 0x0888, 0x0888, 0x0888, 0x0888, 0x0888, 0x0888, 0x0888,
    0x0888, 0x0888, 0x0888, 0x0888, 0x0888, 0x0888, 0x0888, 0x0888,
    0x0888, 0x0888, 0x0888, 0x0888, 0x0888, 0x0888, 0x0888, 0x0888,
    0x0888, 0x0888, 0x0888, 0x0888, 0x0888, 0x0888, 0x0888, 0x0888,
    0x0888, 0x0888, 0x0888, 0x0888, 0x0888, 0x0888, 0x0888, 0x0888,
    0x0888, 0x0888, 0x0888, 0x0888, 0x0888, 0x0888, 0x0888, 0x0888,
    0x0888, 0x0888, 0x0888, 0x0888, 0x0888, 0x0888, 0x0888, 0x0888,
    0x0888, 0x0888, 0x0888, 0x0888, 0x0888, 0x0888, 0x0888, 0x0888,
    0x0888, 0x0888, 0x0888, 0x0888, 0x0888, 0x0888, 0x0888, 0x0888,
    0x0888, 0x0888, 0x0888, 0x0888, 0x0888, 0x0888, 0x0888, 0x0888,
    0x0888, 0x0888, 0x0888, 0x0888, 0x0888, 0x0888, 0x0888, 0x0888,
    0x0888, 0x0888, 0x0888, 0x0888, 0x0888, 0x0888, 0x0888, 0x0888,
    0x0888, 0x0888, 0x0888, 0x0888, 0x0888, 0x0888, 0x0888, 0x0888,
    0x0888, 0x0888, 0x0888, 0x0888, 0x0888, 0x0888, 0x0888, 0x0888,
    0x0888, 0x0888, 0x0888, 0x0888, 0x0888, 0x0888, 0x0888, 0x0888,
    0x0888, 0x0888, 0x0888, 0x0888, 0x0888, 0x0888, 0x0888, 0x0888,
    0x0888, 0x0888, 0x0888, 0x0888, 0x0888, 0x0888, 0x0888, 0x0888,
    0x0888, 0x0888, 0x0888, 0x0888, 0x0888, 0x0888, 0x0888, 0x0888,
    0x0888, 0x0888, 0x0888, 0x0888, 0x0888, 0x0888, 0x0888, 0x0888,
    0x0888, 0x0888, 0x0888, 0x0888, 0x0888, 0x0888, 0x0888, 0x0888,
    0x0888, 0x0888, 0x0888, 0x0888, 0x0888, 0x0888, 0x0888, 0x0888,
    0x0888, 0x0888, 0x0888, 0x0888, 0x0888, 0x0888, 0x0888, 0x0888,
    0x0888, 0x0888, 0x0888, 0x0888, 0x0888, 0x0888, 0x0888, 0x0888,
    0x0888, 0x0888, 0x0888, 0x0888, 0x0888, 0x0888, 0x0888, 0x0888,
    0x0888, 0x0888, 0x0888, 0x0888, 0x0888, 0x0888, 0x0888, 0x0888,
    0x0888, 0x0888, 0x0888, 0x0888, 0x0888, 0x0888, 0x0888, 0x0888,
    0x0888, 0x0888, 0x0888, 0x0888, 0x0888, 0x0888, 0x0888, 0x0888,
    0x0888, 0x0888, 0x0888, 0x0888, 0x0888, 0x0888, 0x0888, 0x0888,
    0x0888, 0x0888, 0x0888, 0x0888, 0x0888, 0x0888, 0x0888, 0x0888,
    0x0888, 0x0888, 0x0888, 0x0888, 0x0888, 0x0888, 0x0888, 0x0888,
    0x0888, 0x0888, 0x0888, 0x0888, 0x0888, 0x0888, 0x0888, 0x0888,
    0x0888, 0x0888, 0x0888, 0x0888, 0x0888, 0x0888, 0x0888, 0x0888,
    0x0888, 0x0888, 0x0888, 0x0888, 0x0888, 0x0888, 0x0888, 0x0888,
    0x0888, 0x0888, 0x0888, 0x0888, 0x0888, 0x0888, 0x0888, 0x0888,
    0x0888, 0x0888, 0x0888, 0x0888, 0x0888, 0x0888, 0x0888, 0x0888,
    0x0888, 0x0888, 0x0888, 0x0888, 0x0888, 0x0888, 0x0888, 0x0888,
    0x0888, 0x0888, 0x0888, 0x0888, 0x0888, 0x0888, 0x0888, 0x0888,
    0x0888, 0x0888, 0x0888, 0x0888, 0x0888, 0x0888, 0x0888, 0x0888,
    0x0888, 0x0888, 0x0888, 0x0888, 0x0888, 0x0888, 0x0888, 0x0888,
    0x0888, 0x0888, 0x0888, 0x0888, 0x0888, 0x0888, 0x0888, 0x0888,
    0x0888, 0x0888, 0x0888, 0x0888, 0x0888, 0x0888, 0x0888, 0x0888,
    0x0888, 0x0888, 0x0888, 0x0888, 0x0888, 0x0888, 0x0888, 0x0888,
    0x0888, 0x0888, 0x0888, 0x0888, 0x0888, 0x0888, 0x0888, 0x0888,
    0x0888, 0x0888, 0x0888, 0x0888, 0x0888, 0x0888, 0x0888, 0x0888,
    0x0888, 0x0888, 0x0888, 0x0888, 0x0888, 0x0888, 0x0888, 0x0888,
    0x0888, 0x0888, 0x0888, 0x0888, 0x0888, 0x0888, 0x0888, 0x0888,
    0x0888, 0x0888, 0x0888, 0x0888, 0x0888, 0x0888, 0x0888, 0x0888,
    0x0888, 0x0888, 0x0888, 0x0888, 0x0888, 0x0888, 0x0888, 0x0888,
    0x0888, 0x0888, 0x0888, 0x0888, 0x0888, 0x0888, 0x0888, 0x0888,
    0x0888, 0x0888, 0x0888, 0x0888, 0x0888, 0x0888, 0x0888, 0x0888,
    0x0888, 0x0888, 0x0888, 0x0888, 0x0888, 0x0888, 0x0888, 0x0888,
    0x0888, 0x0888, 0x0888, 0x0888, 0x0888, 0x0888, 0x0888, 0x0888,
    0x0888, 0x0888, 0x0888, 0x0888, 0x0888, 0x0888, 0x0888, 0x0888,
    0x0888, 0x0888, 0x0888, 0x0888, 0x0888, 0x0888, 0x0888, 0x0888,
    0x0888, 0x0888, 0x0888, 0x0888, 0x0888, 0x0888, 0x0888, 0x0888,
    0x0888, 0x0888, 0x0888, 0x0888, 0x0888, 0x0888, 0x0888, 0x0888,
    0x0888, 0x0888, 0x0888, 0x0888, 0x0888, 0x0888, 0x0888, 0x0888,
    0x0888, 0x0888, 0x0888, 0x0888, 0x0888, 0x0888, 0x0888, 0x0888,
    0x0888, 0x0888, 0x0888, 0x0888, 0x0888, 0x0888, 0x0888, 0x0888,
    0x0888, 0x0888, 0x0888, 0x0888, 0x0888, 0x0888, 0x0888, 0x0888,
    0x0888, 0x0888, 0x0888, 0x0888, 0x0888, 0x0888, 0x0888, 0x0888,
    0x0888, 0x0888, 0x0888, 0x0888, 0x0888, 0x0888, 0x0888, 0x0888,
    0x0888, 0x0888, 0x0888, 0x0888, 0x0888, 0x0888, 0x0888, 0x0888,
    0x0888, 0x0888, 0x0888, 0x0888, 0x0888, 0x0888, 0x0888, 0x0888,
    0x0888, 0x0888, 0x0888, 0x0888, 0x0888, 0x0888, 0x0888, 0x0888,
    0x0888, 0x0888, 0x0888, 0x0888, 0x0888, 0x0888, 0x0888, 0x0888,
    0x0888, 0x0888, 0x0888, 0x0888, 0x0888, 0x0888, 0x0888, 0x0888,
    0x0888, 0x0888, 0x0888, 0x0888, 0x0888, 0x0888, 0x0888, 0x0888,
    0x0888, 0x0888, 0x0888, 0x0888, 0x0888, 0x0888, 0x0888, 0x0888,
    0x0888, 0x0888, 0x0888, 0x0888, 0x0888, 0x0888, 0x0888, 0x0888,
    0x0888, 0x0888, 0x0888, 0x0888, 0x0888, 0x0888, 0x0888, 0x0888,
    0x0888, 0x0888, 0x0888, 0x0888, 0x0888, 0x0888, 0x0888, 0x0888,
    0x0888, 0x0888, 0x0888, 0x0888, 0x0888, 0x0888, 0x0888, 0x0888,
    0x0888, 0x0888, 0x0888, 0x0888, 0x0888, 0x0888, 0x0888, 0x0888,
    0x0888, 0x0888, 0x0888, 0x0888, 0x0888, 0x0888, 0x0888, 0x0888,
    0x0888, 0x0888, 0x0888, 0x0888, 0x0888, 0x0888, 0x0888, 0x0888,
    0x0888, 0x0888, 0x0888, 0x0888, 0x0888, 0x0888, 0x0888, 0x0888,
    0x0888, 0x0888, 0x0888, 0x0888, 0x0888, 0x0888, 0x0888, 0x0888,
    0x0888, 0x0888, 0x0888, 0x0888, 0x0888, 0x0888, 0x0888, 0x0888,
    0x0888, 0x0888, 0x0888, 0x0888, 0x0888, 0x0888, 0x0888, 0x0888,
    0x0888, 0x0888, 0x0888, 0x0888, 0x0888, 0x0888, 0x0888, 0x0888,
    0x0888, 0x0888, 0x0888, 0x0888, 0x0888, 0x0888, 0x0888, 0x0888,
    0x0888, 0x0888, 0x0888, 0x0888, 0x0888, 0x0888, 0x0888, 0x0888,
    0x0888, 0x0888, 0x0888, 0x0888, 0x0888, 0x0888, 0x0888, 0x0888,
    0x0888, 0x0888, 0x0888, 0x0888, 0x0888, 0x0888, 0x0888, 0x0888,
    0x0888, 0x0888, 0x0888, 0x0888, 0x0888, 0x0888, 0x0888, 0x0888,
    0x0888, 0x0888, 0x0888, 0x0888, 0x0888, 0x0888, 0x0888, 0x0888,
    0x0888, 0x0888, 0x0888, 0x0888, 0x0888, 0x0888, 0x0888, 0x0888,
    0x0888, 0x0888, 0x0888, 0x0888, 0x0888, 0x0888, 0x0888, 0x0888,
    0x0888, 0x0888, 0x0888, 0x0888, 0x0888, 0x0888, 0x0888, 0x0888,
    0x0888, 0x0888, 0x0888, 0x0888, 0x0888, 0x0888, 0x0888, 0x0888,
    0x0888, 0x0888, 0x0888, 0x0888, 0x0888, 0x0888, 0x0888, 0x0888,
    0x0888, 0x0888, 0x0888, 0x0888, 0x0888, 0x0888, 0x0888, 0x0888,
    0x0888, 0x0888, 0x0888, 0x0888, 0x0888, 0x0888, 0x0888, 0x0888,
    0x0888, 0x0888, 0x0888, 0x0888, 0x0888, 0x0888, 0x0888, 0x0888,
    0x0888, 0x0888, 0x0888, 0x0888, 0x0888, 0x0888, 0x0888, 0x0888,
    0x0888, 0x0888, 0x0888, 0x0888, 0x0888, 0x0888, 0x0888, 0x0888,
    0x0888, 0x0888, 0x0888, 0x0888, 0x0888, 0x0888, 0x0888, 0x0888,
    0x0888, 0x0888, 0x0888, 0x0888, 0x0888, 0x0888, 0x0888, 0x0888,
    0x0888, 0x0888, 0x0888, 0x0888, 0x0888, 0x0888, 0x0888, 0x0888,
    0x0888, 0x0888, 0x0888, 0x0888, 0x0888, 0x0888, 0x0888, 0x0888,
    0x0888, 0x0888, 0x0888, 0x0888, 0x0888, 0x0888, 0x0888, 0x0888,
    0x0888, 0x0888, 0x0888, 0x0888, 0x0888, 0x0888, 0x0888, 0x0888,
    0x0888, 0x0888, 0x0888, 0x0888, 0x0888, 0x0888, 0x0888, 0x0888,
    0x0888, 0x0888, 0x0888, 0x0888, 0x0888, 0x0888, 0x0888, 0x0888,
    0x0888, 0x0888, 0x0888, 0x0888, 0x0888, 0x0888, 0x0888, 0x0888,
    0x0888, 0x0888, 0x0888, 0x0888, 0x0888, 0x0888, 0x0888, 0x0888,
    0x0888, 0x0888, 0x0888, 0x0888, 0x0888, 0x0888, 0x0888, 0x0888,
    0x0888, 0x0888, 0x0888, 0x0888, 0x0888, 0x0888, 0x0888, 0x0888,
    0x0888, 0x0888, 0x0888, 0x0888, 0x0888, 0x0888, 0x0888, 0x0888,
    0x0888, 0x0888, 0x0888, 0x0888, 0x0888, 0x0888, 0x0888, 0x0888,
    0x0888, 0x0888, 0x0888, 0x0888, 0x0888, 0x0888, 0x0888, 0x0888,
    0x0888, 0x0888, 0x0888, 0x0888, 0x0888, 0x0888, 0x0888, 0x0888,
    0x0888, 0x0888, 0x0888, 0x0888, 0x0888, 0x0888, 0x0888, 0x0888,
    0x0888, 0x0888, 0x0888, 0x0888, 0x0888, 0x0888, 0x0888, 0x0888,
    0x0888, 0x0888, 0x0888, 0x0888, 0x0888, 0x0888, 0x0888, 0x0888,
    0x0888, 0x0888, 0x0888, 0x0888, 0x0888, 0x0888, 0x0888, 0x0888,
    0x0888, 0x0888, 0x0888, 0x0888, 0x0888, 0x0888, 0x0888, 0x0888,
    0x0888, 0x0888, 0x0888, 0x0888, 0x0888, 0x0888, 0x0888, 0x0888,
    0x0888, 0x0888, 0x0888, 0x0888, 0x0888, 0x0888, 0x0888, 0x0888,
    0x0888, 0x0888, 0x0888, 0x0888, 0x0888, 0x0888, 0x0888, 0x0888,
    0x0888, 0x0888, 0x0888, 0x0888, 0x0888, 0x0888, 0x0888, 0x0888,
    0x0888, 0x0888, 0x0888, 0x0888, 0x0888, 0x0888, 0x0888, 0x0888,
    0x0888, 0x0888, 0x0888, 0x0888, 0x0888, 0x0888, 0x0888, 0x0888,
    0x0888, 0x0888, 0x0888, 0x0888, 0x0888, 0x0888, 0x0888, 0x0888,
    0x0888, 0x0888, 0x0888, 0x0888, 0x0888, 0x0888, 0x0888, 0x0888,
    0x0888, 0x0888, 0x0888, 0x0888, 0x0888, 0x0888, 0x0888, 0x0888,
    0x0888, 0x0888, 0x0888, 0x0888, 0x0888, 0x0888, 0x0888, 0x0888,
    0x0888, 0x0888, 0x0888, 0x0888, 0x0888, 0x0888, 0x0888, 0x0888,
    0x0888, 0x0888, 0x0888, 0x0888, 0x0888, 0x0888, 0x0888, 0x0888,
    0x0888, 0x0888, 0x0888, 0x0888, 0x0888, 0x0888, 0x0888, 0x0888,
    0x0888, 0x0888, 0x0888, 0x0888, 0x0888, 0x0888, 0x0888, 0x0888,
    0x0888, 0x0888, 0x0888, 0x0888, 0x0888, 0x0888, 0x0888, 0x0888,
    0x0888, 0x0888, 0x0888, 0x0888, 0x0888, 0x0888, 0x0888, 0x0888,
    0x0888, 0x0888, 0x0888, 0x0888, 0x0888, 0x0888, 0x0888, 0x0888,
    0x0888, 0x0888, 0x0888, 0x0888, 0x0888, 0x0888, 0x0888, 0x0888,
    0x0888, 0x0888, 0x0888, 0x0888, 0x0888, 0x0888, 0x0888, 0x0888,
    0x0888, 0x0888, 0x0888, 0x0888, 0x0888, 0x0888, 0x0888, 0x0888,
    0x0888, 0x0888, 0x0888, 0x0888, 0x0888, 0x0888, 0x0888, 0x0888,
    0x0888, 0x0888, 0x0888, 0x0888, 0x0888, 0x0888, 0x0888, 0x0888,
    0x0888, 0x0888, 0x0888, 0x0888, 0x0888, 0x0888, 0x0888, 0x0888,
    0x0888, 0x0888, 0x0888, 0x0888, 0x0888, 0x0888, 0x0888, 0x0888,
    0x0888, 0x0888, 0x0888, 0x0888, 0x0888, 0x0888, 0x0888, 0x0888,
    0x0888, 0x0888, 0x0888, 0x0888, 0x0888, 0x0888, 0x0888, 0x0888,
    0x0888, 0x0888, 0x0888, 0x0888, 0x0888, 0x0888, 0x0888, 0x0888,
    0x0888, 0x0888, 0x0888, 0x0888, 0x0888, 0x0888, 0x0888, 0x0888,
    0x0888, 0x0888, 0x0888, 0x0888, 0x0888, 0x0888, 0x0888, 0x0888,
    0x0888, 0x0888, 0x0888, 0x0888, 0x0888, 0x0888, 0x0888, 0x0888,
    0x0888, 0x0888, 0x0888, 0x0888, 0x0888, 0x0888, 0x0888, 0x0888,
    0x0888, 0x0888, 0x0888, 0x0888, 0x0888, 0x0888, 0x0888, 0x0888,
    0x0888, 0x0888, 0x0888, 0x0888, 0x0888, 0x0888, 0x0888, 0x0888,
    0x0888, 0x0888, 0x0888, 0x0888, 0x0888, 0x0888, 0x0888, 0x0888,
    0x0888, 0x0888, 0x0888, 0x0888, 0x0888, 0x0888, 0x0888, 0x0888,
    0x0888, 0x0888, 0x0888, 0x0888, 0x0888, 0x0888, 0x0888, 0x0888,
    0x0888, 0x0888, 0x0888, 0x0888, 0x0888, 0x0888, 0x0888, 0x0888,
    0x0888, 0x0888, 0x0888, 0x0888, 0x0888, 0x0888, 0x0888, 0x0888,
    0x0888, 0x0888, 0x0888, 0x0888, 0x0888, 0x0888, 0x0888, 0x0888,
    0x0888, 0x0888, 0x0888, 0x0888, 0x0888, 0x0888, 0x0888, 0x0888,
    0x0888, 0x0888, 0x0888, 0x0888, 0x0888, 0x0888, 0x0888, 0x0888,
    0x0888, 0x0888, 0x0888, 0x0888, 0x0888, 0x0888, 0x0888, 0x0888,
    0x0888, 0x0888, 0x0888, 0x0888, 0x0888, 0x0888, 0x0888, 0x0888,
    0x0888, 0x0888, 0x0888, 0x0888, 0x0888, 0x0888, 0x0888, 0x0888,
    0x0888, 0x0888, 0x0888, 0x0888, 0x0888, 0x0888, 0x0888, 0x0888,
    0x0888, 0x0888, 0x0888, 0x0888, 0x0888, 0x0888, 0x0888, 0x0888,
    0x0888, 0x0888, 0x0888, 0x0888, 0x0888, 0x0888, 0x0888, 0x0888,
    0x0888, 0x0888, 0x0888, 0x0888, 0x0888, 0x0888, 0x0888, 0x0888,
    0x0888, 0x0888, 0x0888, 0x0888, 0x0888, 0x0888, 0x0888, 0x0888,
    0x0888, 0x0888, 0x0888, 0x0888, 0x0888, 0x0888, 0x0888, 0x0888,
    0x0888, 0x0888, 0x0888, 0x0888, 0x0888, 0x0888, 0x0888, 0x0888,
    0x0888, 0x0888, 0x0888, 0x0888, 0x0888, 0x0888, 0x0888, 0x0888,
    0x0888, 0x0888, 0x0888, 0x0888, 0x0888, 0x0888, 0x0888, 0x0888,
    0x0888, 0x0888, 0x0888, 0x0888, 0x0888, 0x0888, 0x0888, 0x0888,
    0x0888, 0x0888, 0x0888, 0x0888, 0x0888, 0x0888, 0x0888, 0x0888,
    0x0888, 0x0888, 0x0888, 0x0888, 0x0888, 0x0888, 0x0888, 0x0888,
    0x0888, 0x0888, 0x0888, 0x0888, 0x0888, 0x0888, 0x0888, 0x0888,
    0x0888, 0x0888, 0x0888, 0x0888, 0x0888, 0x0888, 0x0888, 0x0888,
    0x0888, 0x0888, 0x0888, 0x0888, 0x0888, 0x0888, 0x0888, 0x0888,
    0x0888, 0x0888, 0x0888, 0x0888, 0x0888, 0x0888, 0x0888, 0x0888,
    0x0888, 0x0888, 0x0888, 0x0888, 0x0888, 0x0888, 0x0888, 0x0888,
    0x0888, 0x0888, 0x0888, 0x0888, 0x0888, 0x0888, 0x0888, 0x0888,
    0x0888, 0x0888, 0x0888, 0x0888, 0x0888, 0x0888, 0x0888, 0x0888,
    0x0888, 0x0888, 0x0888, 0x0888, 0x0888, 0x0888, 0x0888, 0x0888,
    0x0888, 0x0888, 0x0888, 0x0888, 0x0888, 0x0888, 0x0888, 0x0888,
    0x0888, 0x0888, 0x0888, 0x0888, 0x0888, 0x0888, 0x0888, 0x0888,
    0x0888, 0x0888, 0x0888, 0x0888, 0x0888, 0x0888, 0x0888, 0x0888,
    0x0888, 0x0888, 0x0888, 0x0888, 0x0888, 0x0888, 0x0888, 0x0888,
    0x0888, 0x0888, 0x0888, 0x0888, 0x0888, 0x0888, 0x0888, 0x0888,
    0x0888, 0x0888, 0x0888, 0x0888, 0x0888, 0x0888, 0x0888, 0x0888,
    0x0888, 0x0888, 0x0888, 0x0888, 0x0888, 0x0888, 0x0888, 0x0888,
    0x0888, 0x0888, 0x0888, 0x0888, 0x0888, 0x0888, 0x0888, 0x0888,
    0x0888, 0x0888, 0x0888, 0x0888, 0x0888, 0x0888, 0x0888, 0x0888,
    0x0888, 0x0888, 0x0888, 0x0888, 0x0888, 0x0888, 0x0888, 0x0888,
    0x0888, 0x0888, 0x0888, 0x0888, 0x0888, 0x0888, 0x0888, 0x0888,
    0x0888, 0x0888, 0x0888, 0x0888, 0x0888, 0x0888, 0x0888, 0x0888,
    0x0888, 0x0888, 0x0888, 0x0888, 0x0888, 0x0888, 0x0888, 0x0888,
    0x0888, 0x0888, 0x0888, 0x0888, 0x0888, 0x0888, 0x0888, 0x0888,
    0x0888, 0x0888, 0x0888, 0x0888, 0x0888, 0x0888, 0x0888, 0x0888,
    0x0888, 0x0888, 0x0888, 0x0888, 0x0888, 0x0888, 0x0888, 0x0888,
    0x0888, 0x0888, 0x0888, 0x0888, 0x0888, 0x0888, 0x0888, 0x0888,
    0x0888, 0x0888, 0x0888, 0x0888, 0x0888, 0x0888, 0x0888, 0x0888,
    0x0888, 0x0888, 0x0888, 0x0888, 0x0888, 0x0888, 0x0888, 0x0888,
    0x0888, 0x0888, 0x0888, 0x0888, 0x0888, 0x0888, 0x0888, 0x0888,
    0x0888, 0x0888, 0x0888, 0x0888, 0x0888, 0x0888, 0x0888, 0x0888,
    0x0888, 0x0888, 0x0888, 0x0888, 0x0888, 0x0888, 0x0888, 0x0888,
    0x0888, 0x0888, 0x0888, 0x0888, 0x0888, 0x0888, 0x0888, 0x0888,
    0x0888, 0x0888, 0x0888, 0x0888, 0x0888, 0x0888, 0x0888, 0x0888,
    0x0888, 0x0888, 0x0888, 0x0888, 0x0888, 0x0888, 0x0888, 0x0888,
    0x0888, 0x0888, 0x0888, 0x0888, 0x0888, 0x0888, 0x0888, 0x0888,
    0x0888, 0x0888, 0x0888, 0x0888, 0x0888, 0x0888, 0x0888, 0x0888,
    0x0888, 0x0888, 0x0888, 0x0888, 0x0888, 0x0888, 0x0888, 0x0888,
    0x0888, 0x0888, 0x0888, 0x0888, 0x0888, 0x0888, 0x0888, 0x0888,
    0x0888, 0x0888, 0x0888, 0x0888, 0x0888, 0x0888, 0x0888, 0x0888,
    0x0888, 0x0888, 0x0888, 0x0888, 0x0888, 0x0888, 0x0888, 0x0888,
    0x0888, 0x0888, 0x0888, 0x0888, 0x0888, 0x0888, 0x0888, 0x0888,
    0x0888, 0x0888, 0x0888, 0x0888, 0x0888, 0x0888, 0x0888, 0x0888,
    0x0888, 0x0888, 0x0888, 0x0888, 0x0888, 0x0888, 0x0888, 0x0888,
    0x0888, 0x0888, 0x0888, 0x0888, 0x0888, 0x0888, 0x0888, 0x0888,
    0x0888, 0x0888, 0x0888, 0x0888, 0x0888, 0x0888, 0x0888, 0x0888,
    0x0888, 0x0888, 0x0888, 0x0888, 0x0888, 0x0888, 0x0888, 0x0888,
    0x0888, 0x0888, 0x0888, 0x0888, 0x0888, 0x0888, 0x0888, 0x0888,
    0x0888, 0x0888, 0x0888, 0x0888, 0x0888, 0x0888, 0x0888, 0x0888,
    0x0888, 0x0888, 0x0888, 0x0888, 0x0888, 0x0888, 0x0888, 0x0888,
    0x0888, 0x0888, 0x0888, 0x0888, 0x0888, 0x0888, 0x0888, 0x0888,
    0x0888, 0x0888, 0x0888, 0x0888, 0x0888, 0x0888, 0x0888, 0x0888,
    0x0888, 0x0888, 0x0888, 0x0888, 0x0888, 0x0888, 0x0888, 0x0888,
    0x0888, 0x0888, 0x0888, 0x0888, 0x0888, 0x0888, 0x0888, 0x0888,
    0x0888, 0x0888, 0x0888, 0x0888, 0x0888, 0x0888, 0x0888, 0x0888,
    0x0888, 0x0888, 0x0888, 0x0888, 0x0888, 0x0888, 0x0888, 0x0888,
    0x0888, 0x0888, 0x0888, 0x0888, 0x0888, 0x0888, 0x0888, 0x0888,
    0x0888, 0x0888, 0x0888, 0x0888, 0x0888, 0x0888, 0x0888, 0x0888,
    0x0888, 0x0888, 0x0888, 0x0888, 0x0888, 0x0888, 0x0888, 0x0888,
    0x0888, 0x0888, 0x0888, 0x0888, 0x0888, 0x0888, 0x0888, 0x0888,
    0x0888, 0x0888, 0x0888, 0x0888, 0x0888, 0x0888, 0x0888, 0x0888,
    0x0888, 0x0888, 0x0888, 0x0888, 0x0888, 0x0888, 0x0888, 0x0888,
    0x0888, 0x0888, 0x0888, 0x0888, 0x0888, 0x0888, 0x0888, 0x0888,
    0x0888, 0x0888, 0x0888, 0x0888, 0x0888, 0x0888, 0x0888, 0x0888,
    0x0888, 0x0888, 0x0888, 0x0888, 0x0888, 0x0888, 0x0888, 0x0888,
    0x0888, 0x0888, 0x0888, 0x0888, 0x0888, 0x0888, 0x0888, 0x0888,
    0x0888, 0x0888, 0x0888, 0x0888, 0x0888, 0x0888, 0x0888, 0x0888,
    0x0888, 0x0888, 0x0888, 0x0888, 0x0888, 0x0888, 0x0888, 0x0888,
    0x0888, 0x0888, 0x0888, 0x0888, 0x0888, 0x0888, 0x0888, 0x0888,
    0x0888, 0x0888, 0x0888, 0x0888, 0x0888, 0x0888, 0x0888, 0x0888,
    0x0888, 0x0888, 0x0888, 0x0888, 0x0888, 0x0888, 0x0888, 0x0888,
    0x0888, 0x0888, 0x0888, 0x0888, 0x0888, 0x0888, 0x0888, 0x0888,
    0x0888, 0x0888, 0x0888, 0x0888, 0x0888, 0x0888, 0x0888, 0x0888,
    0x0888, 0x0888, 0x0888, 0x0888, 0x0888, 0x0888, 0x0888, 0x0888,
    0x0888, 0x0888, 0x0888, 0x0888, 0x0888, 0x0888, 0x0888, 0x0888,
    0x0888, 0x0888, 0x0888, 0x0888, 0x0888, 0x0888, 0x0888, 0x0888,
    0x0888, 0x0888, 0x0888, 0x0888, 0x0888, 0x0888, 0x0888, 0x0888,
    0x0888, 0x0888, 0x0888, 0x0888, 0x0888, 0x0888, 0x0888, 0x0888,
    0x0888, 0x0888, 0x0888, 0x0888, 0x0888, 0x0888, 0x0888, 0x0888,
    0x0888, 0x0888, 0x0888, 0x0888, 0x0888, 0x0888, 0x0888, 0x0888,
    0x0888, 0x0888, 0x0888, 0x0888, 0x0888, 0x0888, 0x0888, 0x0888,
    0x0888, 0x0888, 0x0888, 0x0888, 0x0888, 0x0888, 0x0888, 0x0888,
    0x0888, 0x0888, 0x0888, 0x0888, 0x0888, 0x0888, 0x0888, 0x0888,
    0x0888, 0x0888, 0x0888, 0x0888, 0x0888, 0x0888, 0x0888, 0x0888,
    0x0888, 0x0888, 0x0888, 0x0888, 0x0888, 0x0888, 0x0888, 0x0888,
    0x0888, 0x0888, 0x0888, 0x0888, 0x0888, 0x0888, 0x0888, 0x0888,
    0x0888, 0x0888, 0x0888, 0x0888, 0x0888, 0x0888, 0x0888, 0x0888,
    0x0888, 0x0888, 0x0888, 0x0888, 0x0888, 0x0888, 0x0888, 0x0888,
    0x0888, 0x0888, 0x0888, 0x0888, 0x0888, 0x0888, 0x0888, 0x0888,
    0x0888, 0x0888, 0x0888, 0x0888, 0x0888, 0x0888, 0x0888, 0x0888,
    0x0888, 0x0888, 0x0888, 0x0888, 0x0888, 0x0888, 0x0888, 0x0888,
    0x0888, 0x0888, 0x0888, 0x0888, 0x0888, 0x0888, 0x0888, 0x0888,
    0x0888, 0x0888, 0x0888, 0x0888, 0x0888, 0x0888, 0x0888, 0x0888,
    0x0888, 0x0888, 0x0888, 0x0888, 0x0888, 0x0888, 0x0888, 0x0888,
    0x0888, 0x0888, 0x0888, 0x0888, 0x0888, 0x0888, 0x0888, 0x0888,
    0x0888, 0x0888, 0x0888, 0x0888, 0x0888, 0x0888, 0x0888, 0x0888,
    0x0888, 0x0888, 0x0888, 0x0888, 0x0888, 0x0888, 0x0888, 0x0888,
    0x0888, 0x0888, 0x0888, 0x0888, 0x0888, 0x0888, 0x0888, 0x0888,
    0x0888, 0x0888, 0x0888, 0x0888, 0x0888, 0x0888, 0x0888, 0x0888,
    0x0888, 0x0888, 0x0888, 0x0888, 0x0888, 0x0888, 0x0888, 0x0888,
    0x0888, 0x0888, 0x0888, 0x0888, 0x0888, 0x0888, 0x0888, 0x0888,
    0x0888, 0x0888, 0x0888, 0x0888, 0x0888, 0x0888, 0x0888, 0x0888,
    0x0888, 0x0888, 0x0888, 0x0888, 0x0888, 0x0888, 0x0888, 0x0888,
    0x0888, 0x0888, 0x0888, 0x0888, 0x0888, 0x0888, 0x0888, 0x0888,
    0x0888, 0x0888, 0x0888, 0x0888, 0x0888, 0x0888, 0x0888, 0x0888,
    0x0888, 0x0888, 0x0888, 0x0888, 0x0888, 0x0888, 0x0888, 0x0888,
    0x0888, 0x0888, 0x0888, 0x0888, 0x0888, 0x0888, 0x0888, 0x0888,
    0x0888, 0x0888, 0x0888, 0x0888, 0x0888, 0x0888, 0x0888, 0x0888,
    0x0888, 0x0888, 0x0888, 0x0888, 0x0888, 0x0888, 0x0888, 0x0888,
    0x0888, 0x0888, 0x0888, 0x0888, 0x0888, 0x0888, 0x0888, 0x0888,
    0x0888, 0x0888, 0x0888, 0x0888, 0x0888, 0x0888, 0x0888, 0x0888,
    0x0888, 0x0888, 0x0888, 0x0888, 0x0888, 0x0888, 0x0888, 0x0888,
    0x0888, 0x0888, 0x0888, 0x0888, 0x0888, 0x0888, 0x0888, 0x0888,
    0x0888, 0x0888, 0x0888, 0x0888, 0x0888, 0x0888, 0x0888, 0x0888,
    0x0888, 0x0888, 0x0888, 0x0888, 0x0888, 0x0888, 0x0888, 0x0888,
    0x0888, 0x0888, 0x0888, 0x0888, 0x0888, 0x0888, 0x0888, 0x0888,
    0x0888, 0x0888, 0x0888, 0x0888, 0x0888, 0x0888, 0x0888, 0x0888,
    0x0888, 0x0888, 0x0888, 0x0888, 0x0888, 0x0888, 0x0888, 0x0888,
    0x0888, 0x0888, 0x0888, 0x0888, 0x0888, 0x0888, 0x0888, 0x0888,
    0x0888, 0x0888, 0x0888, 0x0888, 0x0888, 0x0888, 0x0888, 0x0888,
    0x0888, 0x0888, 0x0888, 0x0888, 0x0888, 0x0888, 0x0888, 0x0888,
    0x0888, 0x0888, 0x0888, 0x0888, 0x0888, 0x0888, 0x0888, 0x0888,
    0x0888, 0x0888, 0x0888, 0x0888, 0x0888, 0x0888, 0x0888, 0x0888,
    0x0888, 0x0888, 0x0888, 0x0888, 0x0888, 0x0888, 0x0888, 0x0888,
    0x0888, 0x0888, 0x0888, 0x0888, 0x0888, 0x0888, 0x0888, 0x0888,
    0x0888, 0x0888, 0x0888, 0x0888, 0x0888, 0x0888, 0x0888, 0x0888,
    0x0888, 0x0888, 0x0888, 0x0888, 0x0888, 0x0888, 0x0888, 0x0888,
    0x0888, 0x0888, 0x0888, 0x0888, 0x0888, 0x0888, 0x0888, 0x0888,
    0x0888, 0x0888, 0x0888, 0x0888, 0x0888, 0x0888, 0x0888, 0x0888,
    0x0888, 0x0888, 0x0888, 0x0888, 0x0888, 0x0888, 0x0888, 0x0888,
    0x0888, 0x0888, 0x0888, 0x0888, 0x0888, 0x0888, 0x0888, 0x0888,
    0x0888, 0x0888, 0x0888, 0x0888, 0x0888, 0x0888, 0x0888, 0x0888,
    0x0888, 0x0888, 0x0888, 0x0888, 0x0888, 0x0888, 0x0888, 0x0888,
    0x0888, 0x0888, 0x0888, 0x0888, 0x0888, 0x0888, 0x0888, 0x0888,
    0x0888, 0x0888, 0x0888, 0x0888, 0x0888, 0x0888, 0x0888, 0x0888,
    0x0888, 0x0888, 0x0888, 0x0888, 0x0888, 0x0888, 0x0888, 0x0888,
    0x0888, 0x0888, 0x0888, 0x0888, 0x0888, 0x0888, 0x0888, 0x0888,
    0x0888, 0x0888, 0x0888, 0x0888, 0x0888, 0x0888, 0x0888, 0x0888,
    0x0888, 0x0888, 0x0888, 0x0888, 0x0888, 0x0888, 0x0888, 0x0888,
    0x0888, 0x0888, 0x0888, 0x0888, 0x0888, 0x0888, 0x0888, 0x0888,
    0x0888, 0x0888, 0x0888, 0x0888, 0x0888, 0x0888, 0x0888, 0x0888,
    0x0888, 0x0888, 0x0888, 0x0888, 0x0888, 0x0888, 0x0888, 0x0888,
    0x0888, 0x0888, 0x0888, 0x0888, 0x0888, 0x0888, 0x0888, 0x0888,
    0x0888, 0x0888, 0x0888, 0x0888, 0x0888, 0x0888, 0x0888, 0x0888,
    0x0888, 0x0888, 0x0888, 0x0888, 0x0888, 0x0888, 0x0888, 0x0888,
    0x0888, 0x0888, 0x0888, 0x0888, 0x0888, 0x0888, 0x0888, 0x0888,
    0x0888, 0x0888, 0x0888, 0x0888, 0x0888, 0x0888, 0x0888, 0x0888,
    0x0888, 0x0888, 0x0888, 0x0888, 0x0888, 0x0888, 0x0888, 0x0888,
    0x0888, 0x0888, 0x0888, 0x0888, 0x0888, 0x0888, 0x0888, 0x0888,
    0x0888, 0x0888, 0x0888, 0x0888, 0x0888, 0x0888, 0x0888, 0x0888,
    0x0888, 0x0888, 0x0888, 0x0888, 0x0888, 0x0888, 0x0888, 0x0888,
    0x0888, 0x0888, 0x0888, 0x0888, 0x0888, 0x0888, 0x0888, 0x0888,
    0x0888, 0x0888, 0x0888, 0x0888, 0x0888, 0x0888, 0x0888, 0x0888,
    0x0888, 0x0888, 0x0888, 0x0888, 0x0888, 0x0888, 0x0888, 0x0888,
    0x0888, 0x0888, 0x0888, 0x0888, 0x0888, 0x0888, 0x0888, 0x0888,
    0x0888, 0x0888, 0x0888, 0x0888, 0x0888, 0x0888, 0x0888, 0x0888,
    0x0888, 0x0888, 0x0888, 0x0888, 0x0888, 0x0888, 0x0888, 0x0888,
    0x0888, 0x0888, 0x0888, 0x0888, 0x0888, 0x0888, 0x0888, 0x0888,
    0x0888, 0x0888, 0x0888, 0x0888, 0x0888, 0x0888, 0x0888, 0x0888,
    0x0888, 0x0888, 0x0888, 0x0888, 0x0888, 0x0888, 0x0888, 0x0888,
    0x0888, 0x0888, 0x0888, 0x0888, 0x0888, 0x0888, 0x0888, 0x0888,
    0x0888, 0x0888, 0x0888, 0x0888, 0x0888, 0x0888, 0x0888, 0x0888,
    0x0888, 0x0888, 0x0888, 0x0888, 0x0888, 0x0888, 0x0888, 0x0888,
    0x0888, 0x0888, 0x0888, 0x0888, 0x0888, 0x0888, 0x0888, 0x0888,
    0x0888, 0x0888, 0x0888, 0x0888, 0x0888, 0x0888, 0x0888, 0x0888,
    0x0888, 0x0888, 0x0888, 0x0888, 0x0888, 0x0888, 0x0888, 0x0888,
    0x0888, 0x0888, 0x0888, 0x0888, 0x0888, 0x0888, 0x0888, 0x0888,
    0x0888, 0x0888, 0x0888, 0x0888, 0x0888, 0x0888, 0x0888, 0x0888,
    0x0888, 0x0888, 0x0888, 0x0888, 0x0888, 0x0888, 0x0888, 0x0888,
    0x0888, 0x0888, 0x0888, 0x0888, 0x0888, 0x0888, 0x0888, 0x0888,
    0x0888, 0x0888, 0x0888, 0x0888, 0x0888, 0x0888, 0x0888, 0x0888,
    0x0888, 0x0888, 0x0888, 0x0888, 0x0888, 0x0888, 0x0888, 0x0888,
    0x0888, 0x0888, 0x0888, 0x0888, 0x0888, 0x0888, 0x0888, 0x0888,
    0x0888, 0x0888, 0x0888, 0x0888, 0x0888, 0x0888, 0x0888, 0x0888,
    0x0888, 0x0888, 0x0888, 0x0888, 0x0888, 0x0888, 0x0888, 0x0888,
    0x0888, 0x0888, 0x0888, 0x0888, 0x0888, 0x0888, 0x0888, 0x0888,
    0x0888, 0x0888, 0x0888, 0x0888, 0x0888, 0x0888, 0x0888, 0x0888,
    0x0888, 0x0888, 0x0888, 0x0888, 0x0888, 0x0888, 0x0888, 0x0888,
    0x0888, 0x0888, 0x0888, 0x0888, 0x0888, 0x0888, 0x0888, 0x0888,
    0x0888, 0x0888, 0x0888, 0x0888, 0x0888, 0x0888, 0x0888, 0x0888,
    0x0888, 0x0888, 0x0888, 0x0888, 0x0888, 0x0888, 0x0888, 0x0888,
    0x0888, 0x0888, 0x0888, 0x0888, 0x0888, 0x0888, 0x0888, 0x0888,
    0x0888, 0x0888, 0x0888, 0x0888, 0x0888, 0x0888, 0x0888, 0x0888,
    0x0888, 0x0888, 0x0888, 0x0888, 0x0888, 0x0888, 0x0888, 0x0888,
    0x0888, 0x0888, 0x0888, 0x0888, 0x0888, 0x0888, 0x0888, 0x0888,
    0x0888, 0x0888, 0x0888, 0x0888, 0x0888, 0x0888, 0x0888, 0x0888,
    0x0888, 0x0888, 0x0888, 0x0888, 0x0888, 0x0888, 0x0888, 0x0888,
    0x0888, 0x0888, 0x0888, 0x0888, 0x0888, 0x0888, 0x0888, 0x0888,
    0x0888, 0x0888, 0x0888, 0x0888, 0x0888, 0x0888, 0x0888, 0x0888,
    0x0888, 0x0888, 0x0888, 0x0888, 0x0888, 0x0888, 0x0888, 0x0888,
    0x0888, 0x0888, 0x0888, 0x0888, 0x0888, 0x0888, 0x0888, 0x0888,
    0x0888, 0x0888, 0x0888, 0x0888, 0x0888, 0x0888, 0x0888, 0x0888,
    0x0888, 0x0888, 0x0888, 0x0888, 0x0888, 0x0888, 0x0888, 0x0888,
    0x0888, 0x0888, 0x0888, 0x0888, 0x0888, 0x0888, 0x0888, 0x0888,
    0x0888, 0x0888, 0x0888, 0x0888, 0x0888, 0x0888, 0x0888, 0x0888,
    0x0888, 0x0888, 0x0888, 0x0888, 0x0888, 0x0888, 0x0888, 0x0888,
    0x0888, 0x0888, 0x0888, 0x0888, 0x0888, 0x0888, 0x0888, 0x0888,
    0x0888, 0x0888, 0x0888, 0x0888, 0x0888, 0x0888, 0x0888, 0x0888,
    0x0888, 0x0888, 0x0888, 0x0888, 0x0888, 0x0888, 0x0888, 0x0888,
    0x0888, 0x0888, 0x0888, 0x0888, 0x0888, 0x0888, 0x0888, 0x0888,
    0x0888, 0x0888, 0x0888, 0x0888, 0x0888, 0x0888, 0x0888, 0x0888,
    0x0888, 0x0888, 0x0888, 0x0888, 0x0888, 0x0888, 0x0888, 0x0888,
    0x0888, 0x0888, 0x0888, 0x0888, 0x0888, 0x0888, 0x0888, 0x0888,
    0x0888, 0x0888, 0x0888, 0x0888, 0x0888, 0x0888, 0x0888, 0x0888,
    0x0888, 0x0888, 0x0888, 0x0888, 0x0888, 0x0888, 0x0888, 0x0888,
    0x0888, 0x0888, 0x0888, 0x0888, 0x0888, 0x0888, 0x0888, 0x0888,
    0x0888, 0x0888, 0x0888, 0x0888, 0x0888, 0x0888, 0x0888, 0x0888,
    0x0888, 0x0888, 0x0888, 0x0888, 0x0888, 0x0888, 0x0888, 0x0888,
    0x0888, 0x0888, 0x0888, 0x0888, 0x0888, 0x0888, 0x0888, 0x0888,
    0x0888, 0x0888, 0x0888, 0x0888, 0x0888, 0x0888, 0x0888, 0x0888,
    0x0888, 0x0888, 0x0888, 0x0888, 0x0888, 0x0888, 0x0888, 0x0888,
    0x0888, 0x0888, 0x0888, 0x0888, 0x0888, 0x0888, 0x0888, 0x0888,
    0x0888, 0x0888, 0x0888, 0x0888, 0x0888, 0x0888, 0x0888, 0x0888,
    0x0888, 0x0888, 0x0888, 0x0888, 0x0888, 0x0888, 0x0888, 0x0888,
    0x0888, 0x0888, 0x0888, 0x0888, 0x0888, 0x0888, 0x0888, 0x0888,
    0x0888, 0x0888, 0x0888, 0x0888, 0x0888, 0x0888, 0x0888, 0x0888,
    0x0888, 0x0888, 0x0888, 0x0888, 0x0888, 0x0888, 0x0888, 0x0888,
    0x0888, 0x0888, 0x0888, 0x0888, 0x0888, 0x0888, 0x0888, 0x0888,
    0x0888, 0x0888, 0x0888, 0x0888, 0x0888, 0x0888, 0x0888, 0x0888,
    0x0888, 0x0888, 0x0888, 0x0888, 0x0888, 0x0888, 0x0888, 0x0888,
    0x0888, 0x0888, 0x0888, 0x0888, 0x0888, 0x0888, 0x0888, 0x0888,
    0x0888, 0x0888, 0x0888, 0x0888, 0x0888, 0x0888, 0x0888, 0x0888,
    0x0888, 0x0888, 0x0888, 0x0888, 0x0888, 0x0888, 0x0888, 0x0888,
    0x0888, 0x0888, 0x0888, 0x0888, 0x0888, 0x0888, 0x0888, 0x0888,
    0x0888, 0x0888, 0x0888, 0x0888, 0x0888, 0x0888, 0x0888, 0x0888,
    0x0888, 0x0888, 0x0888, 0x0888, 0x0888, 0x0888, 0x0888, 0x0888,
    0x0888, 0x0888, 0x0888, 0x0888, 0x0888, 0x0888, 0x0888, 0x0888,
    0x0888, 0x0888, 0x0888, 0x0888, 0x0888, 0x0888, 0x0888, 0x0888,
    0x0888, 0x0888, 0x0888, 0x0888, 0x0888, 0x0888, 0x0888, 0x0888,
    0x0888, 0x0888, 0x0888, 0x0888, 0x0888, 0x0888, 0x0888, 0x0888,
    0x0888, 0x0888, 0x0888, 0x0888, 0x0888, 0x0888, 0x0888, 0x0888,
    0x0888, 0x0888, 0x0888, 0x0888, 0x0888, 0x0888, 0x0888, 0x0888,
    0x0888, 0x0888, 0x0888, 0x0888, 0x0888, 0x0888, 0x0888, 0x0888,
    0x0888, 0x0888, 0x0888, 0x0888, 0x0888, 0x0888, 0x0888, 0x0888,
    0x0888, 0x0888, 0x0888, 0x0888, 0x0888, 0x0888, 0x0888, 0x0888,
    0x0888, 0x0888, 0x0888, 0x0888, 0x0888, 0x0888, 0x0888, 0x0888,
    0x0888, 0x0888, 0x0888, 0x0888, 0x0888, 0x0888, 0x0888, 0x0888,
    0x0888, 0x0888, 0x0888, 0x0888, 0x0888, 0x0888, 0x0888, 0x0888,
    0x0888, 0x0888, 0x0888, 0x0888, 0x0888, 0x0888, 0x0888, 0x0888,
    0x0888, 0x0888, 0x0888, 0x0888, 0x0888, 0x0888, 0x0888, 0x0888,
    0x0888, 0x0888, 0x0888, 0x0888, 0x0888, 0x0888, 0x0888, 0x0888,
    0x0888, 0x0888, 0x0888, 0x0888, 0x0888, 0x0888, 0x0888, 0x0888,
    0x0888, 0x0888, 0x0888, 0x0888, 0x0888, 0x0888, 0x0888, 0x0888,
    0x0888, 0x0888, 0x0888, 0x0888, 0x0888, 0x0888, 0x0888, 0x0888,
    0x0888, 0x0888, 0x0888, 0x0888, 0x0888, 0x0888, 0x0888, 0x0888,
    0x0888, 0x0888, 0x0888, 0x0888, 0x0888, 0x0888, 0x0888, 0x0888,
    0x0888, 0x0888, 0x0888, 0x0888, 0x0888, 0x0888, 0x0888, 0x0888,
    0x0888, 0x0888, 0x0888, 0x0888, 0x0888, 0x0888, 0x0888, 0x0888,
    0x0888, 0x0888, 0x0888, 0x0888, 0x0888, 0x0888, 0x0888, 0x0888,
    0x0888, 0x0888, 0x0888, 0x0888, 0x0888, 0x0888, 0x0888, 0x0888,
    0x0888, 0x0888, 0x0888, 0x0888, 0x0888, 0x0888, 0x0888, 0x0888,
    0x0888, 0x0888, 0x0888, 0x0888, 0x0888, 0x0888, 0x0888, 0x0888,
    0x0888, 0x0888, 0x0888, 0x0888, 0x0888, 0x0888, 0x0888, 0x0888,
    0x0888, 0x0888, 0x0888, 0x0888, 0x0888, 0x0888, 0x0888, 0x0888,
    0x0888, 0x0888, 0x0888, 0x0888, 0x0888, 0x0888, 0x0888, 0x0888,
    0x0888, 0x0888, 0x0888, 0x0888, 0x0888, 0x0888, 0x0888, 0x0888,
    0x0888, 0x0888, 0x0888, 0x0888, 0x0888, 0x0888, 0x0888, 0x0888,
    0x0888, 0x0888, 0x0888, 0x0888, 0x0888, 0x0888, 0x0888, 0x0888,
    0x0888, 0x0888, 0x0888, 0x0888, 0x0888, 0x0888, 0x0888, 0x0888,
    0x0888, 0x0888, 0x0888, 0x0888, 0x0888, 0x0888, 0x0888, 0x0888,
    0x0888, 0x0888, 0x0888, 0x0888, 0x0888, 0x0888, 0x0888, 0x0888,
    0x0888, 0x0888, 0x0888, 0x0888, 0x0888, 0x0888, 0x0888, 0x0888,
    0x0888, 0x0888, 0x0888, 0x0888, 0x0888, 0x0888, 0x0888, 0x0888,
    0x0888, 0x0888, 0x0888, 0x0888, 0x0888, 0x0888, 0x0888, 0x0888,
    0x0888, 0x0888, 0x0888, 0x0888, 0x0888, 0x0888, 0x0888, 0x0888,
    0x0888, 0x0888, 0x0888, 0x0888, 0x0888, 0x0888, 0x0888, 0x0888,
    0x0888, 0x0888, 0x0888, 0x0888, 0x0888, 0x0888, 0x0888, 0x0888,
    0x0888, 0x0888, 0x0888, 0x0888, 0x0888, 0x0888, 0x0888, 0x0888,
    0x0888, 0x0888, 0x0888, 0x0888, 0x0888, 0x0888, 0x0888, 0x0888,
    0x0888, 0x0888, 0x0888, 0x0888, 0x0888, 0x0888, 0x0888, 0x0888,
    0x0888, 0x0888, 0x0888, 0x0888, 0x0888, 0x0888, 0x0888, 0x0888,
    0x0888, 0x0888, 0x0888, 0x0888, 0x0888, 0x0888, 0x0888, 0x0888,
    0x0888, 0x0888, 0x0888, 0x0888, 0x0888, 0x0888, 0x0888, 0x0888,
    0x0888, 0x0888, 0x0888, 0x0888, 0x0888, 0x0888, 0x0888, 0x0888,
    0x0888, 0x0888, 0x0888, 0x0888, 0x0888, 0x0888, 0x0888, 0x0888,
    0x0888, 0x0888, 0x0888, 0x0888, 0x0888, 0x0888, 0x0888, 0x0888,
    0x0888, 0x0888, 0x0888, 0x0888, 0x0888, 0x0888, 0x0888, 0x0888,
    0x0888, 0x0888, 0x0888, 0x0888, 0x0888, 0x0888, 0x0888, 0x0888,
    0x0888, 0x0888, 0x0888, 0x0888, 0x0888, 0x0888, 0x0888, 0x0888,
    0x0888, 0x0888, 0x0888, 0x0888, 0x0888, 0x0888, 0x0888, 0x0888,
    0x0888, 0x0888, 0x0888, 0x0888, 0x0888, 0x0888, 0x0888, 0x0888,
    0x0888, 0x0888, 0x0888, 0x0888, 0x0888, 0x0888, 0x0888, 0x0888,
    0x0888, 0x0888, 0x0888, 0x0888, 0x0888, 0x0888, 0x0888, 0x0888,
    0x0888, 0x0888, 0x0888, 0x0888, 0x0888, 0x0888, 0x0888, 0x0888,
    0x0888, 0x0888, 0x0888, 0x0888, 0x0888, 0x0888, 0x0888, 0x0888,
    0x0888, 0x0888, 0x0888, 0x0888, 0x0888, 0x0888, 0x0888, 0x0888,
    0x0888, 0x0888, 0x0888, 0x0888, 0x0888, 0x0888, 0x0888, 0x0888,
    0x0888, 0x0888, 0x0888, 0x0888, 0x0888, 0x0888, 0x0888, 0x0888,
    0x0888, 0x0888, 0x0888, 0x0888, 0x0888, 0x0888, 0x0888, 0x0888,
    0x0888, 0x0888, 0x0888, 0x0888, 0x0888, 0x0888, 0x0888, 0x0888,
    0x0888, 0x0888, 0x0888, 0x0888, 0x0888, 0x0888, 0x0888, 0x0888,
    0x0888, 0x0888, 0x0888, 0x0888, 0x0888, 0x0888, 0x0888, 0x0888,
    0x0888, 0x0888, 0x0888, 0x0888, 0x0888, 0x0888, 0x0888, 0x0888,
    0x0888, 0x0888, 0x0888, 0x0888, 0x0888, 0x0888, 0x0888, 0x0888,
    0x0888, 0x0888, 0x0888, 0x0888, 0x0888, 0x0888, 0x0888, 0x0888,
    0x0888, 0x0888, 0x0888, 0x0888, 0x0888, 0x0888, 0x0888, 0x0888,
    0x0888, 0x0888, 0x0888, 0x0888, 0x0888, 0x0888, 0x0888, 0x0888,
    0x0888, 0x0888, 0x0888, 0x0888, 0x0888, 0x0888, 0x0888, 0x0888,
    0x0888, 0x0888, 0x0888, 0x0888, 0x0888, 0x0888, 0x0888, 0x0888,
    0x0888, 0x0888, 0x0888, 0x0888, 0x0888, 0x0888, 0x0888, 0x0888,
    0x0888, 0x0888, 0x0888, 0x0888, 0x0888, 0x0888, 0x0888, 0x0888,
    0x0888, 0x0888, 0x0888, 0x0888, 0x0888, 0x0888, 0x0888, 0x0888,
    0x0888, 0x0888, 0x0888, 0x0888, 0x0888, 0x0888, 0x0888, 0x0888,
    0x0888, 0x0888, 0x0888, 0x0888, 0x0888, 0x0888, 0x0888, 0x0888,
    0x0888, 0x0888, 0x0888, 0x0888, 0x0888, 0x0888, 0x0888, 0x0888,
    0x0888, 0x0888, 0x0888, 0x0888, 0x0888, 0x0888, 0x0888, 0x0888,
    0x0888, 0x0888, 0x0888, 0x0888, 0x0888, 0x0888, 0x0888, 0x0888,
    0x0888, 0x0888, 0x0888, 0x0888, 0x0888, 0x0888, 0x0888, 0x0888,
    0x0888, 0x0888, 0x0888, 0x0888, 0x0888, 0x0888, 0x0888, 0x0888,
    0x0888, 0x0888, 0x0888, 0x0888, 0x0888, 0x0888, 0x0888, 0x0888,
    0x0888, 0x0888, 0x0888, 0x0888, 0x0888, 0x0888, 0x0888, 0x0888,
    0x0888, 0x0888, 0x0888, 0x0888, 0x0888, 0x0888, 0x0888, 0x0888,
    0x0888, 0x0888, 0x0888, 0x0888, 0x0888, 0x0888, 0x0888, 0x0888,
    0x0888, 0x0888, 0x0888, 0x0888, 0x0888, 0x0888, 0x0888, 0x0888,
    0x0888, 0x0888, 0x0888, 0x0888, 0x0888, 0x0888, 0x0888, 0x0888,
    0x0888, 0x0888, 0x0888, 0x0888, 0x0888, 0x0888, 0x0888, 0x0888,
    0x0888, 0x0888, 0x0888, 0x0888, 0x0888, 0x0888, 0x0888, 0x0888,
    0x0888, 0x0888, 0x0888, 0x0888, 0x0888, 0x0888, 0x0888, 0x0888,
    0x0888, 0x0888, 0x0888, 0x0888, 0x0888, 0x0888, 0x0888, 0x0888,
    0x0888, 0x0888, 0x0888, 0x0888, 0x0888, 0x0888, 0x0888, 0x0888,
    0x0888, 0x0888, 0x0888, 0x0888, 0x0888, 0x0888, 0x0888, 0x0888,
    0x0888, 0x0888, 0x0888, 0x0888, 0x0888, 0x0888, 0x0888, 0x0888,
    0x0888, 0x0888, 0x0888, 0x0888, 0x0888, 0x0888, 0x0888, 0x0888,
    0x0888, 0x0888, 0x0888, 0x0888, 0x0888, 0x0888, 0x0888, 0x0888,
    0x0888, 0x0888, 0x0888, 0x0888, 0x0888, 0x0888, 0x0888, 0x0888,
    0x0888, 0x0888, 0x0888, 0x0888, 0x0888, 0x0888, 0x0888, 0x0888,
    0x0888, 0x0888, 0x0888, 0x0888, 0x0888, 0x0888, 0x0888, 0x0888,
    0x0888, 0x0888, 0x0888, 0x0888, 0x0888, 0x0888, 0x0888, 0x0888,
    0x0888, 0x0888, 0x0888, 0x0888, 0x0888, 0x0888, 0x0888, 0x0888,
    0x0888, 0x0888, 0x0888, 0x0888, 0x0888, 0x0888, 0x0888, 0x0888,
    0x0888, 0x0888, 0x0888, 0x0888, 0x0888, 0x0888, 0x0888, 0x0888,
    0x0888, 0x0888, 0x0888, 0x0888, 0x0888, 0x0888, 0x0888, 0x0888,
    0x0888, 0x0888, 0x0888, 0x0888, 0x0888, 0x0888, 0x0888, 0x0888,
    0x0888, 0x0888, 0x0888, 0x0888, 0x0888, 0x0888, 0x0888, 0x0888,
    0x0888, 0x0888, 0x0888, 0x0888, 0x0888, 0x0888, 0x0888, 0x0888,
    0x0888, 0x0888, 0x0888, 0x0888, 0x0888, 0x0888, 0x0888, 0x0888,
    0x0888, 0x0888, 0x0888, 0x0888, 0x0888, 0x0888, 0x0888, 0x0888,
    0x0888, 0x0888, 0x0888, 0x0888, 0x0888, 0x0888, 0x0888, 0x0888,
    0x0888, 0x0888, 0x0888, 0x0888, 0x0888, 0x0888, 0x0888, 0x0888,
    0x0888, 0x0888, 0x0888, 0x0888, 0x0888, 0x0888, 0x0888, 0x0888,
    0x0888, 0x0888, 0x0888, 0x0888, 0x0888, 0x0888, 0x0888, 0x0888,
    0x0888, 0x0888, 0x0888, 0x0888, 0x0888, 0x0888, 0x0888, 0x0888,
    0x0888, 0x0888, 0x0888, 0x0888, 0x0888, 0x0888, 0x0888, 0x0888,
    0x0888, 0x0888, 0x0888, 0x0888, 0x0888, 0x0888, 0x0888, 0x0888,
    0x0888, 0x0888, 0x0888, 0x0888, 0x0888, 0x0888, 0x0888, 0x0888,
    0x0888, 0x0888, 0x0888, 0x0888, 0x0888, 0x0888, 0x0888, 0x0888,
    0x0888, 0x0888, 0x0888, 0x0888, 0x0888, 0x0888, 0x0888, 0x0888,
    0x0888, 0x0888, 0x0888, 0x0888, 0x0888, 0x0888, 0x0888, 0x0888,
    0x0888, 0x0888, 0x0888, 0x0888, 0x0888, 0x0888, 0x0888, 0x0888,
    0x0888, 0x0888, 0x0888, 0x0888, 0x0888, 0x0888, 0x0888, 0x0888,
    0x0888, 0x0888, 0x0888, 0x0888, 0x0888, 0x0888, 0x0888, 0x0888,
    0x0888, 0x0888, 0x0888, 0x0888, 0x0888, 0x0888, 0x0888, 0x0888,
    0x0888, 0x0888, 0x0888, 0x0888, 0x0888, 0x0888, 0x0888, 0x0888,
    0x0888, 0x0888, 0x0888, 0x0888, 0x0888, 0x0888, 0x0888, 0x0888,
    0x0888, 0x0888, 0x0888, 0x0888, 0x0888, 0x0888, 0x0888, 0x0888,
    0x0888, 0x0888, 0x0888, 0x0888, 0x0888, 0x0888, 0x0888, 0x0888,
    0x0888, 0x0888, 0x0888, 0x0888, 0x0888, 0x0888, 0x0888, 0x0888,
    0x0888, 0x0888, 0x0888, 0x0888, 0x0888, 0x0888, 0x0888, 0x0888,
    0x0888, 0x0888, 0x0888, 0x0888, 0x0888, 0x0888, 0x0888, 0x0888,
    0x0888, 0x0888, 0x0888, 0x0888, 0x0888, 0x0888, 0x0888, 0x0888,
    0x0888, 0x0888, 0x0888, 0x0888, 0x0888, 0x0888, 0x0888, 0x0888,
    0x0888, 0x0888, 0x0888, 0x0888, 0x0888, 0x0888, 0x0888, 0x0888,
    0x0888, 0x0888, 0x0888, 0x0888, 0x0888, 0x0888, 0x0888, 0x0888,
    0x0888, 0x0888, 0x0888, 0x0888, 0x0888, 0x0888, 0x0888, 0x0888,
    0x0888, 0x0888, 0x0888, 0x0888, 0x0888, 0x0888, 0x0888, 0x0888,
    0x0888, 0x0888, 0x0888, 0x0888, 0x0888, 0x0888, 0x0888, 0x0888,
    0x0888, 0x0888, 0x0888, 0x0888, 0x0888, 0x0888, 0x0888, 0x0888,
    0x0888, 0x0888, 0x0888, 0x0888, 0x0888, 0x0888, 0x0888, 0x0888,
    0x0888, 0x0888, 0x0888, 0x0888, 0x0888, 0x0888, 0x0888, 0x0888,
    0x0888, 0x0888, 0x0888, 0x0888, 0x0888, 0x0888, 0x0888, 0x0888,
    0x0888, 0x0888, 0x0888, 0x0888, 0x0888, 0x0888, 0x0888, 0x0888,
    0x0888, 0x0888, 0x0888, 0x0888, 0x0888, 0x0888, 0x0888, 0x0888,
    0x0888, 0x0888, 0x0888, 0x0888, 0x0888, 0x0888, 0x0888, 0x0888,
    0x0888, 0x0888, 0x0888, 0x0888, 0x0888, 0x0888, 0x0888, 0x0888,
    0x0888, 0x0888, 0x0888, 0x0888, 0x0888, 0x0888, 0x0888, 0x0888,
    0x0888, 0x0888, 0x0888, 0x0888, 0x0888, 0x0888, 0x0888, 0x0888,
    0x0888, 0x0888, 0x0888, 0x0888, 0x0888, 0x0888, 0x0888, 0x0888,
    0x0888, 0x0888, 0x0888, 0x0888, 0x0888, 0x0888, 0x0888, 0x0888,
    0x0888, 0x0888, 0x0888, 0x0888, 0x0888, 0x0888, 0x0888, 0x0888,
    0x0888, 0x0888, 0x0888, 0x0888, 0x0888, 0x0888, 0x0888, 0x0888,
    0x0888, 0x0888, 0x0888, 0x0888, 0x0888, 0x0888, 0x0888, 0x0888,
    0x0888, 0x0888, 0x0888, 0x0888, 0x0888, 0x0888, 0x0888, 0x0888,
    0x0888, 0x0888, 0x0888, 0x0888, 0x0888, 0x0888, 0x0888, 0x0888,
    0x0888, 0x0888, 0x0888, 0x0888, 0x0888, 0x0888, 0x0888, 0x0888,
    0x0888, 0x0888, 0x0888, 0x0888, 0x0888, 0x0888, 0x0888, 0x0888,
    0x0888, 0x0888, 0x0888, 0x0888, 0x0888, 0x0888, 0x0888, 0x0888,
    0x0888, 0x0888, 0x0888, 0x0888, 0x0888, 0x0888, 0x0888, 0x0888,
    0x0888, 0x0888, 0x0888, 0x0888, 0x0888, 0x0888, 0x0888, 0x0888,
    0x0888, 0x0888, 0x0888, 0x0888, 0x0888, 0x0888, 0x0888, 0x0888,
    0x0888, 0x0888, 0x0888, 0x0888, 0x0888, 0x0888, 0x0888, 0x0888,
    0x0888, 0x0888, 0x0888, 0x0888, 0x0888, 0x0888, 0x0888, 0x0888,
    0x0888, 0x0888, 0x0888, 0x0888, 0x0888, 0x0888, 0x0888, 0x0888,
    0x0888, 0x0888, 0x0888, 0x0888, 0x0888, 0x0888, 0x0888, 0x0888,
    0x0888, 0x0888, 0x0888, 0x0888, 0x0888, 0x0888, 0x0888, 0x0888,
    0x0888, 0x0888, 0x0888, 0x0888, 0x0888, 0x0888, 0x0888, 0x0888,
    0x0888, 0x0888, 0x0888, 0x0888, 0x0888, 0x0888, 0x0888, 0x0888,
    0x0888, 0x0888, 0x0888, 0x0888, 0x0888, 0x0888, 0x0888, 0x0888,
    0x0888, 0x0888, 0x0888, 0x0888, 0x0888, 0x0888, 0x0888, 0x0888,
    0x0888, 0x0888, 0x0888, 0x0888, 0x0888, 0x0888, 0x0888, 0x0888,
    0x0888, 0x0888, 0x0888, 0x0888, 0x0888, 0x0888, 0x0888, 0x0888,
    0x0888, 0x0888, 0x0888, 0x0888, 0x0888, 0x0888, 0x0888, 0x0888,
    0x0888, 0x0888, 0x0888, 0x0888, 0x0888, 0x0888, 0x0888, 0x0888,
    0x0888, 0x0888, 0x0888, 0x0888, 0x0888, 0x0888, 0x0888, 0x0888,
    0x0888, 0x0888, 0x0888, 0x0888, 0x0888, 0x0888, 0x0888, 0x0888,
    0x0888, 0x0888, 0x0888, 0x0888, 0x0888, 0x0888, 0x0888, 0x0888,
    0x0888, 0x0888, 0x0888, 0x0888, 0x0888, 0x0888, 0x0888, 0x0888,
    0x0888, 0x0888, 0x0888, 0x0888, 0x0888, 0x0888, 0x0888, 0x0888,
    0x0888, 0x0888, 0x0888, 0x0888, 0x0888, 0x0888, 0x0888, 0x0888,
    0x0888, 0x0888, 0x0888, 0x0888, 0x0888, 0x0888, 0x0888, 0x0888,
    0x0888, 0x0888, 0x0888, 0x0888, 0x0888, 0x0888, 0x0888, 0x0888,
    0x0888, 0x0888, 0x0888, 0x0888, 0x0888, 0x0888, 0x0888, 0x0888,
    0x0888, 0x0888, 0x0888, 0x0888, 0x0888, 0x0888, 0x0888, 0x0888,
    0x0888, 0x0888, 0x0888, 0x0888, 0x0888, 0x0888, 0x0888, 0x0888,
    0x0888, 0x0888, 0x0888, 0x0888, 0x0888, 0x0888, 0x0888, 0x0888,
    0x0888, 0x0888, 0x0888, 0x0888, 0x0888, 0x0888, 0x0888, 0x0888,
    0x0888, 0x0888, 0x0888, 0x0888, 0x0888, 0x0888, 0x0888, 0x0888,
    0x0888, 0x0888, 0x0888, 0x0888, 0x0888, 0x0888, 0x0888, 0x0888,
    0x0888, 0x0888, 0x0888, 0x0888, 0x0888, 0x0888, 0x0888, 0x0888,
    0x0888, 0x0888, 0x0888, 0x0888, 0x0888, 0x0888, 0x0888, 0x0888,
    0x0888, 0x0888, 0x0888, 0x0888, 0x0888, 0x0888, 0x0888, 0x0888,
    0x0888, 0x0888, 0x0888, 0x0888, 0x0888, 0x0888, 0x0888, 0x0888,
    0x0888, 0x0888, 0x0888, 0x0888, 0x0888, 0x0888, 0x0888, 0x0888,
    0x0888, 0x0888, 0x0888, 0x0888, 0x0888, 0x0888, 0x0888, 0x0888,
    0x0888, 0x0888, 0x0888, 0x0888, 0x0888, 0x0888, 0x0888, 0x0888,
    0x0888, 0x0888, 0x0888, 0x0888, 0x0888, 0x0888, 0x0888, 0x0888,
    0x0888, 0x0888, 0x0888, 0x0888, 0x0888, 0x0888, 0x0888, 0x0888,
    0x0888, 0x0888, 0x0888, 0x0888, 0x0888, 0x0888, 0x0888, 0x0888,
    0x0888, 0x0888, 0x0888, 0x0888, 0x0888, 0x0888, 0x0888, 0x0888,
    0x0888, 0x0888, 0x0888, 0x0888, 0x0888, 0x0888, 0x0888, 0x0888,
    0x0888, 0x0888, 0x0888, 0x0888, 0x0888, 0x0888, 0x0888, 0x0888,
    0x0888, 0x0888, 0x0888, 0x0888, 0x0888, 0x0888, 0x0888, 0x0888,
    0x0888, 0x0888, 0x0888, 0x0888, 0x0888, 0x0888, 0x0888, 0x0888,
    0x0888, 0x0888, 0x0888, 0x0888, 0x0888, 0x0888, 0x0888, 0x0888,
    0x0888, 0x0888, 0x0888, 0x0888, 0x0888, 0x0888, 0x0888, 0x0888,
    0x0888, 0x0888, 0x0888, 0x0888, 0x0888, 0x0888, 0x0888, 0x0888,
    0x0888, 0x0888, 0x0888, 0x0888, 0x0888, 0x0888, 0x0888, 0x0888,
    0x0888, 0x0888, 0x0888, 0x0888, 0x0888, 0x0888, 0x0888, 0x0888,
    0x0888, 0x0888, 0x0888, 0x0888, 0x0888, 0x0888, 0x0888, 0x0888,
    0x0888, 0x0888, 0x0888, 0x0888, 0x0888, 0x0888, 0x0888, 0x0888,
    0x0888, 0x0888, 0x0888, 0x0888, 0x0888, 0x0888, 0x0888, 0x0888,
    0x0888, 0x0888, 0x0888, 0x0888, 0x0888, 0x0888, 0x0888, 0x0888,
    0x0888, 0x0888, 0x0888, 0x0888, 0x0888, 0x0888, 0x0888, 0x0888,
    0x0888, 0x0888, 0x0888, 0x0888, 0x0888, 0x0888, 0x0888, 0x0888,
    0x0888, 0x0888, 0x0888, 0x0888, 0x0888, 0x0888, 0x0888, 0x0888,
    0x0888, 0x0888, 0x0888, 0x0888, 0x0888, 0x0888, 0x0888, 0x0888,
    0x0888, 0x0888, 0x0888, 0x0888, 0x0888, 0x0888, 0x0888, 0x0888,
    0x0888, 0x0888, 0x0888, 0x0888, 0x0888, 0x0888, 0x0888, 0x0888,
    0x0888, 0x0888, 0x0888, 0x0888, 0x0888, 0x0888, 0x0888, 0x0888,
    0x0888, 0x0888, 0x0888, 0x0888, 0x0888, 0x0888, 0x0888, 0x0888,
    0x0888, 0x0888, 0x0888, 0x0888, 0x0888, 0x0888, 0x0888, 0x0888,
    0x0888, 0x0888, 0x0888, 0x0888, 0x0888, 0x0888, 0x0888, 0x0888,
    0x0888, 0x0888, 0x0888, 0x0888, 0x0888, 0x0888, 0x0888, 0x0888,
    0x0888, 0x0888, 0x0888, 0x0888, 0x0888, 0x0888, 0x0888, 0x0888,
    0x0888, 0x0888, 0x0888, 0x0888, 0x0888, 0x0888, 0x0888, 0x0888,
    0x0888, 0x0888, 0x0888, 0x0888, 0x0888, 0x0888, 0x0888, 0x0888,
    0x0888, 0x0888, 0x0888, 0x0888, 0x0888, 0x0888, 0x0888, 0x0888,
    0x0888, 0x0888, 0x0888, 0x0888, 0x0888, 0x0888, 0x0888, 0x0888,
    0x0888, 0x0888, 0x0888, 0x0888, 0x0888, 0x0888, 0x0888, 0x0888,
    0x0888, 0x0888, 0x0888, 0x0888, 0x0888, 0x0888, 0x0888, 0x0888,
    0x0888, 0x0888, 0x0888, 0x0888, 0x0888, 0x0888, 0x0888, 0x0888,
    0x0888, 0x0888, 0x0888, 0x0888, 0x0888, 0x0888, 0x0888, 0x0888,
    0x0888, 0x0888, 0x0888, 0x0888, 0x0888, 0x0888, 0x0888, 0x0888,
    0x0888, 0x0888, 0x0888, 0x0888, 0x0888, 0x0888, 0x0888, 0x0888,
    0x0888, 0x0888, 0x0888, 0x0888, 0x0888, 0x0888, 0x0888, 0x0888,
    0x0888, 0x0888, 0x0888, 0x0888, 0x0888, 0x0888, 0x0888, 0x0888,
    0x0888, 0x0888, 0x0888, 0x0888, 0x0888, 0x0888, 0x0888, 0x0888,
    0x0888, 0x0888, 0x0888, 0x0888, 0x0888, 0x0888, 0x0888, 0x0888,
    0x0888, 0x0888, 0x0888, 0x0888, 0x0888, 0x0888, 0x0888, 0x0888,
    0x0888, 0x0888, 0x0888, 0x0888, 0x0888, 0x0888, 0x0888, 0x0888,
    0x0888, 0x0888, 0x0888, 0x0888, 0x0888, 0x0888, 0x0888, 0x0888,
    0x0888, 0x0888, 0x0888, 0x0888, 0x0888, 0x0888, 0x0888, 0x0888,
    0x0888, 0x0888, 0x0888, 0x0888, 0x0888, 0x0888, 0x0888, 0x0888,
    0x0888, 0x0888, 0x0888, 0x0888, 0x0888, 0x0888, 0x0888, 0x0888,
    0x0888, 0x0888, 0x0888, 0x0888, 0x0888, 0x0888, 0x0888, 0x0888,
    0x0888, 0x0888, 0x0888, 0x0888, 0x0888, 0x0888, 0x0888, 0x0888,
    0x0888, 0x0888, 0x0888, 0x0888, 0x0888, 0x0888, 0x0888, 0x0888,
    0x0888, 0x0888, 0x0888, 0x0888, 0x0888, 0x0888, 0x0888, 0x0888,
    0x0888, 0x0888, 0x0888, 0x0888, 0x0888, 0x0888, 0x0888, 0x0888,
    0x0888, 0x0888, 0x0888, 0x0888, 0x0888, 0x0888, 0x0888, 0x0888,
    0x0888, 0x0888, 0x0888, 0x0888, 0x0888, 0x0888, 0x0888, 0x0888,
    0x0888, 0x0888, 0x0888, 0x0888, 0x0888, 0x0888, 0x0888, 0x0888,
    0x0888, 0x0888, 0x0888, 0x0888, 0x0888, 0x0888, 0x0888, 0x0888,
    0x0888, 0x0888, 0x0888, 0x0888, 0x0888, 0x0888, 0x0888, 0x0888,
    0x0888, 0x0888, 0x0888, 0x0888, 0x0888, 0x0888, 0x0888, 0x0888,
    0x0888, 0x0888, 0x0888, 0x0888, 0x0888, 0x0888, 0x0888, 0x0888,
    0x0888, 0x0888, 0x0888, 0x0888, 0x0888, 0x0888, 0x0888, 0x0888,
    0x0888, 0x0888, 0x0888, 0x0888, 0x0888, 0x0888, 0x0888, 0x0888,
    0x0888, 0x0888, 0x0888, 0x0888, 0x0888, 0x0888, 0x0888, 0x0888,
    0x0888, 0x0888, 0x0888, 0x0888, 0x0888, 0x0888, 0x0888, 0x0888,
    0x0888, 0x0888, 0x0888, 0x0888, 0x0888, 0x0888, 0x0888, 0x0888,
    0x0888, 0x0888, 0x0888, 0x0888, 0x0888, 0x0888, 0x0888, 0x0888,
    0x0888, 0x0888, 0x0888, 0x0888, 0x0888, 0x0888, 0x0888, 0x0888,
    0x0888, 0x0888, 0x0888, 0x0888, 0x0888, 0x0888, 0x0888, 0x0888,
    0x0888, 0x0888, 0x0888, 0x0888, 0x0888, 0x0888, 0x0888, 0x0888,
    0x0888, 0x0888, 0x0888, 0x0888, 0x0888, 0x0888, 0x0888, 0x0888,
    0x0888, 0x0888, 0x0888, 0x0888, 0x0888, 0x0888, 0x0888, 0x0888,
    0x0888, 0x0888, 0x0888, 0x0888, 0x0888, 0x0888, 0x0888, 0x0888,
    0x0888, 0x0888, 0x0888, 0x0888, 0x0888, 0x0888, 0x0888, 0x0888,
    0x0888, 0x0888, 0x0888, 0x0888, 0x0888, 0x0888, 0x0888, 0x0888,
    0x0888, 0x0888, 0x0888, 0x0888, 0x0888, 0x0888, 0x0888, 0x0888,
    0x0888, 0x0888, 0x0888, 0x0888, 0x0888, 0x0888, 0x0888, 0x0888,
    0x0888, 0x0888, 0x0888, 0x0888, 0x0888, 0x0888, 0x0888, 0x0888,
    0x0888, 0x0888, 0x0888, 0x0888, 0x0888, 0x0888, 0x0888, 0x0888,
    0x0888, 0x0888, 0x0888, 0x0888, 0x0888, 0x0888, 0x0888, 0x0888,
    0x0888, 0x0888, 0x0888, 0x0888, 0x0888, 0x0888, 0x0888, 0x0888,
    0x0888, 0x0888, 0x0888, 0x0888, 0x0888, 0x0888, 0x0888, 0x0888,
    0x0888, 0x0888, 0x0888, 0x0888, 0x0888, 0x0888, 0x0888, 0x0888,
    0x0888, 0x0888, 0x0888, 0x0888, 0x0888, 0x0888, 0x0888, 0x0888,
    0x0888, 0x0888, 0x0888, 0x0888, 0x0888, 0x0888, 0x0888, 0x0888,
    0x0888, 0x0888, 0x0888, 0x0888, 0x0888, 0x0888, 0x0888, 0x0888,
    0x0888, 0x0888, 0x0888, 0x0888, 0x0888, 0x0888, 0x0888, 0x0888,
    0x0888, 0x0888, 0x0888, 0x0888, 0x0888, 0x0888, 0x0888, 0x0888,
    0x0888, 0x0888, 0x0888, 0x0888, 0x0888, 0x0888, 0x0888, 0x0888,
    0x0888, 0x0888, 0x0888, 0x0888, 0x0888, 0x0888, 0x0888, 0x0888,
    0x0888, 0x0888, 0x0888, 0x0888, 0x0888, 0x0888, 0x0888, 0x0888,
    0x0888, 0x0888, 0x0888, 0x0888, 0x0888, 0x0888, 0x0888, 0x0888,
    0x0888, 0x0888, 0x0888, 0x0888, 0x0888, 0x0888, 0x0888, 0x0888,
    0x0888, 0x0888, 0x0888, 0x0888, 0x0888, 0x0888, 0x0888, 0x0888,
    0x0888, 0x0888, 0x0888, 0x0888, 0x0888, 0x0888, 0x0888, 0x0888,
    0x0888, 0x0888, 0x0888, 0x0888, 0x0888, 0x0888, 0x0888, 0x0888,
    0x0888, 0x0888, 0x0888, 0x0888, 0x0888, 0x0888, 0x0888, 0x0888,
    0x0888, 0x0888, 0x0888, 0x0888, 0x0888, 0x0888, 0x0888, 0x0888,
    0x0888, 0x0888, 0x0888, 0x0888, 0x0888, 0x0888, 0x0888, 0x0888,
    0x0888, 0x0888, 0x0888, 0x0888, 0x0888, 0x0888, 0x0888, 0x0888,
    0x0888, 0x0888, 0x0888, 0x0888, 0x0888, 0x0888, 0x0888, 0x0888,
    0x0888, 0x0888, 0x0888, 0x0888, 0x0888, 0x0888, 0x0888, 0x0888,
    0x0888, 0x0888, 0x0888, 0x0888, 0x0888, 0x0888, 0x0888, 0x0888,
    0x0888, 0x0888, 0x0888, 0x0888, 0x0888, 0x0888, 0x0888, 0x0888,
    0x0888, 0x0888, 0x0888, 0x0888, 0x0888, 0x0888, 0x0888, 0x0888,
    0x0888, 0x0888, 0x0888, 0x0888, 0x0888, 0x0888, 0x0888, 0x0888,
    0x0888, 0x0888, 0x0888, 0x0888, 0x0888, 0x0888, 0x0888, 0x0888,
    0x0888, 0x0888, 0x0888, 0x0888, 0x0888, 0x0888, 0x0888, 0x0888,
    0x0888, 0x0888, 0x0888, 0x0888, 0x0888, 0x0888, 0x0888, 0x0888,
    0x0888, 0x0888, 0x0888, 0x0888, 0x0888, 0x0888, 0x0888, 0x0888,
    0x0888, 0x0888, 0x0888, 0x0888, 0x0888, 0x0888, 0x0888, 0x0888,
    0x0888, 0x0888, 0x0888, 0x0888, 0x0888, 0x0888, 0x0888, 0x0888,
    0x0888, 0x0888, 0x0888, 0x0888, 0x0888, 0x0888, 0x0888, 0x0888,
    0x0888, 0x0888, 0x0888, 0x0888, 0x0888, 0x0888, 0x0888, 0x0888,
    0x0888, 0x0888, 0x0888, 0x0888, 0x0888, 0x0888, 0x0888, 0x0888,
    0x0888, 0x0888, 0x0888, 0x0888, 0x0888, 0x0888, 0x0888, 0x0888,
    0x0888, 0x0888, 0x0888, 0x0888, 0x0888, 0x0888, 0x0888, 0x0888,
    0x0888, 0x0888, 0x0888, 0x0888, 0x0888, 0x0888, 0x0888, 0x0888,
    0x0888, 0x0888, 0x0888, 0x0888, 0x0888, 0x0888, 0x0888, 0x0888,
    0x0888, 0x0888, 0x0888, 0x0888, 0x0888, 0x0888, 0x0888, 0x0888,
    0x0888, 0x0888, 0x0888, 0x0888, 0x0888, 0x0888, 0x0888, 0x0888,
    0x0888, 0x0888, 0x0888, 0x0888, 0x0888, 0x0888, 0x0888, 0x0888,
    0x0888, 0x0888, 0x0888, 0x0888, 0x0888, 0x0888, 0x0888, 0x0888,
    0x0888, 0x0888, 0x0888, 0x0888, 0x0888, 0x0888, 0x0888, 0x0888,
    0x0888, 0x0888, 0x0888, 0x0888, 0x0888, 0x0888, 0x0888, 0x0888,
    0x0888, 0x0888, 0x0888, 0x0888, 0x0888, 0x0888, 0x0888, 0x0888,
    0x0888, 0x0888, 0x0888, 0x0888, 0x0888, 0x0888, 0x0888, 0x0888,
    0x0888, 0x0888, 0x0888, 0x0888, 0x0888, 0x0888, 0x0888, 0x0888,
    0x0888, 0x0888, 0x0888, 0x0888, 0x0888, 0x0888, 0x0888, 0x0888,
    0x0888, 0x0888, 0x0888, 0x0888, 0x0888, 0x0888, 0x0888, 0x0888,
    0x0888, 0x0888, 0x0888, 0x0888, 0x0888, 0x0888, 0x0888, 0x0888,
    0x0888, 0x0888, 0x0888, 0x0888, 0x0888, 0x0888, 0x0888, 0x0888,
    0x0888, 0x0888, 0x0888, 0x0888, 0x0888, 0x0888, 0x0888, 0x0888,
    0x0888, 0x0888, 0x0888, 0x0888, 0x0888, 0x0888, 0x0888, 0x0888,
    0x0888, 0x0888, 0x0888, 0x0888, 0x0888, 0x0888, 0x0888, 0x0888,
    0x0888, 0x0888, 0x0888, 0x0888, 0x0888, 0x0888, 0x0888, 0x0888,
    0x0888, 0x0888, 0x0888, 0x0888, 0x0888, 0x0888, 0x0888, 0x0888,
    0x0888, 0x0888, 0x0888, 0x0888, 0x0888, 0x0888, 0x0888, 0x0888,
    0x0888, 0x0888, 0x0888, 0x0888, 0x0888, 0x0888, 0x0888, 0x0888,
    0x0888, 0x0888, 0x0888, 0x0888, 0x0888, 0x0888, 0x0888, 0x0888,
    0x0888, 0x0888, 0x0888, 0x0888, 0x0888, 0x0888, 0x0888, 0x0888,
    0x0888, 0x0888, 0x0888, 0x0888, 0x0888, 0x0888, 0x0888, 0x0888,
    0x0888, 0x0888, 0x0888, 0x0888, 0x0888, 0x0888, 0x0888, 0x0888,
    0x0888, 0x0888, 0x0888, 0x0888, 0x0888, 0x0888, 0x0888, 0x0888,
    0x0888, 0x0888, 0x0888, 0x0888, 0x0888, 0x0888, 0x0888, 0x0888,
    0x0888, 0x0888, 0x0888, 0x0888, 0x0888, 0x0888, 0x0888, 0x0888,
    0x0888, 0x0888, 0x0888, 0x0888, 0x0888, 0x0888, 0x0888, 0x0888,
    0x0888, 0x0888, 0x0888, 0x0888, 0x0888, 0x0888, 0x0888, 0x0888,
    0x0888, 0x0888, 0x0888, 0x0888, 0x0888, 0x0888, 0x0888, 0x0888,
    0x0888, 0x0888, 0x0888, 0x0888, 0x0888, 0x0888, 0x0888, 0x0888,
    0x0888, 0x0888, 0x0888, 0x0888, 0x0888, 0x0888, 0x0888, 0x0888,
    0x0888, 0x0888, 0x0888, 0x0888, 0x0888, 0x0888, 0x0888, 0x0888,
    0x0888, 0x0888, 0x0888, 0x0888, 0x0888, 0x0888, 0x0888, 0x0888,
    0x0888, 0x0888, 0x0888, 0x0888, 0x0888, 0x0888, 0x0888, 0x0888,
    0x0888, 0x0888, 0x0888, 0x0888, 0x0888, 0x0888, 0x0888, 0x0888,
    0x0888, 0x0888, 0x0888, 0x0888, 0x0888, 0x0888, 0x0888, 0x0888,
    0x0888, 0x0888, 0x0888, 0x0888, 0x0888, 0x0888, 0x0888, 0x0888,
    0x0888, 0x0888, 0x0888, 0x0888, 0x0888, 0x0888, 0x0888, 0x0888,
    0x0888, 0x0888, 0x0888, 0x0888, 0x0888, 0x0888, 0x0888, 0x0888,
    0x0888, 0x0888, 0x0888, 0x0888, 0x0888, 0x0888, 0x0888, 0x0888,
    0x0888, 0x0888, 0x0888, 0x0888, 0x0888, 0x0888, 0x0888, 0x0888,
    0x0888, 0x0888, 0x0888, 0x0888, 0x0888, 0x0888, 0x0888, 0x0888,
    0x0888, 0x0888, 0x0888, 0x0888, 0x0888, 0x0888, 0x0888, 0x0888,
    0x0888, 0x0888, 0x0888, 0x0888, 0x0888, 0x0888, 0x0888, 0x0888,
    0x0888, 0x0888, 0x0888, 0x0888, 0x0888, 0x0888, 0x0888, 0x0888,
    0x0888, 0x0888, 0x0888, 0x0888, 0x0888, 0x0888, 0x0888, 0x0888,
    0x0888, 0x0888, 0x0888, 0x0888, 0x0888, 0x0888, 0x0888, 0x0888,
    0x0888, 0x0888, 0x0888, 0x0888, 0x0888, 0x0888, 0x0888, 0x0888,
    0x0888, 0x0888, 0x0888, 0x0888, 0x0888, 0x0888, 0x0888, 0x0888,
    0x0888, 0x0888, 0x0888, 0x0888, 0x0888, 0x0888, 0x0888, 0x0888,
    0x0888, 0x0888, 0x0888, 0x0888, 0x0888, 0x0888, 0x0888, 0x0888,
    0x0888, 0x0888, 0x0888, 0x0888, 0x0888, 0x0888, 0x0888, 0x0888,
    0x0888, 0x0888, 0x0888, 0x0888, 0x0888, 0x0888, 0x0888, 0x0888,
    0x0888, 0x0888, 0x0888, 0x0888, 0x0888, 0x0888, 0x0888, 0x0888,
    0x0888, 0x0888, 0x0888, 0x0888, 0x0888, 0x0888, 0x0888, 0x0888,
    0x0888, 0x0888, 0x0888, 0x0888, 0x0888, 0x0888, 0x0888, 0x0888,
    0x0888, 0x0888, 0x0888, 0x0888, 0x0888, 0x0888, 0x0888, 0x0888,
    0x0888, 0x0888, 0x0888, 0x0888, 0x0888, 0x0888, 0x0888, 0x0888,
    0x0888, 0x0888, 0x0888, 0x0888, 0x0888, 0x0888, 0x0888, 0x0888,
    0x0888, 0x0888, 0x0888, 0x0888, 0x0888, 0x0888, 0x0888, 0x0888,
    0x0888, 0x0888, 0x0888, 0x0888, 0x0888, 0x0888, 0x0888, 0x0888,
    0x0888, 0x0888, 0x0888, 0x0888, 0x0888, 0x0888, 0x0888, 0x0888,
    0x0888, 0x0888, 0x0888, 0x0888, 0x0888, 0x0888, 0x0888, 0x0888,
    0x0888, 0x0888, 0x0888, 0x0888, 0x0888, 0x0888, 0x0888, 0x0888,
    0x0888, 0x0888, 0x0888, 0x0888, 0x0888, 0x0888, 0x0888, 0x0888,
    0x0888, 0x0888, 0x0888, 0x0888, 0x0888, 0x0888, 0x0888, 0x0888,
    0x0888, 0x0888, 0x0888, 0x0888, 0x0888, 0x0888, 0x0888, 0x0888,
    0x0888, 0x0888, 0x0888, 0x0888, 0x0888, 0x0888, 0x0888, 0x0888,
    0x0888, 0x0888, 0x0888, 0x0888, 0x0888, 0x0888, 0x0888, 0x0888,
    0x0888, 0x0888, 0x0888, 0x0888, 0x0888, 0x0888, 0x0888, 0x0888,
    0x0888, 0x0888, 0x0888, 0x0888, 0x0888, 0x0888, 0x0888, 0x0888,
    0x0888, 0x0888, 0x0888, 0x0888, 0x0888, 0x0888, 0x0888, 0x0888,
    0x0888, 0x0888, 0x0888, 0x0888, 0x0888, 0x0888, 0x0888, 0x0888,
    0x0888, 0x0888, 0x0888, 0x0888, 0x0888, 0x0888, 0x0888, 0x0888,
    0x0888, 0x0888, 0x0888, 0x0888, 0x0888, 0x0888, 0x0888, 0x0888,
    0x0888, 0x0888, 0x0888, 0x0888, 0x0888, 0x0888, 0x0888, 0x0888,
    0x0888, 0x0888, 0x0888, 0x0888, 0x0888, 0x0888, 0x0888, 0x0888,
    0x0888, 0x0888, 0x0888, 0x0888, 0x0888, 0x0888, 0x0888, 0x0888,
    0x0888, 0x0888, 0x0888, 0x0888, 0x0888, 0x0888, 0x0888, 0x0888,
    0x0888, 0x0888, 0x0888, 0x0888, 0x0888, 0x0888, 0x0888, 0x0888,
    0x0888, 0x0888, 0x0888, 0x0888, 0x0888, 0x0888, 0x0888, 0x0888,
    0x0888, 0x0888, 0x0888, 0x0888, 0x0888, 0x0888, 0x0888, 0x0888,
    0x0888, 0x0888, 0x0888, 0x0888, 0x0888, 0x0888, 0x0888, 0x0888,
    0x0888, 0x0888, 0x0888, 0x0888, 0x0888, 0x0888, 0x0888, 0x0888,
    0x0888, 0x0888, 0x0888, 0x0888, 0x0888, 0x0888, 0x0888, 0x0888,
    0x0888, 0x0888, 0x0888, 0x0888, 0x0888, 0x0888, 0x0888, 0x0888,
    0x0888, 0x0888, 0x0888, 0x0888, 0x0888, 0x0888, 0x0888, 0x0888,
    0x0888, 0x0888, 0x0888, 0x0888, 0x0888, 0x0888, 0x0888, 0x0888,
    0x0888, 0x0888, 0x0888, 0x0888, 0x0888, 0x0888, 0x0888, 0x0888,
    0x0888, 0x0888, 0x0888, 0x0888, 0x0888, 0x0888, 0x0888, 0x0888,
    0x0888, 0x0888, 0x0888, 0x0888, 0x0888, 0x0888, 0x0888, 0x0888,
    0x0888, 0x0888, 0x0888, 0x0888, 0x0888, 0x0888, 0x0888, 0x0888,
    0x0888, 0x0888, 0x0888, 0x0888, 0x0888, 0x0888, 0x0888, 0x0888,
    0x0888, 0x0888, 0x0888, 0x0888, 0x0888, 0x0888, 0x0888, 0x0888,
    0x0888, 0x0888, 0x0888, 0x0888, 0x0888, 0x0888, 0x0888, 0x0888,
    0x0888, 0x0888, 0x0888, 0x0888, 0x0888, 0x0888, 0x0888, 0x0888,
    0x0888, 0x0888, 0x0888, 0x0888, 0x0888, 0x0888, 0x0888, 0x0888,
    0x0888, 0x0888, 0x0888, 0x0888, 0x0888, 0x0888, 0x0888, 0x0888,
    0x0888, 0x0888, 0x0888, 0x0888, 0x0888, 0x0888, 0x0888, 0x0888,
    0x0888, 0x0888, 0x0888, 0x0888, 0x0888, 0x0888, 0x0888, 0x0888,
    0x0888, 0x0888, 0x0888, 0x0888, 0x0888, 0x0888, 0x0888, 0x0888,
    0x0888, 0x0888, 0x0888, 0x0888, 0x0888, 0x0888, 0x0888, 0x0888,
    0x0888, 0x0888, 0x0888, 0x0888, 0x0888, 0x0888, 0x0888, 0x0888,
    0x0888, 0x0888, 0x0888, 0x0888, 0x0888, 0x0888, 0x0888, 0x0888,
    0x0888, 0x0888, 0x0888, 0x0888, 0x0888, 0x0888, 0x0888, 0x0888,
    0x0888, 0x0888, 0x0888, 0x0888, 0x0888, 0x0888, 0x0888, 0x0888,
    0x0888, 0x0888, 0x0888, 0x0888, 0x0888, 0x0888, 0x0888, 0x0888,
    0x0888, 0x0888, 0x0888, 0x0888, 0x0888, 0x0888, 0x0888, 0x0888,
    0x0888, 0x0888, 0x0888, 0x0888, 0x0888, 0x0888, 0x0888, 0x0888,
    0x0888, 0x0888, 0x0888, 0x0888, 0x0888, 0x0888, 0x0888, 0x0888,
    0x0888, 0x0888, 0x0888, 0x0888, 0x0888, 0x0888, 0x0888, 0x0888,
    0x0888, 0x0888, 0x0888, 0x0888, 0x0888, 0x0888, 0x0888, 0x0888,
    0x0888, 0x0888, 0x0888, 0x0888, 0x0888, 0x0888, 0x0888, 0x0888,
    0x0888, 0x0888, 0x0888, 0x0888, 0x0888, 0x0888, 0x0888, 0x0888,
    0x0888, 0x0888, 0x0888, 0x0888, 0x0888, 0x0888, 0x0888, 0x0888,
    0x0888, 0x0888, 0x0888, 0x0888, 0x0888, 0x0888, 0x0888, 0x0888,
    0x0888, 0x0888, 0x0888, 0x0888, 0x0888, 0x0888, 0x0888, 0x0888,
    0x0888, 0x0888, 0x0888, 0x0888, 0x0888, 0x0888, 0x0888, 0x0888,
    0x0888, 0x0888, 0x0888, 0x0888, 0x0888, 0x0888, 0x0888, 0x0888,
    0x0888, 0x0888, 0x0888, 0x0888, 0x0888, 0x0888, 0x0888, 0x0888,
    0x0888, 0x0888, 0x0888, 0x0888, 0x0888, 0x0888, 0x0888, 0x0888,
    0x0888, 0x0888, 0x0888, 0x0888, 0x0888, 0x0888, 0x0888, 0x0888,
    0x0888, 0x0888, 0x0888, 0x0888, 0x0888, 0x0888, 0x0888, 0x0888,
    0x0888, 0x0888, 0x0888, 0x0888, 0x0888, 0x0888, 0x0888, 0x0888,
    0x0888, 0x0888, 0x0888, 0x0888, 0x0888, 0x0888, 0x0888, 0x0888,
    0x0888, 0x0888, 0x0888, 0x0888, 0x0888, 0x0888, 0x0888, 0x0888,
    0x0888, 0x0888, 0x0888, 0x0888, 0x0888, 0x0888, 0x0888, 0x0888,
    0x0888, 0x0888, 0x0888, 0x0888, 0x0888, 0x0888, 0x0888, 0x0888,
    0x0888, 0x0888, 0x0888, 0x0888, 0x0888, 0x0888, 0x0888, 0x0888,
    0x0888, 0x0888, 0x0888, 0x0888, 0x0888, 0x0888, 0x0888, 0x0888,
    0x0888, 0x0888, 0x0888, 0x0888, 0x0888, 0x0888, 0x0888, 0x0888,
    0x0888, 0x0888, 0x0888, 0x0888, 0x0888, 0x0888, 0x0888, 0x0888,
    0x0888, 0x0888, 0x0888, 0x0888, 0x0888, 0x0888, 0x0888, 0x0888,
    0x0888, 0x0888, 0x0888, 0x0888, 0x0888, 0x0888, 0x0888, 0x0888,
    0x0888, 0x0888, 0x0888, 0x0888, 0x0888, 0x0888, 0x0888, 0x0888,
    0x0888, 0x0888, 0x0888, 0x0888, 0x0888, 0x0888, 0x0888, 0x0888,
    0x0888, 0x0888, 0x0888, 0x0888, 0x0888, 0x0888, 0x0888, 0x0888,
    0x0888, 0x0888, 0x0888, 0x0888, 0x0888, 0x0888, 0x0888, 0x0888,
    0x0888, 0x0888, 0x0888, 0x0888, 0x0888, 0x0888, 0x0888, 0x0888,
    0x0888, 0x0888, 0x0888, 0x0888, 0x0888, 0x0888, 0x0888, 0x0888,
    0x0888, 0x0888, 0x0888, 0x0888, 0x0888, 0x0888, 0x0888, 0x0888,
    0x0888, 0x0888, 0x0888, 0x0888, 0x0888, 0x0888, 0x0888, 0x0888,
    0x0888, 0x0888, 0x0888, 0x0888, 0x0888, 0x0888, 0x0888, 0x0888,
    0x0888, 0x0888, 0x0888, 0x0888, 0x0888, 0x0888, 0x0888, 0x0888,
    0x0888, 0x0888, 0x0888, 0x0888, 0x0888, 0x0888, 0x0888, 0x0888,
    0x0888, 0x0888, 0x0888, 0x0888, 0x0888, 0x0888, 0x0888, 0x0888,
    0x0888, 0x0888, 0x0888, 0x0888, 0x0888, 0x0888, 0x0888, 0x0888,
    0x0888, 0x0888, 0x0888, 0x0888, 0x0888, 0x0888, 0x0888, 0x0888,
    0x0888, 0x0888, 0x0888, 0x0888, 0x0888, 0x0888, 0x0888, 0x0888,
    0x0888, 0x0888, 0x0888, 0x0888, 0x0888, 0x0888, 0x0888, 0x0888,
    0x0888, 0x0888, 0x0888, 0x0888, 0x0888, 0x0888, 0x0888, 0x0888,
    0x0888, 0x0888, 0x0888, 0x0888, 0x0888, 0x0888, 0x0888, 0x0888,
    0x0888, 0x0888, 0x0888, 0x0888, 0x0888, 0x0888, 0x0888, 0x0888,
    0x0888, 0x0888, 0x0888, 0x0888, 0x0888, 0x0888, 0x0888, 0x0888,
    0x0888, 0x0888, 0x0888, 0x0888, 0x0888, 0x0888, 0x0888, 0x0888,
    0x0888, 0x0888, 0x0888, 0x0888, 0x0888, 0x0888, 0x0888, 0x0888,
    0x0888, 0x0888, 0x0888, 0x0888, 0x0888, 0x0888, 0x0888, 0x0888,
    0x0888, 0x0888, 0x0888, 0x0888, 0x0888, 0x0888, 0x0888, 0x0888,
    0x0888, 0x0888, 0x0888, 0x0888, 0x0888, 0x0888, 0x0888, 0x0888,
    0x0888, 0x0888, 0x0888, 0x0888, 0x0888, 0x0888, 0x0888, 0x0888,
    0x0888, 0x0888, 0x0888, 0x0888, 0x0888, 0x0888, 0x0888, 0x0888,
    0x0888, 0x0888, 0x0888, 0x0888, 0x0888, 0x0888, 0x0888, 0x0888,
    0x0888, 0x0888, 0x0888, 0x0888, 0x0888, 0x0888, 0x0888, 0x0888,
    0x0888, 0x0888, 0x0888, 0x0888, 0x0888, 0x0888, 0x0888, 0x0888,
    0x0888, 0x0888, 0x0888, 0x0888, 0x0888, 0x0888, 0x0888, 0x0888,
    0x0888, 0x0888, 0x0888, 0x0888, 0x0888, 0x0888, 0x0888, 0x0888,
    0x0888, 0x0888, 0x0888, 0x0888, 0x0888, 0x0888, 0x0888, 0x0888,
    0x0888, 0x0888, 0x0888, 0x0888, 0x0888, 0x0888, 0x0888, 0x0888,
    0x0888, 0x0888, 0x0888, 0x0888, 0x0888, 0x0888, 0x0888, 0x0888,
    0x0888, 0x0888, 0x0888, 0x0888, 0x0888, 0x0888, 0x0888, 0x0888,
    0x0888, 0x0888, 0x0888, 0x0888, 0x0888, 0x0888, 0x0888, 0x0888,
    0x0888, 0x0888, 0x0888, 0x0888, 0x0888, 0x0888, 0x0888, 0x0888,
    0x0888, 0x0888, 0x0888, 0x0888, 0x0888, 0x0888, 0x0888, 0x0888,
    0x0888, 0x0888, 0x0888, 0x0888, 0x0888, 0x0888, 0x0888, 0x0888,
    0x0888, 0x0888, 0x0888, 0x0888, 0x0888, 0x0888, 0x0888, 0x0888,
    0x0888, 0x0888, 0x0888, 0x0888, 0x0888, 0x0888, 0x0888, 0x0888,
    0x0888, 0x0888, 0x0888, 0x0888, 0x0888, 0x0888, 0x0888, 0x0888,
    0x0888, 0x0888, 0x0888, 0x0888, 0x0888, 0x0888, 0x0888, 0x0888,
    0x0888, 0x0888, 0x0888, 0x0888, 0x0888, 0x0888, 0x0888, 0x0888,
    0x0888, 0x0888, 0x0888, 0x0888, 0x0888, 0x0888, 0x0888, 0x0888,
    0x0888, 0x0888, 0x0888, 0x0888, 0x0888, 0x0888, 0x0888, 0x0888,
    0x0888, 0x0888, 0x0888, 0x0888, 0x0888, 0x0888, 0x0888, 0x0888,
    0x0888, 0x0888, 0x0888, 0x0888, 0x0888, 0x0888, 0x0888, 0x0888,
    0x0888, 0x0888, 0x0888, 0x0888, 0x0888, 0x0888, 0x0888, 0x0888,
    0x0888, 0x0888, 0x0888, 0x0888, 0x0888, 0x0888, 0x0888, 0x0888,
    0x0888, 0x0888, 0x0888, 0x0888, 0x0888, 0x0888, 0x0888, 0x0888,
    0x0888, 0x0888, 0x0888, 0x0888, 0x0888, 0x0888, 0x0888, 0x0888,
    0x0888, 0x0888, 0x0888, 0x0888, 0x0888, 0x0888, 0x0888, 0x0888,
    0x0888, 0x0888, 0x0888, 0x0888, 0x0888, 0x0888, 0x0888, 0x0888,
    0x0888, 0x0888, 0x0888, 0x0888, 0x0888, 0x0888, 0x0888, 0x0888,
    0x0888, 0x0888, 0x0888, 0x0888, 0x0888, 0x0888, 0x0888, 0x0888,
    0x0888, 0x0888, 0x0888, 0x0888, 0x0888, 0x0888, 0x0888, 0x0888,
    0x0888, 0x0888, 0x0888, 0x0888, 0x0888, 0x0888, 0x0888, 0x0888,
    0x0888, 0x0888, 0x0888, 0x0888, 0x0888, 0x0888, 0x0888, 0x0888,
    0x0888, 0x0888, 0x0888, 0x0888, 0x0888, 0x0888, 0x0888, 0x0888,
    0x0888, 0x0888, 0x0888, 0x0888, 0x0888, 0x0888, 0x0888, 0x0888,
    0x0888, 0x0888, 0x0888, 0x0888, 0x0888, 0x0888, 0x0888, 0x0888,
    0x0888, 0x0888, 0x0888, 0x0888, 0x0888, 0x0888, 0x0888, 0x0888,
    0x0888, 0x0888, 0x0888, 0x0888, 0x0888, 0x0888, 0x0888, 0x0888,
    0x0888, 0x0888, 0x0888, 0x0888, 0x0888, 0x0888, 0x0888, 0x0888,
    0x0888, 0x0888, 0x0888, 0x0888, 0x0888, 0x0888, 0x0888, 0x0888,
    0x0888, 0x0888, 0x0888, 0x0888, 0x0888, 0x0888, 0x0888, 0x0888,
    0x0888, 0x0888, 0x0888, 0x0888, 0x0888, 0x0888, 0x0888, 0x0888,
    0x0888, 0x0888, 0x0888, 0x0888, 0x0888, 0x0888, 0x0888, 0x0888,
    0x0888, 0x0888, 0x0888, 0x0888, 0x0888, 0x0888, 0x0888, 0x0888,
    0x0888, 0x0888, 0x0888, 0x0888, 0x0888, 0x0888, 0x0888, 0x0888,
    0x0888, 0x0888, 0x0888, 0x0888, 0x0888, 0x0888, 0x0888, 0x0888,
    0x0888, 0x0888, 0x0888, 0x0888, 0x0888, 0x0888, 0x0888, 0x0888,
    0x0888, 0x0888, 0x0888, 0x0888, 0x0888, 0x0888, 0x0888, 0x0888,
    0x0888, 0x0888, 0x0888, 0x0888, 0x0888, 0x0888, 0x0888, 0x0888,
    0x0888, 0x0888, 0x0888, 0x0888, 0x0888, 0x0888, 0x0888, 0x0888,
    0x0888, 0x0888, 0x0888, 0x0888, 0x0888, 0x0888, 0x0888, 0x0888,
    0x0888, 0x0888, 0x0888, 0x0888, 0x0888, 0x0888, 0x0888, 0x0888,
    0x0888, 0x0888, 0x0888, 0x0888, 0x0888, 0x0888, 0x0888, 0x0888,
    0x0888, 0x0888, 0x0888, 0x0888, 0x0888, 0x0888, 0x0888, 0x0888,
    0x0888, 0x0888, 0x0888, 0x0888, 0x0888, 0x0888, 0x0888, 0x0888,
    0x0888, 0x0888, 0x0888, 0x0888, 0x0888, 0x0888, 0x0888, 0x0888,
    0x0888, 0x0888, 0x0888, 0x0888, 0x0888, 0x0888, 0x0888, 0x0888,
    0x0888, 0x0888, 0x0888, 0x0888, 0x0888, 0x0888, 0x0888, 0x0888,
    0x0888, 0x0888, 0x0888, 0x0888, 0x0888, 0x0888, 0x0888, 0x0888,
    0x0888, 0x0888, 0x0888, 0x0888, 0x0888, 0x0888, 0x0888, 0x0888,
    0x0888, 0x0888, 0x0888, 0x0888, 0x0888, 0x0888, 0x0888, 0x0888,
    0x0888, 0x0888, 0x0888, 0x0888, 0x0888, 0x0888, 0x0888, 0x0888,
    0x0888, 0x0888, 0x0888, 0x0888, 0x0888, 0x0888, 0x0888, 0x0888,
    0x0888, 0x0888, 0x0888, 0x0888, 0x0888, 0x0888, 0x0888, 0x0888,
    0x0888, 0x0888, 0x0888, 0x0888, 0x0888, 0x0888, 0x0888, 0x0888,
    0x0888, 0x0888, 0x0888, 0x0888, 0x0888, 0x0888, 0x0888, 0x0888,
    0x0888, 0x0888, 0x0888, 0x0888, 0x0888, 0x0888, 0x0888, 0x0888,
    0x0888, 0x0888, 0x0888, 0x0888, 0x0888, 0x0888, 0x0888, 0x0888,
    0x0888, 0x0888, 0x0888, 0x0888, 0x0888, 0x0888, 0x0888, 0x0888,
    0x0888, 0x0888, 0x0888, 0x0888, 0x0888, 0x0888, 0x0888, 0x0888,
    0x0888, 0x0888, 0x0888, 0x0888, 0x0888, 0x0888, 0x0888, 0x0888,
    0x0888, 0x0888, 0x0888, 0x0888, 0x0888, 0x0888, 0x0888, 0x0888,
    0x0888, 0x0888, 0x0888, 0x0888, 0x0888, 0x0888, 0x0888, 0x0888,
    0x0888, 0x0888, 0x0888, 0x0888, 0x0888, 0x0888, 0x0888, 0x0888,
    0x0888, 0x0888, 0x0888, 0x0888, 0x0888, 0x0888, 0x0888, 0x0888,
    0x0888, 0x0888, 0x0888, 0x0888, 0x0888, 0x0888, 0x0888, 0x0888,
    0x0888, 0x0888, 0x0888, 0x0888, 0x0888, 0x0888, 0x0888, 0x0888,
    0x0888, 0x0888, 0x0888, 0x0888, 0x0888, 0x0888, 0x0888, 0x0888,
    0x0888, 0x0888, 0x0888, 0x0888, 0x0888, 0x0888, 0x0888, 0x0888,
    0x0888, 0x0888, 0x0888, 0x0888, 0x0888, 0x0888, 0x0888, 0x0888,
    0x0888, 0x0888, 0x0888, 0x0888, 0x0888, 0x0888, 0x0888, 0x0888,
    0x0888, 0x0888, 0x0888, 0x0888, 0x0888, 0x0888, 0x0888, 0x0888,
    0x0888, 0x0888, 0x0888, 0x0888, 0x0888, 0x0888, 0x0888, 0x0888,
    0x0888, 0x0888, 0x0888, 0x0888, 0x0888, 0x0888, 0x0888, 0x0888,
    0x0888, 0x0888, 0x0888, 0x0888, 0x0888, 0x0888, 0x0888, 0x0888,
    0x0888, 0x0888, 0x0888, 0x0888, 0x0888, 0x0888, 0x0888, 0x0888,
    0x0888, 0x0888, 0x0888, 0x0888, 0x0888, 0x0888, 0x0888, 0x0888,
    0x0888, 0x0888, 0x0888, 0x0888, 0x0888, 0x0888, 0x0888, 0x0888,
    0x0888, 0x0888, 0x0888, 0x0888, 0x0888, 0x0888, 0x0888, 0x0888,
    0x0888, 0x0888, 0x0888, 0x0888, 0x0888, 0x0888, 0x0888, 0x0888,
    0x0888, 0x0888, 0x0888, 0x0888, 0x0888, 0x0888, 0x0888, 0x0888,
    0x0888, 0x0888, 0x0888, 0x0888, 0x0888, 0x0888, 0x0888, 0x0888,
    0x0888, 0x0888, 0x0888, 0x0888, 0x0888, 0x0888, 0x0888, 0x0888,
    0x0888, 0x0888, 0x0888, 0x0888, 0x0888, 0x0888, 0x0888, 0x0888,
    0x0888, 0x0888, 0x0888, 0x0888, 0x0888, 0x0888, 0x0888, 0x0888,
    0x0888, 0x0888, 0x0888, 0x0888, 0x0888, 0x0888, 0x0888, 0x0888,
    0x0888, 0x0888, 0x0888, 0x0888, 0x0888, 0x0888, 0x0888, 0x0888,
    0x0888, 0x0888, 0x0888, 0x0888, 0x0888, 0x0888, 0x0888, 0x0888,
    0x0888, 0x0888, 0x0888, 0x0888, 0x0888, 0x0888, 0x0888, 0x0888,
    0x0888, 0x0888, 0x0888, 0x0888, 0x0888, 0x0888, 0x0888, 0x0888,
    0x0888, 0x0888, 0x0888, 0x0888, 0x0888, 0x0888, 0x0888, 0x0888,
    0x0888, 0x0888, 0x0888, 0x0888, 0x0888, 0x0888, 0x0888, 0x0888,
    0x0888, 0x0888, 0x0888, 0x0888, 0x0888, 0x0888, 0x0888, 0x0888,
    0x0888, 0x0888, 0x0888, 0x0888, 0x0888, 0x0888, 0x0888, 0x0888,
    0x0888, 0x0888, 0x0888, 0x0888, 0x0888, 0x0888, 0x0888, 0x0888,
    0x0888, 0x0888, 0x0888, 0x0888, 0x0888, 0x0888, 0x0888, 0x0888,
    0x0888, 0x0888, 0x0888, 0x0888, 0x0888, 0x0888, 0x0888, 0x0888,
    0x0888, 0x0888, 0x0888, 0x0888, 0x0888, 0x0888, 0x0888, 0x0888,
    0x0888, 0x0888, 0x0888, 0x0888, 0x0888, 0x0888, 0x0888, 0x0888,
    0x0888, 0x0888, 0x0888, 0x0888, 0x0888, 0x0888, 0x0888, 0x0888,
    0x0888, 0x0888, 0x0888, 0x0888, 0x0888, 0x0888, 0x0888, 0x0888,
    0x0888, 0x0888, 0x0888, 0x0888, 0x0888, 0x0888, 0x0888, 0x0888,
    0x0888, 0x0888, 0x0888, 0x0888, 0x0888, 0x0888, 0x0888, 0x0888,
    0x0888, 0x0888, 0x0888, 0x0888, 0x0888, 0x0888, 0x0888, 0x0888,
    0x0888, 0x0888, 0x0888, 0x0888, 0x0888, 0x0888, 0x0888, 0x0888,
    0x0888, 0x0888, 0x0888, 0x0888, 0x0888, 0x0888, 0x0888, 0x0888,
    0x0888, 0x0888, 0x0888, 0x0888, 0x0888, 0x0888, 0x0888, 0x0888,
    0x0888, 0x0888, 0x0888, 0x0888, 0x0888, 0x0888, 0x0888, 0x0888,
    0x0888, 0x0888, 0x0888, 0x0888, 0x0888, 0x0888, 0x0888, 0x0888,
    0x0888, 0x0888, 0x0888, 0x0888, 0x0888, 0x0888, 0x0888, 0x0888,
    0x0888, 0x0888, 0x0888, 0x0888, 0x0888, 0x0888, 0x0888, 0x0888,
    0x0888, 0x0888, 0x0888, 0x0888, 0x0888, 0x0888, 0x0888, 0x0888,
    0x0888, 0x0888, 0x0888, 0x0888, 0x0888, 0x0888, 0x0888, 0x0888,
    0x0888, 0x0888, 0x0888, 0x0888, 0x0888, 0x0888, 0x0888, 0x0888,
    0x0888, 0x0888, 0x0888, 0x0888, 0x0888, 0x0888, 0x0888, 0x0888,
    0x0888, 0x0888, 0x0888, 0x0888, 0x0888, 0x0888, 0x0888, 0x0888,
    0x0888, 0x0888, 0x0888, 0x0888, 0x0888, 0x0888, 0x0888, 0x0888,
    0x0888, 0x0888, 0x0888, 0x0888, 0x0888, 0x0888, 0x0888, 0x0888,
    0x0888, 0x0888, 0x0888, 0x0888, 0x0888, 0x0888, 0x0888, 0x0888,
    0x0888, 0x0888, 0x0888, 0x0888, 0x0888, 0x0888, 0x0888, 0x0888,
    0x0888, 0x0888, 0x0888, 0x0888, 0x0888, 0x0888, 0x0888, 0x0888,
    0x0888, 0x0888, 0x0888, 0x0888, 0x0888, 0x0888, 0x0888, 0x0888,
    0x0888, 0x0888, 0x0888, 0x0888, 0x0888, 0x0888, 0x0888, 0x0888,
    0x0888, 0x0888, 0x0888, 0x0888, 0x0888, 0x0888, 0x0888, 0x0888,
    0x0888, 0x0888, 0x0888, 0x0888, 0x0888, 0x0888, 0x0888, 0x0888,
    0x0888, 0x0888, 0x0888, 0x0888, 0x0888, 0x0888, 0x0888, 0x0888,
    0x0888, 0x0888, 0x0888, 0x0888, 0x0888, 0x0888, 0x0888, 0x0888,
    0x0888, 0x0888, 0x0888, 0x0888, 0x0888, 0x0888, 0x0888, 0x0888,
    0x0888, 0x0888, 0x0888, 0x0888, 0x0888, 0x0888, 0x0888, 0x0888,
    0x0888, 0x0888, 0x0888, 0x0888, 0x0888, 0x0888, 0x0888, 0x0888,
    0x0888, 0x0888, 0x0888, 0x0888, 0x0888, 0x0888, 0x0888, 0x0888,
    0x0888, 0x0888, 0x0888, 0x0888, 0x0888, 0x0888, 0x0888, 0x0888,
    0x0888, 0x0888, 0x0888, 0x0888, 0x0888, 0x0888, 0x0888, 0x0888,
    0x0888, 0x0888, 0x0888, 0x0888, 0x0888, 0x0888, 0x0888, 0x0888,
    0x0888, 0x0888, 0x0888, 0x0888, 0x0888, 0x0888, 0x0888, 0x0888,
    0x0888, 0x0888, 0x0888, 0x0888, 0x0888, 0x0888, 0x0888, 0x0888,
    0x0888, 0x0888, 0x0888, 0x0888, 0x0888, 0x0888, 0x0888, 0x0888,
    0x0888, 0x0888, 0x0888, 0x0888, 0x0888, 0x0888, 0x0888, 0x0888,
    0x0888, 0x0888, 0x0888, 0x0888, 0x0888, 0x0888, 0x0888, 0x0888,
    0x0888, 0x0888, 0x0888, 0x0888, 0x0888, 0x0888, 0x0888, 0x0888,
    0x0888, 0x0888, 0x0888, 0x0888, 0x0888, 0x0888, 0x0888, 0x0888,
    0x0888, 0x0888, 0x0888, 0x0888, 0x0888, 0x0888, 0x0888, 0x0888,
    0x0888, 0x0888, 0x0888, 0x0888, 0x0888, 0x0888, 0x0888, 0x0888,
    0x0888, 0x0888, 0x0888, 0x0888, 0x0888, 0x0888, 0x0888, 0x0888,
    0x0888, 0x0888, 0x0888, 0x0888, 0x0888, 0x0888, 0x0888, 0x0888,
    0x0888, 0x0888, 0x0888, 0x0888, 0x0888, 0x0888, 0x0888, 0x0888,
    0x0888, 0x0888, 0x0888, 0x0888, 0x0888, 0x0888, 0x0888, 0x0888,
    0x0888, 0x0888, 0x0888, 0x0888, 0x0888, 0x0888, 0x0888, 0x0888,
    0x0888, 0x0888, 0x0888, 0x0888, 0x0888, 0x0888, 0x0888, 0x0888,
    0x0888, 0x0888, 0x0888, 0x0888, 0x0888, 0x0888, 0x0888, 0x0888,
    0x0888, 0x0888, 0x0888, 0x0888, 0x0888, 0x0888, 0x0888, 0x0888,
    0x0888, 0x0888, 0x0888, 0x0888, 0x0888, 0x0888, 0x0888, 0x0888,
    0x0888, 0x0888, 0x0888, 0x0888, 0x0888, 0x0888, 0x0888, 0x0888,
    0x0888, 0x0888, 0x0888, 0x0888, 0x0888, 0x0888, 0x0888, 0x0888,
    0x0888, 0x0888, 0x0888, 0x0888, 0x0888, 0x0888, 0x0888, 0x0888,
    0x0888, 0x0888, 0x0888, 0x0888, 0x0888, 0x0888, 0x0888, 0x0888,
    0x0888, 0x0888, 0x0888, 0x0888, 0x0888, 0x0888, 0x0888, 0x0888,
    0x0888, 0x0888, 0x0888, 0x0888, 0x0888, 0x0888, 0x0888, 0x0888,
    0x0888, 0x0888, 0x0888, 0x0888, 0x0888, 0x0888, 0x0888, 0x0888,
    0x0888, 0x0888, 0x0888, 0x0888, 0x0888, 0x0888, 0x0888, 0x0888,
    0x0888, 0x0888, 0x0888, 0x0888, 0x0888, 0x0888, 0x0888, 0x0888,
    0x0888, 0x0888, 0x0888, 0x0888, 0x0888, 0x0888, 0x0888, 0x0888,
    0x0888, 0x0888, 0x0888, 0x0888, 0x0888, 0x0888, 0x0888, 0x0888,
    0x0888, 0x0888, 0x0888, 0x0888, 0x0888, 0x0888, 0x0888, 0x0888,
    0x0888, 0x0888, 0x0888, 0x0888, 0x0888, 0x0888, 0x0888, 0x0888,
    0x0888, 0x0888, 0x0888, 0x0888, 0x0888, 0x0888, 0x0888, 0x0888,
    0x0888, 0x0888, 0x0888, 0x0888, 0x0888, 0x0888, 0x0888, 0x0888,
    0x0888, 0x0888, 0x0888, 0x0888, 0x0888, 0x0888, 0x0888, 0x0888,
    0x0888, 0x0888, 0x0888, 0x0888, 0x0888, 0x0888, 0x0888, 0x0888,
    0x0888, 0x0888, 0x0888, 0x0888, 0x0888, 0x0888, 0x0888, 0x0888,
    0x0888, 0x0888, 0x0888, 0x0888, 0x0888, 0x0888, 0x0888, 0x0888,
    0x0888, 0x0888, 0x0888, 0x0888, 0x0888, 0x0888, 0x0888, 0x0888,
    0x0888, 0x0888, 0x0888, 0x0888, 0x0888, 0x0888, 0x0888, 0x0888,
    0x0888, 0x0888, 0x0888, 0x0888, 0x0888, 0x0888, 0x0888, 0x0888,
    0x0888, 0x0888, 0x0888, 0x0888, 0x0888, 0x0888, 0x0888, 0x0888,
    0x0888, 0x0888, 0x0888, 0x0888, 0x0888, 0x0888, 0x0888, 0x0888,
    0x0888, 0x0888, 0x0888, 0x0888, 0x0888, 0x0888, 0x0888, 0x0888,
    0x0888, 0x0888, 0x0888, 0x0888, 0x0888, 0x0888, 0x0888, 0x0888,
    0x0888, 0x0888, 0x0888, 0x0888, 0x0888, 0x0888, 0x0888, 0x0888,
    0x0888, 0x0888, 0x0888, 0x0888, 0x0888, 0x0888, 0x0888, 0x0888,
    0x0888, 0x0888, 0x0888, 0x0888, 0x0888, 0x0888, 0x0888, 0x0888,
    0x0888, 0x0888, 0x0888, 0x0888, 0x0888, 0x0888, 0x0888, 0x0888,
    0x0888, 0x0888, 0x0888, 0x0888, 0x0888, 0x0888, 0x0888, 0x0888,
    0x0888, 0x0888, 0x0888, 0x0888, 0x0888, 0x0888, 0x0888, 0x0888,
    0x0888, 0x0888, 0x0888, 0x0888, 0x0888, 0x0888, 0x0888, 0x0888,
    0x0888, 0x0888, 0x0888, 0x0888, 0x0888, 0x0888, 0x0888, 0x0888,
    0x0888, 0x0888, 0x0888, 0x0888, 0x0888, 0x0888, 0x0888, 0x0888,
    0x0888, 0x0888, 0x0888, 0x0888, 0x0888, 0x0888, 0x0888, 0x0888,
    0x0888, 0x0888, 0x0888, 0x0888, 0x0888, 0x0888, 0x0888, 0x0888,
    0x0888, 0x0888, 0x0888, 0x0888, 0x0888, 0x0888, 0x0888, 0x0888,
    0x0888, 0x0888, 0x0888, 0x0888, 0x0888, 0x0888, 0x0888, 0x0888,
    0x0888, 0x0888, 0x0888, 0x0888, 0x0888, 0x0888, 0x0888, 0x0888,
    0x0888, 0x0888, 0x0888, 0x0888, 0x0888, 0x0888, 0x0888, 0x0888,
    0x0888, 0x0888, 0x0888, 0x0888, 0x0888, 0x0888, 0x0888, 0x0888,
    0x0888, 0x0888, 0x0888, 0x0888, 0x0888, 0x0888, 0x0888, 0x0888,
    0x0888, 0x0888, 0x0888, 0x0888, 0x0888, 0x0888, 0x0888, 0x0888,
    0x0888, 0x0888, 0x0888, 0x0888, 0x0888, 0x0888, 0x0888, 0x0888,
    0x0888, 0x0888, 0x0888, 0x0888, 0x0888, 0x0888, 0x0888, 0x0888,
    0x0888, 0x0888, 0x0888, 0x0888, 0x0888, 0x0888, 0x0888, 0x0888,
    0x0888, 0x0888, 0x0888, 0x0888, 0x0888, 0x0888, 0x0888, 0x0888,
    0x0888, 0x0888, 0x0888, 0x0888, 0x0888, 0x0888, 0x0888, 0x0888,
    0x0888, 0x0888, 0x0888, 0x0888, 0x0888, 0x0888, 0x0888, 0x0888,
    0x0888, 0x0888, 0x0888, 0x0888, 0x0888, 0x0888, 0x0888, 0x0888,
    0x0888, 0x0888, 0x0888, 0x0888, 0x0888, 0x0888, 0x0888, 0x0888,
    0x0888, 0x0888, 0x0888, 0x0888, 0x0888, 0x0888, 0x0888, 0x0888,
    0x0888, 0x0888, 0x0888, 0x0888, 0x0888, 0x0888, 0x0888, 0x0888,
    0x0888, 0x0888, 0x0888, 0x0888, 0x0888, 0x0888, 0x0888, 0x0888,
    0x0888, 0x0888, 0x0888, 0x0888, 0x0888, 0x0888, 0x0888, 0x0888,
    0x0888, 0x0888, 0x0888, 0x0888, 0x0888, 0x0888, 0x0888, 0x0888,
    0x0888, 0x0888, 0x0888, 0x0888, 0x0888, 0x0888, 0x0888, 0x0888,
    0x0888, 0x0888, 0x0888, 0x0888, 0x0888, 0x0888, 0x0888, 0x0888,
    0x0888, 0x0888, 0x0888, 0x0888, 0x0888, 0x0888, 0x0888, 0x0888,
    0x0888, 0x0888, 0x0888, 0x0888, 0x0888, 0x0888, 0x0888, 0x0888,
    0x0888, 0x0888, 0x0888, 0x0888, 0x0888, 0x0888, 0x0888, 0x0888,
    0x0888, 0x0888, 0x0888, 0x0888, 0x0888, 0x0888, 0x0888, 0x0888,
    0x0888, 0x0888, 0x0888, 0x0888, 0x0888, 0x0888, 0x0888, 0x0888,
    0x0888, 0x0888, 0x0888, 0x0888, 0x0888, 0x0888, 0x0888, 0x0888,
    0x0888, 0x0888, 0x0888, 0x0888, 0x0888, 0x0888, 0x0888, 0x0888,
    0x0888, 0x0888, 0x0888, 0x0888, 0x0888, 0x0888, 0x0888, 0x0888,
    0x0888, 0x0888, 0x0888, 0x0888, 0x0888, 0x0888, 0x0888, 0x0888,
    0x0888, 0x0888, 0x0888, 0x0888, 0x0888, 0x0888, 0x0888, 0x0888,
    0x0888, 0x0888, 0x0888, 0x0888, 0x0888, 0x0888, 0x0888, 0x0888,
    0x0888, 0x0888, 0x0888, 0x0888, 0x0888, 0x0888, 0x0888, 0x0888,
    0x0888, 0x0888, 0x0888, 0x0888, 0x0888, 0x0888, 0x0888, 0x0888,
    0x0888, 0x0888, 0x0888, 0x0888, 0x0888, 0x0888, 0x0888, 0x0888,
    0x0888, 0x0888, 0x0888, 0x0888, 0x0888, 0x0888, 0x0888, 0x0888,
    0x0888, 0x0888, 0x0888, 0x0888, 0x0888, 0x0888, 0x0888, 0x0888,
    0x0888, 0x0888, 0x0888, 0x0888, 0x0888, 0x0888, 0x0888, 0x0888,
    0x0888, 0x0888, 0x0888, 0x0888, 0x0888, 0x0888, 0x0888, 0x0888,
    0x0888, 0x0888, 0x0888, 0x0888, 0x0888, 0x0888, 0x0888, 0x0888,
    0x0888, 0x0888, 0x0888, 0x0888, 0x0888, 0x0888, 0x0888, 0x0888,
    0x0888, 0x0888, 0x0888, 0x0888, 0x0888, 0x0888, 0x0888, 0x0888,
    0x0888, 0x0888, 0x0888, 0x0888, 0x0888, 0x0888, 0x0888, 0x0888,
    0x0888, 0x0888, 0x0888, 0x0888, 0x0888, 0x0888, 0x0888, 0x0888,
    0x0888, 0x0888, 0x0888, 0x0888, 0x0888, 0x0888, 0x0888, 0x0888,
    0x0888, 0x0888, 0x0888, 0x0888, 0x0888, 0x0888, 0x0888, 0x0888,
    0x0888, 0x0888, 0x0888, 0x0888, 0x0888, 0x0888, 0x0888, 0x0888,
    0x0888, 0x0888, 0x0888, 0x0888, 0x0888, 0x0888, 0x0888, 0x0888,
    0x0888, 0x0888, 0x0888, 0x0888, 0x0888, 0x0888, 0x0888, 0x0888,
    0x0888, 0x0888, 0x0888, 0x0888, 0x0888, 0x0888, 0x0888, 0x0888,
    0x0888, 0x0888, 0x0888, 0x0888, 0x0888, 0x0888, 0x0888, 0x0888,
    0x0888, 0x0888, 0x0888, 0x0888, 0x0888, 0x0888, 0x0888, 0x0888,
    0x0888, 0x0888, 0x0888, 0x0888, 0x0888, 0x0888, 0x0888, 0x0888,
    0x0888, 0x0888, 0x0888, 0x0888, 0x0888, 0x0888, 0x0888, 0x0888,
    0x0888, 0x0888, 0x0888, 0x0888, 0x0888, 0x0888, 0x0888, 0x0888,
    0x0888, 0x0888, 0x0888, 0x0888, 0x0888, 0x0888, 0x0888, 0x0888,
    0x0888, 0x0888, 0x0888, 0x0888, 0x0888, 0x0888, 0x0888, 0x0888,
    0x0888, 0x0888, 0x0888, 0x0888, 0x0888, 0x0888, 0x0888, 0x0888,
    0x0888, 0x0888, 0x0888, 0x0888, 0x0888, 0x0888, 0x0888, 0x0888,
    0x0888, 0x0888, 0x0888, 0x0888, 0x0888, 0x0888, 0x0888, 0x0888,
    0x0888, 0x0888, 0x0888, 0x0888, 0x0888, 0x0888, 0x0888, 0x0888,
    0x0888, 0x0888, 0x0888, 0x0888, 0x0888, 0x0888, 0x0888, 0x0888,
    0x0888, 0x0888, 0x0888, 0x0888, 0x0888, 0x0888, 0x0888, 0x0888,
    0x0888, 0x0888, 0x0888, 0x0888, 0x0888, 0x0888, 0x0888, 0x0888,
    0x0888, 0x0888, 0x0888, 0x0888, 0x0888, 0x0888, 0x0888, 0x0888,
    0x0888, 0x0888, 0x0888, 0x0888, 0x0888, 0x0888, 0x0888, 0x0888,
    0x0888, 0x0888, 0x0888, 0x0888, 0x0888, 0x0888, 0x0888, 0x0888,
    0x0888, 0x0888, 0x0888, 0x0888, 0x0888, 0x0888, 0x0888, 0x0888,
    0x0888, 0x0888, 0x0888, 0x0888, 0x0888, 0x0888, 0x0888, 0x0888,
    0x0888, 0x0888, 0x0888, 0x0888, 0x0888, 0x0888, 0x0888, 0x0888,
    0x0888, 0x0888, 0x0888, 0x0888, 0x0888, 0x0888, 0x0888, 0x0888,
    0x0888, 0x0888, 0x0888, 0x0888, 0x0888, 0x0888, 0x0888, 0x0888,
    0x0888, 0x0888, 0x0888, 0x0888, 0x0888, 0x0888, 0x0888, 0x0888,
    0x0888, 0x0888, 0x0888, 0x0888, 0x0888, 0x0888, 0x0888, 0x0888,
    0x0888, 0x0888, 0x0888, 0x0888, 0x0888, 0x0888, 0x0888, 0x0888,
    0x0888, 0x0888, 0x0888, 0x0888, 0x0888, 0x0888, 0x0888, 0x0888,
    0x0888, 0x0888, 0x0888, 0x0888, 0x0888, 0x0888, 0x0888, 0x0888,
    0x0888, 0x0888, 0x0888, 0x0888, 0x0888, 0x0888, 0x0888, 0x0888,
    0x0888, 0x0888, 0x0888, 0x0888, 0x0888, 0x0888, 0x0888, 0x0888,
    0x0888, 0x0888, 0x0888, 0x0888, 0x0888, 0x0888, 0x0888, 0x0888,
    0x0888, 0x0888, 0x0888, 0x0888, 0x0888, 0x0888, 0x0888, 0x0888,
    0x0888, 0x0888, 0x0888, 0x0888, 0x0888, 0x0888, 0x0888, 0x0888,
    0x0888, 0x0888, 0x0888, 0x0888, 0x0888, 0x0888, 0x0888, 0x0888,
    0x0888, 0x0888, 0x0888, 0x0888, 0x0888, 0x0888, 0x0888, 0x0888,
    0x0888, 0x0888, 0x0888, 0x0888, 0x0888, 0x0888, 0x0888, 0x0888,
    0x0888, 0x0888, 0x0888, 0x0888, 0x0888, 0x0888, 0x0888, 0x0888,
    0x0888, 0x0888, 0x0888, 0x0888, 0x0888, 0x0888, 0x0888, 0x0888,
    0x0888, 0x0888, 0x0888, 0x0888, 0x0888, 0x0888, 0x0888, 0x0888,
    0x0888, 0x0888, 0x0888, 0x0888, 0x0888, 0x0888, 0x0888, 0x0888,
    0x0888, 0x0888, 0x0888, 0x0888, 0x0888, 0x0888, 0x0888, 0x0888,
    0x0888, 0x0888, 0x0888, 0x0888, 0x0888, 0x0888, 0x0888, 0x0888,
    0x0888, 0x0888, 0x0888, 0x0888, 0x0888, 0x0888, 0x0888, 0x0888,
    0x0888, 0x0888, 0x0888, 0x0888, 0x0888, 0x0888, 0x0888, 0x0888,
    0x0888, 0x0888, 0x0888, 0x0888, 0x0888, 0x0888, 0x0888, 0x0888,
    0x0888, 0x0888, 0x0888, 0x0888, 0x0888, 0x0888, 0x0888, 0x0888,
    0x0888, 0x0888, 0x0888, 0x0888, 0x0888, 0x0888, 0x0888, 0x0888,
    0x0888, 0x0888, 0x0888, 0x0888, 0x0888, 0x0888, 0x0888, 0x0888,
    0x0888, 0x0888, 0x0888, 0x0888, 0x0888, 0x0888, 0x0888, 0x0888,
    0x0888, 0x0888, 0x0888, 0x0888, 0x0888, 0x0888, 0x0888, 0x0888,
    0x0888, 0x0888, 0x0888, 0x0888, 0x0888, 0x0888, 0x0888, 0x0888,
    0x0888, 0x0888, 0x0888, 0x0888, 0x0888, 0x0888, 0x0888, 0x0888,
    0x0888, 0x0888, 0x0888, 0x0888, 0x0888, 0x0888, 0x0888, 0x0888,
    0x0888, 0x0888, 0x0888, 0x0888, 0x0888, 0x0888, 0x0888, 0x0888,
    0x0888, 0x0888, 0x0888, 0x0888, 0x0888, 0x0888, 0x0888, 0x0888,
    0x0888, 0x0888, 0x0888, 0x0888, 0x0888, 0x0888, 0x0888, 0x0888,
    0x0888, 0x0888, 0x0888, 0x0888, 0x0888, 0x0888, 0x0888, 0x0888,
    0x0888, 0x0888, 0x0888, 0x0888, 0x0888, 0x0888, 0x0888, 0x0888,
    0x0888, 0x0888, 0x0888, 0x0888, 0x0888, 0x0888, 0x0888, 0x0888,
    0x0888, 0x0888, 0x0888, 0x0888, 0x0888, 0x0888, 0x0888, 0x0888,
    0x0888, 0x0888, 0x0888, 0x0888, 0x0888, 0x0888, 0x0888, 0x0888,
    0x0888, 0x0888, 0x0888, 0x0888, 0x0888, 0x0888, 0x0888, 0x0888,
    0x0888, 0x0888, 0x0888, 0x0888, 0x0888, 0x0888, 0x0888, 0x0888,
    0x0888, 0x0888, 0x0888, 0x0888, 0x0888, 0x0888, 0x0888, 0x0888,
    0x0888, 0x0888, 0x0888, 0x0888, 0x0888, 0x0888, 0x0888, 0x0888,
    0x0888, 0x0888, 0x0888, 0x0888, 0x0888, 0x0888, 0x0888, 0x0888,
    0x0888, 0x0888, 0x0888, 0x0888, 0x0888, 0x0888, 0x0888, 0x0888,
    0x0888, 0x0888, 0x0888, 0x0888, 0x0888, 0x0888, 0x0888, 0x0888,
    0x0888, 0x0888, 0x0888, 0x0888, 0x0888, 0x0888, 0x0888, 0x0888,
    0x0888, 0x0888, 0x0888, 0x0888, 0x0888, 0x0888, 0x0888, 0x0888,
    0x0888, 0x0888, 0x0888, 0x0888, 0x0888, 0x0888, 0x0888, 0x0888,
    0x0888, 0x0888, 0x0888, 0x0888, 0x0888, 0x0888, 0x0888, 0x0888,
    0x0888, 0x0888, 0x0888, 0x0888, 0x0888, 0x0888, 0x0888, 0x0888,
    0x0888, 0x0888, 0x0888, 0x0888, 0x0888, 0x0888, 0x0888, 0x0888,
    0x0888, 0x0888, 0x0888, 0x0888, 0x0888, 0x0888, 0x0888, 0x0888,
    0x0888, 0x0888, 0x0888, 0x0888, 0x0888, 0x0888, 0x0888, 0x0888,
    0x0888, 0x0888, 0x0888, 0x0888, 0x0888, 0x0888, 0x0888, 0x0888,
    0x0888, 0x0888, 0x0888, 0x0888, 0x0888, 0x0888, 0x0888, 0x0888,
    0x0888, 0x0888, 0x0888, 0x0888, 0x0888, 0x0888, 0x0888, 0x0888,
    0x0888, 0x0888, 0x0888, 0x0888, 0x0888, 0x0888, 0x0888, 0x0888,
    0x0888, 0x0888, 0x0888, 0x0888, 0x0888, 0x0888, 0x0888, 0x0888,
    0x0888, 0x0888, 0x0888, 0x0888, 0x0888, 0x0888, 0x0888, 0x0888,
    0x0888, 0x0888, 0x0888, 0x0888, 0x0888, 0x0888, 0x0888, 0x0888,
    0x0888, 0x0888, 0x0888, 0x0888, 0x0888, 0x0888, 0x0888, 0x0888,
    0x0888, 0x0888, 0x0888, 0x0888, 0x0888, 0x0888, 0x0888, 0x0888,
    0x0888, 0x0888, 0x0888, 0x0888, 0x0888, 0x0888, 0x0888, 0x0888,
    0x0888, 0x0888, 0x0888, 0x0888, 0x0888, 0x0888, 0x0888, 0x0888,
    0x0888, 0x0888, 0x0888, 0x0888, 0x0888, 0x0888, 0x0888, 0x0888,
    0x0888, 0x0888, 0x0888, 0x0888, 0x0888, 0x0888, 0x0888, 0x0888,
    0x0888, 0x0888, 0x0888, 0x0888, 0x0888, 0x0888, 0x0888, 0x0888,
    0x0888, 0x0888, 0x0888, 0x0888, 0x0888, 0x0888, 0x0888, 0x0888,
    0x0888, 0x0888, 0x0888, 0x0888, 0x0888, 0x0888, 0x0888, 0x0888,
    0x0888, 0x0888, 0x0888, 0x0888, 0x0888, 0x0888, 0x0888, 0x0888,
    0x0888, 0x0888, 0x0888, 0x0888, 0x0888, 0x0888, 0x0888, 0x0888,
    0x0888, 0x0888, 0x0888, 0x0888, 0x0888, 0x0888, 0x0888, 0x0888,
    0x0888, 0x0888, 0x0888, 0x0888, 0x0888, 0x0888, 0x0888, 0x0888,
    0x0888, 0x0888, 0x0888, 0x0888, 0x0888, 0x0888, 0x0888, 0x0888,
    0x0888, 0x0888, 0x0888, 0x0888, 0x0888, 0x0888, 0x0888, 0x0888,
    0x0888, 0x0888, 0x0888, 0x0888, 0x0888, 0x0888, 0x0888, 0x0888,
    0x0888, 0x0888, 0x0888, 0x0888, 0x0888, 0x0888, 0x0888, 0x0888,
    0x0888, 0x0888, 0x0888, 0x0888, 0x0888, 0x0888, 0x0888, 0x0888,
    0x0888, 0x0888, 0x0888, 0x0888, 0x0888, 0x0888, 0x0888, 0x0888,
    0x0888, 0x0888, 0x0888, 0x0888, 0x0888, 0x0888, 0x0888, 0x0888,
    0x0888, 0x0888, 0x0888, 0x0888, 0x0888, 0x0888, 0x0888, 0x0888,
    0x0888, 0x0888, 0x0888, 0x0888, 0x0888, 0x0888, 0x0888, 0x0888,
    0x0888, 0x0888, 0x0888, 0x0888, 0x0888, 0x0888, 0x0888, 0x0888,
    0x0888, 0x0888, 0x0888, 0x0888, 0x0888, 0x0888, 0x0888, 0x0888,
    0x0888, 0x0888, 0x0888, 0x0888, 0x0888, 0x0888, 0x0888, 0x0888,
    0x0888, 0x0888, 0x0888, 0x0888, 0x0888, 0x0888, 0x0888, 0x0888,
    0x0888, 0x0888, 0x0888, 0x0888, 0x0888, 0x0888, 0x0888, 0x0888,
    0x0888, 0x0888, 0x0888, 0x0888, 0x0888, 0x0888, 0x0888, 0x0888,
    0x0888, 0x0888, 0x0888, 0x0888, 0x0888, 0x0888, 0x0888, 0x0888,
    0x0888, 0x0888, 0x0888, 0x0888, 0x0888, 0x0888, 0x0888, 0x0888,
    0x0888, 0x0888, 0x0888, 0x0888, 0x0888, 0x0888, 0x0888, 0x0888,
    0x0888, 0x0888, 0x0888, 0x0888, 0x0888, 0x0888, 0x0888, 0x0888,
    0x0888, 0x0888, 0x0888, 0x0888, 0x0888, 0x0888, 0x0888, 0x0888,
    0x0888, 0x0888, 0x0888, 0x0888, 0x0888, 0x0888, 0x0888, 0x0888,
    0x0888, 0x0888, 0x0888, 0x0888, 0x0888, 0x0888, 0x0888, 0x0888,
    0x0888, 0x0888, 0x0888, 0x0888, 0x0888, 0x0888, 0x0888, 0x0888,
    0x0888, 0x0888, 0x0888, 0x0888, 0x0888, 0x0888, 0x0888, 0x0888,
    0x0888, 0x0888, 0x0888, 0x0888, 0x0888, 0x0888, 0x0888, 0x0888,
    0x0888, 0x0888, 0x0888, 0x0888, 0x0888, 0x0888, 0x0888, 0x0888,
    0x0888, 0x0888, 0x0888, 0x0888, 0x0888, 0x0888, 0x0888, 0x0888,
    0x0888, 0x0888, 0x0888, 0x0888, 0x0888, 0x0888, 0x0888, 0x0888,
    0x0888, 0x0888, 0x0888, 0x0888, 0x0888, 0x0888, 0x0888, 0x0888,
    0x0888, 0x0888, 0x0888, 0x0888, 0x0888, 0x0888, 0x0888, 0x0888,
    0x0888, 0x0888, 0x0888, 0x0888, 0x0888, 0x0888, 0x0888, 0x0888,
    0x0888, 0x0888, 0x0888, 0x0888, 0x0888, 0x0888, 0x0888, 0x0888,
    0x0888, 0x0888, 0x0888, 0x0888, 0x0888, 0x0888, 0x0888, 0x0888,
    0x0888, 0x0888, 0x0888, 0x0888, 0x0888, 0x0888, 0x0888, 0x0888,
    0x0888, 0x0888, 0x0888, 0x0888, 0x0888, 0x0888, 0x0888, 0x0888,
    0x0888, 0x0888, 0x0888, 0x0888, 0x0888, 0x0888, 0x0888, 0x0888,
    0x0888, 0x0888, 0x0888, 0x0888, 0x0888, 0x0888, 0x0888, 0x0888,
    0x0888, 0x0888, 0x0888, 0x0888, 0x0888, 0x0888, 0x0888, 0x0888,
    0x0888, 0x0888, 0x0888, 0x0888, 0x0888, 0x0888, 0x0888, 0x0888,
    0x0888, 0x0888, 0x0888, 0x0888, 0x0888, 0x0888, 0x0888, 0x0888,
    0x0888, 0x0888, 0x0888, 0x0888, 0x0888, 0x0888, 0x0888, 0x0888,
    0x0888, 0x0888, 0x0888, 0x0888, 0x0888, 0x0888, 0x0888, 0x0888,
    0x0888, 0x0888, 0x0888, 0x0888, 0x0888, 0x0888, 0x0888, 0x0888,
    0x0888, 0x0888, 0x0888, 0x0888, 0x0888, 0x0888, 0x0888, 0x0888,
    0x0888, 0x0888, 0x0888, 0x0888, 0x0888, 0x0888, 0x0888, 0x0888,
    0x0888, 0x0888, 0x0888, 0x0888, 0x0888, 0x0888, 0x0888, 0x0888,
    0x0888, 0x0888, 0x0888, 0x0888, 0x0888, 0x0888, 0x0888, 0x0888,
    0x0888, 0x0888, 0x0888, 0x0888, 0x0888, 0x0888, 0x0888, 0x0888,
    0x0888, 0x0888, 0x0888, 0x0888, 0x0888, 0x0888, 0x0888, 0x0888,
    0x0888, 0x0888, 0x0888, 0x0888, 0x0888, 0x0888, 0x0888, 0x0888,
    0x0888, 0x0888, 0x0888, 0x0888, 0x0888, 0x0888, 0x0888, 0x0888,
    0x0888, 0x0888, 0x0888, 0x0888, 0x0888, 0x0888, 0x0888, 0x0888,
    0x0888, 0x0888, 0x0888, 0x0888, 0x0888, 0x0888, 0x0888, 0x0888,
    0x0888, 0x0888, 0x0888, 0x0888, 0x0888, 0x0888, 0x0888, 0x0888,
    0x0888, 0x0888, 0x0888, 0x0888, 0x0888, 0x0888, 0x0888, 0x0888,
    0x0888, 0x0888, 0x0888, 0x0888, 0x0888, 0x0888, 0x0888, 0x0888,
    0x0888, 0x0888, 0x0888, 0x0888, 0x0888, 0x0888, 0x0888, 0x0888,
    0x0888, 0x0888, 0x0888, 0x0888, 0x0888, 0x0888, 0x0888, 0x0888,
    0x0888, 0x0888, 0x0888, 0x0888, 0x0888, 0x0888, 0x0888, 0x0888,
    0x0888, 0x0888, 0x0888, 0x0888, 0x0888, 0x0888, 0x0888, 0x0888,
    0x0888, 0x0888, 0x0888, 0x0888, 0x0888, 0x0888, 0x0888, 0x0888,
    0x0888, 0x0888, 0x0888, 0x0888, 0x0888, 0x0888, 0x0888, 0x0888,
    0x0888, 0x0888, 0x0888, 0x0888, 0x0888, 0x0888, 0x0888, 0x0888,
    0x0888, 0x0888, 0x0888, 0x0888, 0x0888, 0x0888, 0x0888, 0x0888,
    0x0888, 0x0888, 0x0888, 0x0888, 0x0888, 0x0888, 0x0888, 0x0888,
    0x0888, 0x0888, 0x0888, 0x0888, 0x0888, 0x0888, 0x0888, 0x0888,
    0x0888, 0x0888, 0x0888, 0x0888, 0x0888, 0x0888, 0x0888, 0x0888,
    0x0888, 0x0888, 0x0888, 0x0888, 0x0888, 0x0888, 0x0888, 0x0888,
    0x0888, 0x0888, 0x0888, 0x0888, 0x0888, 0x0888, 0x0888, 0x0888,
    0x0888, 0x0888, 0x0888, 0x0888, 0x0888, 0x0888, 0x0888, 0x0888,
    0x0888, 0x0888, 0x0888, 0x0888, 0x0888, 0x0888, 0x0888, 0x0888,
    0x0888, 0x0888, 0x0888, 0x0888, 0x0888, 0x0888, 0x0888, 0x0888,
    0x0888, 0x0888, 0x0888, 0x0888, 0x0888, 0x0888, 0x0888, 0x0888,
    0x0888, 0x0888, 0x0888, 0x0888, 0x0888, 0x0888, 0x0888, 0x0888,
    0x0888, 0x0888, 0x0888, 0x0888, 0x0888, 0x0888, 0x0888, 0x0888,
    0x0888, 0x0888, 0x0888, 0x0888, 0x0888, 0x0888, 0x0888, 0x0888,
    0x0888, 0x0888, 0x0888, 0x0888, 0x0888, 0x0888, 0x0888, 0x0888,
    0x0888, 0x0888, 0x0888, 0x0888, 0x0888, 0x0888, 0x0888, 0x0888,
    0x0888, 0x0888, 0x0888, 0x0888, 0x0888, 0x0888, 0x0888, 0x0888,
    0x0888, 0x0888, 0x0888, 0x0888, 0x0888, 0x0888, 0x0888, 0x0888,
    0x0888, 0x0888, 0x0888, 0x0888, 0x0888, 0x0888, 0x0888, 0x0888,
    0x0888, 0x0888, 0x0888, 0x0888, 0x0888, 0x0888, 0x0888, 0x0888,
    0x0888, 0x0888, 0x0888, 0x0888, 0x0888, 0x0888, 0x0888, 0x0888,
    0x0888, 0x0888, 0x0888, 0x0888, 0x0888, 0x0888, 0x0888, 0x0888,
    0x0888, 0x0888, 0x0888, 0x0888, 0x0888, 0x0888, 0x0888, 0x0888,
    0x0888, 0x0888, 0x0888, 0x0888, 0x0888, 0x0888, 0x0888, 0x0888,
    0x0888, 0x0888, 0x0888, 0x0888, 0x0888, 0x0888, 0x0888, 0x0888,
    0x0888, 0x0888, 0x0888, 0x0888, 0x0888, 0x0888, 0x0888, 0x0888,
    0x0888, 0x0888, 0x0888, 0x0888, 0x0888, 0x0888, 0x0888, 0x0888,
    0x0888, 0x0888, 0x0888, 0x0888, 0x0888, 0x0888, 0x0888, 0x0888,
    0x0888, 0x0888, 0x0888, 0x0888, 0x0888, 0x0888, 0x0888, 0x0888,
    0x0888, 0x0888, 0x0888, 0x0888, 0x0888, 0x0888, 0x0888, 0x0888,
    0x0888, 0x0888, 0x0888, 0x0888, 0x0888, 0x0888, 0x0888, 0x0888,
    0x0888, 0x0888, 0x0888, 0x0888, 0x0888, 0x0888, 0x0888, 0x0888,
    0x0888, 0x0888, 0x0888, 0x0888, 0x0888, 0x0888, 0x0888, 0x0888,
    0x0888, 0x0888, 0x0888, 0x0888, 0x0888, 0x0888, 0x0888, 0x0888,
    0x0888, 0x0888, 0x0888, 0x0888, 0x0888, 0x0888, 0x0888, 0x0888,
    0x0888, 0x0888, 0x0888, 0x0888, 0x0888, 0x0888, 0x0888, 0x0888,
    0x0888, 0x0888, 0x0888, 0x0888, 0x0888, 0x0888, 0x0888, 0x0888,
    0x0888, 0x0888, 0x0888, 0x0888, 0x0888, 0x0888, 0x0888, 0x0888,
    0x0888, 0x0888, 0x0888, 0x0888, 0x0888, 0x0888, 0x0888, 0x0888,
    0x0888, 0x0888, 0x0888, 0x0888, 0x0888, 0x0888, 0x0888, 0x0888,
    0x0888, 0x0888, 0x0888, 0x0888, 0x0888, 0x0888, 0x0888, 0x0888,
    0x0888, 0x0888, 0x0888, 0x0888, 0x0888, 0x0888, 0x0888, 0x0888,
    0x0888, 0x0888, 0x0888, 0x0888, 0x0888, 0x0888, 0x0888, 0x0888,
    0x0888, 0x0888, 0x0888, 0x0888, 0x0888, 0x0888, 0x0888, 0x0888,
    0x0888, 0x0888, 0x0888, 0x0888, 0x0888, 0x0888, 0x0888, 0x0888,
    0x0888, 0x0888, 0x0888, 0x0888, 0x0888, 0x0888, 0x0888, 0x0888,
    0x0888, 0x0888, 0x0888, 0x0888, 0x0888, 0x0888, 0x0888, 0x0888,
    0x0888, 0x0888, 0x0888, 0x0888, 0x0888, 0x0888, 0x0888, 0x0888,
    0x0888, 0x0888, 0x0888, 0x0888, 0x0888, 0x0888, 0x0888, 0x0888,
    0x0888, 0x0888, 0x0888, 0x0888, 0x0888, 0x0888, 0x0888, 0x0888,
    0x0888, 0x0888, 0x0888, 0x0888, 0x0888, 0x0888, 0x0888, 0x0888,
    0x0888, 0x0888, 0x0888, 0x0888, 0x0888, 0x0888, 0x0888, 0x0888,
    0x0888, 0x0888, 0x0888, 0x0888, 0x0888, 0x0888, 0x0888, 0x0888,
    0x0888, 0x0888, 0x0888, 0x0888, 0x0888, 0x0888, 0x0888, 0x0888,
    0x0888, 0x0888, 0x0888, 0x0888, 0x0888, 0x0888, 0x0888, 0x0888,
    0x0888, 0x0888, 0x0888, 0x0888, 0x0888, 0x0888, 0x0888, 0x0888,
    0x0888, 0x0888, 0x0888, 0x0888, 0x0888, 0x0888, 0x0888, 0x0888,
    0x0888, 0x0888, 0x0888, 0x0888, 0x0888, 0x0888, 0x0888, 0x0888,
    0x0888, 0x0888, 0x0888, 0x0888, 0x0888, 0x0888, 0x0888, 0x0888,
    0x0888, 0x0888, 0x0888, 0x0888, 0x0888, 0x0888, 0x0888, 0x0888,
    0x0888, 0x0888, 0x0888, 0x0888, 0x0888, 0x0888, 0x0888, 0x0888,
    0x0888, 0x0888, 0x0888, 0x0888, 0x0888, 0x0888, 0x0888, 0x0888,
    0x0888, 0x0888, 0x0888, 0x0888, 0x0888, 0x0888, 0x0888, 0x0888,
    0x0888, 0x0888, 0x0888, 0x0888, 0x0888, 0x0888, 0x0888, 0x0888,
    0x0888, 0x0888, 0x0888, 0x0888, 0x0888, 0x0888, 0x0888, 0x0888,
    0x0888, 0x0888, 0x0888, 0x0888, 0x0888, 0x0888, 0x0888, 0x0888,
    0x0888, 0x0888, 0x0888, 0x0888, 0x0888, 0x0888, 0x0888, 0x0888,
    0x0888, 0x0888, 0x0888, 0x0888, 0x0888, 0x0888, 0x0888, 0x0888,
    0x0888, 0x0888, 0x0888, 0x0888, 0x0888, 0x0888, 0x0888, 0x0888,
    0x0888, 0x0888, 0x0888, 0x0888, 0x0888, 0x0888, 0x0888, 0x0888,
    0x0888, 0x0888, 0x0888, 0x0888, 0x0888, 0x0888, 0x0888, 0x0888,
    0x0888, 0x0888, 0x0888, 0x0888, 0x0888, 0x0888, 0x0888, 0x0888,
    0x0888, 0x0888, 0x0888, 0x0888, 0x0888, 0x0888, 0x0888, 0x0888,
    0x0888, 0x0888, 0x0888, 0x0888, 0x0888, 0x0888, 0x0888, 0x0888,
    0x0888, 0x0888, 0x0888, 0x0888, 0x0888, 0x0888, 0x0888, 0x0888,
    0x0888, 0x0888, 0x0888, 0x0888, 0x0888, 0x0888, 0x0888, 0x0888,
    0x0888, 0x0888, 0x0888, 0x0888, 0x0888, 0x0888, 0x0888, 0x0888,
    0x0888, 0x0888, 0x0888, 0x0888, 0x0888, 0x0888, 0x0888, 0x0888,
    0x0888, 0x0888, 0x0888, 0x0888, 0x0888, 0x0888, 0x0888, 0x0888,
    0x0888, 0x0888, 0x0888, 0x0888, 0x0888, 0x0888, 0x0888, 0x0888,
    0x0888, 0x0888, 0x0888, 0x0888, 0x0888, 0x0888, 0x0888, 0x0888,
    0x0888, 0x0888, 0x0888, 0x0888, 0x0888, 0x0888, 0x0888, 0x0888,
    0x0888, 0x0888, 0x0888, 0x0888, 0x0888, 0x0888, 0x0888, 0x0888,
    0x0888, 0x0888, 0x0888, 0x0888, 0x0888, 0x0888, 0x0888, 0x0888,
    0x0888, 0x0888, 0x0888, 0x0888, 0x0888, 0x0888, 0x0888, 0x0888,
    0x0888, 0x0888, 0x0888, 0x0888, 0x0888, 0x0888, 0x0888, 0x0888,
    0x0888, 0x0888, 0x0888, 0x0888, 0x0888, 0x0888, 0x0888, 0x0888,
    0x0888, 0x0888, 0x0888, 0x0888, 0x0888, 0x0888, 0x0888, 0x0888,
    0x0888, 0x0888, 0x0888, 0x0888, 0x0888, 0x0888, 0x0888, 0x0888,
    0x0888, 0x0888, 0x0888, 0x0888, 0x0888, 0x0888, 0x0888, 0x0888,
    0x0888, 0x0888, 0x0888, 0x0888, 0x0888, 0x0888, 0x0888, 0x0888,
    0x0888, 0x0888, 0x0888, 0x0888, 0x0888, 0x0888, 0x0888, 0x0888,
    0x0888, 0x0888, 0x0888, 0x0888, 0x0888, 0x0888, 0x0888, 0x0888,
    0x0888, 0x0888, 0x0888, 0x0888, 0x0888, 0x0888, 0x0888, 0x0888,
    0x0888, 0x0888, 0x0888, 0x0888, 0x0888, 0x0888, 0x0888, 0x0888,
    0x0888, 0x0888, 0x0888, 0x0888, 0x0888, 0x0888, 0x0888, 0x0888,
    0x0888, 0x0888, 0x0888, 0x0888, 0x0888, 0x0888, 0x0888, 0x0888,
    0x0888, 0x0888, 0x0888, 0x0888, 0x0888, 0x0888, 0x0888, 0x0888,
    0x0888, 0x0888, 0x0888, 0x0888, 0x0888, 0x0888, 0x0888, 0x0888,
    0x0888, 0x0888, 0x0888, 0x0888, 0x0888, 0x0888, 0x0888, 0x0888,
    0x0888, 0x0888, 0x0888, 0x0888, 0x0888, 0x0888, 0x0888, 0x0888,
    0x0888, 0x0888, 0x0888, 0x0888, 0x0888, 0x0888, 0x0888, 0x0888,
    0x0888, 0x0888, 0x0888, 0x0888, 0x0888, 0x0888, 0x0888, 0x0888,
    0x0888, 0x0888, 0x0888, 0x0888, 0x0888, 0x0888, 0x0888, 0x0888,
    0x0888, 0x0888, 0x0888, 0x0888, 0x0888, 0x0888, 0x0888, 0x0888,
    0x0888, 0x0888, 0x0888, 0x0888, 0x0888, 0x0888, 0x0888, 0x0888,
    0x0888, 0x0888, 0x0888, 0x0888, 0x0888, 0x0888, 0x0888, 0x0888,
    0x0888, 0x0888, 0x0888, 0x0888, 0x0888, 0x0888, 0x0888, 0x0888,
    0x0888, 0x0888, 0x0888, 0x0888, 0x0888, 0x0888, 0x0888, 0x0888,
    0x0888, 0x0888, 0x0888, 0x0888, 0x0888, 0x0888, 0x0888, 0x0888,
    0x0888, 0x0888, 0x0888, 0x0888, 0x0888, 0x0888, 0x0888, 0x0888,
    0x0888, 0x0888, 0x0888, 0x0888, 0x0888, 0x0888, 0x0888, 0x0888,
    0x0888, 0x0888, 0x0888, 0x0888, 0x0888, 0x0888, 0x0888, 0x0888,
    0x0888, 0x0888, 0x0888, 0x0888, 0x0888, 0x0888, 0x0888, 0x0888,
    0x0888, 0x0888, 0x0888, 0x0888, 0x0888, 0x0888, 0x0888, 0x0888,
    0x0888, 0x0888, 0x0888, 0x0888, 0x0888, 0x0888, 0x0888, 0x0888,
    0x0888, 0x0888, 0x0888, 0x0888, 0x0888, 0x0888, 0x0888, 0x0888,
    0x0888, 0x0888, 0x0888, 0x0888, 0x0888, 0x0888, 0x0888, 0x0888,
    0x0888, 0x0888, 0x0888, 0x0888, 0x0888, 0x0888, 0x0888, 0x0888,
    0x0888, 0x0888, 0x0888, 0x0888, 0x0888, 0x0888, 0x0888, 0x0888,
    0x0888, 0x0888, 0x0888, 0x0888, 0x0888, 0x0888, 0x0888, 0x0888,
    0x0888, 0x0888, 0x0888, 0x0888, 0x0888, 0x0888, 0x0888, 0x0888,
    0x0888, 0x0888, 0x0888, 0x0888, 0x0888, 0x0888, 0x0888, 0x0888,
    0x0888, 0x0888, 0x0888, 0x0888, 0x0888, 0x0888, 0x0888, 0x0888,
    0x0888, 0x0888, 0x0888, 0x0888, 0x0888, 0x0888, 0x0888, 0x0888,
    0x0888, 0x0888, 0x0888, 0x0888, 0x0888, 0x0888, 0x0888, 0x0888,
    0x0888, 0x0888, 0x0888, 0x0888, 0x0888, 0x0888, 0x0888, 0x0888,
    0x0888, 0x0888, 0x0888, 0x0888, 0x0888, 0x0888, 0x0888, 0x0888,
    0x0888, 0x0888, 0x0888, 0x0888, 0x0888, 0x0888, 0x0888, 0x0888,
    0x0888, 0x0888, 0x0888, 0x0888, 0x0888, 0x0888, 0x0888, 0x0888,
    0x0888, 0x0888, 0x0888, 0x0888, 0x0888, 0x0888, 0x0888, 0x0888,
    0x0888, 0x0888, 0x0888, 0x0888, 0x0888, 0x0888, 0x0888, 0x0888,
    0x0888, 0x0888, 0x0888, 0x0888, 0x0888, 0x0888, 0x0888, 0x0888,
    0x0888, 0x0888, 0x0888, 0x0888, 0x0888, 0x0888, 0x0888, 0x0888,
    0x0888, 0x0888, 0x0888, 0x0888, 0x0888, 0x0888, 0x0888, 0x0888,
    0x0888, 0x0888, 0x0888, 0x0888, 0x0888, 0x0888, 0x0888, 0x0888,
    0x0888, 0x0888, 0x0888, 0x0888, 0x0888, 0x0888, 0x0888, 0x0888,
    0x0888, 0x0888, 0x0888, 0x0888, 0x0888, 0x0888, 0x0888, 0x0888,
    0x0888, 0x0888, 0x0888, 0x0888, 0x0888, 0x0888, 0x0888, 0x0888,
    0x0888, 0x0888, 0x0888, 0x0888, 0x0888, 0x0888, 0x0888, 0x0888,
    0x0888, 0x0888, 0x0888, 0x0888, 0x0888, 0x0888, 0x0888, 0x0888,
    0x0888, 0x0888, 0x0888, 0x0888, 0x0888, 0x0888, 0x0888, 0x0888,
    0x0888, 0x0888, 0x0888, 0x0888, 0x0888, 0x0888, 0x0888, 0x0888,
    0x0888, 0x0888, 0x0888, 0x0888, 0x0888, 0x0888, 0x0888, 0x0888,
    0x0888, 0x0888, 0x0888, 0x0888, 0x0888, 0x0888, 0x0888, 0x0888,
    0x0888, 0x0888, 0x0888, 0x0888, 0x0888, 0x0888, 0x0888, 0x0888,
    0x0888, 0x0888, 0x0888, 0x0888, 0x0888, 0x0888, 0x0888, 0x0888,
    0x0888, 0x0888, 0x0888, 0x0888, 0x0888, 0x0888, 0x0888, 0x0888,
    0x0888, 0x0888, 0x0888, 0x0888, 0x0888, 0x0888, 0x0888, 0x0888,
    0x0888, 0x0888, 0x0888, 0x0888, 0x0888, 0x0888, 0x0888, 0x0888,
    0x0888, 0x0888, 0x0888, 0x0888, 0x0888, 0x0888, 0x0888, 0x0888,
    0x0888, 0x0888, 0x0888, 0x0888, 0x0888, 0x0888, 0x0888, 0x0888,
    0x0888, 0x0888, 0x0888, 0x0888, 0x0888, 0x0888, 0x0888, 0x0888,
    0x0888, 0x0888, 0x0888, 0x0888, 0x0888, 0x0888, 0x0888, 0x0888,
    0x0888, 0x0888, 0x0888, 0x0888, 0x0888, 0x0888, 0x0888, 0x0888,
    0x0888, 0x0888, 0x0888, 0x0888, 0x0888, 0x0888, 0x0888, 0x0888,
    0x0888, 0x0888, 0x0888, 0x0888, 0x0888, 0x0888, 0x0888, 0x0888,
    0x0888, 0x0888, 0x0888, 0x0888, 0x0888, 0x0888, 0x0888, 0x0888,
    0x0888, 0x0888, 0x0888, 0x0888, 0x0888, 0x0888, 0x0888, 0x0888,
    0x0888, 0x0888, 0x0888, 0x0888, 0x0888, 0x0888, 0x0888, 0x0888,
    0x0888, 0x0888, 0x0888, 0x0888, 0x0888, 0x0888, 0x0888, 0x0888,
    0x0888, 0x0888, 0x0888, 0x0888, 0x0888, 0x0888, 0x0888, 0x0888,
    0x0888, 0x0888, 0x0888, 0x0888, 0x0888, 0x0888, 0x0888, 0x0888,
    0x0888, 0x0888, 0x0888, 0x0888, 0x0888, 0x0888, 0x0888, 0x0888,
    0x0888, 0x0888, 0x0888, 0x0888, 0x0888, 0x0888, 0x0888, 0x0888,
    0x0888, 0x0888, 0x0888, 0x0888, 0x0888, 0x0888, 0x0888, 0x0888,
    0x0888, 0x0888, 0x0888, 0x0888, 0x0888, 0x0888, 0x0888, 0x0888,
    0x0888, 0x0888, 0x0888, 0x0888, 0x0888, 0x0888, 0x0888, 0x0888,
    0x0888, 0x0888, 0x0888, 0x0888, 0x0888, 0x0888, 0x0888, 0x0888,
    0x0888, 0x0888, 0x0888, 0x0888, 0x0888, 0x0888, 0x0888, 0x0888,
    0x0888, 0x0888, 0x0888, 0x0888, 0x0888, 0x0888, 0x0888, 0x0888,
    0x0888, 0x0888, 0x0888, 0x0888, 0x0888, 0x0888, 0x0888, 0x0888,
    0x0888, 0x0888, 0x0888, 0x0888, 0x0888, 0x0888, 0x0888, 0x0888,
    0x0888, 0x0888, 0x0888, 0x0888, 0x0888, 0x0888, 0x0888, 0x0888,
    0x0888, 0x0888, 0x0888, 0x0888, 0x0888, 0x0888, 0x0888, 0x0888,
    0x0888, 0x0888, 0x0888, 0x0888, 0x0888, 0x0888, 0x0888, 0x0888,
    0x0888, 0x0888, 0x0888, 0x0888, 0x0888, 0x0888, 0x0888, 0x0888,
    0x0888, 0x0888, 0x0888, 0x0888, 0x0888, 0x0888, 0x0888, 0x0888,
    0x0888, 0x0888, 0x0888, 0x0888, 0x0888, 0x0888, 0x0888, 0x0888,
    0x0888, 0x0888, 0x0888, 0x0888, 0x0888, 0x0888, 0x0888, 0x0888,
    0x0888, 0x0888, 0x0888, 0x0888, 0x0888, 0x0888, 0x0888, 0x0888,
    0x0888, 0x0888, 0x0888, 0x0888, 0x0888, 0x0888, 0x0888, 0x0888,
    0x0888, 0x0888, 0x0888, 0x0888, 0x0888, 0x0888, 0x0888, 0x0888,
    0x0888, 0x0888, 0x0888, 0x0888, 0x0888, 0x0888, 0x0888, 0x0888,
    0x0888, 0x0888, 0x0888, 0x0888, 0x0888, 0x0888, 0x0888, 0x0888,
    0x0888, 0x0888, 0x0888, 0x0888, 0x0888, 0x0888, 0x0888, 0x0888,
    0x0888, 0x0888, 0x0888, 0x0888, 0x0888, 0x0888, 0x0888, 0x0888,
    0x0888, 0x0888, 0x0888, 0x0888, 0x0888, 0x0888, 0x0888, 0x0888,
    0x0888, 0x0888, 0x0888, 0x0888, 0x0888, 0x0888, 0x0888, 0x0888,
    0x0888, 0x0888, 0x0888, 0x0888, 0x0888, 0x0888, 0x0888, 0x0888,
    0x0888, 0x0888, 0x0888, 0x0888, 0x0888, 0x0888, 0x0888, 0x0888,
    0x0888, 0x0888, 0x0888, 0x0888, 0x0888, 0x0888, 0x0888, 0x0888,
    0x0888, 0x0888, 0x0888, 0x0888, 0x0888, 0x0888, 0x0888, 0x0888,
    0x0888, 0x0888, 0x0888, 0x0888, 0x0888, 0x0888, 0x0888, 0x0888,
    0x0888, 0x0888, 0x0888, 0x0888, 0x0888, 0x0888, 0x0888, 0x0888,
    0x0888, 0x0888, 0x0888, 0x0888, 0x0888, 0x0888, 0x0888, 0x0888,
    0x0888, 0x0888, 0x0888, 0x0888, 0x0888, 0x0888, 0x0888, 0x0888,
    0x0888, 0x0888, 0x0888, 0x0888, 0x0888, 0x0888, 0x0888, 0x0888,
    0x0888, 0x0888, 0x0888, 0x0888, 0x0888, 0x0888, 0x0888, 0x0888,
    0x0888, 0x0888, 0x0888, 0x0888, 0x0888, 0x0888, 0x0888, 0x0888,
    0x0888, 0x0888, 0x0888, 0x0888, 0x0888, 0x0888, 0x0888, 0x0888,
    0x0888, 0x0888, 0x0888, 0x0888, 0x0888, 0x0888, 0x0888, 0x0888,
    0x0888, 0x0888, 0x0888, 0x0888, 0x0888, 0x0888, 0x0888, 0x0888,
    0x0888, 0x0888, 0x0888, 0x0888, 0x0888, 0x0888, 0x0888, 0x0888,
    0x0888, 0x0888, 0x0888, 0x0888, 0x0888, 0x0888, 0x0888, 0x0888,
    0x0888, 0x0888, 0x0888, 0x0888, 0x0888, 0x0888, 0x0888, 0x0888,
    0x0888, 0x0888, 0x0888, 0x0888, 0x0888, 0x0888, 0x0888, 0x0888,
    0x0888, 0x0888, 0x0888, 0x0888, 0x0888, 0x0888, 0x0888, 0x0888,
    0x0888, 0x0888, 0x0888, 0x0888, 0x0888, 0x0888, 0x0888, 0x0888,
    0x0888, 0x0888, 0x0888, 0x0888, 0x0888, 0x0888, 0x0888, 0x0888,
    0x0888, 0x0888, 0x0888, 0x0888, 0x0888, 0x0888, 0x0888, 0x0888,
    0x0888, 0x0888, 0x0888, 0x0888, 0x0888, 0x0888, 0x0888, 0x0888,
    0x0888, 0x0888, 0x0888, 0x0888, 0x0888, 0x0888, 0x0888, 0x0888,
    0x0888, 0x0888, 0x0888, 0x0888, 0x0888, 0x0888, 0x0888, 0x0888,
    0x0888, 0x0888, 0x0888, 0x0888, 0x0888, 0x0888, 0x0888, 0x0888,
    0x0888, 0x0888, 0x0888, 0x0888, 0x0888, 0x0888, 0x0888, 0x0888,
    0x0888, 0x0888, 0x0888, 0x0888, 0x0888, 0x0888, 0x0888, 0x0888,
    0x0888, 0x0888, 0x0888, 0x0888, 0x0888, 0x0888, 0x0888, 0x0888,
    0x0888, 0x0888, 0x0888, 0x0888, 0x0888, 0x0888, 0x0888, 0x0888,
    0x0888, 0x0888, 0x0888, 0x0888, 0x0888, 0x0888, 0x0888, 0x0888,
    0x0888, 0x0888, 0x0888, 0x0888, 0x0888, 0x0888, 0x0888, 0x0888,
    0x0888, 0x0888, 0x0888, 0x0888, 0x0888, 0x0888, 0x0888, 0x0888,
    0x0888, 0x0888, 0x0888, 0x0888, 0x0888, 0x0888, 0x0888, 0x0888,
    0x0888, 0x0888, 0x0888, 0x0888, 0x0888, 0x0888, 0x0888, 0x0888,
    0x0888, 0x0888, 0x0888, 0x0888, 0x0888, 0x0888, 0x0888, 0x0888,
    0x0888, 0x0888, 0x0888, 0x0888, 0x0888, 0x0888, 0x0888, 0x0888,
    0x0888, 0x0888, 0x0888, 0x0888, 0x0888, 0x0888, 0x0888, 0x0888,
    0x0888, 0x0888, 0x0888, 0x0888, 0x0888, 0x0888, 0x0888, 0x0888,
    0x0888, 0x0888, 0x0888, 0x0888, 0x0888, 0x0888, 0x0888, 0x0888,
    0x0888, 0x0888, 0x0888, 0x0888, 0x0888, 0x0888, 0x0888, 0x0888,
    0x0888, 0x0888, 0x0888, 0x0888, 0x0888, 0x0888, 0x0888, 0x0888,
    0x0888, 0x0888, 0x0888, 0x0888, 0x0888, 0x0888, 0x0888, 0x0888,
    0x0888, 0x0888, 0x0888, 0x0888, 0x0888, 0x0888, 0x0888, 0x0888,
    0x0888, 0x0888, 0x0888, 0x0888, 0x0888, 0x0888, 0x0888, 0x0888,
    0x0888, 0x0888, 0x0888, 0x0888, 0x0888, 0x0888, 0x0888, 0x0888,
    0x0888, 0x0888, 0x0888, 0x0888, 0x0888, 0x0888, 0x0888, 0x0888,
    0x0888, 0x0888, 0x0888, 0x0888, 0x0888, 0x0888, 0x0888, 0x0888,
    0x0888, 0x0888, 0x0888, 0x0888, 0x0888, 0x0888, 0x0888, 0x0888,
    0x0888, 0x0888, 0x0888, 0x0888, 0x0888, 0x0888, 0x0888, 0x0888,
    0x0888, 0x0888, 0x0888, 0x0888, 0x0888, 0x0888, 0x0888, 0x0888,
    0x0888, 0x0888, 0x0888, 0x0888, 0x0888, 0x0888, 0x0888, 0x0888,
    0x0888, 0x0888, 0x0888, 0x0888, 0x0888, 0x0888, 0x0888, 0x0888,
    0x0888, 0x0888, 0x0888, 0x0888, 0x0888, 0x0888, 0x0888, 0x0888,
    0x0888, 0x0888, 0x0888, 0x0888, 0x0888, 0x0888, 0x0888, 0x0888,
    0x0888, 0x0888, 0x0888, 0x0888, 0x0888, 0x0888, 0x0888, 0x0888,
    0x0888, 0x0888, 0x0888, 0x0888, 0x0888, 0x0888, 0x0888, 0x0888,
    0x0888, 0x0888, 0x0888, 0x0888, 0x0888, 0x0888, 0x0888, 0x0888,
    0x0888, 0x0888, 0x0888, 0x0888, 0x0888, 0x0888, 0x0888, 0x0888,
    0x0888, 0x0888, 0x0888, 0x0888, 0x0888, 0x0888, 0x0888, 0x0888,
    0x0888, 0x0888, 0x0888, 0x0888, 0x0888, 0x0888, 0x0888, 0x0888,
    0x0888, 0x0888, 0x0888, 0x0888, 0x0888, 0x0888, 0x0888, 0x0888,
    0x0888, 0x0888, 0x0888, 0x0888, 0x0888, 0x0888, 0x0888, 0x0888,
    0x0888, 0x0888, 0x0888, 0x0888, 0x0888, 0x0888, 0x0888, 0x0888,
    0x0888, 0x0888, 0x0888, 0x0888, 0x0888, 0x0888, 0x0888, 0x0888,
    0x0888, 0x0888, 0x0888, 0x0888, 0x0888, 0x0888, 0x0888, 0x0888,
    0x0888, 0x0888, 0x0888, 0x0888, 0x0888, 0x0888, 0x0888, 0x0888,
    0x0888, 0x0888, 0x0888, 0x0888, 0x0888, 0x0888, 0x0888, 0x0888,
    0x0888, 0x0888, 0x0888, 0x0888, 0x0888, 0x0888, 0x0888, 0x0888,
    0x0888, 0x0888, 0x0888, 0x0888, 0x0888, 0x0888, 0x0888, 0x0888,
    0x0888, 0x0888, 0x0888, 0x0888, 0x0888, 0x0888, 0x0888, 0x0888,
    0x0888, 0x0888, 0x0888, 0x0888, 0x0888, 0x0888, 0x0888, 0x0888,
    0x0888, 0x0888, 0x0888, 0x0888, 0x0888, 0x0888, 0x0888, 0x0888,
    0x0888, 0x0888, 0x0888, 0x0888, 0x0888, 0x0888, 0x0888, 0x0888,
    0x0888, 0x0888, 0x0888, 0x0888, 0x0888, 0x0888, 0x0888, 0x0888,
    0x0888, 0x0888, 0x0888, 0x0888, 0x0888, 0x0888, 0x0888, 0x0888,
    0x0888, 0x0888, 0x0888, 0x0888, 0x0888, 0x0888, 0x0888, 0x0888,
    0x0888, 0x0888, 0x0888, 0x0888, 0x0888, 0x0888, 0x0888, 0x0888,
    0x0888, 0x0888, 0x0888, 0x0888, 0x0888, 0x0888, 0x0888, 0x0888,
    0x0888, 0x0888, 0x0888, 0x0888, 0x0888, 0x0888, 0x0888, 0x0888,
    0x0888, 0x0888, 0x0888, 0x0888, 0x0888, 0x0888, 0x0888, 0x0888,
    0x0888, 0x0888, 0x0888, 0x0888, 0x0888, 0x0888, 0x0888, 0x0888,
    0x0888, 0x0888, 0x0888, 0x0888, 0x0888, 0x0888, 0x0888, 0x0888,
    0x0888, 0x0888, 0x0888, 0x0888, 0x0888, 0x0888, 0x0888, 0x0888,
    0x0888, 0x0888, 0x0888, 0x0888, 0x0888, 0x0888, 0x0888, 0x0888,
    0x0888, 0x0888, 0x0888, 0x0888, 0x0888, 0x0888, 0x0888, 0x0888,
    0x0888, 0x0888, 0x0888, 0x0888, 0x0888, 0x0888, 0x0888, 0x0888,
    0x0888, 0x0888, 0x0888, 0x0888, 0x0888, 0x0888, 0x0888, 0x0888,
    0x0888, 0x0888, 0x0888, 0x0888, 0x0888, 0x0888, 0x0888, 0x0888,
    0x0888, 0x0888, 0x0888, 0x0888, 0x0888, 0x0888, 0x0888, 0x0888,
    0x0888, 0x0888, 0x0888, 0x0888, 0x0888, 0x0888, 0x0888, 0x0888,
    0x0888, 0x0888, 0x0888, 0x0888, 0x0888, 0x0888, 0x0888, 0x0888,
    0x0888, 0x0888, 0x0888, 0x0888, 0x0888, 0x0888, 0x0888, 0x0888,
    0x0888, 0x0888, 0x0888, 0x0888, 0x0888, 0x0888, 0x0888, 0x0888,
    0x0888, 0x0888, 0x0888, 0x0888, 0x0888, 0x0888, 0x0888, 0x0888,
    0x0888, 0x0888, 0x0888, 0x0888, 0x0888, 0x0888, 0x0888, 0x0888,
    0x0888, 0x0888, 0x0888, 0x0888, 0x0888, 0x0888, 0x0888, 0x0888,
    0x0888, 0x0888, 0x0888, 0x0888, 0x0888, 0x0888, 0x0888, 0x0888,
    0x0888, 0x0888, 0x0888, 0x0888, 0x0888, 0x0888, 0x0888, 0x0888,
    0x0888, 0x0888, 0x0888, 0x0888, 0x0888, 0x0888, 0x0888, 0x0888,
    0x0888, 0x0888, 0x0888, 0x0888, 0x0888, 0x0888, 0x0888, 0x0888,
    0x0888, 0x0888, 0x0888, 0x0888, 0x0888, 0x0888, 0x0888, 0x0888,
    0x0888, 0x0888, 0x0888, 0x0888, 0x0888, 0x0888, 0x0888, 0x0888,
    0x0888, 0x0888, 0x0888, 0x0888, 0x0888, 0x0888, 0x0888, 0x0888,
    0x0888, 0x0888, 0x0888, 0x0888, 0x0888, 0x0888, 0x0888, 0x0888,
    0x0888, 0x0888, 0x0888, 0x0888, 0x0888, 0x0888, 0x0888, 0x0888,
    0x0888, 0x0888, 0x0888, 0x0888, 0x0888, 0x0888, 0x0888, 0x0888,
    0x0888, 0x0888, 0x0888, 0x0888, 0x0888, 0x0888, 0x0888, 0x0888,
    0x0888, 0x0888, 0x0888, 0x0888, 0x0888, 0x0888, 0x0888, 0x0888,
    0x0888, 0x0888, 0x0888, 0x0888, 0x0888, 0x0888, 0x0888, 0x0888,
    0x0888, 0x0888, 0x0888, 0x0888, 0x0888, 0x0888, 0x0888, 0x0888,
    0x0888, 0x0888, 0x0888, 0x0888, 0x0888, 0x0888, 0x0888, 0x0888,
    0x0888, 0x0888, 0x0888, 0x0888, 0x0888, 0x0888, 0x0888, 0x0888,
    0x0888, 0x0888, 0x0888, 0x0888, 0x0888, 0x0888, 0x0888, 0x0888,
    0x0888, 0x0888, 0x0888, 0x0888, 0x0888, 0x0888, 0x0888, 0x0888,
    0x0888, 0x0888, 0x0888, 0x0888, 0x0888, 0x0888, 0x0888, 0x0888,
    0x0888, 0x0888, 0x0888, 0x0888, 0x0888, 0x0888, 0x0888, 0x0888,
    0x0888, 0x0888, 0x0888, 0x0888, 0x0888, 0x0888, 0x0888, 0x0888,
    0x0888, 0x0888, 0x0888, 0x0888, 0x0888, 0x0888, 0x0888, 0x0888,
    0x0888, 0x0888, 0x0888, 0x0888, 0x0888, 0x0888, 0x0888, 0x0888,
    0x0888, 0x0888, 0x0888, 0x0888, 0x0888, 0x0888, 0x0888, 0x0888,
    0x0888, 0x0888, 0x0888, 0x0888, 0x0888, 0x0888, 0x0888, 0x0888,
    0x0888, 0x0888, 0x0888, 0x0888, 0x0888, 0x0888, 0x0888, 0x0888,
    0x0888, 0x0888, 0x0888, 0x0888, 0x0888, 0x0888, 0x0888, 0x0888,
    0x0888, 0x0888, 0x0888, 0x0888, 0x0888, 0x0888, 0x0888, 0x0888,
    0x0888, 0x0888, 0x0888, 0x0888, 0x0888, 0x0888, 0x0888, 0x0888,
    0x0888, 0x0888, 0x0888, 0x0888, 0x0888, 0x0888, 0x0888, 0x0888,
    0x0888, 0x0888, 0x0888, 0x0888, 0x0888, 0x0888, 0x0888, 0x0888,
    0x0888, 0x0888, 0x0888, 0x0888, 0x0888, 0x0888, 0x0888, 0x0888,
    0x0888, 0x0888, 0x0888, 0x0888, 0x0888, 0x0888, 0x0888, 0x0888,
    0x0888, 0x0888, 0x0888, 0x0888, 0x0888, 0x0888, 0x0888, 0x0888,
    0x0888, 0x0888, 0x0888, 0x0888, 0x0888, 0x0888, 0x0888, 0x0888,
    0x0888, 0x0888, 0x0888, 0x0888, 0x0888, 0x0888, 0x0888, 0x0888,
    0x0888, 0x0888, 0x0888, 0x0888, 0x0888, 0x0888, 0x0888, 0x0888,
    0x0888, 0x0888, 0x0888, 0x0888, 0x0888, 0x0888, 0x0888, 0x0888,
    0x0888, 0x0888, 0x0888, 0x0888, 0x0888, 0x0888, 0x0888, 0x0888,
    0x0888, 0x0888, 0x0888, 0x0888, 0x0888, 0x0888, 0x0888, 0x0888,
    0x0888, 0x0888, 0x0888, 0x0888, 0x0888, 0x0888, 0x0888, 0x0888,
    0x0888, 0x0888, 0x0888, 0x0888, 0x0888, 0x0888, 0x0888, 0x0888,
    0x0888, 0x0888, 0x0888, 0x0888, 0x0888, 0x0888, 0x0888, 0x0888,
    0x0888, 0x0888, 0x0888, 0x0888, 0x0888, 0x0888, 0x0888, 0x0888,
    0x0888, 0x0888, 0x0888, 0x0888, 0x0888, 0x0888, 0x0888, 0x0888,
    0x0888, 0x0888, 0x0888, 0x0888, 0x0888, 0x0888, 0x0888, 0x0888,
    0x0888, 0x0888, 0x0888, 0x0888, 0x0888, 0x0888, 0x0888, 0x0888,
    0x0888, 0x0888, 0x0888, 0x0888, 0x0888, 0x0888, 0x0888, 0x0888,
    0x0888, 0x0888, 0x0888, 0x0888, 0x0888, 0x0888, 0x0888, 0x0888,
    0x0888, 0x0888, 0x0888, 0x0888, 0x0888, 0x0888, 0x0888, 0x0888,
    0x0888, 0x0888, 0x0888, 0x0888, 0x0888, 0x0888, 0x0888, 0x0888,
    0x0888, 0x0888, 0x0888, 0x0888, 0x0888, 0x0888, 0x0888, 0x0888,
    0x0888, 0x0888, 0x0888, 0x0888, 0x0888, 0x0888, 0x0888, 0x0888,
    0x0888, 0x0888, 0x0888, 0x0888, 0x0888, 0x0888, 0x0888, 0x0888,
    0x0888, 0x0888, 0x0888, 0x0888, 0x0888, 0x0888, 0x0888, 0x0888,
    0x0888, 0x0888, 0x0888, 0x0888, 0x0888, 0x0888, 0x0888, 0x0888,
    0x0888, 0x0888, 0x0888, 0x0888, 0x0888, 0x0888, 0x0888, 0x0888,
    0x0888, 0x0888, 0x0888, 0x0888, 0x0888, 0x0888, 0x0888, 0x0888,
    0x0888, 0x0888, 0x0888, 0x0888, 0x0888, 0x0888, 0x0888, 0x0888,
    0x0888, 0x0888, 0x0888, 0x0888, 0x0888, 0x0888, 0x0888, 0x0888,
    0x0888, 0x0888, 0x0888, 0x0888, 0x0888, 0x0888, 0x0888, 0x0888,
    0x0888, 0x0888, 0x0888, 0x0888, 0x0888, 0x0888, 0x0888, 0x0888,
    0x0888, 0x0888, 0x0888, 0x0888, 0x0888, 0x0888, 0x0888, 0x0888,
    0x0888, 0x0888, 0x0888, 0x0888, 0x0888, 0x0888, 0x0888, 0x0888,
    0x0888, 0x0888, 0x0888, 0x0888, 0x0888, 0x0888, 0x0888, 0x0888,
    0x0888, 0x0888, 0x0888, 0x0888, 0x0888, 0x0888, 0x0888, 0x0888,
    0x0888, 0x0888, 0x0888, 0x0888, 0x0888, 0x0888, 0x0888, 0x0888,
    0x0888, 0x0888, 0x0888, 0x0888, 0x0888, 0x0888, 0x0888, 0x0888,
    0x0888, 0x0888, 0x0888, 0x0888, 0x0888, 0x0888, 0x0888, 0x0888,
    0x0888, 0x0888, 0x0888, 0x0888, 0x0888, 0x0888, 0x0888, 0x0888,
    0x0888, 0x0888, 0x0888, 0x0888, 0x0888, 0x0888, 0x0888, 0x0888,
    0x0888, 0x0888, 0x0888, 0x0888, 0x0888, 0x0888, 0x0888, 0x0888,
    0x0888, 0x0888, 0x0888, 0x0888, 0x0888, 0x0888, 0x0888, 0x0888,
    0x0888, 0x0888, 0x0888, 0x0888, 0x0888, 0x0888, 0x0888, 0x0888,
    0x0888, 0x0888, 0x0888, 0x0888, 0x0888, 0x0888, 0x0888, 0x0888,
    0x0888, 0x0888, 0x0888, 0x0888, 0x0888, 0x0888, 0x0888, 0x0888,
    0x0888, 0x0888, 0x0888, 0x0888, 0x0888, 0x0888, 0x0888, 0x0888,
    0x0888, 0x0888, 0x0888, 0x0888, 0x0888, 0x0888, 0x0888, 0x0888,
    0x0888, 0x0888, 0x0888, 0x0888, 0x0888, 0x0888, 0x0888, 0x0888,
    0x0888, 0x0888, 0x0888, 0x0888, 0x0888, 0x0888, 0x0888, 0x0888,
    0x0888, 0x0888, 0x0888, 0x0888, 0x0888, 0x0888, 0x0888, 0x0888,
    0x0888, 0x0888, 0x0888, 0x0888, 0x0888, 0x0888, 0x0888, 0x0888,
    0x0888, 0x0888, 0x0888, 0x0888, 0x0888, 0x0888, 0x0888, 0x0888,
    0x0888, 0x0888, 0x0888, 0x0888, 0x0888, 0x0888, 0x0888, 0x0888,
    0x0888, 0x0888, 0x0888, 0x0888, 0x0888, 0x0888, 0x0888, 0x0888,
    0x0888, 0x0888, 0x0888, 0x0888, 0x0888, 0x0888, 0x0888, 0x0888,
    0x0888, 0x0888, 0x0888, 0x0888, 0x0888, 0x0888, 0x0888, 0x0888,
    0x0888, 0x0888, 0x0888, 0x0888, 0x0888, 0x0888, 0x0888, 0x0888,
    0x0888, 0x0888, 0x0888, 0x0888, 0x0888, 0x0888, 0x0888, 0x0888,
    0x0888, 0x0888, 0x0888, 0x0888, 0x0888, 0x0888, 0x0888, 0x0888,
    0x0888, 0x0888, 0x0888, 0x0888, 0x0888, 0x0888, 0x0888, 0x0888,
    0x0888, 0x0888, 0x0888, 0x0888, 0x0888, 0x0888, 0x0888, 0x0888,
    0x0888, 0x0888, 0x0888, 0x0888, 0x0888, 0x0888, 0x0888, 0x0888,
    0x0888, 0x0888, 0x0888, 0x0888, 0x0888, 0x0888, 0x0888, 0x0888,
    0x0888, 0x0888, 0x0888, 0x0888, 0x0888, 0x0888, 0x0888, 0x0888,
    0x0888, 0x0888, 0x0888, 0x0888, 0x0888, 0x0888, 0x0888, 0x0888,
    0x0888, 0x0888, 0x0888, 0x0888, 0x0888, 0x0888, 0x0888, 0x0888,
    0x0888, 0x0888, 0x0888, 0x0888, 0x0888, 0x0888, 0x0888, 0x0888,
    0x0888, 0x0888, 0x0888, 0x0888, 0x0888, 0x0888, 0x0888, 0x0888,
    0x0888, 0x0888, 0x0888, 0x0888, 0x0888, 0x0888, 0x0888, 0x0888,
    0x0888, 0x0888, 0x0888, 0x0888, 0x0888, 0x0888, 0x0888, 0x0888,
    0x0888, 0x0888, 0x0888, 0x0888, 0x0888, 0x0888, 0x0888, 0x0888,
    0x0888, 0x0888, 0x0888, 0x0888, 0x0888, 0x0888, 0x0888, 0x0888,
    0x0888, 0x0888, 0x0888, 0x0888, 0x0888, 0x0888, 0x0888, 0x0888,
    0x0888, 0x0888, 0x0888, 0x0888, 0x0888, 0x0888, 0x0888, 0x0888,
    0x0888, 0x0888, 0x0888, 0x0888, 0x0888, 0x0888, 0x0888, 0x0888,
    0x0888, 0x0888, 0x0888, 0x0888, 0x0888, 0x0888, 0x0888, 0x0888,
    0x0888, 0x0888, 0x0888, 0x0888, 0x0888, 0x0888, 0x0888, 0x0888,
    0x0888, 0x0888, 0x0888, 0x0888, 0x0888, 0x0888, 0x0888, 0x0888,
    0x0888, 0x0888, 0x0888, 0x0888, 0x0888, 0x0888, 0x0888, 0x0888,
    0x0888, 0x0888, 0x0888, 0x0888, 0x0888, 0x0888, 0x0888, 0x0888,
    0x0888, 0x0888, 0x0888, 0x0888, 0x0888, 0x0888, 0x0888, 0x0888,
    0x0888, 0x0888, 0x0888, 0x0888, 0x0888, 0x0888, 0x0888, 0x0888,
    0x0888, 0x0888, 0x0888, 0x0888, 0x0888, 0x0888, 0x0888, 0x0888,
    0x0888, 0x0888, 0x0888, 0x0888, 0x0888, 0x0888, 0x0888, 0x0888,
    0x0888, 0x0888, 0x0888, 0x0888, 0x0888, 0x0888, 0x0888, 0x0888,
    0x0888, 0x0888, 0x0888, 0x0888, 0x0888, 0x0888, 0x0888, 0x0888,
    0x0888, 0x0888, 0x0888, 0x0888, 0x0888, 0x0888, 0x0888, 0x0888,
    0x0888, 0x0888, 0x0888, 0x0888, 0x0888, 0x0888, 0x0888, 0x0888,
    0x0888, 0x0888, 0x0888, 0x0888, 0x0888, 0x0888, 0x0888, 0x0888,
    0x0888, 0x0888, 0x0888, 0x0888, 0x0888, 0x0888, 0x0888, 0x0888,
    0x0888, 0x0888, 0x0888, 0x0888, 0x0888, 0x0888, 0x0888, 0x0888,
    0x0888, 0x0888, 0x0888, 0x0888, 0x0888, 0x0888, 0x0888, 0x0888,
    0x0888, 0x0888, 0x0888, 0x0888, 0x0888, 0x0888, 0x0888, 0x0888,
    0x0888, 0x0888, 0x0888, 0x0888, 0x0888, 0x0888, 0x0888, 0x0888,
    0x0888, 0x0888, 0x0888, 0x0888, 0x0888, 0x0888, 0x0888, 0x0888,
    0x0888, 0x0888, 0x0888, 0x0888, 0x0888, 0x0888, 0x0888, 0x0888,
    0x0888, 0x0888, 0x0888, 0x0888, 0x0888, 0x0888, 0x0888, 0x0888,
    0x0888, 0x0888, 0x0888, 0x0888, 0x0888, 0x0888, 0x0888, 0x0888,
    0x0888, 0x0888, 0x0888, 0x0888, 0x0888, 0x0888, 0x0888, 0x0888,
    0x0888, 0x0888, 0x0888, 0x0888, 0x0888, 0x0888, 0x0888, 0x0888,
    0x0888, 0x0888, 0x0888, 0x0888, 0x0888, 0x0888, 0x0888, 0x0888,
    0x0888, 0x0888, 0x0888, 0x0888, 0x0888, 0x0888, 0x0888, 0x0888,
    0x0888, 0x0888, 0x0888, 0x0888, 0x0888, 0x0888, 0x0888, 0x0888,
    0x0888, 0x0888, 0x0888, 0x0888, 0x0888, 0x0888, 0x0888, 0x0888,
    0x0888, 0x0888, 0x0888, 0x0888, 0x0888, 0x0888, 0x0888, 0x0888,
    0x0888, 0x0888, 0x0888, 0x0888, 0x0888, 0x0888, 0x0888, 0x0888,
    0x0888, 0x0888, 0x0888, 0x0888, 0x0888, 0x0888, 0x0888, 0x0888,
    0x0888, 0x0888, 0x0888, 0x0888, 0x0888, 0x0888, 0x0888, 0x0888,
    0x0888, 0x0888, 0x0888, 0x0888, 0x0888, 0x0888, 0x0888, 0x0888,
    0x0888, 0x0888, 0x0888, 0x0888, 0x0888, 0x0888, 0x0888, 0x0888,
    0x0888, 0x0888, 0x0888, 0x0888, 0x0888, 0x0888, 0x0888, 0x0888,
    0x0888, 0x0888, 0x0888, 0x0888, 0x0888, 0x0888, 0x0888, 0x0888,
    0x0888, 0x0888, 0x0888, 0x0888, 0x0888, 0x0888, 0x0888, 0x0888,
    0x0888, 0x0888, 0x0888, 0x0888, 0x0888, 0x0888, 0x0888, 0x0888,
    0x0888, 0x0888, 0x0888, 0x0888, 0x0888, 0x0888, 0x0888, 0x0888,
    0x0888, 0x0888, 0x0888, 0x0888, 0x0888, 0x0888, 0x0888, 0x0888,
    0x0888, 0x0888, 0x0888, 0x0888, 0x0888, 0x0888, 0x0888, 0x0888,
    0x0888, 0x0888, 0x0888, 0x0888, 0x0888, 0x0888, 0x0888, 0x0888,
    0x0888, 0x0888, 0x0888, 0x0888, 0x0888, 0x0888, 0x0888, 0x0888,
    0x0888, 0x0888, 0x0888, 0x0888, 0x0888, 0x0888, 0x0888, 0x0888,
    0x0888, 0x0888, 0x0888, 0x0888, 0x0888, 0x0888, 0x0888, 0x0888,
    0x0888, 0x0888, 0x0888, 0x0888, 0x0888, 0x0888, 0x0888, 0x0888,
    0x0888, 0x0888, 0x0888, 0x0888, 0x0888, 0x0888, 0x0888, 0x0888,
    0x0888, 0x0888, 0x0888, 0x0888, 0x0888, 0x0888, 0x0888, 0x0888,
    0x0888, 0x0888, 0x0888, 0x0888, 0x0888, 0x0888, 0x0888, 0x0888,
    0x0888, 0x0888, 0x0888, 0x0888, 0x0888, 0x0888, 0x0888, 0x0888,
    0x0888, 0x0888, 0x0888, 0x0888, 0x0888, 0x0888, 0x0888, 0x0888,
    0x0888, 0x0888, 0x0888, 0x0888, 0x0888, 0x0888, 0x0888, 0x0888,
    0x0888, 0x0888, 0x0888, 0x0888, 0x0888, 0x0888, 0x0888, 0x0888,
    0x0888, 0x0888, 0x0888, 0x0888, 0x0888, 0x0888, 0x0888, 0x0888,
    0x0888, 0x0888, 0x0888, 0x0888, 0x0888, 0x0888, 0x0888, 0x0888,
    0x0888, 0x0888, 0x0888, 0x0888, 0x0888, 0x0888, 0x0888, 0x0888,
    0x0888, 0x0888, 0x0888, 0x0888, 0x0888, 0x0888, 0x0888, 0x0888,
    0x0888, 0x0888, 0x0888, 0x0888, 0x0888, 0x0888, 0x0888, 0x0888,
    0x0888, 0x0888, 0x0888, 0x0888, 0x0888, 0x0888, 0x0888, 0x0888,
    0x0888, 0x0888, 0x0888, 0x0888, 0x0888, 0x0888, 0x0888, 0x0888,
    0x0888, 0x0888, 0x0888, 0x0888, 0x0888, 0x0888, 0x0888, 0x0888,
    0x0888, 0x0888, 0x0888, 0x0888, 0x0888, 0x0888, 0x0888, 0x0888,
    0x0888, 0x0888, 0x0888, 0x0888, 0x0888, 0x0888, 0x0888, 0x0888,
    0x0888, 0x0888, 0x0888, 0x0888, 0x0888, 0x0888, 0x0888, 0x0888,
    0x0888, 0x0888, 0x0888, 0x0888, 0x0888, 0x0888, 0x0888, 0x0888,
    0x0888, 0x0888, 0x0888, 0x0888, 0x0888, 0x0888, 0x0888, 0x0888,
    0x0888, 0x0888, 0x0888, 0x0888, 0x0888, 0x0888, 0x0888, 0x0888,
    0x0888, 0x0888, 0x0888, 0x0888, 0x0888, 0x0888, 0x0888, 0x0888,
    0x0888, 0x0888, 0x0888, 0x0888, 0x0888, 0x0888, 0x0888, 0x0888,
    0x0888, 0x0888, 0x0888, 0x0888, 0x0888, 0x0888, 0x0888, 0x0888,
    0x0888, 0x0888, 0x0888, 0x0888, 0x0888, 0x0888, 0x0888, 0x0888,
    0x0888, 0x0888, 0x0888, 0x0888, 0x0888, 0x0888, 0x0888, 0x0888,
    0x0888, 0x0888, 0x0888, 0x0888, 0x0888, 0x0888, 0x0888, 0x0888,
    0x0888, 0x0888, 0x0888, 0x0888, 0x0888, 0x0888, 0x0888, 0x0888,
    0x0888, 0x0888, 0x0888, 0x0888, 0x0888, 0x0888, 0x0888, 0x0888,
    0x0888, 0x0888, 0x0888, 0x0888, 0x0888, 0x0888, 0x0888, 0x0888,
    0x0888, 0x0888, 0x0888, 0x0888, 0x0888, 0x0888, 0x0888, 0x0888,
    0x0888, 0x0888, 0x0888, 0x0888, 0x0888, 0x0888, 0x0888, 0x0888,
    0x0888, 0x0888, 0x0888, 0x0888, 0x0888, 0x0888, 0x0888, 0x0888,
    0x0888, 0x0888, 0x0888, 0x0888, 0x0888, 0x0888, 0x0888, 0x0888,
    0x0888, 0x0888, 0x0888, 0x0888, 0x0888, 0x0888, 0x0888, 0x0888,
    0x0888, 0x0888, 0x0888, 0x0888, 0x0888, 0x0888, 0x0888, 0x0888,
    0x0888, 0x0888, 0x0888, 0x0888, 0x0888, 0x0888, 0x0888, 0x0888,
    0x0888, 0x0888, 0x0888, 0x0888, 0x0888, 0x0888, 0x0888, 0x0888,
    0x0888, 0x0888, 0x0888, 0x0888, 0x0888, 0x0888, 0x0888, 0x0888,
    0x0888, 0x0888, 0x0888, 0x0888, 0x0888, 0x0888, 0x0888, 0x0888,
    0x0888, 0x0888, 0x0888, 0x0888, 0x0888, 0x0888, 0x0888, 0x0888,
    0x0888, 0x0888, 0x0888, 0x0888, 0x0888, 0x0888, 0x0888, 0x0888,
    0x0888, 0x0888, 0x0888, 0x0888, 0x0888, 0x0888, 0x0888, 0x0888,
    0x0888, 0x0888, 0x0888, 0x0888, 0x0888, 0x0888, 0x0888, 0x0888,
    0x0888, 0x0888, 0x0888, 0x0888, 0x0888, 0x0888, 0x0888, 0x0888,
    0x0888, 0x0888, 0x0888, 0x0888, 0x0888, 0x0888, 0x0888, 0x0888,
    0x0888, 0x0888, 0x0888, 0x0888, 0x0888, 0x0888, 0x0888, 0x0888,
    0x0888, 0x0888, 0x0888, 0x0888, 0x0888, 0x0888, 0x0888, 0x0888,
    0x0888, 0x0888, 0x0888, 0x0888, 0x0888, 0x0888, 0x0888, 0x0888,
    0x0888, 0x0888, 0x0888, 0x0888, 0x0888, 0x0888, 0x0888, 0x0888,
    0x0888, 0x0888, 0x0888, 0x0888, 0x0888, 0x0888, 0x0888, 0x0888,
    0x0888, 0x0888, 0x0888, 0x0888, 0x0888, 0x0888, 0x0888, 0x0888,
    0x0888, 0x0888, 0x0888, 0x0888, 0x0888, 0x0888, 0x0888, 0x0888,
    0x0888, 0x0888, 0x0888, 0x0888, 0x0888, 0x0888, 0x0888, 0x0888,
    0x0888, 0x0888, 0x0888, 0x0888, 0x0888, 0x0888, 0x0888, 0x0888,
    0x0888, 0x0888, 0x0888, 0x0888, 0x0888, 0x0888, 0x0888, 0x0888,
    0x0888, 0x0888, 0x0888, 0x0888, 0x0888, 0x0888, 0x0888, 0x0888,
    0x0888, 0x0888, 0x0888, 0x0888, 0x0888, 0x0888, 0x0888, 0x0888,
    0x0888, 0x0888, 0x0888, 0x0888, 0x0888, 0x0888, 0x0888, 0x0888,
    0x0888, 0x0888, 0x0888, 0x0888, 0x0888, 0x0888, 0x0888, 0x0888,
    0x0888, 0x0888, 0x0888, 0x0888, 0x0888, 0x0888, 0x0888, 0x0888,
    0x0888, 0x0888, 0x0888, 0x0888, 0x0888, 0x0888, 0x0888, 0x0888,
    0x0888, 0x0888, 0x0888, 0x0888, 0x0888, 0x0888, 0x0888, 0x0888,
    0x0888, 0x0888, 0x0888, 0x0888, 0x0888, 0x0888, 0x0888, 0x0888,
    0x0888, 0x0888, 0x0888, 0x0888, 0x0888, 0x0888, 0x0888, 0x0888,
    0x0888, 0x0888, 0x0888, 0x0888, 0x0888, 0x0888, 0x0888, 0x0888,
    0x0888, 0x0888, 0x0888, 0x0888, 0x0888, 0x0888, 0x0888, 0x0888,
    0x0888, 0x0888, 0x0888, 0x0888, 0x0888, 0x0888, 0x0888, 0x0888,
    0x0888, 0x0888, 0x0888, 0x0888, 0x0888, 0x0888, 0x0888, 0x0888,
    0x0888, 0x0888, 0x0888, 0x0888, 0x0888, 0x0888, 0x0888, 0x0888,
    0x0888, 0x0888, 0x0888, 0x0888, 0x0888, 0x0888, 0x0888, 0x0888,
    0x0888, 0x0888, 0x0888, 0x0888, 0x0888, 0x0888, 0x0888, 0x0888,
    0x0888, 0x0888, 0x0888, 0x0888, 0x0888, 0x0888, 0x0888, 0x0888,
    0x0888, 0x0888, 0x0888, 0x0888, 0x0888, 0x0888, 0x0888, 0x0888,
    0x0888, 0x0888, 0x0888, 0x0888, 0x0888, 0x0888, 0x0888, 0x0888,
    0x0888, 0x0888, 0x0888, 0x0888, 0x0888, 0x0888, 0x0888, 0x0888,
    0x0888, 0x0888, 0x0888, 0x0888, 0x0888, 0x0888, 0x0888, 0x0888,
    0x0888, 0x0888, 0x0888, 0x0888, 0x0888, 0x0888, 0x0888, 0x0888,
    0x0888, 0x0888, 0x0888, 0x0888, 0x0888, 0x0888, 0x0888, 0x0888,
    0x0888, 0x0888, 0x0888, 0x0888, 0x0888, 0x0888, 0x0888, 0x0888,
    0x0888, 0x0888, 0x0888, 0x0888, 0x0888, 0x0888, 0x0888, 0x0888,
    0x0888, 0x0888, 0x0888, 0x0888, 0x0888, 0x0888, 0x0888, 0x0888,
    0x0888, 0x0888, 0x0888, 0x0888, 0x0888, 0x0888, 0x0888, 0x0888,
    0x0888, 0x0888, 0x0888, 0x0888, 0x0888, 0x0888, 0x0888, 0x0888,
    0x0888, 0x0888, 0x0888, 0x0888, 0x0888, 0x0888, 0x0888, 0x0888,
    0x0888, 0x0888, 0x0888, 0x0888, 0x0888, 0x0888, 0x0888, 0x0888,
    0x0888, 0x0888, 0x0888, 0x0888, 0x0888, 0x0888, 0x0888, 0x0888,
    0x0888, 0x0888, 0x0888, 0x0888, 0x0888, 0x0888, 0x0888, 0x0888,
    0x0888, 0x0888, 0x0888, 0x0888, 0x0888, 0x0888, 0x0888, 0x0888,
    0x0888, 0x0888, 0x0888, 0x0888, 0x0888, 0x0888, 0x0888, 0x0888,
    0x0888, 0x0888, 0x0888, 0x0888, 0x0888, 0x0888, 0x0888, 0x0888,
    0x0888, 0x0888, 0x0888, 0x0888, 0x0888, 0x0888, 0x0888, 0x0888,
    0x0888, 0x0888, 0x0888, 0x0888, 0x0888, 0x0888, 0x0888, 0x0888,
    0x0888, 0x0888, 0x0888, 0x0888, 0x0888, 0x0888, 0x0888, 0x0888,
    0x0888, 0x0888, 0x0888, 0x0888, 0x0888, 0x0888, 0x0888, 0x0888,
    0x0888, 0x0888, 0x0888, 0x0888, 0x0888, 0x0888, 0x0888, 0x0888,
    0x0888, 0x0888, 0x0888, 0x0888, 0x0888, 0x0888, 0x0888, 0x0888,
    0x0888, 0x0888, 0x0888, 0x0888, 0x0888, 0x0888, 0x0888, 0x0888,
    0x0888, 0x0888, 0x0888, 0x0888, 0x0888, 0x0888, 0x0888, 0x0888,
    0x0888, 0x0888, 0x0888, 0x0888, 0x0888, 0x0888, 0x0888, 0x0888,
    0x0888, 0x0888, 0x0888, 0x0888, 0x0888, 0x0888, 0x0888, 0x0888,
    0x0888, 0x0888, 0x0888, 0x0888, 0x0888, 0x0888, 0x0888, 0x0888,
    0x0888, 0x0888, 0x0888, 0x0888, 0x0888, 0x0888, 0x0888, 0x0888,
    0x0888, 0x0888, 0x0888, 0x0888, 0x0888, 0x0888, 0x0888, 0x0888,
    0x0888, 0x0888, 0x0888, 0x0888, 0x0888, 0x0888, 0x0888, 0x0888,
    0x0888, 0x0888, 0x0888, 0x0888, 0x0888, 0x0888, 0x0888, 0x0888,
    0x0888, 0x0888, 0x0888, 0x0888, 0x0888, 0x0888, 0x0888, 0x0888,
    0x0888, 0x0888, 0x0888, 0x0888, 0x0888, 0x0888, 0x0888, 0x0888,
    0x0888, 0x0888, 0x0888, 0x0888, 0x0888, 0x0888, 0x0888, 0x0888,
    0x0888, 0x0888, 0x0888, 0x0888, 0x0888, 0x0888, 0x0888, 0x0888,
    0x0888, 0x0888, 0x0888, 0x0888, 0x0888, 0x0888, 0x0888, 0x0888,
    0x0888, 0x0888, 0x0888, 0x0888, 0x0888, 0x0888, 0x0888, 0x0888,
    0x0888, 0x0888, 0x0888, 0x0888, 0x0888, 0x0888, 0x0888, 0x0888,
    0x0888, 0x0888, 0x0888, 0x0888, 0x0888, 0x0888, 0x0888, 0x0888,
    0x0888, 0x0888, 0x0888, 0x0888, 0x0888, 0x0888, 0x0888, 0x0888,
    0x0888, 0x0888, 0x0888, 0x0888, 0x0888, 0x0888, 0x0888, 0x0888,
    0x0888, 0x0888, 0x0888, 0x0888, 0x0888, 0x0888, 0x0888, 0x0888,
    0x0888, 0x0888, 0x0888, 0x0888, 0x0888, 0x0888, 0x0888, 0x0888,
    0x0888, 0x0888, 0x0888, 0x0888, 0x0888, 0x0888, 0x0888, 0x0888,
    0x0888, 0x0888, 0x0888, 0x0888, 0x0888, 0x0888, 0x0888, 0x0888,
    0x0888, 0x0888, 0x0888, 0x0888, 0x0888, 0x0888, 0x0888, 0x0888,
    0x0888, 0x0888, 0x0888, 0x0888, 0x0888, 0x0888, 0x0888, 0x0888,
    0x0888, 0x0888, 0x0888, 0x0888, 0x0888, 0x0888, 0x0888, 0x0888,
    0x0888, 0x0888, 0x0888, 0x0888, 0x0888, 0x0888, 0x0888, 0x0888,
    0x0888, 0x0888, 0x0888, 0x0888, 0x0888, 0x0888, 0x0888, 0x0888,
    0x0888, 0x0888, 0x0888, 0x0888, 0x0888, 0x0888, 0x0888, 0x0888,
    0x0888, 0x0888, 0x0888, 0x0888, 0x0888, 0x0888, 0x0888, 0x0888,
    0x0888, 0x0888, 0x0888, 0x0888, 0x0888, 0x0888, 0x0888, 0x0888,
    0x0888, 0x0888, 0x0888, 0x0888, 0x0888, 0x0888, 0x0888, 0x0888,
    0x0888, 0x0888, 0x0888, 0x0888, 0x0888, 0x0888, 0x0888, 0x0888,
    0x0888, 0x0888, 0x0888, 0x0888, 0x0888, 0x0888, 0x0888, 0x0888,
    0x0888, 0x0888, 0x0888, 0x0888, 0x0888, 0x0888, 0x0888, 0x0888,
    0x0888, 0x0888, 0x0888, 0x0888, 0x0888, 0x0888, 0x0888, 0x0888,
    0x0888, 0x0888, 0x0888, 0x0888, 0x0888, 0x0888, 0x0888, 0x0888,
    0x0888, 0x0888, 0x0888, 0x0888, 0x0888, 0x0888, 0x0888, 0x0888,
    0x0888, 0x0888, 0x0888, 0x0888, 0x0888, 0x0888, 0x0888, 0x0888,
    0x0888, 0x0888, 0x0888, 0x0888, 0x0888, 0x0888, 0x0888, 0x0888,
    0x0888, 0x0888, 0x0888, 0x0888, 0x0888, 0x0888, 0x0888, 0x0888,
    0x0888, 0x0888, 0x0888, 0x0888, 0x0888, 0x0888, 0x0888, 0x0888,
    0x0888, 0x0888, 0x0888, 0x0888, 0x0888, 0x0888, 0x0888, 0x0888,
    0x0888, 0x0888, 0x0888, 0x0888, 0x0888, 0x0888, 0x0888, 0x0888,
    0x0888, 0x0888, 0x0888, 0x0888, 0x0888, 0x0888, 0x0888, 0x0888,
    0x0888, 0x0888, 0x0888, 0x0888, 0x0888, 0x0888, 0x0888, 0x0888,
    0x0888, 0x0888, 0x0888, 0x0888, 0x0888, 0x0888, 0x0888, 0x0888,
    0x0888, 0x0888, 0x0888, 0x0888, 0x0888, 0x0888, 0x0888, 0x0888,
    0x0888, 0x0888, 0x0888, 0x0888, 0x0888, 0x0888, 0x0888, 0x0888,
    0x0888, 0x0888, 0x0888, 0x0888, 0x0888, 0x0888, 0x0888, 0x0888,
    0x0888, 0x0888, 0x0888, 0x0888, 0x0888, 0x0888, 0x0888, 0x0888,
    0x0888, 0x0888, 0x0888, 0x0888, 0x0888, 0x0888, 0x0888, 0x0888,
    0x0888, 0x0888, 0x0888, 0x0888, 0x0888, 0x0888, 0x0888, 0x0888,
    0x0888, 0x0888, 0x0888, 0x0888, 0x0888, 0x0888, 0x0888, 0x0888,
    0x0888, 0x0888, 0x0888, 0x0888, 0x0888, 0x0888, 0x0888, 0x0888,
    0x0888, 0x0888, 0x0888, 0x0888, 0x0888, 0x0888, 0x0888, 0x0888,
    0x0888, 0x0888, 0x0888, 0x0888, 0x0888, 0x0888, 0x0888, 0x0888,
    0x0888, 0x0888, 0x0888, 0x0888, 0x0888, 0x0888, 0x0888, 0x0888,
    0x0888, 0x0888, 0x0888, 0x0888, 0x0888, 0x0888, 0x0888, 0x0888,
    0x0888, 0x0888, 0x0888, 0x0888, 0x0888, 0x0888, 0x0888, 0x0888,
    0x0888, 0x0888, 0x0888, 0x0888, 0x0888, 0x0888, 0x0888, 0x0888,
    0x0888, 0x0888, 0x0888, 0x0888, 0x0888, 0x0888, 0x0888, 0x0888,
    0x0888, 0x0888, 0x0888, 0x0888, 0x0888, 0x0888, 0x0888, 0x0888,
    0x0888, 0x0888, 0x0888, 0x0888, 0x0888, 0x0888, 0x0888, 0x0888,
    0x0888, 0x0888, 0x0888, 0x0888, 0x0888, 0x0888, 0x0888, 0x0888,
    0x0888, 0x0888, 0x0888, 0x0888, 0x0888, 0x0888, 0x0888, 0x0888,
    0x0888, 0x0888, 0x0888, 0x0888, 0x0888, 0x0888, 0x0888, 0x0888,
    0x0888, 0x0888, 0x0888, 0x0888, 0x0888, 0x0888, 0x0888, 0x0888,
    0x0888, 0x0888, 0x0888, 0x0888, 0x0888, 0x0888, 0x0888, 0x0888,
    0x0888, 0x0888, 0x0888, 0x0888, 0x0888, 0x0888, 0x0888, 0x0888,
    0x0888, 0x0888, 0x0888, 0x0888, 0x0888, 0x0888, 0x0888, 0x0888,
    0x0888, 0x0888, 0x0888, 0x0888, 0x0888, 0x0888, 0x0888, 0x0888,
    0x0888, 0x0888, 0x0888, 0x0888, 0x0888, 0x0888, 0x0888, 0x0888,
    0x0888, 0x0888, 0x0888, 0x0888, 0x0888, 0x0888, 0x0888, 0x0888,
    0x0888, 0x0888, 0x0888, 0x0888, 0x0888, 0x0888, 0x0888, 0x0888,
    0x0888, 0x0888, 0x0888, 0x0888, 0x0888, 0x0888, 0x0888, 0x0888,
    0x0888, 0x0888, 0x0888, 0x0888, 0x0888, 0x0888, 0x0888, 0x0888,
    0x0888, 0x0888, 0x0888, 0x0888, 0x0888, 0x0888, 0x0888, 0x0888,
    0x0888, 0x0888, 0x0888, 0x0888, 0x0888, 0x0888, 0x0888, 0x0888,
    0x0888, 0x0888, 0x0888, 0x0888, 0x0888, 0x0888, 0x0888, 0x0888,
    0x0888, 0x0888, 0x0888, 0x0888, 0x0888, 0x0888, 0x0888, 0x0888,
    0x0888, 0x0888, 0x0888, 0x0888, 0x0888, 0x0888, 0x0888, 0x0888,
    0x0888, 0x0888, 0x0888, 0x0888, 0x0888, 0x0888, 0x0888, 0x0888,
    0x0888, 0x0888, 0x0888, 0x0888, 0x0888, 0x0888, 0x0888, 0x0888,
    0x0888, 0x0888, 0x0888, 0x0888, 0x0888, 0x0888, 0x0888, 0x0888,
    0x0888, 0x0888, 0x0888, 0x0888, 0x0888, 0x0888, 0x0888, 0x0888,
    0x0888, 0x0888, 0x0888, 0x0888, 0x0888, 0x0888, 0x0888, 0x0888,
    0x0888, 0x0888, 0x0888, 0x0888, 0x0888, 0x0888, 0x0888, 0x0888,
    0x0888, 0x0888, 0x0888, 0x0888, 0x0888, 0x0888, 0x0888, 0x0888,
    0x0888, 0x0888, 0x0888, 0x0888, 0x0888, 0x0888, 0x0888, 0x0888,
    0x0888, 0x0888, 0x0888, 0x0888, 0x0888, 0x0888, 0x0888, 0x0888,
    0x0888, 0x0888, 0x0888, 0x0888, 0x0888, 0x0888, 0x0888, 0x0888,
    0x0888, 0x0888, 0x0888, 0x0888, 0x0888, 0x0888, 0x0888, 0x0888,
    0x0888, 0x0888, 0x0888, 0x0888, 0x0888, 0x0888, 0x0888, 0x0888,
    0x0888, 0x0888, 0x0888, 0x0888, 0x0888, 0x0888, 0x0888, 0x0888,
    0x0888, 0x0888, 0x0888, 0x0888, 0x0888, 0x0888, 0x0888, 0x0888,
    0x0888, 0x0888, 0x0888, 0x0888, 0x0888, 0x0888, 0x0888, 0x0888,
    0x0888, 0x0888, 0x0888, 0x0888, 0x0888, 0x0888, 0x0888, 0x0888,
    0x0888, 0x0888, 0x0888, 0x0888, 0x0888, 0x0888, 0x0888, 0x0888,
    0x0888, 0x0888, 0x0888, 0x0888, 0x0888, 0x0888, 0x0888, 0x0888,
    0x0888, 0x0888, 0x0888, 0x0888, 0x0888, 0x0888, 0x0888, 0x0888,
    0x0888, 0x0888, 0x0888, 0x0888, 0x0888, 0x0888, 0x0888, 0x0888,
    0x0888, 0x0888, 0x0888, 0x0888, 0x0888, 0x0888, 0x0888, 0x0888,
    0x0888, 0x0888, 0x0888, 0x0888, 0x0888, 0x0888, 0x0888, 0x0888,
    0x0888, 0x0888, 0x0888, 0x0888, 0x0888, 0x0888, 0x0888, 0x0888,
    0x0888, 0x0888, 0x0888, 0x0888, 0x0888, 0x0888, 0x0888, 0x0888,
    0x0888, 0x0888, 0x0888, 0x0888, 0x0888, 0x0888, 0x0888, 0x0888,
    0x0888, 0x0888, 0x0888, 0x0888, 0x0888, 0x0888, 0x0888, 0x0888,
    0x0888, 0x0888, 0x0888, 0x0888, 0x0888, 0x0888, 0x0888, 0x0888,
    0x0888, 0x0888, 0x0888, 0x0888, 0x0888, 0x0888, 0x0888, 0x0888,
    0x0888, 0x0888, 0x0888, 0x0888, 0x0888, 0x0888, 0x0888, 0x0888,
    0x0888, 0x0888, 0x0888, 0x0888, 0x0888, 0x0888, 0x0888, 0x0888,
    0x0888, 0x0888, 0x0888, 0x0888, 0x0888, 0x0888, 0x0888, 0x0888,
    0x0888, 0x0888, 0x0888, 0x0888, 0x0888, 0x0888, 0x0888, 0x0888,
    0x0888, 0x0888, 0x0888, 0x0888, 0x0888, 0x0888, 0x0888, 0x0888,
    0x0888, 0x0888, 0x0888, 0x0888, 0x0888, 0x0888, 0x0888, 0x0888,
    0x0888, 0x0888, 0x0888, 0x0888, 0x0888, 0x0888, 0x0888, 0x0888,
    0x0888, 0x0888, 0x0888, 0x0888, 0x0888, 0x0888, 0x0888, 0x0888,
    0x0888, 0x0888, 0x0888, 0x0888, 0x0888, 0x0888, 0x0888, 0x0888,
    0x0888, 0x0888, 0x0888, 0x0888, 0x0888, 0x0888, 0x0888, 0x0888,
    0x0888, 0x0888, 0x0888, 0x0888, 0x0888, 0x0888, 0x0888, 0x0888,
    0x0888, 0x0888, 0x0888, 0x0888, 0x0888, 0x0888, 0x0888, 0x0888,
    0x0888, 0x0888, 0x0888, 0x0888, 0x0888, 0x0888, 0x0888, 0x0888,
    0x0888, 0x0888, 0x0888, 0x0888, 0x0888, 0x0888, 0x0888, 0x0888,
    0x0888, 0x0888, 0x0888, 0x0888, 0x0888, 0x0888, 0x0888, 0x0888,
    0x0888, 0x0888, 0x0888, 0x0888, 0x0888, 0x0888, 0x0888, 0x0888,
    0x0888, 0x0888, 0x0888, 0x0888, 0x0888, 0x0888, 0x0888, 0x0888,
    0x0888, 0x0888, 0x0888, 0x0888, 0x0888, 0x0888, 0x0888, 0x0888,
    0x0888, 0x0888, 0x0888, 0x0888, 0x0888, 0x0888, 0x0888, 0x0888,
    0x0888, 0x0888, 0x0888, 0x0888, 0x0888, 0x0888, 0x0888, 0x0888,
    0x0888, 0x0888, 0x0888, 0x0888, 0x0888, 0x0888, 0x0888, 0x0888,
    0x0888, 0x0888, 0x0888, 0x0888, 0x0888, 0x0888, 0x0888, 0x0888,
    0x0888, 0x0888, 0x0888, 0x0888, 0x0888, 0x0888, 0x0888, 0x0888,
    0x0888, 0x0888, 0x0888, 0x0888, 0x0888, 0x0888, 0x0888, 0x0888,
    0x0888, 0x0888, 0x0888, 0x0888, 0x0888, 0x0888, 0x0888, 0x0888,
    0x0888, 0x0888, 0x0888, 0x0888, 0x0888, 0x0888, 0x0888, 0x0888,
    0x0888, 0x0888, 0x0888, 0x0888, 0x0888, 0x0888, 0x0888, 0x0888,
    0x0888, 0x0888, 0x0888, 0x0888, 0x0888, 0x0888, 0x0888, 0x0888,
    0x0888, 0x0888, 0x0888, 0x0888, 0x0888, 0x0888, 0x0888, 0x0888,
    0x0888, 0x0888, 0x0888, 0x0888, 0x0888, 0x0888, 0x0888, 0x0888,
    0x0888, 0x0888, 0x0888, 0x0888, 0x0888, 0x0888, 0x0888, 0x0888,
    0x0888, 0x0888, 0x0888, 0x0888, 0x0888, 0x0888, 0x0888, 0x0888,
    0x0888, 0x0888, 0x0888, 0x0888, 0x0888, 0x0888, 0x0888, 0x0888,
    0x0888, 0x0888, 0x0888, 0x0888, 0x0888, 0x0888, 0x0888, 0x0888,
    0x0888, 0x0888, 0x0888, 0x0888, 0x0888, 0x0888, 0x0888, 0x0888,
    0x0888, 0x0888, 0x0888, 0x0888, 0x0888, 0x0888, 0x0888, 0x0888,
    0x0888, 0x0888, 0x0888, 0x0888, 0x0888, 0x0888, 0x0888, 0x0888,
    0x0888, 0x0888, 0x0888, 0x0888, 0x0888, 0x0888, 0x0888, 0x0888,
    0x0888, 0x0888, 0x0888, 0x0888, 0x0888, 0x0888, 0x0888, 0x0888,
    0x0888, 0x0888, 0x0888, 0x0888, 0x0888, 0x0888, 0x0888, 0x0888,
    0x0888, 0x0888, 0x0888, 0x0888, 0x0888, 0x0888, 0x0888, 0x0888,
    0x0888, 0x0888, 0x0888, 0x0888, 0x0888, 0x0888, 0x0888, 0x0888,
    0x0888, 0x0888, 0x0888, 0x0888, 0x0888, 0x0888, 0x0888, 0x0888,
    0x0888, 0x0888, 0x0888, 0x0888, 0x0888, 0x0888, 0x0888, 0x0888,
    0x0888, 0x0888, 0x0888, 0x0888, 0x0888, 0x0888, 0x0888, 0x0888,
    0x0888, 0x0888, 0x0888, 0x0888, 0x0888, 0x0888, 0x0888, 0x0888,
    0x0888, 0x0888, 0x0888, 0x0888, 0x0888, 0x0888, 0x0888, 0x0888,
    0x0888, 0x0888, 0x0888, 0x0888, 0x0888, 0x0888, 0x0888, 0x0888,
    0x0888, 0x0888, 0x0888, 0x0888, 0x0888, 0x0888, 0x0888, 0x0888,
    0x0888, 0x0888, 0x0888, 0x0888, 0x0888, 0x0888, 0x0888, 0x0888,
    0x0888, 0x0888, 0x0888, 0x0888, 0x0888, 0x0888, 0x0888, 0x0888,
    0x0888, 0x0888, 0x0888, 0x0888, 0x0888, 0x0888, 0x0888, 0x0888,
    0x0888, 0x0888, 0x0888, 0x0888, 0x0888, 0x0888, 0x0888, 0x0888,
    0x0888, 0x0888, 0x0888, 0x0888, 0x0888, 0x0888, 0x0888, 0x0888,
    0x0888, 0x0888, 0x0888, 0x0888, 0x0888, 0x0888, 0x0888, 0x0888,
    0x0888, 0x0888, 0x0888, 0x0888, 0x0888, 0x0888, 0x0888, 0x0888,
    0x0888, 0x0888, 0x0888, 0x0888, 0x0888, 0x0888, 0x0888, 0x0888,
    0x0888, 0x0888, 0x0888, 0x0888, 0x0888, 0x0888, 0x0888, 0x0888,
    0x0888, 0x0888, 0x0888, 0x0888, 0x0888, 0x0888, 0x0888, 0x0888,
    0x0888, 0x0888, 0x0888, 0x0888, 0x0888, 0x0888, 0x0888, 0x0888,
    0x0888, 0x0888, 0x0888, 0x0888, 0x0888, 0x0888, 0x0888, 0x0888,
    0x0888, 0x0888, 0x0888, 0x0888, 0x0888, 0x0888, 0x0888, 0x0888,
    0x0888, 0x0888, 0x0888, 0x0888, 0x0888, 0x0888, 0x0888, 0x0888,
    0x0888, 0x0888, 0x0888, 0x0888, 0x0888, 0x0888, 0x0888, 0x0888,
    0x0888, 0x0888, 0x0888, 0x0888, 0x0888, 0x0888, 0x0888, 0x0888,
    0x0888, 0x0888, 0x0888, 0x0888, 0x0888, 0x0888, 0x0888, 0x0888,
    0x0888, 0x0888, 0x0888, 0x0888, 0x0888, 0x0888, 0x0888, 0x0888,
    0x0888, 0x0888, 0x0888, 0x0888, 0x0888, 0x0888, 0x0888, 0x0888,
    0x0888, 0x0888, 0x0888, 0x0888, 0x0888, 0x0888, 0x0888, 0x0888,
    0x0888, 0x0888, 0x0888, 0x0888, 0x0888, 0x0888, 0x0888, 0x0888,
    0x0888, 0x0888, 0x0888, 0x0888, 0x0888, 0x0888, 0x0888, 0x0888,
    0x0888, 0x0888, 0x0888, 0x0888, 0x0888, 0x0888, 0x0888, 0x0888,
    0x0888, 0x0888, 0x0888, 0x0888, 0x0888, 0x0888, 0x0888, 0x0888,
    0x0888, 0x0888, 0x0888, 0x0888, 0x0888, 0x0888, 0x0888, 0x0888,
    0x0888, 0x0888, 0x0888, 0x0888, 0x0888, 0x0888, 0x0888, 0x0888,
    0x0888, 0x0888, 0x0888, 0x0888, 0x0888, 0x0888, 0x0888, 0x0888,
    0x0888, 0x0888, 0x0888, 0x0888, 0x0888, 0x0888, 0x0888, 0x0888,
    0x0888, 0x0888, 0x0888, 0x0888, 0x0888, 0x0888, 0x0888, 0x0888,
    0x0888, 0x0888, 0x0888, 0x0888, 0x0888, 0x0888, 0x0888, 0x0888,
    0x0888, 0x0888, 0x0888, 0x0888, 0x0888, 0x0888, 0x0888, 0x0888,
    0x0888, 0x0888, 0x0888, 0x0888, 0x0888, 0x0888, 0x0888, 0x0888,
    0x0888, 0x0888, 0x0888, 0x0888, 0x0888, 0x0888, 0x0888, 0x0888,
    0x0888, 0x0888, 0x0888, 0x0888, 0x0888, 0x0888, 0x0888, 0x0888,
    0x0888, 0x0888, 0x0888, 0x0888, 0x0888, 0x0888, 0x0888, 0x0888,
    0x0888, 0x0888, 0x0888, 0x0888, 0x0888, 0x0888, 0x0888, 0x0888,
    0x0888, 0x0888, 0x0888, 0x0888, 0x0888, 0x0888, 0x0888, 0x0888,
    0x0888, 0x0888, 0x0888, 0x0888, 0x0888, 0x0888, 0x0888, 0x0888,
    0x0888, 0x0888, 0x0888, 0x0888, 0x0888, 0x0888, 0x0888, 0x0888,
    0x0888, 0x0888, 0x0888, 0x0888, 0x0888, 0x0888, 0x0888, 0x0888,
    0x0888, 0x0888, 0x0888, 0x0888, 0x0888, 0x0888, 0x0888, 0x0888,
    0x0888, 0x0888, 0x0888, 0x0888, 0x0888, 0x0888, 0x0888, 0x0888,
    0x0888, 0x0888, 0x0888, 0x0888, 0x0888, 0x0888, 0x0888, 0x0888,
    0x0888, 0x0888, 0x0888, 0x0888, 0x0888, 0x0888, 0x0888, 0x0888,
    0x0888, 0x0888, 0x0888, 0x0888, 0x0888, 0x0888, 0x0888, 0x0888,
    0x0888, 0x0888, 0x0888, 0x0888, 0x0888, 0x0888, 0x0888, 0x0888,
    0x0888, 0x0888, 0x0888, 0x0888, 0x0888, 0x0888, 0x0888, 0x0888,
    0x0888, 0x0888, 0x0888, 0x0888, 0x0888, 0x0888, 0x0888, 0x0888,
    0x0888, 0x0888, 0x0888, 0x0888, 0x0888, 0x0888, 0x0888, 0x0888,
    0x0888, 0x0888, 0x0888, 0x0888, 0x0888, 0x0888, 0x0888, 0x0888,
    0x0888, 0x0888, 0x0888, 0x0888, 0x0888, 0x0888, 0x0888, 0x0888,
    0x0888, 0x0888, 0x0888, 0x0888, 0x0888, 0x0888, 0x0888, 0x0888,
    0x0888, 0x0888, 0x0888, 0x0888, 0x0888, 0x0888, 0x0888, 0x0888,
    0x0888, 0x0888, 0x0888, 0x0888, 0x0888, 0x0888, 0x0888, 0x0888,
    0x0888, 0x0888, 0x0888, 0x0888, 0x0888, 0x0888, 0x0888, 0x0888,
    0x0888, 0x0888, 0x0888, 0x0888, 0x0888, 0x0888, 0x0888, 0x0888,
    0x0888, 0x0888, 0x0888, 0x0888, 0x0888, 0x0888, 0x0888, 0x0888,
    0x0888, 0x0888, 0x0888, 0x0888, 0x0888, 0x0888, 0x0888, 0x0888,
    0x0888, 0x0888, 0x0888, 0x0888, 0x0888, 0x0888, 0x0888, 0x0888,
    0x0888, 0x0888, 0x0888, 0x0888, 0x0888, 0x0888, 0x0888, 0x0888,
    0x0888, 0x0888, 0x0888, 0x0888, 0x0888, 0x0888, 0x0888, 0x0888,
    0x0888, 0x0888, 0x0888, 0x0888, 0x0888, 0x0888, 0x0888, 0x0888,
    0x0888, 0x0888, 0x0888, 0x0888, 0x0888, 0x0888, 0x0888, 0x0888,
    0x0888, 0x0888, 0x0888, 0x0888, 0x0888, 0x0888, 0x0888, 0x0888,
    0x0888, 0x0888, 0x0888, 0x0888, 0x0888, 0x0888, 0x0888, 0x0888,
    0x0888, 0x0888, 0x0888, 0x0888, 0x0888, 0x0888, 0x0888, 0x0888,
    0x0888, 0x0888, 0x0888, 0x0888, 0x0888, 0x0888, 0x0888, 0x0888,
    0x0888, 0x0888, 0x0888, 0x0888, 0x0888, 0x0888, 0x0888, 0x0888,
    0x0888, 0x0888, 0x0888, 0x0888, 0x0888, 0x0888, 0x0888, 0x0888,
    0x0888, 0x0888, 0x0888, 0x0888, 0x0888, 0x0888, 0x0888, 0x0888,
    0x0888, 0x0888, 0x0888, 0x0888, 0x0888, 0x0888, 0x0888, 0x0888,
    0x0888, 0x0888, 0x0888, 0x0888, 0x0888, 0x0888, 0x0888, 0x0888,
    0x0888, 0x0888, 0x0888, 0x0888, 0x0888, 0x0888, 0x0888, 0x0888,
    0x0888, 0x0888, 0x0888, 0x0888, 0x0888, 0x0888, 0x0888, 0x0888,
    0x0888, 0x0888, 0x0888, 0x0888, 0x0888, 0x0888, 0x0888, 0x0888,
    0x0888, 0x0888, 0x0888, 0x0888, 0x0888, 0x0888, 0x0888, 0x0888,
    0x0888, 0x0888, 0x0888, 0x0888, 0x0888, 0x0888, 0x0888, 0x0888,
    0x0888, 0x0888, 0x0888, 0x0888, 0x0888, 0x0888, 0x0888, 0x0888,
    0x0888, 0x0888, 0x0888, 0x0888, 0x0888, 0x0888, 0x0888, 0x0888,
    0x0888, 0x0888, 0x0888, 0x0888, 0x0888, 0x0888, 0x0888, 0x0888,
    0x0888, 0x0888, 0x0888, 0x0888, 0x0888, 0x0888, 0x0888, 0x0888,
    0x0888, 0x0888, 0x0888, 0x0888, 0x0888, 0x0888, 0x0888, 0x0888,
    0x0888, 0x0888, 0x0888, 0x0888, 0x0888, 0x0888, 0x0888, 0x0888,
    0x0888, 0x0888, 0x0888, 0x0888, 0x0888, 0x0888, 0x0888, 0x0888,
    0x0888, 0x0888, 0x0888, 0x0888, 0x0888, 0x0888, 0x0888, 0x0888,
    0x0888, 0x0888, 0x0888, 0x0888, 0x0888, 0x0888, 0x0888, 0x0888,
    0x0888, 0x0888, 0x0888, 0x0888, 0x0888, 0x0888, 0x0888, 0x0888,
    0x0888, 0x0888, 0x0888, 0x0888, 0x0888, 0x0888, 0x0888, 0x0888,
    0x0888, 0x0888, 0x0888, 0x0888, 0x0888, 0x0888, 0x0888, 0x0888,
    0x0888, 0x0888, 0x0888, 0x0888, 0x0888, 0x0888, 0x0888, 0x0888,
    0x0888, 0x0888, 0x0888, 0x0888, 0x0888, 0x0888, 0x0888, 0x0888,
    0x0888, 0x0888, 0x0888, 0x0888, 0x0888, 0x0888, 0x0888, 0x0888,
    0x0888, 0x0888, 0x0888, 0x0888, 0x0888, 0x0888, 0x0888, 0x0888,
    0x0888, 0x0888, 0x0888, 0x0888, 0x0888, 0x0888, 0x0888, 0x0888,
    0x0888, 0x0888, 0x0888, 0x0888, 0x0888, 0x0888, 0x0888, 0x0888,
    0x0888, 0x0888, 0x0888, 0x0888, 0x0888, 0x0888, 0x0888, 0x0888,
    0x0888, 0x0888, 0x0888, 0x0888, 0x0888, 0x0888, 0x0888, 0x0888,
    0x0888, 0x0888, 0x0888, 0x0888, 0x0888, 0x0888, 0x0888, 0x0888,
    0x0888, 0x0888, 0x0888, 0x0888, 0x0888, 0x0888, 0x0888, 0x0888,
    0x0888, 0x0888, 0x0888, 0x0888, 0x0888, 0x0888, 0x0888, 0x0888,
    0x0888, 0x0888, 0x0888, 0x0888, 0x0888, 0x0888, 0x0888, 0x0888,
    0x0888, 0x0888, 0x0888, 0x0888, 0x0888, 0x0888, 0x0888, 0x0888,
    0x0888, 0x0888, 0x0888, 0x0888, 0x0888, 0x0888, 0x0888, 0x0888,
    0x0888, 0x0888, 0x0888, 0x0888, 0x0888, 0x0888, 0x0888, 0x0888,
    0x0888, 0x0888, 0x0888, 0x0888, 0x0888, 0x0888, 0x0888, 0x0888,
    0x0888, 0x0888, 0x0888, 0x0888, 0x0888, 0x0888, 0x0888, 0x0888,
    0x0888, 0x0888, 0x0888, 0x0888, 0x0888, 0x0888, 0x0888, 0x0888,
    0x0888, 0x0888, 0x0888, 0x0888, 0x0888, 0x0888, 0x0888, 0x0888,
    0x0888, 0x0888, 0x0888, 0x0888, 0x0888, 0x0888, 0x0888, 0x0888,
    0x0888, 0x0888, 0x0888, 0x0888, 0x0888, 0x0888, 0x0888, 0x0888,
    0x0888, 0x0888, 0x0888, 0x0888, 0x0888, 0x0888, 0x0888, 0x0888,
    0x0888, 0x0888, 0x0888, 0x0888, 0x0888, 0x0888, 0x0888, 0x0888,
    0x0888, 0x0888, 0x0888, 0x0888, 0x0888, 0x0888, 0x0888, 0x0888,
    0x0888, 0x0888, 0x0888, 0x0888, 0x0888, 0x0888, 0x0888, 0x0888,
    0x0888, 0x0888, 0x0888, 0x0888, 0x0888, 0x0888, 0x0888, 0x0888,
    0x0888, 0x0888, 0x0888, 0x0888, 0x0888, 0x0888, 0x0888, 0x0888,
    0x0888, 0x0888, 0x0888, 0x0888, 0x0888, 0x0888, 0x0888, 0x0888,
    0x0888, 0x0888, 0x0888, 0x0888, 0x0888, 0x0888, 0x0888, 0x0888,
    0x0888, 0x0888, 0x0888, 0x0888, 0x0888, 0x0888, 0x0888, 0x0888,
    0x0888, 0x0888, 0x0888, 0x0888, 0x0888, 0x0888, 0x0888, 0x0888,
    0x0888, 0x0888, 0x0888, 0x0888, 0x0888, 0x0888, 0x0888, 0x0888,
    0x0888, 0x0888, 0x0888, 0x0888, 0x0888, 0x0888, 0x0888, 0x0888,
    0x0888, 0x0888, 0x0888, 0x0888, 0x0888, 0x0888, 0x0888, 0x0888,
    0x0888, 0x0888, 0x0888, 0x0888, 0x0888, 0x0888, 0x0888, 0x0888,
    0x0888, 0x0888, 0x0888, 0x0888, 0x0888, 0x0888, 0x0888, 0x0888,
    0x0888, 0x0888, 0x0888, 0x0888, 0x0888, 0x0888, 0x0888, 0x0888,
    0x0888, 0x0888, 0x0888, 0x0888, 0x0888, 0x0888, 0x0888, 0x0888,
    0x0888, 0x0888, 0x0888, 0x0888, 0x0888, 0x0888, 0x0888, 0x0888,
    0x0888, 0x0888, 0x0888, 0x0888, 0x0888, 0x0888, 0x0888, 0x0888,
    0x0888, 0x0888, 0x0888, 0x0888, 0x0888, 0x0888, 0x0888, 0x0888,
    0x0888, 0x0888, 0x0888, 0x0888, 0x0888, 0x0888, 0x0888, 0x0888,
    0x0888, 0x0888, 0x0888, 0x0888, 0x0888, 0x0888, 0x0888, 0x0888,
    0x0888, 0x0888, 0x0888, 0x0888, 0x0888, 0x0888, 0x0888, 0x0888,
    0x0888, 0x0888, 0x0888, 0x0888, 0x0888, 0x0888, 0x0888, 0x0888,
    0x0888, 0x0888, 0x0888, 0x0888, 0x0888, 0x0888, 0x0888, 0x0888,
    0x0888, 0x0888, 0x0888, 0x0888, 0x0888, 0x0888, 0x0888, 0x0888,
    0x0888, 0x0888, 0x0888, 0x0888, 0x0888, 0x0888, 0x0888, 0x0888,
    0x0888, 0x0888, 0x0888, 0x0888, 0x0888, 0x0888, 0x0888, 0x0888,
    0x0888, 0x0888, 0x0888, 0x0888, 0x0888, 0x0888, 0x0888, 0x0888,
    0x0888, 0x0888, 0x0888, 0x0888, 0x0888, 0x0888, 0x0888, 0x0888,
    0x0888, 0x0888, 0x0888, 0x0888, 0x0888, 0x0888, 0x0888, 0x0888,
    0x0888, 0x0888, 0x0888, 0x0888, 0x0888, 0x0888, 0x0888, 0x0888,
    0x0888, 0x0888, 0x0888, 0x0888, 0x0888, 0x0888, 0x0888, 0x0888,
    0x0888, 0x0888, 0x0888, 0x0888, 0x0888, 0x0888, 0x0888, 0x0888,
    0x0888, 0x0888, 0x0888, 0x0888, 0x0888, 0x0888, 0x0888, 0x0888,
    0x0888, 0x0888, 0x0888, 0x0888, 0x0888, 0x0888, 0x0888, 0x0888,
    0x0888, 0x0888, 0x0888, 0x0888, 0x0888, 0x0888, 0x0888, 0x0888,
    0x0888, 0x0888, 0x0888, 0x0888, 0x0888, 0x0888, 0x0888, 0x0888,
    0x0888, 0x0888, 0x0888, 0x0888, 0x0888, 0x0888, 0x0888, 0x0888,
    0x0888, 0x0888, 0x0888, 0x0888, 0x0888, 0x0888, 0x0888, 0x0888,
    0x0888, 0x0888, 0x0888, 0x0888, 0x0888, 0x0888, 0x0888, 0x0888,
    0x0888, 0x0888, 0x0888, 0x0888, 0x0888, 0x0888, 0x0888, 0x0888,
    0x0888, 0x0888, 0x0888, 0x0888, 0x0888, 0x0888, 0x0888, 0x0888,
    0x0888, 0x0888, 0x0888, 0x0888, 0x0888, 0x0888, 0x0888, 0x0888,
    0x0888, 0x0888, 0x0888, 0x0888, 0x0888, 0x0888, 0x0888, 0x0888,
    0x0888, 0x0888, 0x0888, 0x0888, 0x0888, 0x0888, 0x0888, 0x0888,
    0x0888, 0x0888, 0x0888, 0x0888, 0x0888, 0x0888, 0x0888, 0x0888,
    0x0888, 0x0888, 0x0888, 0x0888, 0x0888, 0x0888, 0x0888, 0x0888,
    0x0888, 0x0888, 0x0888, 0x0888, 0x0888, 0x0888, 0x0888, 0x0888,
    0x0888, 0x0888, 0x0888, 0x0888, 0x0888, 0x0888, 0x0888, 0x0888,
    0x0888, 0x0888, 0x0888, 0x0888, 0x0888, 0x0888, 0x0888, 0x0888,
    0x0888, 0x0888, 0x0888, 0x0888, 0x0888, 0x0888, 0x0888, 0x0888,
    0x0888, 0x0888, 0x0888, 0x0888, 0x0888, 0x0888, 0x0888, 0x0888,
    0x0888, 0x0888, 0x0888, 0x0888, 0x0888, 0x0888, 0x0888, 0x0888,
    0x0888, 0x0888, 0x0888, 0x0888, 0x0888, 0x0888, 0x0888, 0x0888,
    0x0888, 0x0888, 0x0888, 0x0888, 0x0888, 0x0888, 0x0888, 0x0888,
    0x0888, 0x0888, 0x0888, 0x0888, 0x0888, 0x0888, 0x0888, 0x0888,
    0x0888, 0x0888, 0x0888, 0x0888, 0x0888, 0x0888, 0x0888, 0x0888,
    0x0888, 0x0888, 0x0888, 0x0888, 0x0888, 0x0888, 0x0888, 0x0888,
    0x0888, 0x0888, 0x0888, 0x0888, 0x0888, 0x0888, 0x0888, 0x0888,
    0x0888, 0x0888, 0x0888, 0x0888, 0x0888, 0x0888, 0x0888, 0x0888,
    0x0888, 0x0888, 0x0888, 0x0888, 0x0888, 0x0888, 0x0888, 0x0888,
    0x0888, 0x0888, 0x0888, 0x0888, 0x0888, 0x0888, 0x0888, 0x0888,
    0x0888, 0x0888, 0x0888, 0x0888, 0x0888, 0x0888, 0x0888, 0x0888,
    0x0888, 0x0888, 0x0888, 0x0888, 0x0888, 0x0888, 0x0888, 0x0888,
    0x0888, 0x0888, 0x0888, 0x0888, 0x0888, 0x0888, 0x0888, 0x0888,
    0x0888, 0x0888, 0x0888, 0x0888, 0x0888, 0x0888, 0x0888, 0x0888,
    0x0888, 0x0888, 0x0888, 0x0888, 0x0888, 0x0888, 0x0888, 0x0888,
    0x0888, 0x0888, 0x0888, 0x0888, 0x0888, 0x0888, 0x0888, 0x0888,
    0x0888, 0x0888, 0x0888, 0x0888, 0x0888, 0x0888, 0x0888, 0x0888,
    0x0888, 0x0888, 0x0888, 0x0888, 0x0888, 0x0888, 0x0888, 0x0888,
    0x0888, 0x0888, 0x0888, 0x0888, 0x0888, 0x0888, 0x0888, 0x0888,
    0x0888, 0x0888, 0x0888, 0x0888, 0x0888, 0x0888, 0x0888, 0x0888,
    0x0888, 0x0888, 0x0888, 0x0888, 0x0888, 0x0888, 0x0888, 0x0888,
    0x0888, 0x0888, 0x0888, 0x0888, 0x0888, 0x0888, 0x0888, 0x0888,
    0x0888, 0x0888, 0x0888, 0x0888, 0x0888, 0x0888, 0x0888, 0x0888,
    0x0888, 0x0888, 0x0888, 0x0888, 0x0888, 0x0888, 0x0888, 0x0888,
    0x0888, 0x0888, 0x0888, 0x0888, 0x0888, 0x0888, 0x0888, 0x0888,
    0x0888, 0x0888, 0x0888, 0x0888, 0x0888, 0x0888, 0x0888, 0x0888,
    0x0888, 0x0888, 0x0888, 0x0888, 0x0888, 0x0888, 0x0888, 0x0888,
    0x0888, 0x0888, 0x0888, 0x0888, 0x0888, 0x0888, 0x0888, 0x0888,
    0x0888, 0x0888, 0x0888, 0x0888, 0x0888, 0x0888, 0x0888, 0x0888,
    0x0888, 0x0888, 0x0888, 0x0888, 0x0888, 0x0888, 0x0888, 0x0888,
    0x0888, 0x0888, 0x0888, 0x0888, 0x0888, 0x0888, 0x0888, 0x0888,
    0x0888, 0x0888, 0x0888, 0x0888, 0x0888, 0x0888, 0x0888, 0x0888,
    0x0888, 0x0888, 0x0888, 0x0888, 0x0888, 0x0888, 0x0888, 0x0888,
    0x0888, 0x0888, 0x0888, 0x0888, 0x0888, 0x0888, 0x0888, 0x0888,
    0x0888, 0x0888, 0x0888, 0x0888, 0x0888, 0x0888, 0x0888, 0x0888,
    0x0888, 0x0888, 0x0888, 0x0888, 0x0888, 0x0888, 0x0888, 0x0888,
    0x0888, 0x0888, 0x0888, 0x0888, 0x0888, 0x0888, 0x0888, 0x0888,
    0x0888, 0x0888, 0x0888, 0x0888, 0x0888, 0x0888, 0x0888, 0x0888,
    0x0888, 0x0888, 0x0888, 0x0888, 0x0888, 0x0888, 0x0888, 0x0888,
    0x0888, 0x0888, 0x0888, 0x0888, 0x0888, 0x0888, 0x0888, 0x0888,
    0x0888, 0x0888, 0x0888, 0x0888, 0x0888, 0x0888, 0x0888, 0x0888,
    0x0888, 0x0888, 0x0888, 0x0888, 0x0888, 0x0888, 0x0888, 0x0888,
    0x0888, 0x0888, 0x0888, 0x0888, 0x0888, 0x0888, 0x0888, 0x0888,
    0x0888, 0x0888, 0x0888, 0x0888, 0x0888, 0x0888, 0x0888, 0x0888,
    0x0888, 0x0888, 0x0888, 0x0888, 0x0888, 0x0888, 0x0888, 0x0888,
    0x0888, 0x0888, 0x0888, 0x0888, 0x0888, 0x0888, 0x0888, 0x0888,
    0x0888, 0x0888, 0x0888, 0x0888, 0x0888, 0x0888, 0x0888, 0x0888,
    0x0888, 0x0888, 0x0888, 0x0888, 0x0888, 0x0888, 0x0888, 0x0888,
    0x0888, 0x0888, 0x0888, 0x0888, 0x0888, 0x0888, 0x0888, 0x0888,
    0x0888, 0x0888, 0x0888, 0x0888, 0x0888, 0x0888, 0x0888, 0x0888,
    0x0888, 0x0888, 0x0888, 0x0888, 0x0888, 0x0888, 0x0888, 0x0888,
    0x0888, 0x0888, 0x0888, 0x0888, 0x0888, 0x0888, 0x0888, 0x0888,
    0x0888, 0x0888, 0x0888, 0x0888, 0x0888, 0x0888, 0x0888, 0x0888,
    0x0888, 0x0888, 0x0888, 0x0888, 0x0888, 0x0888, 0x0888, 0x0888,
    0x0888, 0x0888, 0x0888, 0x0888, 0x0888, 0x0888, 0x0888, 0x0888,
    0x0888, 0x0888, 0x0888, 0x0888, 0x0888, 0x0888, 0x0888, 0x0888,
    0x0888, 0x0888, 0x0888, 0x0888, 0x0888, 0x0888, 0x0888, 0x0888,
    0x0888, 0x0888, 0x0888, 0x0888, 0x0888, 0x0888, 0x0888, 0x0888,
    0x0888, 0x0888, 0x0888, 0x0888, 0x0888, 0x0888, 0x0888, 0x0888,
    0x0888, 0x0888, 0x0888, 0x0888, 0x0888, 0x0888, 0x0888, 0x0888,
    0x0888, 0x0888, 0x0888, 0x0888, 0x0888, 0x0888, 0x0888, 0x0888,
    0x0888, 0x0888, 0x0888, 0x0888, 0x0888, 0x0888, 0x0888, 0x0888,
    0x0888, 0x0888, 0x0888, 0x0888, 0x0888, 0x0888, 0x0888, 0x0888,
    0x0888, 0x0888, 0x0888, 0x0888, 0x0888, 0x0888, 0x0888, 0x0888,
    0x0888, 0x0888, 0x0888, 0x0888, 0x0888, 0x0888, 0x0888, 0x0888,
    0x0888, 0x0888, 0x0888, 0x0888, 0x0888, 0x0888, 0x0888, 0x0888,
    0x0888, 0x0888, 0x0888, 0x0888, 0x0888, 0x0888, 0x0888, 0x0888,
    0x0888, 0x0888, 0x0888, 0x0888, 0x0888, 0x0888, 0x0888, 0x0888,
    0x0888, 0x0888, 0x0888, 0x0888, 0x0888, 0x0888, 0x0888, 0x0888,
    0x0888, 0x0888, 0x0888, 0x0888, 0x0888, 0x0888, 0x0888, 0x0888,
    0x0888, 0x0888, 0x0888, 0x0888, 0x0888, 0x0888, 0x0888, 0x0888,
    0x0888, 0x0888, 0x0888, 0x0888, 0x0888, 0x0888, 0x0888, 0x0888,
    0x0888, 0x0888, 0x0888, 0x0888, 0x0888, 0x0888, 0x0888, 0x0888,
    0x0888, 0x0888, 0x0888, 0x0888, 0x0888, 0x0888, 0x0888, 0x0888,
    0x0888, 0x0888, 0x0888, 0x0888, 0x0888, 0x0888, 0x0888, 0x0888,
    0x0888, 0x0888, 0x0888, 0x0888, 0x0888, 0x0888, 0x0888, 0x0888,
    0x0888, 0x0888, 0x0888, 0x0888, 0x0888, 0x0888, 0x0888, 0x0888,
    0x0888, 0x0888, 0x0888, 0x0888, 0x0888, 0x0888, 0x0888, 0x0888,
    0x0888, 0x0888, 0x0888, 0x0888, 0x0888, 0x0888, 0x0888, 0x0888,
    0x0888, 0x0888, 0x0888, 0x0888, 0x0888, 0x0888, 0x0888, 0x0888,
    0x0888, 0x0888, 0x0888, 0x0888, 0x0888, 0x0888, 0x0888, 0x0888,
    0x0888, 0x0888, 0x0888, 0x0888, 0x0888, 0x0888, 0x0888, 0x0888,
    0x0888, 0x0888, 0x0888, 0x0888, 0x0888, 0x0888, 0x0888, 0x0888,
    0x0888, 0x0888, 0x0888, 0x0888, 0x0888, 0x0888, 0x0888, 0x0888,
    0x0888, 0x0888, 0x0888, 0x0888, 0x0888, 0x0888, 0x0888, 0x0888,
    0x0888, 0x0888, 0x0888, 0x0888, 0x0888, 0x0888, 0x0888, 0x0888,
    0x0888, 0x0888, 0x0888, 0x0888, 0x0888, 0x0888, 0x0888, 0x0888,
    0x0888, 0x0888, 0x0888, 0x0888, 0x0888, 0x0888, 0x0888, 0x0888,
    0x0888, 0x0888, 0x0888, 0x0888, 0x0888, 0x0888, 0x0888, 0x0888,
    0x0888, 0x0888, 0x0888, 0x0888, 0x0888, 0x0888, 0x0888, 0x0888,
    0x0888, 0x0888, 0x0888, 0x0888, 0x0888, 0x0888, 0x0888, 0x0888,
    0x0888, 0x0888, 0x0888, 0x0888, 0x0888, 0x0888, 0x0888, 0x0888,
    0x0888, 0x0888, 0x0888, 0x0888, 0x0888, 0x0888, 0x0888, 0x0888,
    0x0888, 0x0888, 0x0888, 0x0888, 0x0888, 0x0888, 0x0888, 0x0888,
    0x0888, 0x0888, 0x0888, 0x0888, 0x0888, 0x0888, 0x0888, 0x0888,
    0x0888, 0x0888, 0x0888, 0x0888, 0x0888, 0x0888, 0x0888, 0x0888,
    0x0888, 0x0888, 0x0888, 0x0888, 0x0888, 0x0888, 0x0888, 0x0888,
    0x0888, 0x0888, 0x0888, 0x0888, 0x0888, 0x0888, 0x0888, 0x0888,
    0x0888, 0x0888, 0x0888, 0x0888, 0x0888, 0x0888, 0x0888, 0x0888,
    0x0888, 0x0888, 0x0888, 0x0888, 0x0888, 0x0888, 0x0888, 0x0888,
    0x0888, 0x0888, 0x0888, 0x0888, 0x0888, 0x0888, 0x0888, 0x0888,
    0x0888, 0x0888, 0x0888, 0x0888, 0x0888, 0x0888, 0x0888, 0x0888,
    0x0888, 0x0888, 0x0888, 0x0888, 0x0888, 0x0888, 0x0888, 0x0888,
    0x0888, 0x0888, 0x0888, 0x0888, 0x0888, 0x0888, 0x0888, 0x0888,
    0x0888, 0x0888, 0x0888, 0x0888, 0x0888, 0x0888, 0x0888, 0x0888,
    0x0888, 0x0888, 0x0888, 0x0888, 0x0888, 0x0888, 0x0888, 0x0888,
    0x0888, 0x0888, 0x0888, 0x0888, 0x0888, 0x0888, 0x0888, 0x0888,
    0x0888, 0x0888, 0x0888, 0x0888, 0x0888, 0x0888, 0x0888, 0x0888,
    0x0888, 0x0888, 0x0888, 0x0888, 0x0888, 0x0888, 0x0888, 0x0888,
    0x0888, 0x0888, 0x0888, 0x0888, 0x0888, 0x0888, 0x0888, 0x0888,
    0x0888, 0x0888, 0x0888, 0x0888, 0x0888, 0x0888, 0x0888, 0x0888,
    0x0888, 0x0888, 0x0888, 0x0888, 0x0888, 0x0888, 0x0888, 0x0888,
    0x0888, 0x0888, 0x0888, 0x0888, 0x0888, 0x0888, 0x0888, 0x0888,
    0x0888, 0x0888, 0x0888, 0x0888, 0x0888, 0x0888, 0x0888, 0x0888,
    0x0888, 0x0888, 0x0888, 0x0888, 0x0888, 0x0888, 0x0888, 0x0888,
    0x0888, 0x0888, 0x0888, 0x0888, 0x0888, 0x0888, 0x0888, 0x0888,
    0x0888, 0x0888, 0x0888, 0x0888, 0x0888, 0x0888, 0x0888, 0x0888,
    0x0888, 0x0888, 0x0888, 0x0888, 0x0888, 0x0888, 0x0888, 0x0888,
    0x0888, 0x0888, 0x0888, 0x0888, 0x0888, 0x0888, 0x0888, 0x0888,
    0x0888, 0x0888, 0x0888, 0x0888, 0x0888, 0x0888, 0x0888, 0x0888,
    0x0888, 0x0888, 0x0888, 0x0888, 0x0888, 0x0888, 0x0888, 0x0888,
    0x0888, 0x0888, 0x0888, 0x0888, 0x0888, 0x0888, 0x0888, 0x0888,
    0x0888, 0x0888, 0x0888, 0x0888, 0x0888, 0x0888, 0x0888, 0x0888,
    0x0888, 0x0888, 0x0888, 0x0888, 0x0888, 0x0888, 0x0888, 0x0888,
    0x0888, 0x0888, 0x0888, 0x0888, 0x0888, 0x0888, 0x0888, 0x0888,
    0x0888, 0x0888, 0x0888, 0x0888, 0x0888, 0x0888, 0x0888, 0x0888,
    0x0888, 0x0888, 0x0888, 0x0888, 0x0888, 0x0888, 0x0888, 0x0888,
    0x0888, 0x0888, 0x0888, 0x0888, 0x0888, 0x0888, 0x0888, 0x0888,
    0x0888, 0x0888, 0x0888, 0x0888, 0x0888, 0x0888, 0x0888, 0x0888,
    0x0888, 0x0888, 0x0888, 0x0888, 0x0888, 0x0888, 0x0888, 0x0888,
    0x0888, 0x0888, 0x0888, 0x0888, 0x0888, 0x0888, 0x0888, 0x0888,
    0x0888, 0x0888, 0x0888, 0x0888, 0x0888, 0x0888, 0x0888, 0x0888,
    0x0888, 0x0888, 0x0888, 0x0888, 0x0888, 0x0888, 0x0888, 0x0888,
    0x0888, 0x0888, 0x0888, 0x0888, 0x0888, 0x0888, 0x0888, 0x0888,
    0x0888, 0x0888, 0x0888, 0x0888, 0x0888, 0x0888, 0x0888, 0x0888,
    0x0888, 0x0888, 0x0888, 0x0888, 0x0888, 0x0888, 0x0888, 0x0888,
    0x0888, 0x0888, 0x0888, 0x0888, 0x0888, 0x0888, 0x0888, 0x0888,
    0x0888, 0x0888, 0x0888, 0x0888, 0x0888, 0x0888, 0x0888, 0x0888,
    0x0888, 0x0888, 0x0888, 0x0888, 0x0888, 0x0888, 0x0888, 0x0888,
    0x0888, 0x0888, 0x0888, 0x0888, 0x0888, 0x0888, 0x0888, 0x0888,
    0x0888, 0x0888, 0x0888, 0x0888, 0x0888, 0x0888, 0x0888, 0x0888,
    0x0888, 0x0888, 0x0888, 0x0888, 0x0888, 0x0888, 0x0888, 0x0888,
    0x0888, 0x0888, 0x0888, 0x0888, 0x0888, 0x0888, 0x0888, 0x0888,
    0x0888, 0x0888, 0x0888, 0x0888, 0x0888, 0x0888, 0x0888, 0x0888,
    0x0888, 0x0888, 0x0888, 0x0888, 0x0888, 0x0888, 0x0888, 0x0888,
    0x0888, 0x0888, 0x0888, 0x0888, 0x0888, 0x0888, 0x0888, 0x0888,
    0x0888, 0x0888, 0x0888, 0x0888, 0x0888, 0x0888, 0x0888, 0x0888,
    0x0888, 0x0888, 0x0888, 0x0888, 0x0888, 0x0888, 0x0888, 0x0888,
    0x0888, 0x0888, 0x0888, 0x0888, 0x0888, 0x0888, 0x0888, 0x0888,
    0x0888, 0x0888, 0x0888, 0x0888, 0x0888, 0x0888, 0x0888, 0x0888,
    0x0888, 0x0888, 0x0888, 0x0888, 0x0888, 0x0888, 0x0888, 0x0888,
    0x0888, 0x0888, 0x0888, 0x0888, 0x0888, 0x0888, 0x0888, 0x0888,
    0x0888, 0x0888, 0x0888, 0x0888, 0x0888, 0x0888, 0x0888, 0x0888,
    0x0888, 0x0888, 0x0888, 0x0888, 0x0888, 0x0888, 0x0888, 0x0888,
    0x0888, 0x0888, 0x0888, 0x0888, 0x0888, 0x0888, 0x0888, 0x0888,
    0x0888, 0x0888, 0x0888, 0x0888, 0x0888, 0x0888, 0x0888, 0x0888,
    0x0888, 0x0888, 0x0888, 0x0888, 0x0888, 0x0888, 0x0888, 0x0888,
    0x0888, 0x0888, 0x0888, 0x0888, 0x0888, 0x0888, 0x0888, 0x0888,
    0x0888, 0x0888, 0x0888, 0x0888, 0x0888, 0x0888, 0x0888, 0x0888,
    0x0888, 0x0888, 0x0888, 0x0888, 0x0888, 0x0888, 0x0888, 0x0888,
    0x0888, 0x0888, 0x0888, 0x0888, 0x0888, 0x0888, 0x0888, 0x0888,
    0x0888, 0x0888, 0x0888, 0x0888, 0x0888, 0x0888, 0x0888, 0x0888,
    0x0888, 0x0888, 0x0888, 0x0888, 0x0888, 0x0888, 0x0888, 0x0888,
    0x0888, 0x0888, 0x0888, 0x0888, 0x0888, 0x0888, 0x0888, 0x0888,
    0x0888, 0x0888, 0x0888, 0x0888, 0x0888, 0x0888, 0x0888, 0x0888,
    0x0888, 0x0888, 0x0888, 0x0888, 0x0888, 0x0888, 0x0888, 0x0888,
    0x0888, 0x0888, 0x0888, 0x0888, 0x0888, 0x0888, 0x0888, 0x0888,
    0x0888, 0x0888, 0x0888, 0x0888, 0x0888, 0x0888, 0x0888, 0x0888,
    0x0888, 0x0888, 0x0888, 0x0888, 0x0888, 0x0888, 0x0888, 0x0888,
    0x0888, 0x0888, 0x0888, 0x0888, 0x0888, 0x0888, 0x0888, 0x0888,
    0x0888, 0x0888, 0x0888, 0x0888, 0x0888, 0x0888, 0x0888, 0x0888,
    0x0888, 0x0888, 0x0888, 0x0888, 0x0888, 0x0888, 0x0888, 0x0888,
    0x0888, 0x0888, 0x0888, 0x0888, 0x0888, 0x0888, 0x0888, 0x0888,
    0x0888, 0x0888, 0x0888, 0x0888, 0x0888, 0x0888, 0x0888, 0x0888,
    0x0888, 0x0888, 0x0888, 0x0888, 0x0888, 0x0888, 0x0888, 0x0888,
    0x0888, 0x0888, 0x0888, 0x0888, 0x0888, 0x0888, 0x0888, 0x0888,
    0x0888, 0x0888, 0x0888, 0x0888, 0x0888, 0x0888, 0x0888, 0x0888,
    0x0888, 0x0888, 0x0888, 0x0888, 0x0888, 0x0888, 0x0888, 0x0888,
    0x0888, 0x0888, 0x0888, 0x0888, 0x0888, 0x0888, 0x0888, 0x0888,
    0x0888, 0x0888, 0x0888, 0x0888, 0x0888, 0x0888, 0x0888, 0x0888,
    0x0888, 0x0888, 0x0888, 0x0888, 0x0888, 0x0888, 0x0888, 0x0888,
    0x0888, 0x0888, 0x0888, 0x0888, 0x0888, 0x0888, 0x0888, 0x0888,
    0x0888, 0x0888, 0x0888, 0x0888, 0x0888, 0x0888, 0x0888, 0x0888,
    0x0888, 0x0888, 0x0888, 0x0888, 0x0888, 0x0888, 0x0888, 0x0888,
    0x0888, 0x0888, 0x0888, 0x0888, 0x0888, 0x0888, 0x0888, 0x0888,
    0x0888, 0x0888, 0x0888, 0x0888, 0x0888, 0x0888, 0x0888, 0x0888,
    0x0888, 0x0888, 0x0888, 0x0888, 0x0888, 0x0888, 0x0888, 0x0888,
    0x0888, 0x0888, 0x0888, 0x0888, 0x0888, 0x0888, 0x0888, 0x0888,
    0x0888, 0x0888, 0x0888, 0x0888, 0x0888, 0x0888, 0x0888, 0x0888,
    0x0888, 0x0888, 0x0888, 0x0888, 0x0888, 0x0888, 0x0888, 0x0888,
    0x0888, 0x0888, 0x0888, 0x0888, 0x0888, 0x0888, 0x0888, 0x0888,
    0x0888, 0x0888, 0x0888, 0x0888, 0x0888, 0x0888, 0x0888, 0x0888,
    0x0888, 0x0888, 0x0888, 0x0888, 0x0888, 0x0888, 0x0888, 0x0888,
    0x0888, 0x0888, 0x0888, 0x0888, 0x0888, 0x0888, 0x0888, 0x0888,
    0x0888, 0x0888, 0x0888, 0x0888, 0x0888, 0x0888, 0x0888, 0x0888,
    0x0888, 0x0888, 0x0888, 0x0888, 0x0888, 0x0888, 0x0888, 0x0888,
    0x0888, 0x0888, 0x0888, 0x0888, 0x0888, 0x0888, 0x0888, 0x0888,
    0x0888, 0x0888, 0x0888, 0x0888, 0x0888, 0x0888, 0x0888, 0x0888,
    0x0888, 0x0888, 0x0888, 0x0888, 0x0888, 0x0888, 0x0888, 0x0888,
    0x0888, 0x0888, 0x0888, 0x0888, 0x0888, 0x0888, 0x0888, 0x0888,
    0x0888, 0x0888, 0x0888, 0x0888, 0x0888, 0x0888, 0x0888, 0x0888,
    0x0888, 0x0888, 0x0888, 0x0888, 0x0888, 0x0888, 0x0888, 0x0888,
    0x0888, 0x0888, 0x0888, 0x0888, 0x0888, 0x0888, 0x0888, 0x0888,
    0x0888, 0x0888, 0x0888, 0x0888, 0x0888, 0x0888, 0x0888, 0x0888,
    0x0888, 0x0888, 0x0888, 0x0888, 0x0888, 0x0888, 0x0888, 0x0888,
    0x0888, 0x0888, 0x0888, 0x0888, 0x0888, 0x0888, 0x0888, 0x0888,
    0x0888, 0x0888, 0x0888, 0x0888, 0x0888, 0x0888, 0x0888, 0x0888,
    0x0888, 0x0888, 0x0888, 0x0888, 0x0888, 0x0888, 0x0888, 0x0888,
    0x0888, 0x0888, 0x0888, 0x0888, 0x0888, 0x0888, 0x0888, 0x0888,
    0x0888, 0x0888, 0x0888, 0x0888, 0x0888, 0x0888, 0x0888, 0x0888,
    0x0888, 0x0888, 0x0888, 0x0888, 0x0888, 0x0888, 0x0888, 0x0888,
    0x0888, 0x0888, 0x0888, 0x0888, 0x0888, 0x0888, 0x0888, 0x0888,
    0x0888, 0x0888, 0x0888, 0x0888, 0x0888, 0x0888, 0x0888, 0x0888,
    0x0888, 0x0888, 0x0888, 0x0888, 0x0888, 0x0888, 0x0888, 0x0888,
    0x0888, 0x0888, 0x0888, 0x0888, 0x0888, 0x0888, 0x0888, 0x0888,
    0x0888, 0x0888, 0x0888, 0x0888, 0x0888, 0x0888, 0x0888, 0x0888,
    0x0888, 0x0888, 0x0888, 0x0888, 0x0888, 0x0888, 0x0888, 0x0888,
    0x0888, 0x0888, 0x0888, 0x0888, 0x0888, 0x0888, 0x0888, 0x0888,
    0x0888, 0x0888, 0x0888, 0x0888, 0x0888, 0x0888, 0x0888, 0x0888,
    0x0888, 0x0888, 0x0888, 0x0888, 0x0888, 0x0888, 0x0888, 0x0888,
    0x0888, 0x0888, 0x0888, 0x0888, 0x0888, 0x0888, 0x0888, 0x0888,
    0x0888, 0x0888, 0x0888, 0x0888, 0x0888, 0x0888, 0x0888, 0x0888,
    0x0888, 0x0888, 0x0888, 0x0888, 0x0888, 0x0888, 0x0888, 0x0888,
    0x0888, 0x0888, 0x0888, 0x0888, 0x0888, 0x0888, 0x0888, 0x0888,
    0x0888, 0x0888, 0x0888, 0x0888, 0x0888, 0x0888, 0x0888, 0x0888,
    0x0888, 0x0888, 0x0888, 0x0888, 0x0888, 0x0888, 0x0888, 0x0888,
    0x0888, 0x0888, 0x0888, 0x0888, 0x0888, 0x0888, 0x0888, 0x0888,
    0x0888, 0x0888, 0x0888, 0x0888, 0x0888, 0x0888, 0x0888, 0x0888,
    0x0888, 0x0888, 0x0888, 0x0888, 0x0888, 0x0888, 0x0888, 0x0888,
    0x0888, 0x0888, 0x0888, 0x0888, 0x0888, 0x0888, 0x0888, 0x0888,
    0x0888, 0x0888, 0x0888, 0x0888, 0x0888, 0x0888, 0x0888, 0x0888,
    0x0888, 0x0888, 0x0888, 0x0888, 0x0888, 0x0888, 0x0888, 0x0888,
    0x0888, 0x0888, 0x0888, 0x0888, 0x0888, 0x0888, 0x0888, 0x0888,
    0x0888, 0x0888, 0x0888, 0x0888, 0x0888, 0x0888, 0x0888, 0x0888,
    0x0888, 0x0888, 0x0888, 0x0888, 0x0888, 0x0888, 0x0888, 0x0888,
    0x0888, 0x0888, 0x0888, 0x0888, 0x0888, 0x0888, 0x0888, 0x0888,
    0x0888, 0x0888, 0x0888, 0x0888, 0x0888, 0x0888, 0x0888, 0x0888,
    0x0888, 0x0888, 0x0888, 0x0888, 0x0888, 0x0888, 0x0888, 0x0888,
    0x0888, 0x0888, 0x0888, 0x0888, 0x0888, 0x0888, 0x0888, 0x0888,
    0x0888, 0x0888, 0x0888, 0x0888, 0x0888, 0x0888, 0x0888, 0x0888,
    0x0888, 0x0888, 0x0888, 0x0888, 0x0888, 0x0888, 0x0888, 0x0888,
    0x0888, 0x0888, 0x0888, 0x0888, 0x0888, 0x0888, 0x0888, 0x0888,
    0x0888, 0x0888, 0x0888, 0x0888, 0x0888, 0x0888, 0x0888, 0x0888,
    0x0888, 0x0888, 0x0888, 0x0888, 0x0888, 0x0888, 0x0888, 0x0888,
    0x0888, 0x0888, 0x0888, 0x0888, 0x0888, 0x0888, 0x0888, 0x0888,
    0x0888, 0x0888, 0x0888, 0x0888, 0x0888, 0x0888, 0x0888, 0x0888,
    0x0888, 0x0888, 0x0888, 0x0888, 0x0888, 0x0888, 0x0888, 0x0888,
    0x0888, 0x0888, 0x0888, 0x0888, 0x0888, 0x0888, 0x0888, 0x0888,
    0x0888, 0x0888, 0x0888, 0x0888, 0x0888, 0x0888, 0x0888, 0x0888,
    0x0888, 0x0888, 0x0888, 0x0888, 0x0888, 0x0888, 0x0888, 0x0888,
    0x0888, 0x0888, 0x0888, 0x0888, 0x0888, 0x0888, 0x0888, 0x0888,
    0x0888, 0x0888, 0x0888, 0x0888, 0x0888, 0x0888, 0x0888, 0x0888,
    0x0888, 0x0888, 0x0888, 0x0888, 0x0888, 0x0888, 0x0888, 0x0888,
    0x0888, 0x0888, 0x0888, 0x0888, 0x0888, 0x0888, 0x0888, 0x0888,
    0x0888, 0x0888, 0x0888, 0x0888, 0x0888, 0x0888, 0x0888, 0x0888,
    0x0888, 0x0888, 0x0888, 0x0888, 0x0888, 0x0888, 0x0888, 0x0888,
    0x0888, 0x0888, 0x0888, 0x0888, 0x0888, 0x0888, 0x0888, 0x0888,
    0x0888, 0x0888, 0x0888, 0x0888, 0x0888, 0x0888, 0x0888, 0x0888,
    0x0888, 0x0888, 0x0888, 0x0888, 0x0888, 0x0888, 0x0888, 0x0888,
    0x0888, 0x0888, 0x0888, 0x0888, 0x0888, 0x0888, 0x0888, 0x0888,
    0x0888, 0x0888, 0x0888, 0x0888, 0x0888, 0x0888, 0x0888, 0x0888,
    0x0888, 0x0888, 0x0888, 0x0888, 0x0888, 0x0888, 0x0888, 0x0888,
    0x0888, 0x0888, 0x0888, 0x0888, 0x0888, 0x0888, 0x0888, 0x0888,
    0x0888, 0x0888, 0x0888, 0x0888, 0x0888, 0x0888, 0x0888, 0x0888,
    0x0888, 0x0888, 0x0888, 0x0888, 0x0888, 0x0888, 0x0888, 0x0888,
    0x0888, 0x0888, 0x0888, 0x0888, 0x0888, 0x0888, 0x0888, 0x0888,
    0x0888, 0x0888, 0x0888, 0x0888, 0x0888, 0x0888, 0x0888, 0x0888,
    0x0888, 0x0888, 0x0888, 0x0888, 0x0888, 0x0888, 0x0888, 0x0888,
    0x0888, 0x0888, 0x0888, 0x0888, 0x0888, 0x0888, 0x0888, 0x0888,
    0x0888, 0x0888, 0x0888, 0x0888, 0x0888, 0x0888, 0x0888, 0x0888,
    0x0888, 0x0888, 0x0888, 0x0888, 0x0888, 0x0888, 0x0888, 0x0888,
    0x0888, 0x0888, 0x0888, 0x0888, 0x0888, 0x0888, 0x0888, 0x0888,
    0x0888, 0x0888, 0x0888, 0x0888, 0x0888, 0x0888, 0x0888, 0x0888,
    0x0888, 0x0888, 0x0888, 0x0888, 0x0888, 0x0888, 0x0888, 0x0888,
    0x0888, 0x0888, 0x0888, 0x0888, 0x0888, 0x0888, 0x0888, 0x0888,
    0x0888, 0x0888, 0x0888, 0x0888, 0x0888, 0x0888, 0x0888, 0x0888,
};

static inline xmc::Sprite createBmpBgSprite() {
  return xmc::createSprite4444(
    256,
    256,
    (void *)bmpBgData
  );
}

#endif
