#ifndef BMP_SHAPO_HPP
#define BMP_SHAPO_HPP

#include "xmc/gfx.hpp"

static const uint16_t bmpShapoData[] = {
    0x0888, 0x0888, 0x0888, 0x0888, 0x0888, 0x0888, 0x0888, 0x0888,
    0x0888, 0x0888, 0x0888, 0x0888, 0x0888, 0x0888, 0x0888, 0x0888,
    0x0888, 0x0888, 0x0888, 0x0888, 0x0888, 0x0888, 0x0888, 0x0888,
    0x0888, 0x0888, 0x0888, 0x0888, 0x0888, 0x0888, 0x0888, 0x0888,
    0x0888, 0x0888, 0x0888, 0x0888, 0x0888, 0x0888, 0x0888, 0x0888,
    0x0888, 0x0888, 0x0888, 0x0888, 0x0888, 0x0888, 0x0888, 0x0888,
    0x0888, 0x0888, 0x0888, 0x0888, 0x0888, 0x0888, 0x0888, 0x0888,
    0x0888, 0x0888, 0x0888, 0x0888, 0x0888, 0x0888, 0x0888, 0x0888,
    0x0888, 0x0888, 0x0888, 0x0888, 0x0888, 0x0888, 0x0888, 0x0888,
    0x0888, 0x0888, 0x0888, 0x0888, 0x0888, 0x0888, 0x0888, 0x0888,
    0x0888, 0x0888, 0x0888, 0x0888, 0x0888, 0x0888, 0x0888, 0x0888,
    0x0888, 0x0888, 0x0888, 0x0888, 0x0888, 0x0888, 0x0888, 0x0888,
    0x0888, 0x0888, 0x0888, 0x0888, 0x0888, 0x0888, 0x0888, 0x0888,
    0x0888, 0x0888, 0x0888, 0x0888, 0x0888, 0x0888, 0x0888, 0x0888,
    0x0888, 0x0888, 0x0888, 0x0888, 0x0888, 0x0888, 0x0888, 0x0888,
    0x0888, 0x0888, 0x0888, 0x0888, 0x0888, 0x0888, 0x0888, 0x0888,
    0x0888, 0x0888, 0x0888, 0x0888, 0x0888, 0x0888, 0x0888, 0x0888,
    0x0888, 0x0888, 0x0888, 0x0888, 0x0888, 0x0888, 0x0888, 0x0888,
    0x0888, 0x0888, 0x0888, 0x0888, 0x0888, 0x0888, 0x0888, 0x0888,
    0x0888, 0x0888, 0x0888, 0x0888, 0x0888, 0x0888, 0x0888, 0x0888,
    0x0888, 0x0888, 0x0888, 0x0888, 0x0888, 0x0888, 0x0888, 0x0888,
    0x0888, 0x0888, 0x0888, 0x0888, 0x0888, 0x0888, 0x0888, 0x0888,
    0x0888, 0x0888, 0x0888, 0x0888, 0x0888, 0x0888, 0x0888, 0x0888,
    0x0888, 0x0888, 0x0888, 0x0888, 0x0888, 0x0888, 0x0888, 0x0888,
    0x0888, 0x0888, 0x0888, 0x0888, 0x0888, 0x0888, 0x0888, 0x0888,
    0x0888, 0x0888, 0x0888, 0x0888, 0x0888, 0x0888, 0x0888, 0x0888,
    0x0888, 0x0888, 0x0888, 0x0888, 0x0888, 0x0888, 0x0888, 0x0888,
    0x0888, 0x0888, 0x0888, 0x0888, 0x0888, 0x0888, 0x0888, 0x0888,
    0x0888, 0x0888, 0x0888, 0x0888, 0x0888, 0x0888, 0x0888, 0x0888,
    0x0888, 0x0888, 0x0888, 0x0888, 0x0888, 0x0888, 0x0888, 0x0888,
    0x0888, 0x0888, 0x0888, 0x0888, 0x0888, 0x0888, 0x0888, 0x0888,
    0x0888, 0x0888, 0x0888, 0x0888, 0x0888, 0x0888, 0x0888, 0x0888,
    0x0888, 0x0888, 0x0888, 0x0888, 0x0888, 0x0888, 0x0888, 0x0888,
    0x0888, 0x0888, 0x0888, 0x0888, 0x0888, 0x0888, 0x0888, 0x0888,
    0x0888, 0x0888, 0x0888, 0x0888, 0x0888, 0x0888, 0x0888, 0x0888,
    0x0888, 0x0888, 0x0888, 0x0888, 0x0888, 0x0888, 0x0888, 0x0888,
    0x0888, 0x0888, 0x0888, 0x0888, 0x0888, 0x0888, 0x0888, 0x0888,
    0x0888, 0x0888, 0x0888, 0x0888, 0x0888, 0x0888, 0x0888, 0x0888,
    0x0888, 0x0888, 0x0888, 0x0888, 0x0888, 0x0888, 0x0888, 0x0888,
    0x0888, 0x0888, 0x0888, 0x0888, 0x0888, 0x0888, 0x0888, 0x0888,
    0x0888, 0x0888, 0x0888, 0x0888, 0x0888, 0x0888, 0x0888, 0x0888,
    0x0888, 0x0888, 0x0888, 0x0888, 0x0888, 0x0888, 0x0888, 0x0888,
    0x0888, 0x0888, 0x0888, 0x0888, 0x0888, 0x0888, 0x0888, 0x0888,
    0x0888, 0x0888, 0x0888, 0x0888, 0x0888, 0x0888, 0x0888, 0x0888,
    0x0888, 0x0888, 0x0888, 0x0888, 0x0888, 0x0888, 0x0888, 0x0888,
    0x0888, 0x0888, 0x0888, 0x0888, 0x0888, 0x0888, 0x0888, 0x0888,
    0x0888, 0x0888, 0x0888, 0x0888, 0x0888, 0x0888, 0x0888, 0x0888,
    0x0888, 0x0888, 0x0888, 0x0888, 0x0888, 0x0888, 0x0888, 0x0888,
    0x0888, 0x0888, 0x0888, 0x0888, 0x0888, 0x0888, 0x0888, 0x0888,
    0x0888, 0x0888, 0x0888, 0x0888, 0x0888, 0x0888, 0x0888, 0x0888,
    0x0888, 0x0888, 0x0888, 0x0888, 0x0888, 0x0888, 0x0888, 0x0888,
    0x0888, 0x0888, 0x0888, 0x0888, 0x0888, 0x0888, 0x0888, 0x0888,
    0x0888, 0x0888, 0x0888, 0x0888, 0x0888, 0x0888, 0x0888, 0x0888,
    0x0888, 0x0888, 0x0888, 0x0888, 0x0888, 0x0888, 0x0888, 0x0888,
    0x0888, 0x0888, 0x0888, 0x0888, 0x0888, 0x0888, 0x0888, 0x0888,
    0x0888, 0x0888, 0x0888, 0x0888, 0x0888, 0x0888, 0x0888, 0x0888,
    0x0888, 0x0888, 0x0888, 0x0888, 0x0888, 0x0888, 0x0888, 0x0888,
    0x0888, 0x0888, 0x0888, 0x0888, 0x0888, 0x0888, 0x0888, 0x0888,
    0x0888, 0x0888, 0x0888, 0x0888, 0x0888, 0x0888, 0x0888, 0x0888,
    0x0888, 0x0888, 0x0888, 0x0888, 0x0888, 0x0888, 0x0888, 0x0888,
    0x0888, 0x0888, 0x0888, 0x0888, 0x0888, 0x0888, 0x0888, 0x0888,
    0x0888, 0x0888, 0x0888, 0xFFDA, 0x0888, 0x0888, 0x0888, 0x0888,
    0x0888, 0x0888, 0x0888, 0x0888, 0x0888, 0x0888, 0x0888, 0x0888,
    0x0888, 0x0888, 0x0888, 0x0888, 0x0888, 0x0888, 0x0888, 0x0888,
    0x0888, 0x0888, 0x0888, 0x0888, 0x0888, 0x0888, 0x0888, 0x0888,
    0x0888, 0x0888, 0x0888, 0x0888, 0x0888, 0x0888, 0x0888, 0x0888,
    0x0888, 0x0888, 0x0888, 0x0888, 0x0888, 0x0888, 0x0888, 0x0888,
    0x0888, 0x0888, 0x0888, 0x0888, 0x0888, 0x0888, 0x0888, 0x0888,
    0x0888, 0x0888, 0x0888, 0x0888, 0x0888, 0x0888, 0x0888, 0x0888,
    0x0888, 0x0888, 0x0888, 0x0888, 0x0888, 0x0888, 0x0888, 0x0888,
    0x0888, 0x0888, 0x0888, 0x0888, 0x0888, 0x0888, 0x0888, 0x0888,
    0x0888, 0x0888, 0x0888, 0x0888, 0x0888, 0x0888, 0x0888, 0x0888,
    0x0888, 0x0888, 0x0888, 0x0888, 0x0888, 0x0888, 0x0888, 0x0888,
    0x0888, 0x0888, 0x0888, 0x0888, 0x0888, 0x0888, 0x0888, 0x0888,
    0x0888, 0x0888, 0x0888, 0x0888, 0x0888, 0x0888, 0x0888, 0x0888,
    0x0888, 0x0888, 0x0888, 0x0888, 0x0888, 0x0888, 0x0888, 0x0888,
    0x0888, 0x0888, 0x0888, 0x0888, 0x0888, 0x0888, 0x0888, 0x0888,
    0x0888, 0x0888, 0x0888, 0x0888, 0x0888, 0x0888, 0x0888, 0x0888,
    0x0888, 0x0888, 0x0888, 0x0888, 0x0888, 0x0888, 0x0888, 0x0888,
    0x0888, 0x0888, 0x0888, 0x0888, 0x0888, 0x0888, 0x0888, 0x0888,
    0x0888, 0x0888, 0x0888, 0x0888, 0x0888, 0x0888, 0x0888, 0x0888,
    0x0888, 0x0888, 0x0888, 0x0888, 0x0888, 0x0888, 0x0888, 0x0888,
    0x0888, 0x0888, 0x0888, 0x0888, 0x0888, 0x0888, 0x0888, 0x0888,
    0x0888, 0x0888, 0x0888, 0x0888, 0x0888, 0x0888, 0x0888, 0x0888,
    0x0888, 0x0888, 0x0888, 0x0888, 0x0888, 0x0888, 0x0888, 0x0888,
    0x0888, 0x0888, 0x0888, 0x0888, 0x0888, 0x0888, 0x0888, 0x0888,
    0x0888, 0x0888, 0x0888, 0x0888, 0x0888, 0x0888, 0x0888, 0x0888,
    0x0888, 0x0888, 0x0888, 0x0888, 0x0888, 0x0888, 0x0888, 0x0888,
    0x0888, 0x0888, 0x0888, 0x0888, 0x0888, 0x0888, 0x0888, 0x0888,
    0x0888, 0x0888, 0x0888, 0x0888, 0x0888, 0x0888, 0x0888, 0x0888,
    0x0888, 0x0888, 0x0888, 0x0888, 0x0888, 0x0888, 0x0888, 0x0888,
    0x0888, 0x0888, 0x0888, 0x0888, 0x0888, 0x0888, 0x0888, 0x0888,
    0x0888, 0x0888, 0x0888, 0x0888, 0x0888, 0x0888, 0x0888, 0x0888,
    0x0888, 0x0888, 0xFFDA, 0xFDA6, 0xFDA6, 0x0888, 0x0888, 0x0888,
    0x0888, 0x0888, 0x0888, 0x0888, 0x0888, 0x0888, 0x0888, 0x0888,
    0x0888, 0x0888, 0x0888, 0x0888, 0x0888, 0x0888, 0x0888, 0x0888,
    0x0888, 0x0888, 0x0888, 0x0888, 0x0888, 0x0888, 0x0888, 0x0888,
    0x0888, 0x0888, 0x0888, 0x0888, 0x0888, 0x0888, 0x0888, 0x0888,
    0x0888, 0x0888, 0x0888, 0x0888, 0x0888, 0x0888, 0x0888, 0x0888,
    0x0888, 0x0888, 0x0888, 0x0888, 0x0888, 0x0888, 0x0888, 0x0888,
    0x0888, 0x0888, 0x0888, 0x0888, 0x0888, 0x0888, 0x0888, 0x0888,
    0x0888, 0x0888, 0x0888, 0x0888, 0x0888, 0x0888, 0x0888, 0x0888,
    0x0888, 0x0888, 0x0888, 0x0888, 0x0888, 0x0888, 0x0888, 0x0888,
    0x0888, 0x0888, 0x0888, 0x0888, 0x0888, 0x0888, 0x0888, 0x0888,
    0x0888, 0x0888, 0x0888, 0x0888, 0x0888, 0x0888, 0x0888, 0x0888,
    0x0888, 0x0888, 0x0888, 0x0888, 0x0888, 0x0888, 0x0888, 0x0888,
    0x0888, 0x0888, 0x0888, 0x0888, 0x0888, 0x0888, 0x0888, 0x0888,
    0x0888, 0x0888, 0x0888, 0x0888, 0x0888, 0x0888, 0x0888, 0x0888,
    0x0888, 0x0888, 0x0888, 0x0888, 0x0888, 0x0888, 0x0888, 0x0888,
    0x0888, 0x0888, 0x0888, 0x0888, 0x0888, 0x0888, 0x0888, 0x0888,
    0x0888, 0x0888, 0x0888, 0x0888, 0x0888, 0x0888, 0x0888, 0x0888,
    0x0888, 0x0888, 0x0888, 0x0888, 0x0888, 0x0888, 0x0888, 0x0888,
    0x0888, 0x0888, 0x0888, 0x0888, 0x0888, 0x0888, 0x0888, 0x0888,
    0x0888, 0x0888, 0x0888, 0x0888, 0x0888, 0x0888, 0x0888, 0x0888,
    0x0888, 0x0888, 0x0888, 0x0888, 0x0888, 0x0888, 0x0888, 0x0888,
    0x0888, 0x0888, 0x0888, 0x0888, 0x0888, 0x0888, 0x0888, 0x0888,
    0x0888, 0x0888, 0x0888, 0x0888, 0x0888, 0x0888, 0x0888, 0x0888,
    0x0888, 0x0888, 0x0888, 0x0888, 0x0888, 0x0888, 0x0888, 0x0888,
    0x0888, 0x0888, 0x0888, 0x0888, 0x0888, 0x0888, 0x0888, 0x0888,
    0x0888, 0x0888, 0x0888, 0x0888, 0x0888, 0x0888, 0x0888, 0x0888,
    0x0888, 0x0888, 0x0888, 0x0888, 0x0888, 0x0888, 0x0888, 0x0888,
    0x0888, 0x0888, 0x0888, 0x0888, 0x0888, 0x0888, 0x0888, 0x0888,
    0x0888, 0x0888, 0x0888, 0x0888, 0x0888, 0x0888, 0x0888, 0x0888,
    0x0888, 0x0888, 0x0888, 0x0888, 0x0888, 0x0888, 0x0888, 0x0888,
    0x0888, 0x0888, 0x0888, 0x0888, 0x0888, 0x0888, 0x0888, 0x0888,
    0x0888, 0xFFDA, 0xFDA6, 0xFFBB, 0xFFBB, 0xFDA6, 0x0888, 0x0888,
    0x0888, 0x0888, 0x0888, 0x0888, 0x0888, 0x0888, 0x0888, 0x0888,
    0x0888, 0x0888, 0x0888, 0x0888, 0x0888, 0x0888, 0x0888, 0x0888,
    0x0888, 0x0888, 0x0888, 0x0888, 0x0888, 0x0888, 0x0888, 0x0888,
    0x0888, 0x0888, 0x0888, 0x0888, 0x0888, 0x0888, 0x0888, 0x0888,
    0x0888, 0x0888, 0x0888, 0x0888, 0x0888, 0x0888, 0x0888, 0x0888,
    0x0888, 0x0888, 0x0888, 0x0888, 0x0888, 0x0888, 0x0888, 0x0888,
    0x0888, 0x0888, 0x0888, 0x0888, 0x0888, 0x0888, 0x0888, 0x0888,
    0x0888, 0x0888, 0x0888, 0x0888, 0x0888, 0x0888, 0x0888, 0x0888,
    0x0888, 0x0888, 0x0888, 0x0888, 0x0888, 0x0888, 0x0888, 0x0888,
    0x0888, 0x0888, 0x0888, 0x0888, 0x0888, 0x0888, 0x0888, 0x0888,
    0x0888, 0x0888, 0x0888, 0x0888, 0x0888, 0x0888, 0x0888, 0x0888,
    0x0888, 0x0888, 0x0888, 0x0888, 0x0888, 0x0888, 0x0888, 0x0888,
    0x0888, 0x0888, 0x0888, 0x0888, 0x0888, 0x0888, 0x0888, 0x0888,
    0x0888, 0x0888, 0x0888, 0x0888, 0x0888, 0x0888, 0x0888, 0x0888,
    0x0888, 0x0888, 0x0888, 0x0888, 0x0888, 0x0888, 0x0888, 0x0888,
    0x0888, 0x0888, 0x0888, 0x0888, 0x0888, 0x0888, 0x0888, 0x0888,
    0x0888, 0x0888, 0x0888, 0x0888, 0x0888, 0x0888, 0x0888, 0x0888,
    0x0888, 0x0888, 0x0888, 0x0888, 0x0888, 0x0888, 0x0888, 0x0888,
    0x0888, 0x0888, 0x0888, 0x0888, 0x0888, 0x0888, 0x0888, 0x0888,
    0x0888, 0x0888, 0x0888, 0x0888, 0x0888, 0x0888, 0x0888, 0x0888,
    0x0888, 0x0888, 0x0888, 0x0888, 0x0888, 0x0888, 0x0888, 0x0888,
    0x0888, 0x0888, 0x0888, 0x0888, 0x0888, 0x0888, 0x0888, 0x0888,
    0x0888, 0x0888, 0x0888, 0x0888, 0x0888, 0x0888, 0x0888, 0x0888,
    0x0888, 0x0888, 0x0888, 0x0888, 0x0888, 0x0888, 0x0888, 0x0888,
    0x0888, 0x0888, 0x0888, 0x0888, 0x0888, 0x0888, 0x0888, 0x0888,
    0x0888, 0x0888, 0x0888, 0x0888, 0x0888, 0x0888, 0x0888, 0x0888,
    0x0888, 0x0888, 0x0888, 0x0888, 0x0888, 0x0888, 0x0888, 0x0888,
    0x0888, 0x0888, 0x0888, 0x0888, 0x0888, 0x0888, 0x0888, 0x0888,
    0x0888, 0x0888, 0x0888, 0x0888, 0x0888, 0x0888, 0x0888, 0x0888,
    0x0888, 0x0888, 0x0888, 0x0888, 0x0888, 0x0888, 0x0888, 0x0888,
    0x0888, 0x0888, 0x0888, 0x0888, 0x0888, 0x0888, 0x0888, 0x0888,
    0x0888, 0xFFDA, 0xFDA6, 0xFFBB, 0xFFBB, 0xFFBB, 0xFDA6, 0x0888,
    0x0888, 0x0888, 0x0888, 0x0888, 0x0888, 0x0888, 0x0888, 0x0888,
    0x0888, 0x0888, 0x0888, 0x0888, 0x0888, 0x0888, 0x0888, 0x0888,
    0x0888, 0x0888, 0x0888, 0x0888, 0x0888, 0x0888, 0x0888, 0x0888,
    0x0888, 0x0888, 0x0888, 0x0888, 0x0888, 0x0888, 0x0888, 0x0888,
    0x0888, 0x0888, 0x0888, 0x0888, 0x0888, 0x0888, 0x0888, 0x0888,
    0x0888, 0x0888, 0x0888, 0x0888, 0x0888, 0x0888, 0x0888, 0x0888,
    0x0888, 0x0888, 0x0888, 0x0888, 0x0888, 0x0888, 0x0888, 0x0888,
    0x0888, 0x0888, 0x0888, 0x0888, 0x0888, 0x0888, 0x0888, 0x0888,
    0x0888, 0x0888, 0x0888, 0x0888, 0x0888, 0x0888, 0x0888, 0x0888,
    0x0888, 0x0888, 0x0888, 0x0888, 0x0888, 0x0888, 0x0888, 0x0888,
    0x0888, 0x0888, 0x0888, 0x0888, 0x0888, 0x0888, 0x0888, 0x0888,
    0x0888, 0x0888, 0x0888, 0x0888, 0x0888, 0x0888, 0x0888, 0x0888,
    0x0888, 0x0888, 0x0888, 0x0888, 0x0888, 0x0888, 0x0888, 0x0888,
    0x0888, 0x0888, 0x0888, 0x0888, 0x0888, 0x0888, 0x0888, 0x0888,
    0x0888, 0x0888, 0x0888, 0x0888, 0x0888, 0x0888, 0x0888, 0x0888,
    0x0888, 0x0888, 0x0888, 0x0888, 0x0888, 0x0888, 0x0888, 0x0888,
    0x0888, 0x0888, 0x0888, 0x0888, 0x0888, 0x0888, 0x0888, 0x0888,
    0x0888, 0x0888, 0x0888, 0x0888, 0x0888, 0x0888, 0x0888, 0x0888,
    0x0888, 0x0888, 0x0888, 0x0888, 0x0888, 0x0888, 0x0888, 0x0888,
    0x0888, 0x0888, 0x0888, 0x0888, 0x0888, 0x0888, 0x0888, 0x0888,
    0x0888, 0x0888, 0x0888, 0x0888, 0x0888, 0x0888, 0x0888, 0x0888,
    0x0888, 0x0888, 0x0888, 0x0888, 0x0888, 0x0888, 0x0888, 0x0888,
    0x0888, 0x0888, 0x0888, 0x0888, 0x0888, 0x0888, 0x0888, 0x0888,
    0x0888, 0x0888, 0x0888, 0x0888, 0x0888, 0x0888, 0x0888, 0x0888,
    0x0888, 0x0888, 0x0888, 0x0888, 0x0888, 0x0888, 0x0888, 0x0888,
    0x0888, 0x0888, 0x0888, 0x0888, 0x0888, 0x0888, 0x0888, 0x0888,
    0x0888, 0x0888, 0x0888, 0x0888, 0x0888, 0x0888, 0x0888, 0x0888,
    0x0888, 0x0888, 0x0888, 0x0888, 0x0888, 0x0888, 0x0888, 0x0888,
    0x0888, 0x0888, 0x0888, 0x0888, 0x0888, 0x0888, 0x0888, 0x0888,
    0x0888, 0x0888, 0x0888, 0x0888, 0x0888, 0x0888, 0x0888, 0x0888,
    0x0888, 0x0888, 0x0888, 0x0888, 0x0888, 0x0888, 0x0888, 0x0888,
    0xFFDA, 0xFDA6, 0xFFBB, 0xFFFF, 0xFFBB, 0xFFBB, 0xFDA6, 0x0888,
    0x0888, 0x0888, 0x0888, 0x0888, 0x0888, 0x0888, 0x0888, 0x0888,
    0x0888, 0xFFDA, 0xFFDA, 0xFFDA, 0xFFDA, 0x0888, 0x0888, 0x0888,
    0x0888, 0x0888, 0x0888, 0x0888, 0x0888, 0x0888, 0x0888, 0x0888,
    0x0888, 0x0888, 0x0888, 0x0888, 0x0888, 0x0888, 0x0888, 0x0888,
    0x0888, 0x0888, 0x0888, 0x0888, 0x0888, 0x0888, 0x0888, 0x0888,
    0x0888, 0x0888, 0x0888, 0x0888, 0x0888, 0x0888, 0x0888, 0x0888,
    0x0888, 0x0888, 0x0888, 0x0888, 0x0888, 0x0888, 0x0888, 0x0888,
    0x0888, 0x0888, 0x0888, 0x0888, 0x0888, 0x0888, 0x0888, 0x0888,
    0x0888, 0x0888, 0x0888, 0x0888, 0x0888, 0x0888, 0x0888, 0x0888,
    0x0888, 0x0888, 0x0888, 0x0888, 0x0888, 0x0888, 0x0888, 0x0888,
    0x0888, 0x0888, 0x0888, 0x0888, 0x0888, 0x0888, 0x0888, 0x0888,
    0x0888, 0x0888, 0x0888, 0x0888, 0x0888, 0x0888, 0x0888, 0x0888,
    0x0888, 0x0888, 0x0888, 0x0888, 0x0888, 0x0888, 0x0888, 0x0888,
    0x0888, 0x0888, 0x0888, 0x0888, 0x0888, 0x0888, 0x0888, 0x0888,
    0x0888, 0x0888, 0x0888, 0x0888, 0x0888, 0x0888, 0x0888, 0x0888,
    0x0888, 0x0888, 0x0888, 0x0888, 0x0888, 0x0888, 0x0888, 0x0888,
    0x0888, 0x0888, 0x0888, 0x0888, 0x0888, 0x0888, 0x0888, 0x0888,
    0x0888, 0x0888, 0x0888, 0x0888, 0x0888, 0x0888, 0x0888, 0x0888,
    0x0888, 0x0888, 0x0888, 0x0888, 0x0888, 0x0888, 0x0888, 0x0888,
    0x0888, 0x0888, 0x0888, 0x0888, 0x0888, 0x0888, 0x0888, 0x0888,
    0x0888, 0x0888, 0x0888, 0x0888, 0x0888, 0x0888, 0x0888, 0x0888,
    0x0888, 0x0888, 0x0888, 0x0888, 0x0888, 0x0888, 0x0888, 0x0888,
    0x0888, 0x0888, 0x0888, 0x0888, 0x0888, 0x0888, 0x0888, 0x0888,
    0x0888, 0x0888, 0x0888, 0x0888, 0x0888, 0x0888, 0x0888, 0x0888,
    0x0888, 0x0888, 0x0888, 0x0888, 0x0888, 0x0888, 0x0888, 0x0888,
    0x0888, 0x0888, 0x0888, 0x0888, 0x0888, 0x0888, 0x0888, 0x0888,
    0x0888, 0x0888, 0x0888, 0x0888, 0x0888, 0x0888, 0x0888, 0x0888,
    0x0888, 0x0888, 0x0888, 0x0888, 0x0888, 0x0888, 0x0888, 0x0888,
    0x0888, 0x0888, 0x0888, 0x0888, 0x0888, 0x0888, 0x0888, 0x0888,
    0x0888, 0x0888, 0x0888, 0x0888, 0x0888, 0x0888, 0x0888, 0x0888,
    0x0888, 0x0888, 0x0888, 0x0888, 0x0888, 0x0888, 0x0888, 0x0888,
    0xFFDA, 0xFDA6, 0xFFFF, 0xFFFF, 0xFFFF, 0xFFBB, 0xFFBB, 0xFDA6,
    0x0888, 0x0888, 0x0888, 0x0888, 0x0888, 0xFFDA, 0xFFDA, 0xFFDA,
    0xFFDA, 0xFDA6, 0xFDA6, 0xFDA6, 0xFDA6, 0x0888, 0x0888, 0x0888,
    0x0888, 0x0888, 0x0888, 0x0888, 0x0888, 0x0888, 0x0888, 0x0888,
    0x0888, 0x0888, 0x0888, 0x0888, 0x0888, 0x0888, 0x0888, 0x0888,
    0x0888, 0x0888, 0x0888, 0x0888, 0x0888, 0x0888, 0x0888, 0x0888,
    0x0888, 0x0888, 0x0888, 0x0888, 0x0888, 0x0888, 0x0888, 0x0888,
    0x0888, 0x0888, 0x0888, 0x0888, 0x0888, 0x0888, 0x0888, 0x0888,
    0x0888, 0x0888, 0x0888, 0x0888, 0x0888, 0x0888, 0x0888, 0x0888,
    0x0888, 0x0888, 0x0888, 0x0888, 0x0888, 0x0888, 0x0888, 0x0888,
    0x0888, 0x0888, 0x0888, 0x0888, 0x0888, 0x0888, 0x0888, 0x0888,
    0x0888, 0x0888, 0x0888, 0x0888, 0x0888, 0x0888, 0x0888, 0x0888,
    0x0888, 0x0888, 0x0888, 0x0888, 0x0888, 0x0888, 0x0888, 0x0888,
    0x0888, 0x0888, 0x0888, 0x0888, 0x0888, 0x0888, 0x0888, 0x0888,
    0x0888, 0x0888, 0x0888, 0x0888, 0x0888, 0x0888, 0x0888, 0x0888,
    0x0888, 0x0888, 0x0888, 0x0888, 0x0888, 0x0888, 0x0888, 0x0888,
    0x0888, 0x0888, 0x0888, 0x0888, 0x0888, 0x0888, 0x0888, 0x0888,
    0x0888, 0x0888, 0x0888, 0x0888, 0x0888, 0x0888, 0x0888, 0x0888,
    0x0888, 0x0888, 0x0888, 0x0888, 0x0888, 0x0888, 0x0888, 0x0888,
    0x0888, 0x0888, 0x0888, 0x0888, 0x0888, 0x0888, 0x0888, 0x0888,
    0x0888, 0x0888, 0x0888, 0x0888, 0x0888, 0x0888, 0x0888, 0x0888,
    0x0888, 0x0888, 0x0888, 0x0888, 0x0888, 0x0888, 0x0888, 0x0888,
    0x0888, 0x0888, 0x0888, 0x0888, 0x0888, 0x0888, 0x0888, 0x0888,
    0x0888, 0x0888, 0x0888, 0x0888, 0x0888, 0x0888, 0x0888, 0x0888,
    0x0888, 0x0888, 0x0888, 0x0888, 0x0888, 0x0888, 0x0888, 0x0888,
    0x0888, 0x0888, 0x0888, 0x0888, 0x0888, 0x0888, 0x0888, 0x0888,
    0x0888, 0x0888, 0x0888, 0x0888, 0x0888, 0x0888, 0x0888, 0x0888,
    0x0888, 0x0888, 0x0888, 0x0888, 0x0888, 0x0888, 0x0888, 0x0888,
    0x0888, 0x0888, 0x0888, 0x0888, 0x0888, 0x0888, 0x0888, 0x0888,
    0x0888, 0x0888, 0x0888, 0x0888, 0x0888, 0x0888, 0x0888, 0x0888,
    0x0888, 0x0888, 0x0888, 0x0888, 0x0888, 0x0888, 0x0888, 0x0888,
    0x0888, 0x0888, 0x0888, 0x0888, 0x0888, 0x0888, 0x0888, 0x0888,
    0xFFDA, 0xFDA6, 0xFFFF, 0xFFFF, 0xFFFF, 0xFFBB, 0xFFBB, 0xFDA6,
    0x0888, 0x0888, 0x0888, 0xFFDA, 0xFFDA, 0xFDA6, 0xFDA6, 0xFDA6,
    0xFDA6, 0xFFBB, 0xFFBB, 0xFFBB, 0xFDA6, 0x0888, 0x0888, 0x0888,
    0x0888, 0x0888, 0x0888, 0x0888, 0x0888, 0x0888, 0x0888, 0x0888,
    0x0888, 0x0888, 0x0888, 0x0888, 0x0888, 0x0888, 0x0888, 0x0888,
    0x0888, 0x0888, 0x0888, 0x0888, 0x0888, 0x0888, 0x0888, 0x0888,
    0x0888, 0x0888, 0x0888, 0x0888, 0x0888, 0x0888, 0x0888, 0x0888,
    0x0888, 0x0888, 0x0888, 0x0888, 0x0888, 0x0888, 0x0888, 0x0888,
    0x0888, 0x0888, 0x0888, 0x0888, 0x0888, 0x0888, 0x0888, 0x0888,
    0x0888, 0x0888, 0x0888, 0x0888, 0x0888, 0x0888, 0x0888, 0x0888,
    0x0888, 0x0888, 0x0888, 0x0888, 0x0888, 0x0888, 0x0888, 0x0888,
    0x0888, 0x0888, 0x0888, 0x0888, 0x0888, 0x0888, 0x0888, 0x0888,
    0x0888, 0x0888, 0x0888, 0x0888, 0x0888, 0x0888, 0x0888, 0x0888,
    0x0888, 0x0888, 0x0888, 0x0888, 0x0888, 0x0888, 0x0888, 0x0888,
    0x0888, 0x0888, 0x0888, 0x0888, 0x0888, 0x0888, 0x0888, 0x0888,
    0x0888, 0x0888, 0x0888, 0x0888, 0x0888, 0x0888, 0x0888, 0x0888,
    0x0888, 0x0888, 0x0888, 0x0888, 0x0888, 0x0888, 0x0888, 0x0888,
    0x0888, 0x0888, 0x0888, 0x0888, 0x0888, 0x0888, 0x0888, 0x0888,
    0x0888, 0x0888, 0x0888, 0x0888, 0x0888, 0x0888, 0x0888, 0x0888,
    0x0888, 0x0888, 0x0888, 0x0888, 0x0888, 0x0888, 0x0888, 0x0888,
    0x0888, 0x0888, 0x0888, 0x0888, 0x0888, 0x0888, 0x0888, 0x0888,
    0x0888, 0x0888, 0x0888, 0x0888, 0x0888, 0x0888, 0x0888, 0x0888,
    0x0888, 0x0888, 0x0888, 0x0888, 0x0888, 0x0888, 0x0888, 0x0888,
    0x0888, 0x0888, 0x0888, 0x0888, 0x0888, 0x0888, 0x0888, 0x0888,
    0x0888, 0x0888, 0x0888, 0x0888, 0x0888, 0x0888, 0x0888, 0x0888,
    0x0888, 0x0888, 0x0888, 0x0888, 0x0888, 0x0888, 0x0888, 0x0888,
    0x0888, 0x0888, 0x0888, 0x0888, 0x0888, 0x0888, 0x0888, 0x0888,
    0x0888, 0x0888, 0x0888, 0x0888, 0x0888, 0x0888, 0x0888, 0x0888,
    0x0888, 0x0888, 0x0888, 0x0888, 0x0888, 0x0888, 0x0888, 0x0888,
    0x0888, 0x0888, 0x0888, 0x0888, 0x0888, 0x0888, 0x0888, 0x0888,
    0x0888, 0x0888, 0x0888, 0x0888, 0x0888, 0x0888, 0x0888, 0x0888,
    0x0888, 0x0888, 0x0888, 0x0888, 0x0888, 0x0888, 0x0888, 0xFFDA,
    0xFDA6, 0xFDA6, 0xFFFF, 0xFFFF, 0xFFFF, 0xFFFF, 0xFFBB, 0xFDA6,
    0xFDA6, 0xFDA6, 0xFDA6, 0xFFDA, 0xFFDA, 0xFDA6, 0xFDA6, 0xFFFF,
    0xFFFF, 0xFFFF, 0xFFFF, 0xFFBB, 0xFDA6, 0x0888, 0x0888, 0x0888,
    0x0888, 0x0888, 0x0888, 0x0888, 0x0888, 0x0888, 0x0888, 0x0888,
    0x0888, 0x0888, 0x0888, 0x0888, 0x0888, 0x0888, 0x0888, 0x0888,
    0x0888, 0x0888, 0x0888, 0x0888, 0x0888, 0x0888, 0x0888, 0x0888,
    0x0888, 0x0888, 0x0888, 0x0888, 0x0888, 0x0888, 0x0888, 0x0888,
    0x0888, 0x0888, 0x0888, 0x0888, 0x0888, 0x0888, 0x0888, 0x0888,
    0x0888, 0x0888, 0x0888, 0x0888, 0x0888, 0xFFDA, 0x0888, 0x0888,
    0x0888, 0x0888, 0x0888, 0x0888, 0x0888, 0x0888, 0x0888, 0x0888,
    0x0888, 0x0888, 0x0888, 0x0888, 0x0888, 0x0888, 0x0888, 0x0888,
    0x0888, 0x0888, 0x0888, 0x0888, 0x0888, 0x0888, 0x0888, 0x0888,
    0x0888, 0x0888, 0x0888, 0x0888, 0x0888, 0x0888, 0x0888, 0x0888,
    0x0888, 0x0888, 0x0888, 0x0888, 0x0888, 0x0888, 0x0888, 0x0888,
    0x0888, 0x0888, 0x0888, 0x0888, 0x0888, 0x0888, 0x0888, 0x0888,
    0x0888, 0x0888, 0x0888, 0x0888, 0x0888, 0x0888, 0x0888, 0x0888,
    0x0888, 0x0888, 0x0888, 0x0888, 0x0888, 0x0888, 0x0888, 0x0888,
    0x0888, 0x0888, 0x0888, 0x0888, 0x0888, 0x0888, 0x0888, 0x0888,
    0x0888, 0x0888, 0x0888, 0x0888, 0x0888, 0x0888, 0x0888, 0x0888,
    0x0888, 0x0888, 0x0888, 0x0888, 0x0888, 0x0888, 0x0888, 0x0888,
    0x0888, 0x0888, 0x0888, 0x0888, 0x0888, 0x0888, 0x0888, 0x0888,
    0x0888, 0x0888, 0x0888, 0x0888, 0x0888, 0x0888, 0x0888, 0x0888,
    0x0888, 0x0888, 0x0888, 0x0888, 0x0888, 0x0888, 0x0888, 0x0888,
    0x0888, 0x0888, 0x0888, 0x0888, 0x0888, 0x0888, 0x0888, 0x0888,
    0x0888, 0x0888, 0x0888, 0x0888, 0x0888, 0x0888, 0x0888, 0x0888,
    0x0888, 0x0888, 0x0888, 0x0888, 0x0888, 0x0888, 0x0888, 0x0888,
    0x0888, 0x0888, 0x0888, 0x0888, 0x0888, 0x0888, 0x0888, 0x0888,
    0x0888, 0x0888, 0x0888, 0x0888, 0x0888, 0x0888, 0x0888, 0x0888,
    0x0888, 0x0888, 0x0888, 0x0888, 0x0888, 0x0888, 0x0888, 0x0888,
    0x0888, 0x0888, 0x0888, 0x0888, 0x0888, 0x0888, 0x0888, 0x0888,
    0x0888, 0x0888, 0x0888, 0x0888, 0x0888, 0x0888, 0x0888, 0x0888,
    0x0888, 0x0888, 0x0888, 0x0888, 0x0888, 0x0888, 0x0888, 0xFFDA,
    0xFDA6, 0xFDA6, 0xFFFF, 0xFFFF, 0xFDA6, 0xFDA6, 0xFDA6, 0xFDA6,
    0xFDA6, 0xFDA6, 0xFDA6, 0xFDA6, 0xFDA6, 0xFFDA, 0xFFDA, 0xFFFF,
    0xFFFF, 0xFFFF, 0xFFFF, 0xFFBB, 0xFDA6, 0x0888, 0x0888, 0x0888,
    0x0888, 0x0888, 0x0888, 0x0888, 0x0888, 0x0888, 0x0888, 0x0888,
    0x0888, 0x0888, 0x0888, 0x0888, 0x0888, 0x0888, 0x0888, 0x0888,
    0x0888, 0x0888, 0x0888, 0x0888, 0x0888, 0x0888, 0x0888, 0x0888,
    0x0888, 0x0888, 0x0888, 0x0888, 0x0888, 0x0888, 0x0888, 0x0888,
    0x0888, 0x0888, 0x0888, 0x0888, 0x0888, 0x0888, 0x0888, 0x0888,
    0x0888, 0x0888, 0x0888, 0x0888, 0xFFDA, 0xFDA6, 0xFDA6, 0x0888,
    0x0888, 0x0888, 0x0888, 0x0888, 0x0888, 0x0888, 0x0888, 0x0888,
    0x0888, 0x0888, 0x0888, 0x0888, 0x0888, 0x0888, 0x0888, 0x0888,
    0x0888, 0x0888, 0x0888, 0x0888, 0x0888, 0x0888, 0x0888, 0x0888,
    0x0888, 0x0888, 0x0888, 0x0888, 0x0888, 0x0888, 0x0888, 0x0888,
    0x0888, 0x0888, 0x0888, 0x0888, 0x0888, 0x0888, 0x0888, 0x0888,
    0x0888, 0x0888, 0x0888, 0x0888, 0x0888, 0x0888, 0x0888, 0x0888,
    0x0888, 0x0888, 0x0888, 0x0888, 0x0888, 0x0888, 0x0888, 0x0888,
    0x0888, 0x0888, 0x0888, 0x0888, 0x0888, 0xFFDA, 0x0888, 0x0888,
    0x0888, 0x0888, 0x0888, 0x0888, 0x0888, 0x0888, 0x0888, 0x0888,
    0x0888, 0x0888, 0x0888, 0x0888, 0x0888, 0x0888, 0x0888, 0x0888,
    0x0888, 0x0888, 0x0888, 0x0888, 0x0888, 0x0888, 0x0888, 0x0888,
    0x0888, 0x0888, 0x0888, 0x0888, 0x0888, 0x0888, 0x0888, 0x0888,
    0x0888, 0x0888, 0x0888, 0x0888, 0x0888, 0x0888, 0x0888, 0x0888,
    0x0888, 0x0888, 0x0888, 0x0888, 0x0888, 0x0888, 0x0888, 0x0888,
    0x0888, 0x0888, 0x0888, 0x0888, 0x0888, 0x0888, 0x0888, 0x0888,
    0x0888, 0x0888, 0x0888, 0x0888, 0x0888, 0xFFDA, 0x0888, 0x0888,
    0x0888, 0x0888, 0x0888, 0x0888, 0x0888, 0x0888, 0x0888, 0x0888,
    0x0888, 0x0888, 0x0888, 0x0888, 0x0888, 0x0888, 0x0888, 0x0888,
    0x0888, 0x0888, 0x0888, 0x0888, 0x0888, 0x0888, 0x0888, 0x0888,
    0x0888, 0x0888, 0x0888, 0x0888, 0x0888, 0x0888, 0x0888, 0x0888,
    0x0888, 0x0888, 0x0888, 0x0888, 0x0888, 0x0888, 0x0888, 0x0888,
    0x0888, 0x0888, 0x0888, 0x0888, 0x0888, 0x0888, 0x0888, 0x0888,
    0x0888, 0x0888, 0x0888, 0x0888, 0x0888, 0x0888, 0xFFDA, 0xFDA6,
    0xFDA6, 0xFDA6, 0xFDA6, 0xFDA6, 0xFDA6, 0xFDA6, 0xFDA6, 0xFDA6,
    0xFDA6, 0xFDA6, 0xFDA6, 0xFDA6, 0xFDA6, 0xFDA6, 0xFDA6, 0xFFDA,
    0xFFFF, 0xFFFF, 0xFFBB, 0xFFBB, 0xFDA6, 0x0888, 0x0888, 0x0888,
    0x0888, 0x0888, 0x0888, 0x0888, 0x0888, 0x0888, 0x0888, 0x0888,
    0x0888, 0x0888, 0x0888, 0x0888, 0x0888, 0x0888, 0x0888, 0x0888,
    0x0888, 0x0888, 0x0888, 0x0888, 0x0888, 0x0888, 0x0888, 0x0888,
    0x0888, 0x0888, 0x0888, 0x0888, 0x0888, 0x0888, 0x0888, 0x0888,
    0x0888, 0x0888, 0x0888, 0x0888, 0x0888, 0x0888, 0x0888, 0x0888,
    0x0888, 0x0888, 0x0888, 0xFFDA, 0xFDA6, 0xFFBB, 0xFFBB, 0xFDA6,
    0x0888, 0x0888, 0x0888, 0x0888, 0x0888, 0x0888, 0x0888, 0x0888,
    0x0888, 0x0888, 0x0888, 0x0888, 0x0888, 0x0888, 0x0888, 0x0888,
    0x0888, 0x0888, 0x0888, 0x0888, 0x0888, 0x0888, 0x0888, 0x0888,
    0x0888, 0x0888, 0x0888, 0x0888, 0x0888, 0x0888, 0x0888, 0x0888,
    0x0888, 0x0888, 0x0888, 0x0888, 0x0888, 0x0888, 0x0888, 0x0888,
    0x0888, 0x0888, 0x0888, 0x0888, 0x0888, 0x0888, 0x0888, 0x0888,
    0x0888, 0x0888, 0x0888, 0x0888, 0x0888, 0x0888, 0x0888, 0x0888,
    0x0888, 0x0888, 0x0888, 0x0888, 0xFFDA, 0xFDA6, 0xFDA6, 0x0888,
    0x0888, 0x0888, 0x0888, 0x0888, 0x0888, 0x0888, 0x0888, 0x0888,
    0x0888, 0x0888, 0x0888, 0x0888, 0x0888, 0x0888, 0x0888, 0x0888,
    0x0888, 0x0888, 0x0888, 0x0888, 0x0888, 0x0888, 0x0888, 0x0888,
    0x0888, 0x0888, 0x0888, 0x0888, 0x0888, 0x0888, 0x0888, 0x0888,
    0x0888, 0x0888, 0x0888, 0x0888, 0x0888, 0x0888, 0x0888, 0x0888,
    0x0888, 0x0888, 0x0888, 0x0888, 0x0888, 0x0888, 0x0888, 0x0888,
    0x0888, 0x0888, 0x0888, 0x0888, 0x0888, 0x0888, 0x0888, 0x0888,
    0x0888, 0x0888, 0x0888, 0x0888, 0xFFDA, 0xFDA6, 0xFDA6, 0x0888,
    0x0888, 0x0888, 0x0888, 0x0888, 0x0888, 0x0888, 0x0888, 0x0888,
    0x0888, 0x0888, 0x0888, 0x0888, 0x0888, 0x0888, 0x0888, 0x0888,
    0x0888, 0x0888, 0x0888, 0x0888, 0x0888, 0x0888, 0x0888, 0x0888,
    0x0888, 0x0888, 0x0888, 0x0888, 0x0888, 0x0888, 0x0888, 0x0888,
    0x0888, 0x0888, 0x0888, 0x0888, 0x0888, 0x0888, 0x0888, 0x0888,
    0x0888, 0x0888, 0x0888, 0x0888, 0x0888, 0x0888, 0x0888, 0x0888,
    0x0888, 0x0888, 0x0888, 0x0888, 0x0888, 0x0888, 0xFFDA, 0xFFDA,
    0xFFDA, 0xFFDA, 0xFDA6, 0xFDA6, 0xFDA6, 0xFDA6, 0xFDA6, 0xFDA6,
    0xFDA6, 0xFDA6, 0xFDA6, 0xFDA6, 0xFDA6, 0xFDA6, 0xFDA6, 0xFFDA,
    0xFFDA, 0xFFBB, 0xFFBB, 0xFDA6, 0x0888, 0x0888, 0x0888, 0x0888,
    0x0888, 0x0888, 0x0888, 0x0888, 0x0888, 0x0888, 0x0888, 0x0888,
    0x0888, 0x0888, 0x0888, 0x0888, 0x0888, 0x0888, 0x0888, 0x0888,
    0x0888, 0x0888, 0x0888, 0x0888, 0x0888, 0x0888, 0x0888, 0x0888,
    0x0888, 0x0888, 0x0888, 0x0888, 0x0888, 0x0888, 0x0888, 0x0888,
    0x0888, 0x0888, 0x0888, 0x0888, 0x0888, 0x0888, 0x0888, 0x0888,
    0x0888, 0x0888, 0x0888, 0xFFDA, 0xFDA6, 0xFFBB, 0xFFBB, 0xFFBB,
    0xFDA6, 0x0888, 0x0888, 0x0888, 0x0888, 0x0888, 0x0888, 0x0888,
    0x0888, 0x0888, 0x0888, 0x0888, 0x0888, 0x0888, 0x0888, 0x0888,
    0x0888, 0x0888, 0x0888, 0x0888, 0x0888, 0x0888, 0x0888, 0x0888,
    0x0888, 0x0888, 0x0888, 0x0888, 0x0888, 0x0888, 0x0888, 0x0888,
    0x0888, 0x0888, 0x0888, 0x0888, 0x0888, 0x0888, 0x0888, 0x0888,
    0x0888, 0x0888, 0x0888, 0x0888, 0x0888, 0x0888, 0x0888, 0x0888,
    0x0888, 0x0888, 0x0888, 0x0888, 0x0888, 0x0888, 0x0888, 0x0888,
    0x0888, 0x0888, 0x0888, 0xFFDA, 0xFDA6, 0xFFBB, 0xFFBB, 0xFDA6,
    0x0888, 0x0888, 0x0888, 0x0888, 0x0888, 0x0888, 0x0888, 0x0888,
    0x0888, 0x0888, 0x0888, 0x0888, 0x0888, 0x0888, 0x0888, 0x0888,
    0x0888, 0x0888, 0x0888, 0x0888, 0x0888, 0x0888, 0x0888, 0x0888,
    0x0888, 0x0888, 0x0888, 0x0888, 0x0888, 0x0888, 0x0888, 0x0888,
    0x0888, 0x0888, 0x0888, 0x0888, 0x0888, 0x0888, 0x0888, 0x0888,
    0x0888, 0x0888, 0x0888, 0x0888, 0x0888, 0x0888, 0x0888, 0x0888,
    0x0888, 0x0888, 0x0888, 0x0888, 0x0888, 0x0888, 0x0888, 0x0888,
    0x0888, 0x0888, 0x0888, 0xFFDA, 0xFDA6, 0xFFBB, 0xFFBB, 0xFDA6,
    0x0888, 0x0888, 0x0888, 0x0888, 0x0888, 0x0888, 0x0888, 0x0888,
    0x0888, 0x0888, 0x0888, 0x0888, 0x0888, 0x0888, 0x0888, 0x0888,
    0x0888, 0x0888, 0x0888, 0x0888, 0x0888, 0x0888, 0x0888, 0x0888,
    0x0888, 0x0888, 0x0888, 0x0888, 0x0888, 0x0888, 0x0888, 0x0888,
    0x0888, 0x0888, 0x0888, 0x0888, 0x0888, 0xFFDA, 0xFFDA, 0xFFDA,
    0xFFDA, 0x0888, 0x0888, 0x0888, 0x0888, 0x0888, 0x0888, 0x0888,
    0x0888, 0x0888, 0x0888, 0x0888, 0xFFDA, 0xFFDA, 0xFFDA, 0xFFDA,
    0xFFDA, 0xFFDA, 0xFFDA, 0xFDA6, 0xFDA6, 0xFDA6, 0xFDA6, 0xFDA6,
    0xFDA6, 0xFDA6, 0xFDA6, 0xFDA6, 0xFDA6, 0xFDA6, 0xFFDA, 0xFFDA,
    0xFFDA, 0xFFDA, 0xFFBB, 0xFDA6, 0x0888, 0x0888, 0x0888, 0x0888,
    0x0888, 0x0888, 0x0888, 0x0888, 0x0888, 0x0888, 0x0888, 0x0888,
    0x0888, 0x0888, 0x0888, 0x0888, 0x0888, 0x0888, 0x0888, 0x0888,
    0x0888, 0x0888, 0x0888, 0x0888, 0x0888, 0x0888, 0x0888, 0x0888,
    0x0888, 0x0888, 0x0888, 0x0888, 0x0888, 0x0888, 0x0888, 0x0888,
    0x0888, 0x0888, 0x0888, 0x0888, 0x0888, 0x0888, 0x0888, 0x0888,
    0x0888, 0x0888, 0xFFDA, 0xFDA6, 0xFFBB, 0xFFFF, 0xFFBB, 0xFFBB,
    0xFDA6, 0x0888, 0x0888, 0x0888, 0x0888, 0x0888, 0x0888, 0x0888,
    0x0888, 0x0888, 0x0888, 0xFFDA, 0xFFDA, 0xFFDA, 0xFFDA, 0x0888,
    0x0888, 0x0888, 0x0888, 0x0888, 0x0888, 0x0888, 0x0888, 0x0888,
    0x0888, 0x0888, 0x0888, 0x0888, 0x0888, 0x0888, 0x0888, 0x0888,
    0x0888, 0x0888, 0x0888, 0x0888, 0x0888, 0x0888, 0x0888, 0x0888,
    0x0888, 0x0888, 0x0888, 0x0888, 0x0888, 0x0888, 0x0888, 0x0888,
    0x0888, 0x0888, 0x0888, 0x0888, 0x0888, 0x0888, 0x0888, 0x0888,
    0x0888, 0x0888, 0x0888, 0xFFDA, 0xFDA6, 0xFFBB, 0xFFBB, 0xFFBB,
    0xFDA6, 0x0888, 0x0888, 0x0888, 0x0888, 0x0888, 0x0888, 0x0888,
    0x0888, 0x0888, 0x0888, 0x0888, 0x0888, 0x0888, 0x0888, 0x0888,
    0x0888, 0x0888, 0x0888, 0x0888, 0x0888, 0x0888, 0x0888, 0x0888,
    0x0888, 0x0888, 0x0888, 0x0888, 0x0888, 0x0888, 0x0888, 0x0888,
    0x0888, 0x0888, 0x0888, 0x0888, 0x0888, 0x0888, 0x0888, 0x0888,
    0x0888, 0x0888, 0x0888, 0x0888, 0x0888, 0x0888, 0x0888, 0x0888,
    0x0888, 0x0888, 0x0888, 0x0888, 0x0888, 0x0888, 0x0888, 0x0888,
    0x0888, 0x0888, 0x0888, 0xFFDA, 0xFDA6, 0xFFBB, 0xFFBB, 0xFFBB,
    0xFDA6, 0x0888, 0x0888, 0x0888, 0x0888, 0x0888, 0x0888, 0x0888,
    0x0888, 0x0888, 0x0888, 0x0888, 0x0888, 0x0888, 0x0888, 0x0888,
    0x0888, 0x0888, 0x0888, 0x0888, 0x0888, 0x0888, 0x0888, 0x0888,
    0x0888, 0x0888, 0x0888, 0x0888, 0x0888, 0x0888, 0x0888, 0x0888,
    0x0888, 0x0888, 0x0888, 0x0888, 0xFFDA, 0xFDA6, 0xFDA6, 0xFDA6,
    0xFDA6, 0xFFDA, 0xFFDA, 0x0888, 0x0888, 0x0888, 0x0888, 0x0888,
    0x0888, 0xFFDA, 0xFFDA, 0xFFDA, 0xFFDA, 0xFFDA, 0xFFDA, 0xFFDA,
    0xFFDA, 0xFFDA, 0xFFDA, 0xFFDA, 0xFDA6, 0xFDA6, 0xFDA6, 0xFDA6,
    0xFDA6, 0xFDA6, 0xFDA6, 0xFDA6, 0xFFDA, 0xFDA6, 0xFFDA, 0xFFDA,
    0xFFDA, 0xFFDA, 0xFDA6, 0xFDA6, 0x0888, 0x0888, 0x0888, 0x0888,
    0x0888, 0x0888, 0x0888, 0x0888, 0x0888, 0x0888, 0x0888, 0x0888,
    0x0888, 0x0888, 0x0888, 0x0888, 0x0888, 0x0888, 0x0888, 0x0888,
    0x0888, 0x0888, 0x0888, 0x0888, 0x0888, 0x0888, 0x0888, 0x0888,
    0x0888, 0x0888, 0x0888, 0x0888, 0x0888, 0x0888, 0x0888, 0x0888,
    0x0888, 0x0888, 0x0888, 0x0888, 0x0888, 0x0888, 0x0888, 0x0888,
    0x0888, 0x0888, 0xFFDA, 0xFDA6, 0xFFFF, 0xFFFF, 0xFFFF, 0xFFBB,
    0xFFBB, 0xFDA6, 0x0888, 0x0888, 0x0888, 0x0888, 0x0888, 0xFFDA,
    0xFFDA, 0xFFDA, 0xFFDA, 0xFDA6, 0xFDA6, 0xFDA6, 0xFDA6, 0x0888,
    0x0888, 0x0888, 0x0888, 0x0888, 0x0888, 0x0888, 0x0888, 0x0888,
    0x0888, 0x0888, 0x0888, 0x0888, 0x0888, 0x0888, 0x0888, 0x0888,
    0x0888, 0x0888, 0x0888, 0x0888, 0x0888, 0x0888, 0x0888, 0x0888,
    0x0888, 0x0888, 0x0888, 0x0888, 0x0888, 0x0888, 0x0888, 0x0888,
    0x0888, 0x0888, 0x0888, 0x0888, 0x0888, 0x0888, 0x0888, 0x0888,
    0x0888, 0x0888, 0xFFDA, 0xFDA6, 0xFFBB, 0xFFFF, 0xFFBB, 0xFFBB,
    0xFDA6, 0x0888, 0x0888, 0x0888, 0x0888, 0x0888, 0x0888, 0x0888,
    0x0888, 0x0888, 0x0888, 0xFFDA, 0xFFDA, 0xFFDA, 0xFFDA, 0x0888,
    0x0888, 0x0888, 0x0888, 0x0888, 0x0888, 0x0888, 0x0888, 0x0888,
    0x0888, 0x0888, 0x0888, 0x0888, 0x0888, 0x0888, 0x0888, 0x0888,
    0x0888, 0x0888, 0x0888, 0x0888, 0x0888, 0x0888, 0x0888, 0x0888,
    0x0888, 0x0888, 0x0888, 0x0888, 0x0888, 0x0888, 0x0888, 0x0888,
    0x0888, 0x0888, 0x0888, 0x0888, 0x0888, 0x0888, 0x0888, 0x0888,
    0x0888, 0x0888, 0xFFDA, 0xFDA6, 0xFFBB, 0xFFFF, 0xFFBB, 0xFFBB,
    0xFDA6, 0x0888, 0x0888, 0x0888, 0x0888, 0x0888, 0x0888, 0x0888,
    0x0888, 0x0888, 0x0888, 0xFFDA, 0xFFDA, 0xFFDA, 0xFFDA, 0x0888,
    0x0888, 0x0888, 0x0888, 0x0888, 0x0888, 0x0888, 0x0888, 0x0888,
    0x0888, 0x0888, 0x0888, 0x0888, 0x0888, 0x0888, 0x0888, 0x0888,
    0x0888, 0x0888, 0x0888, 0x0888, 0x0888, 0x0888, 0x0888, 0x0888,
    0xFDA6, 0xFDA6, 0xFDA6, 0xFFDA, 0xFFDA, 0xFFDA, 0xFFDA, 0xFFDA,
    0xFFDA, 0xFFDA, 0xFFDA, 0xFDA6, 0xFDA6, 0xFFDA, 0xFFDA, 0xFFDA,
    0xFDA6, 0xFFDA, 0xFFDA, 0xFFDA, 0xFFDA, 0xFDA6, 0xFDA6, 0xFDA6,
    0xFDA6, 0xFDA6, 0xFDA6, 0xFDA6, 0xFFDA, 0xFFDA, 0xFFDA, 0xFDA6,
    0xFFDA, 0xFDA6, 0xFDA6, 0x0888, 0x0888, 0x0888, 0x0888, 0x0888,
    0x0888, 0x0888, 0x0888, 0x0888, 0x0888, 0x0888, 0x0888, 0x0888,
    0x0888, 0x0888, 0x0888, 0x0888, 0x0888, 0x0888, 0x0888, 0x0888,
    0x0888, 0x0888, 0x0888, 0x0888, 0x0888, 0x0888, 0x0888, 0x0888,
    0x0888, 0x0888, 0x0888, 0x0888, 0x0888, 0x0888, 0x0888, 0x0888,
    0x0888, 0x0888, 0x0888, 0x0888, 0x0888, 0x0888, 0x0888, 0x0888,
    0x0888, 0x0888, 0xFFDA, 0xFDA6, 0xFFFF, 0xFFFF, 0xFFFF, 0xFFBB,
    0xFFBB, 0xFDA6, 0x0888, 0x0888, 0x0888, 0xFFDA, 0xFFDA, 0xFDA6,
    0xFDA6, 0xFDA6, 0xFDA6, 0xFFBB, 0xFFBB, 0xFFBB, 0xFDA6, 0x0888,
    0x0888, 0x0888, 0x0888, 0x0888, 0x0888, 0x0888, 0x0888, 0x0888,
    0x0888, 0x0888, 0x0888, 0x0888, 0x0888, 0x0888, 0x0888, 0x0888,
    0x0888, 0x0888, 0x0888, 0x0888, 0x0888, 0x0888, 0x0888, 0x0888,
    0x0888, 0x0888, 0x0888, 0x0888, 0x0888, 0x0888, 0x0888, 0x0888,
    0x0888, 0x0888, 0x0888, 0x0888, 0x0888, 0x0888, 0x0888, 0x0888,
    0x0888, 0x0888, 0xFFDA, 0xFDA6, 0xFFFF, 0xFFFF, 0xFFFF, 0xFFBB,
    0xFFBB, 0xFDA6, 0x0888, 0x0888, 0x0888, 0x0888, 0x0888, 0xFFDA,
    0xFFDA, 0xFFDA, 0xFFDA, 0xFDA6, 0xFDA6, 0xFDA6, 0xFDA6, 0x0888,
    0x0888, 0x0888, 0x0888, 0x0888, 0x0888, 0x0888, 0x0888, 0x0888,
    0x0888, 0x0888, 0x0888, 0x0888, 0x0888, 0x0888, 0x0888, 0x0888,
    0x0888, 0x0888, 0x0888, 0x0888, 0x0888, 0x0888, 0x0888, 0x0888,
    0x0888, 0x0888, 0x0888, 0x0888, 0x0888, 0x0888, 0x0888, 0x0888,
    0x0888, 0x0888, 0x0888, 0x0888, 0x0888, 0x0888, 0x0888, 0x0888,
    0x0888, 0x0888, 0xFFDA, 0xFDA6, 0xFFFF, 0xFFFF, 0xFFFF, 0xFFBB,
    0xFFBB, 0xFDA6, 0x0888, 0x0888, 0x0888, 0x0888, 0x0888, 0xFFDA,
    0xFFDA, 0xFFDA, 0xFFDA, 0xFDA6, 0xFDA6, 0xFDA6, 0xFDA6, 0x0888,
    0x0888, 0x0888, 0x0888, 0x0888, 0x0888, 0x0888, 0x0888, 0x0888,
    0x0888, 0x0888, 0x0888, 0x0888, 0x0888, 0x0888, 0x0888, 0x0888,
    0x0888, 0x0888, 0x0888, 0x0888, 0x0888, 0x0888, 0x0888, 0x0888,
    0x0888, 0xFDA6, 0xFDA6, 0xFDA6, 0xFDA6, 0xFDA6, 0xFDA6, 0xFDA6,
    0xFDA6, 0xFDA6, 0xFDA6, 0xFDA6, 0xFDA6, 0xFDA6, 0xFFDA, 0xFFDA,
    0xFDA6, 0xFDA6, 0xFDA6, 0xFFDA, 0xFFDA, 0xFFDA, 0xFFDA, 0xFD87,
    0xFDA6, 0xFFDA, 0xFFDA, 0xFFDA, 0xFD87, 0xFFDA, 0xFFDA, 0xFFDA,
    0xFDA6, 0xFDA6, 0xFFDA, 0x0888, 0x0888, 0x0888, 0x0888, 0x0888,
    0x0888, 0x0888, 0x0888, 0x0888, 0x0888, 0x0888, 0x0888, 0x0888,
    0x0888, 0x0888, 0x0888, 0x0888, 0x0888, 0x0888, 0x0888, 0x0888,
    0x0888, 0x0888, 0x0888, 0x0888, 0x0888, 0x0888, 0x0888, 0x0888,
    0x0888, 0x0888, 0x0888, 0x0888, 0x0888, 0x0888, 0x0888, 0x0888,
    0x0888, 0x0888, 0x0888, 0x0888, 0x0888, 0x0888, 0x0888, 0x0888,
    0x0888, 0xFFDA, 0xFDA6, 0xFDA6, 0xFFFF, 0xFFFF, 0xFFFF, 0xFFFF,
    0xFFBB, 0xFDA6, 0xFDA6, 0xFDA6, 0xFDA6, 0xFFDA, 0xFFDA, 0xFDA6,
    0xFDA6, 0xFFFF, 0xFFFF, 0xFFFF, 0xFFFF, 0xFFBB, 0xFDA6, 0x0888,
    0x0888, 0x0888, 0x0888, 0x0888, 0x0888, 0x0888, 0x0888, 0x0888,
    0x0888, 0x0888, 0x0888, 0x0888, 0x0888, 0x0888, 0x0888, 0x0888,
    0x0888, 0x0888, 0x0888, 0x0888, 0x0888, 0x0888, 0x0888, 0x0888,
    0x0888, 0x0888, 0x0888, 0x0888, 0x0888, 0x0888, 0x0888, 0x0888,
    0x0888, 0x0888, 0x0888, 0x0888, 0x0888, 0x0888, 0x0888, 0x0888,
    0x0888, 0x0888, 0xFFDA, 0xFDA6, 0xFFFF, 0xFFFF, 0xFFFF, 0xFFBB,
    0xFFBB, 0xFDA6, 0x0888, 0x0888, 0x0888, 0xFFDA, 0xFFDA, 0xFDA6,
    0xFDA6, 0xFDA6, 0xFDA6, 0xFFBB, 0xFFBB, 0xFFBB, 0xFDA6, 0x0888,
    0x0888, 0x0888, 0x0888, 0x0888, 0x0888, 0x0888, 0x0888, 0x0888,
    0x0888, 0x0888, 0x0888, 0x0888, 0x0888, 0x0888, 0x0888, 0x0888,
    0x0888, 0x0888, 0x0888, 0x0888, 0x0888, 0x0888, 0x0888, 0x0888,
    0x0888, 0x0888, 0x0888, 0x0888, 0x0888, 0x0888, 0x0888, 0x0888,
    0x0888, 0x0888, 0x0888, 0x0888, 0x0888, 0x0888, 0x0888, 0x0888,
    0x0888, 0xFFDA, 0xFFDA, 0xFDA6, 0xFFFF, 0xFFFF, 0xFFFF, 0xFFBB,
    0xFFBB, 0xFDA6, 0x0888, 0x0888, 0x0888, 0xFFDA, 0xFFDA, 0xFDA6,
    0xFDA6, 0xFDA6, 0xFDA6, 0xFFBB, 0xFFBB, 0xFFBB, 0xFDA6, 0x0888,
    0x0888, 0x0888, 0x0888, 0x0888, 0x0888, 0x0888, 0x0888, 0x0888,
    0x0888, 0x0888, 0x0888, 0x0888, 0x0888, 0x0888, 0x0888, 0x0888,
    0x0888, 0x0888, 0x0888, 0x0888, 0x0888, 0x0888, 0x0888, 0x0888,
    0x0888, 0x0888, 0xFDA6, 0xFDA6, 0xFDA6, 0xFDA6, 0xFDA6, 0xFDA6,
    0xFDA6, 0xFDA6, 0xFDA6, 0xFDA6, 0xFDA6, 0xFDA6, 0xFDA6, 0xFFDA,
    0xFFDA, 0xFDA6, 0xFDA6, 0xFFDA, 0xFFDA, 0xFFDA, 0xFFDA, 0xFD87,
    0xFDA6, 0xFFDA, 0xFFDA, 0xFFDA, 0xFD87, 0xFD87, 0xFDA6, 0xFDA6,
    0xFDA6, 0xFDA6, 0xFFDA, 0x0888, 0x0888, 0x0888, 0x0888, 0x0888,
    0x0888, 0x0888, 0x0888, 0x0888, 0x0888, 0x0888, 0x0888, 0x0888,
    0x0888, 0x0888, 0x0888, 0x0888, 0x0888, 0x0888, 0x0888, 0x0888,
    0x0888, 0x0888, 0x0888, 0x0888, 0x0888, 0x0888, 0x0888, 0x0888,
    0x0888, 0x0888, 0x0888, 0x0888, 0x0888, 0x0888, 0x0888, 0x0888,
    0x0888, 0x0888, 0x0888, 0x0888, 0x0888, 0x0888, 0x0888, 0x0888,
    0x0888, 0xFFDA, 0xFDA6, 0xFDA6, 0xFFFF, 0xFFFF, 0xFDA6, 0xFDA6,
    0xFDA6, 0xFDA6, 0xFDA6, 0xFDA6, 0xFDA6, 0xFDA6, 0xFDA6, 0xFFDA,
    0xFFDA, 0xFFFF, 0xFFFF, 0xFFFF, 0xFFFF, 0xFFBB, 0xFDA6, 0x0888,
    0x0888, 0x0888, 0x0888, 0x0888, 0x0888, 0x0888, 0x0888, 0x0888,
    0x0888, 0x0888, 0x0888, 0x0888, 0x0888, 0x0888, 0x0888, 0x0888,
    0x0888, 0x0888, 0x0888, 0x0888, 0x0888, 0x0888, 0x0888, 0x0888,
    0x0888, 0x0888, 0x0888, 0x0888, 0x0888, 0x0888, 0x0888, 0x0888,
    0x0888, 0x0888, 0x0888, 0x0888, 0x0888, 0x0888, 0x0888, 0x0888,
    0x0888, 0xFFDA, 0xFDA6, 0xFDA6, 0xFFFF, 0xFFFF, 0xFFFF, 0xFFFF,
    0xFFBB, 0xFDA6, 0xFDA6, 0xFDA6, 0xFDA6, 0xFFDA, 0xFFDA, 0xFDA6,
    0xFDA6, 0xFFFF, 0xFFFF, 0xFFFF, 0xFFFF, 0xFFBB, 0xFDA6, 0x0888,
    0x0888, 0x0888, 0x0888, 0x0888, 0x0888, 0x0888, 0x0888, 0x0888,
    0x0888, 0x0888, 0x0888, 0x0888, 0x0888, 0x0888, 0x0888, 0x0888,
    0x0888, 0x0888, 0x0888, 0x0888, 0x0888, 0x0888, 0x0888, 0x0888,
    0x0888, 0x0888, 0x0888, 0x0888, 0x0888, 0x0888, 0x0888, 0x0888,
    0x0888, 0x0888, 0x0888, 0x0888, 0x0888, 0x0888, 0x0888, 0x0888,
    0xFFDA, 0xFFDA, 0xFDA6, 0xFDA6, 0xFFFF, 0xFFFF, 0xFFFF, 0xFFFF,
    0xFFBB, 0xFDA6, 0xFDA6, 0xFDA6, 0xFDA6, 0xFFDA, 0xFFDA, 0xFDA6,
    0xFDA6, 0xFFFF, 0xFFFF, 0xFFFF, 0xFFFF, 0xFFBB, 0xFDA6, 0x0888,
    0x0888, 0x0888, 0x0888, 0x0888, 0x0888, 0x0888, 0x0888, 0x0888,
    0x0888, 0x0888, 0x0888, 0x0888, 0x0888, 0x0888, 0x0888, 0x0888,
    0x0888, 0x0888, 0x0888, 0x0888, 0x0888, 0x0888, 0x0888, 0x0888,
    0x0888, 0x0888, 0x0888, 0xFDA6, 0xFDA6, 0xFDA6, 0xFDA6, 0xFDA6,
    0xFDA6, 0xFDA6, 0xFDA6, 0xFDA6, 0xFDA6, 0xFDA6, 0xFDA6, 0xFDA6,
    0xFFDA, 0xFDA6, 0xFDA6, 0xFDA6, 0xFDA6, 0xFDA6, 0xFD87, 0xFFEB,
    0xFFEB, 0xFDA6, 0xFDA6, 0xFD87, 0xFFEB, 0xFFEB, 0xFD87, 0xFDA6,
    0xFDA6, 0xFDA6, 0xFFDA, 0x0888, 0x0888, 0x0888, 0x0888, 0x0888,
    0x0888, 0x0888, 0x0888, 0x0888, 0x0888, 0x0888, 0x0888, 0x0888,
    0x0888, 0x0888, 0x0888, 0x0888, 0x0888, 0x0888, 0x0888, 0x0888,
    0x0888, 0x0888, 0x0888, 0x0888, 0x0888, 0x0888, 0x0888, 0x0888,
    0x0888, 0x0888, 0x0888, 0x0888, 0x0888, 0x0888, 0x0888, 0x0888,
    0x0888, 0x0888, 0x0888, 0x0888, 0x0888, 0x0888, 0x0888, 0x0888,
    0xFFDA, 0xFDA6, 0xFDA6, 0xFDA6, 0xFDA6, 0xFDA6, 0xFDA6, 0xFDA6,
    0xFDA6, 0xFDA6, 0xFDA6, 0xFDA6, 0xFDA6, 0xFDA6, 0xFDA6, 0xFDA6,
    0xFDA6, 0xFFDA, 0xFFFF, 0xFFFF, 0xFFBB, 0xFFBB, 0xFDA6, 0x0888,
    0x0888, 0x0888, 0x0888, 0x0888, 0x0888, 0x0888, 0x0888, 0x0888,
    0x0888, 0x0888, 0x0888, 0x0888, 0x0888, 0x0888, 0x0888, 0x0888,
    0x0888, 0x0888, 0x0888, 0x0888, 0x0888, 0x0888, 0x0888, 0x0888,
    0x0888, 0x0888, 0x0888, 0x0888, 0x0888, 0x0888, 0x0888, 0x0888,
    0x0888, 0x0888, 0x0888, 0x0888, 0x0888, 0x0888, 0x0888, 0x0888,
    0x0888, 0xFFDA, 0xFDA6, 0xFDA6, 0xFFFF, 0xFFFF, 0xFDA6, 0xFDA6,
    0xFDA6, 0xFDA6, 0xFDA6, 0xFDA6, 0xFDA6, 0xFDA6, 0xFDA6, 0xFFDA,
    0xFFDA, 0xFFFF, 0xFFFF, 0xFFFF, 0xFFFF, 0xFFBB, 0xFDA6, 0x0888,
    0x0888, 0x0888, 0x0888, 0x0888, 0x0888, 0x0888, 0x0888, 0x0888,
    0x0888, 0x0888, 0x0888, 0x0888, 0x0888, 0x0888, 0x0888, 0x0888,
    0x0888, 0x0888, 0x0888, 0x0888, 0x0888, 0x0888, 0x0888, 0x0888,
    0x0888, 0x0888, 0x0888, 0x0888, 0x0888, 0x0888, 0x0888, 0x0888,
    0x0888, 0x0888, 0x0888, 0x0888, 0x0888, 0x0888, 0x0888, 0xFFDA,
    0xFFDA, 0xFDA6, 0xFDA6, 0xFDA6, 0xFFFF, 0xFFFF, 0xFDA6, 0xFDA6,
    0xFDA6, 0xFDA6, 0xFDA6, 0xFDA6, 0xFDA6, 0xFDA6, 0xFDA6, 0xFFDA,
    0xFFDA, 0xFFFF, 0xFFFF, 0xFFFF, 0xFFFF, 0xFFBB, 0xFDA6, 0x0888,
    0x0888, 0x0888, 0x0888, 0x0888, 0x0888, 0x0888, 0x0888, 0x0888,
    0x0888, 0x0888, 0x0888, 0x0888, 0x0888, 0x0888, 0x0888, 0x0888,
    0x0888, 0x0888, 0x0888, 0x0888, 0x0888, 0x0888, 0x0888, 0x0888,
    0xFDA6, 0xFDA6, 0xFDA6, 0xFDA6, 0xFDA6, 0xFDA6, 0xFDA6, 0xFDA6,
    0xFDA6, 0xFDA6, 0xFDA6, 0xFDA6, 0xFDA6, 0xFDA6, 0xFDA6, 0xFDA6,
    0xFDA6, 0xFDA6, 0xF945, 0xFDA6, 0xFDA6, 0xFD87, 0xFFEB, 0xFFEB,
    0xFFEB, 0xFDA6, 0xFDA6, 0xFD87, 0xFFEB, 0xFFEB, 0xFFEB, 0xFDA6,
    0xFDA6, 0xFDA6, 0xFDA6, 0xFFDA, 0x0888, 0x0888, 0x0888, 0x0888,
    0x0888, 0x0888, 0x0888, 0x0888, 0x0888, 0x0888, 0x0888, 0x0888,
    0x0888, 0x0888, 0x0888, 0x0888, 0x0888, 0x0888, 0x0888, 0x0888,
    0x0888, 0x0888, 0x0888, 0x0888, 0x0888, 0x0888, 0x0888, 0x0888,
    0x0888, 0x0888, 0x0888, 0x0888, 0x0888, 0x0888, 0x0888, 0x0888,
    0x0888, 0x0888, 0x0888, 0x0888, 0x0888, 0x0888, 0x0888, 0x0888,
    0xFFDA, 0xFFDA, 0xFFDA, 0xFFDA, 0xFDA6, 0xFDA6, 0xFDA6, 0xFDA6,
    0xFDA6, 0xFDA6, 0xFDA6, 0xFDA6, 0xFDA6, 0xFDA6, 0xFDA6, 0xFDA6,
    0xFDA6, 0xFFDA, 0xFFDA, 0xFFBB, 0xFFBB, 0xFDA6, 0x0888, 0x0888,
    0x0888, 0x0888, 0x0888, 0x0888, 0x0888, 0x0888, 0x0888, 0x0888,
    0x0888, 0x0888, 0x0888, 0x0888, 0x0888, 0x0888, 0x0888, 0x0888,
    0x0888, 0x0888, 0x0888, 0x0888, 0x0888, 0x0888, 0x0888, 0x0888,
    0x0888, 0x0888, 0x0888, 0x0888, 0x0888, 0x0888, 0x0888, 0x0888,
    0x0888, 0x0888, 0x0888, 0x0888, 0x0888, 0x0888, 0x0888, 0x0888,
    0xFFDA, 0xFDA6, 0xFDA6, 0xFDA6, 0xFDA6, 0xFDA6, 0xFDA6, 0xFDA6,
    0xFDA6, 0xFDA6, 0xFDA6, 0xFDA6, 0xFDA6, 0xFDA6, 0xFDA6, 0xFDA6,
    0xFDA6, 0xFFDA, 0xFFFF, 0xFFFF, 0xFFBB, 0xFFBB, 0xFDA6, 0x0888,
    0x0888, 0x0888, 0x0888, 0x0888, 0x0888, 0x0888, 0x0888, 0x0888,
    0x0888, 0x0888, 0x0888, 0x0888, 0x0888, 0x0888, 0x0888, 0x0888,
    0x0888, 0x0888, 0x0888, 0x0888, 0x0888, 0x0888, 0x0888, 0x0888,
    0x0888, 0x0888, 0x0888, 0x0888, 0x0888, 0x0888, 0x0888, 0x0888,
    0x0888, 0x0888, 0x0888, 0x0888, 0x0888, 0x0888, 0xFFDA, 0xFFDA,
    0xFFDA, 0xFFDA, 0xFFDA, 0xFDA6, 0xFDA6, 0xFDA6, 0xFDA6, 0xFDA6,
    0xFDA6, 0xFDA6, 0xFDA6, 0xFDA6, 0xFDA6, 0xFDA6, 0xFDA6, 0xFDA6,
    0xFDA6, 0xFFDA, 0xFFFF, 0xFFFF, 0xFFBB, 0xFFBB, 0xFDA6, 0x0888,
    0x0888, 0x0888, 0x0888, 0x0888, 0x0888, 0x0888, 0x0888, 0x0888,
    0x0888, 0x0888, 0x0888, 0x0888, 0x0888, 0x0888, 0x0888, 0x0888,
    0x0888, 0x0888, 0x0888, 0x0888, 0x0888, 0x0888, 0x0888, 0xFDA6,
    0xFDA6, 0xF945, 0xF945, 0xFDA6, 0xFDA6, 0xFDA6, 0xFDA6, 0xFDA6,
    0xFDA6, 0xFDA6, 0xFDA6, 0xFDA6, 0xFDA6, 0xFDA6, 0xFDA6, 0xFDA6,
    0xFDA6, 0xF945, 0xFDA6, 0xFDA6, 0xF945, 0xF000, 0xF000, 0xFFEB,
    0xFFEB, 0xFDA6, 0xFD87, 0xFFEB, 0xFFEB, 0xFFEB, 0xFFEB, 0xFFEB,
    0xFDA6, 0xFDA6, 0xFDA6, 0xFFDA, 0x0888, 0x0888, 0x0888, 0x0888,
    0x0888, 0x0888, 0x0888, 0x0888, 0x0888, 0x0888, 0x0888, 0x0888,
    0x0888, 0x0888, 0x0888, 0x0888, 0x0888, 0x0888, 0x0888, 0x0888,
    0x0888, 0x0888, 0x0888, 0x0888, 0x0888, 0x0888, 0x0888, 0xFFDA,
    0xFFDA, 0xFFDA, 0xFFDA, 0x0888, 0x0888, 0x0888, 0x0888, 0x0888,
    0x0888, 0x0888, 0x0888, 0x0888, 0x0888, 0x0888, 0xFFDA, 0xFFDA,
    0xFFDA, 0xFFDA, 0xFFDA, 0xFFDA, 0xFFDA, 0xFDA6, 0xFDA6, 0xFDA6,
    0xFDA6, 0xFDA6, 0xFDA6, 0xFDA6, 0xFDA6, 0xFDA6, 0xFDA6, 0xFDA6,
    0xFFDA, 0xFFDA, 0xFFDA, 0xFFDA, 0xFFBB, 0xFDA6, 0x0888, 0x0888,
    0x0888, 0x0888, 0x0888, 0x0888, 0x0888, 0x0888, 0x0888, 0x0888,
    0x0888, 0x0888, 0x0888, 0x0888, 0x0888, 0x0888, 0x0888, 0x0888,
    0x0888, 0x0888, 0x0888, 0x0888, 0x0888, 0x0888, 0x0888, 0x0888,
    0x0888, 0x0888, 0x0888, 0x0888, 0x0888, 0x0888, 0x0888, 0x0888,
    0x0888, 0x0888, 0x0888, 0x0888, 0x0888, 0x0888, 0x0888, 0x0888,
    0xFFDA, 0xFDA6, 0xFFDA, 0xFFDA, 0xFDA6, 0xFDA6, 0xFDA6, 0xFDA6,
    0xFDA6, 0xFDA6, 0xFDA6, 0xFDA6, 0xFDA6, 0xFDA6, 0xFDA6, 0xFDA6,
    0xFDA6, 0xFFDA, 0xFFDA, 0xFFBB, 0xFFBB, 0xFDA6, 0x0888, 0x0888,
    0x0888, 0x0888, 0x0888, 0x0888, 0x0888, 0x0888, 0x0888, 0x0888,
    0x0888, 0x0888, 0x0888, 0x0888, 0x0888, 0x0888, 0x0888, 0x0888,
    0x0888, 0x0888, 0x0888, 0x0888, 0x0888, 0x0888, 0x0888, 0x0888,
    0x0888, 0x0888, 0x0888, 0x0888, 0x0888, 0x0888, 0x0888, 0x0888,
    0x0888, 0x0888, 0x0888, 0x0888, 0xFFDA, 0xFFDA, 0xFFDA, 0xFFDA,
    0xFFDA, 0xFFDA, 0xFDA6, 0xFFDA, 0xFDA6, 0xFDA6, 0xFDA6, 0xFDA6,
    0xFDA6, 0xFDA6, 0xFDA6, 0xFDA6, 0xFDA6, 0xFDA6, 0xFDA6, 0xFDA6,
    0xFDA6, 0xFFDA, 0xFFDA, 0xFFBB, 0xFFBB, 0xFDA6, 0x0888, 0x0888,
    0x0888, 0x0888, 0x0888, 0x0888, 0x0888, 0x0888, 0x0888, 0x0888,
    0x0888, 0x0888, 0x0888, 0x0888, 0x0888, 0x0888, 0x0888, 0x0888,
    0x0888, 0x0888, 0x0888, 0x0888, 0x0888, 0x0888, 0x0888, 0x0888,
    0x0888, 0x0888, 0xF945, 0xF945, 0xF945, 0xFDA6, 0xFDA6, 0xFDA6,
    0xFDA6, 0xFDA6, 0xFDA6, 0xFDA6, 0xFDA6, 0xFDA6, 0xFDA6, 0xFDA6,
    0xF945, 0xF945, 0xF945, 0xF945, 0xFFEB, 0xF000, 0xF000, 0xFFEB,
    0xFFEB, 0xFD87, 0xFFEB, 0xFFEB, 0xFFEB, 0xF000, 0xF000, 0xFFEB,
    0xFDA6, 0xFDA6, 0xFDA6, 0xFFDA, 0x0888, 0x0888, 0x0888, 0x0888,
    0x0888, 0x0888, 0x0888, 0x0888, 0x0888, 0x0888, 0x0888, 0x0888,
    0x0888, 0x0888, 0x0888, 0x0888, 0x0888, 0x0888, 0x0888, 0x0888,
    0x0888, 0x0888, 0x0888, 0x0888, 0x0888, 0x0888, 0xFFDA, 0xFDA6,
    0xFDA6, 0xFDA6, 0xFDA6, 0xFFDA, 0xFFDA, 0x0888, 0x0888, 0x0888,
    0x0888, 0x0888, 0x0888, 0xFFDA, 0xFFDA, 0xFFDA, 0xFFDA, 0xFFDA,
    0xFFDA, 0xFFDA, 0xFFDA, 0xFFDA, 0xFFDA, 0xFFDA, 0xFDA6, 0xFDA6,
    0xFDA6, 0xFDA6, 0xFDA6, 0xFDA6, 0xFDA6, 0xFDA6, 0xFFDA, 0xFDA6,
    0xFFDA, 0xFFDA, 0xFFDA, 0xFFDA, 0xFDA6, 0xFDA6, 0x0888, 0x0888,
    0x0888, 0x0888, 0x0888, 0x0888, 0x0888, 0x0888, 0x0888, 0x0888,
    0x0888, 0x0888, 0x0888, 0x0888, 0x0888, 0x0888, 0x0888, 0x0888,
    0x0888, 0x0888, 0x0888, 0x0888, 0x0888, 0x0888, 0xFFDA, 0xFFDA,
    0x0888, 0x0888, 0x0888, 0x0888, 0x0888, 0x0888, 0x0888, 0x0888,
    0x0888, 0x0888, 0x0888, 0x0888, 0x0888, 0x0888, 0x0888, 0xFFDA,
    0xFFDA, 0xFFDA, 0xFFDA, 0xFFDA, 0xFFDA, 0xFDA6, 0xFDA6, 0xFDA6,
    0xFDA6, 0xFDA6, 0xFDA6, 0xFDA6, 0xFDA6, 0xFDA6, 0xFDA6, 0xFDA6,
    0xFFDA, 0xFFDA, 0xFFDA, 0xFFDA, 0xFFBB, 0xFDA6, 0x0888, 0x0888,
    0x0888, 0x0888, 0x0888, 0x0888, 0x0888, 0x0888, 0x0888, 0x0888,
    0x0888, 0x0888, 0x0888, 0x0888, 0x0888, 0x0888, 0x0888, 0x0888,
    0x0888, 0x0888, 0x0888, 0x0888, 0x0888, 0x0888, 0x0888, 0xFFDA,
    0x0888, 0x0888, 0x0888, 0x0888, 0x0888, 0x0888, 0x0888, 0x0888,
    0x0888, 0x0888, 0x0888, 0xFFDA, 0xFDA6, 0xFDA6, 0xFDA6, 0xFFDA,
    0xFFDA, 0xFFDA, 0xFFDA, 0xFFDA, 0xFFDA, 0xFFDA, 0xFDA6, 0xFDA6,
    0xFDA6, 0xFDA6, 0xFDA6, 0xFDA6, 0xFDA6, 0xFDA6, 0xFDA6, 0xFDA6,
    0xFFDA, 0xFFDA, 0xFFDA, 0xFFDA, 0xFFBB, 0xFDA6, 0x0888, 0x0888,
    0x0888, 0x0888, 0x0888, 0x0888, 0x0888, 0x0888, 0x0888, 0x0888,
    0x0888, 0x0888, 0x0888, 0x0888, 0x0888, 0x0888, 0x0888, 0x0888,
    0x0888, 0x0888, 0x0888, 0x0888, 0x0888, 0x0888, 0x0888, 0x0888,
    0x0888, 0x0888, 0xF945, 0xF945, 0xF945, 0xF945, 0xFDA6, 0xFDA6,
    0xFDA6, 0xFDA6, 0xFDA6, 0xFDA6, 0xFDA6, 0xFDA6, 0xF945, 0xFD87,
    0xFD87, 0xF945, 0xF945, 0xFFEB, 0xFFEB, 0xF000, 0xF000, 0xFFEB,
    0xFFEB, 0xFFEB, 0xFFEB, 0xFFEB, 0xFFEB, 0xF000, 0xF000, 0xFFEB,
    0xFDA6, 0xF945, 0xF945, 0xFFDA, 0x0888, 0x0888, 0x0888, 0x0888,
    0x0888, 0x0888, 0x0888, 0x0888, 0x0888, 0x0888, 0x0888, 0x0888,
    0x0888, 0x0888, 0x0888, 0x0888, 0x0888, 0x0888, 0x0888, 0x0888,
    0x0888, 0x0888, 0x0888, 0x0888, 0x0888, 0x0888, 0x0888, 0x0888,
    0x0888, 0x0888, 0xFDA6, 0xFDA6, 0xFDA6, 0xFFDA, 0xFFDA, 0xFFDA,
    0xFFDA, 0xFFDA, 0xFFDA, 0xFFDA, 0xFFDA, 0xFDA6, 0xFDA6, 0xFFDA,
    0xFFDA, 0xFFDA, 0xFDA6, 0xFFDA, 0xFFDA, 0xFFDA, 0xFFDA, 0xFDA6,
    0xFDA6, 0xFDA6, 0xFDA6, 0xFDA6, 0xFDA6, 0xFDA6, 0xFFDA, 0xFFDA,
    0xFFDA, 0xFDA6, 0xFFDA, 0xFDA6, 0xFDA6, 0x0888, 0x0888, 0x0888,
    0x0888, 0x0888, 0x0888, 0x0888, 0x0888, 0x0888, 0x0888, 0x0888,
    0x0888, 0x0888, 0x0888, 0x0888, 0x0888, 0x0888, 0x0888, 0x0888,
    0x0888, 0x0888, 0x0888, 0x0888, 0x0888, 0x0888, 0x0888, 0x0888,
    0xFFDA, 0xFFDA, 0x0888, 0x0888, 0x0888, 0x0888, 0x0888, 0x0888,
    0x0888, 0x0888, 0x0888, 0x0888, 0x0888, 0x0888, 0xFFDA, 0xFFDA,
    0xFFDA, 0xFFDA, 0xFFDA, 0xFFDA, 0xFFDA, 0xFFDA, 0xFDA6, 0xFDA6,
    0xFDA6, 0xFDA6, 0xFDA6, 0xFDA6, 0xFDA6, 0xFDA6, 0xFDA6, 0xFFDA,
    0xFDA6, 0xFFDA, 0xFFDA, 0xFFDA, 0xFDA6, 0xFDA6, 0x0888, 0x0888,
    0x0888, 0x0888, 0x0888, 0x0888, 0x0888, 0x0888, 0x0888, 0x0888,
    0x0888, 0x0888, 0x0888, 0x0888, 0x0888, 0x0888, 0x0888, 0x0888,
    0x0888, 0x0888, 0x0888, 0x0888, 0x0888, 0x0888, 0x0888, 0xFFDA,
    0x0888, 0x0888, 0x0888, 0x0888, 0x0888, 0x0888, 0x0888, 0x0888,
    0x0888, 0xFFDA, 0xFFDA, 0xFDA6, 0xFDA6, 0xFDA6, 0xFDA6, 0xFDA6,
    0xFFDA, 0xFFDA, 0xFFDA, 0xFFDA, 0xFFDA, 0xFFDA, 0xFDA6, 0xFDA6,
    0xFDA6, 0xFDA6, 0xFDA6, 0xFDA6, 0xFDA6, 0xFDA6, 0xFDA6, 0xFDA6,
    0xFFDA, 0xFFDA, 0xFDA6, 0xFFDA, 0xFDA6, 0xFDA6, 0x0888, 0x0888,
    0x0888, 0x0888, 0x0888, 0x0888, 0x0888, 0x0888, 0x0888, 0x0888,
    0x0888, 0x0888, 0x0888, 0x0888, 0x0888, 0x0888, 0x0888, 0x0888,
    0x0888, 0x0888, 0x0888, 0x0888, 0x0888, 0x0888, 0x0888, 0x0888,
    0xF945, 0xF945, 0xF945, 0xF945, 0xF945, 0xF945, 0xF945, 0xF945,
    0xFDA6, 0xFDA6, 0xFDA6, 0xFDA6, 0xF945, 0xF945, 0xF945, 0xFD87,
    0xFD87, 0xF945, 0xFFEB, 0xFFEB, 0xFFEB, 0xF000, 0xF000, 0xFFEB,
    0xFFEB, 0xFFEB, 0xFFEB, 0xFFEB, 0xFFEB, 0xF000, 0xF000, 0xFFEB,
    0xFDA6, 0xF945, 0xF945, 0xF945, 0xFFDA, 0x0888, 0x0888, 0x0888,
    0x0888, 0x0888, 0x0888, 0x0888, 0x0888, 0x0888, 0x0888, 0x0888,
    0x0888, 0x0888, 0x0888, 0x0888, 0x0888, 0x0888, 0x0888, 0x0888,
    0x0888, 0x0888, 0x0888, 0x0888, 0x0888, 0x0888, 0x0888, 0x0888,
    0x0888, 0x0888, 0x0888, 0xFDA6, 0xFDA6, 0xFDA6, 0xFDA6, 0xFDA6,
    0xFDA6, 0xFDA6, 0xFDA6, 0xFDA6, 0xFDA6, 0xFDA6, 0xFDA6, 0xFDA6,
    0xFFDA, 0xFFDA, 0xFDA6, 0xFDA6, 0xFDA6, 0xFFDA, 0xFFDA, 0xFFDA,
    0xFFDA, 0xFD87, 0xFDA6, 0xFFDA, 0xFFDA, 0xFFDA, 0xFD87, 0xFFDA,
    0xFFDA, 0xFFDA, 0xFDA6, 0xFDA6, 0xFDA6, 0x0888, 0x0888, 0x0888,
    0x0888, 0x0888, 0x0888, 0x0888, 0x0888, 0x0888, 0x0888, 0x0888,
    0x0888, 0x0888, 0x0888, 0x0888, 0x0888, 0x0888, 0x0888, 0x0888,
    0x0888, 0x0888, 0x0888, 0x0888, 0x0888, 0x0888, 0x0888, 0x0888,
    0xFDA6, 0xFDA6, 0xFFDA, 0xFFDA, 0xFFDA, 0x0888, 0x0888, 0x0888,
    0x0888, 0x0888, 0xFFDA, 0xFFDA, 0xFFDA, 0xFFDA, 0xFFDA, 0xFFDA,
    0xFFDA, 0xFFDA, 0xFFDA, 0xFFDA, 0xFFDA, 0xFFDA, 0xFFDA, 0xFDA6,
    0xFDA6, 0xFDA6, 0xFDA6, 0xFDA6, 0xFDA6, 0xFDA6, 0xFFDA, 0xFFDA,
    0xFFDA, 0xFFDA, 0xFFDA, 0xFDA6, 0xFDA6, 0x0888, 0x0888, 0x0888,
    0x0888, 0x0888, 0x0888, 0x0888, 0x0888, 0x0888, 0x0888, 0x0888,
    0x0888, 0x0888, 0x0888, 0x0888, 0x0888, 0x0888, 0x0888, 0x0888,
    0x0888, 0x0888, 0x0888, 0x0888, 0x0888, 0x0888, 0x0888, 0xFDA6,
    0xFFDA, 0x0888, 0x0888, 0x0888, 0x0888, 0x0888, 0x0888, 0x0888,
    0xFFDA, 0xFFDA, 0xFFDA, 0xFFDA, 0xFDA6, 0xFDA6, 0xFDA6, 0xFDA6,
    0xFDA6, 0xFFDA, 0xFFDA, 0xFFDA, 0xFFDA, 0xFFDA, 0xFFDA, 0xFDA6,
    0xFFDA, 0xFDA6, 0xFDA6, 0xFDA6, 0xFFDA, 0xFDA6, 0xFFDA, 0xFFDA,
    0xFFDA, 0xFFDA, 0xFFDA, 0xFDA6, 0xFDA6, 0x0888, 0x0888, 0x0888,
    0x0888, 0x0888, 0x0888, 0x0888, 0x0888, 0x0888, 0x0888, 0x0888,
    0x0888, 0x0888, 0x0888, 0x0888, 0x0888, 0x0888, 0x0888, 0x0888,
    0x0888, 0x0888, 0x0888, 0x0888, 0x0888, 0x0888, 0x0888, 0x0888,
    0x0888, 0x0888, 0x0888, 0x0888, 0xF945, 0xF945, 0xF945, 0xF945,
    0xF945, 0xF945, 0xF945, 0xF945, 0xF945, 0xF945, 0xF945, 0xF945,
    0xFD87, 0xFFEB, 0xFFEB, 0xFFEB, 0xFFEB, 0xF000, 0xF000, 0xFFEB,
    0xFFEB, 0xFFEB, 0xFFEB, 0xFFEB, 0xFFEB, 0xF000, 0xF000, 0xFFEB,
    0xFDA6, 0xF945, 0xF945, 0xF945, 0xFFDA, 0x0888, 0x0888, 0x0888,
    0x0888, 0x0888, 0x0888, 0x0888, 0x0888, 0x0888, 0x0888, 0x0888,
    0x0888, 0x0888, 0x0888, 0x0888, 0x0888, 0x0888, 0x0888, 0x0888,
    0x0888, 0x0888, 0x0888, 0x0888, 0x0888, 0x0888, 0x0888, 0x0888,
    0x0888, 0x0888, 0x0888, 0x0888, 0xFDA6, 0xFDA6, 0xFDA6, 0xFDA6,
    0xFDA6, 0xFDA6, 0xFDA6, 0xFDA6, 0xFDA6, 0xFDA6, 0xFDA6, 0xFDA6,
    0xFDA6, 0xFFDA, 0xFFDA, 0xFDA6, 0xFDA6, 0xFFDA, 0xFFDA, 0xFFDA,
    0xFFDA, 0xFD87, 0xFDA6, 0xFFDA, 0xFFDA, 0xFFDA, 0xFD87, 0xFD87,
    0xFDA6, 0xFDA6, 0xFDA6, 0xFDA6, 0xFDA6, 0x0888, 0x0888, 0x0888,
    0x0888, 0x0888, 0x0888, 0x0888, 0x0888, 0x0888, 0x0888, 0x0888,
    0x0888, 0x0888, 0x0888, 0x0888, 0x0888, 0x0888, 0x0888, 0x0888,
    0x0888, 0x0888, 0x0888, 0x0888, 0x0888, 0x0888, 0x0888, 0x0888,
    0x0888, 0xFDA6, 0xFDA6, 0xFDA6, 0xFDA6, 0xFFDA, 0xFFDA, 0xFFDA,
    0xFFDA, 0xFFDA, 0xFDA6, 0xFDA6, 0xFFDA, 0xFFDA, 0xFFDA, 0xFFDA,
    0xFDA6, 0xFDA6, 0xFFDA, 0xFFDA, 0xFFDA, 0xFFDA, 0xFFDA, 0xFFDA,
    0xFFDA, 0xFD87, 0xFDA6, 0xFFDA, 0xFFDA, 0xFFDA, 0xFD87, 0xFFDA,
    0xFFDA, 0xFFDA, 0xFFDA, 0xFDA6, 0xFDA6, 0x0888, 0x0888, 0x0888,
    0x0888, 0x0888, 0x0888, 0x0888, 0x0888, 0x0888, 0x0888, 0x0888,
    0x0888, 0x0888, 0x0888, 0x0888, 0x0888, 0x0888, 0x0888, 0x0888,
    0x0888, 0x0888, 0x0888, 0x0888, 0x0888, 0x0888, 0x0888, 0x0888,
    0xFDA6, 0xFFDA, 0xFFDA, 0x0888, 0x0888, 0x0888, 0x0888, 0xFFDA,
    0xFDA6, 0xFFDA, 0xFFDA, 0xFFDA, 0xFFDA, 0xFDA6, 0xFDA6, 0xFDA6,
    0xFDA6, 0xFFDA, 0xFDA6, 0xFFDA, 0xFFDA, 0xFFDA, 0xFFDA, 0xFFDA,
    0xFFDA, 0xFD87, 0xFDA6, 0xFFDA, 0xFFDA, 0xFFDA, 0xFD87, 0xFFDA,
    0xFFDA, 0xFFDA, 0xFFDA, 0xFDA6, 0xFDA6, 0x0888, 0x0888, 0x0888,
    0x0888, 0x0888, 0x0888, 0x0888, 0x0888, 0x0888, 0x0888, 0x0888,
    0x0888, 0x0888, 0x0888, 0x0888, 0x0888, 0x0888, 0x0888, 0x0888,
    0x0888, 0x0888, 0x0888, 0x0888, 0x0888, 0x0888, 0x0888, 0x0888,
    0x0888, 0x0888, 0x0888, 0x0888, 0x0888, 0xF945, 0xF945, 0xF945,
    0xF945, 0xF945, 0xF945, 0xF945, 0xF945, 0xF945, 0xF945, 0xF945,
    0xF945, 0xFFBB, 0xFFBB, 0xFFBB, 0xFFEB, 0xFFEB, 0xFFEB, 0xFFEB,
    0xFFEB, 0xFFEB, 0xFFEB, 0xFFEB, 0xFFEB, 0xF000, 0xF000, 0xFFBB,
    0xF945, 0x0888, 0xF945, 0xF945, 0xFFDA, 0x0888, 0x0888, 0x0888,
    0x0888, 0x0888, 0x0888, 0x0888, 0x0888, 0x0888, 0x0888, 0x0888,
    0x0888, 0x0888, 0x0888, 0x0888, 0x0888, 0x0888, 0x0888, 0x0888,
    0x0888, 0x0888, 0x0888, 0x0888, 0x0888, 0x0888, 0x0888, 0x0888,
    0x0888, 0x0888, 0x0888, 0x0888, 0x0888, 0xFDA6, 0xFDA6, 0xFDA6,
    0xFDA6, 0xFDA6, 0xFDA6, 0xFDA6, 0xFDA6, 0xFDA6, 0xFDA6, 0xFDA6,
    0xFDA6, 0xFDA6, 0xFFDA, 0xFDA6, 0xFDA6, 0xFDA6, 0xFDA6, 0xFDA6,
    0xFD87, 0xFFEB, 0xFFEB, 0xFDA6, 0xFDA6, 0xFD87, 0xFFEB, 0xFFEB,
    0xFD87, 0xFDA6, 0xFDA6, 0xFDA6, 0xFDA6, 0x0888, 0x0888, 0x0888,
    0x0888, 0x0888, 0x0888, 0x0888, 0x0888, 0x0888, 0x0888, 0x0888,
    0x0888, 0x0888, 0x0888, 0x0888, 0x0888, 0x0888, 0x0888, 0x0888,
    0x0888, 0x0888, 0x0888, 0x0888, 0x0888, 0x0888, 0x0888, 0x0888,
    0x0888, 0x0888, 0x0888, 0xFDA6, 0xFDA6, 0xFDA6, 0xFDA6, 0xFDA6,
    0xFDA6, 0xFDA6, 0xFDA6, 0xFDA6, 0xFDA6, 0xFFDA, 0xFFDA, 0xFFDA,
    0xFFDA, 0xFDA6, 0xFDA6, 0xFDA6, 0xFDA6, 0xFFDA, 0xFFDA, 0xFFDA,
    0xFFDA, 0xFD87, 0xFDA6, 0xFFDA, 0xFFDA, 0xFFDA, 0xFD87, 0xFD87,
    0xFDA6, 0xFDA6, 0xFDA6, 0xFDA6, 0xFDA6, 0x0888, 0x0888, 0x0888,
    0x0888, 0x0888, 0x0888, 0x0888, 0x0888, 0x0888, 0x0888, 0x0888,
    0x0888, 0x0888, 0x0888, 0x0888, 0x0888, 0x0888, 0x0888, 0x0888,
    0x0888, 0x0888, 0x0888, 0x0888, 0x0888, 0x0888, 0x0888, 0x0888,
    0x0888, 0xFDA6, 0xFDA6, 0xFFDA, 0xFFDA, 0xFFDA, 0xFFDA, 0xFDA6,
    0xFDA6, 0xFDA6, 0xFFDA, 0xFFDA, 0xFFDA, 0xFFDA, 0xFDA6, 0xFDA6,
    0xFDA6, 0xFDA6, 0xFDA6, 0xFDA6, 0xFDA6, 0xFFDA, 0xFFDA, 0xFFDA,
    0xFFDA, 0xFD87, 0xFDA6, 0xFFDA, 0xFFDA, 0xFFDA, 0xFD87, 0xFD87,
    0xFDA6, 0xFDA6, 0xFFDA, 0xFDA6, 0xFDA6, 0x0888, 0x0888, 0x0888,
    0x0888, 0x0888, 0x0888, 0x0888, 0x0888, 0x0888, 0x0888, 0x0888,
    0x0888, 0x0888, 0x0888, 0x0888, 0x0888, 0x0888, 0x0888, 0x0888,
    0x0888, 0x0888, 0x0888, 0x0888, 0x0888, 0x0888, 0x0888, 0x0888,
    0x0888, 0x0888, 0x0888, 0x0888, 0x0888, 0x0888, 0x0888, 0xF945,
    0xF945, 0xF945, 0xF945, 0xF945, 0xF945, 0xF945, 0xF945, 0xF945,
    0xF945, 0xFFBB, 0xFFBB, 0xFFBB, 0xFFBB, 0xFFEB, 0xFFEB, 0xFFEB,
    0xFFEB, 0xFFEB, 0xFFEB, 0xFFEB, 0xFFEB, 0xFFBB, 0xFFBB, 0xF945,
    0x0888, 0x0888, 0x0888, 0xF945, 0xFFDA, 0x0888, 0x0888, 0x0888,
    0x0888, 0x0888, 0x0888, 0x0888, 0x0888, 0x0888, 0x0888, 0x0888,
    0x0888, 0x0888, 0x0888, 0x0888, 0x0888, 0x0888, 0x0888, 0x0888,
    0x0888, 0x0888, 0x0888, 0x0888, 0x0888, 0x0888, 0x0888, 0x0888,
    0x0888, 0x0888, 0xFDA6, 0xFDA6, 0xFDA6, 0xFDA6, 0xFDA6, 0xFDA6,
    0xFDA6, 0xFDA6, 0xFDA6, 0xFDA6, 0xFDA6, 0xFDA6, 0xFDA6, 0xFDA6,
    0xFDA6, 0xFDA6, 0xFDA6, 0xFDA6, 0xF945, 0xFDA6, 0xFDA6, 0xFD87,
    0xFFEB, 0xFFEB, 0xFFEB, 0xFDA6, 0xFDA6, 0xFD87, 0xFFEB, 0xFFEB,
    0xFFEB, 0xFDA6, 0xFDA6, 0xFDA6, 0xFDA6, 0x0888, 0x0888, 0x0888,
    0x0888, 0x0888, 0x0888, 0x0888, 0x0888, 0x0888, 0x0888, 0x0888,
    0x0888, 0x0888, 0x0888, 0x0888, 0x0888, 0x0888, 0x0888, 0x0888,
    0x0888, 0x0888, 0x0888, 0x0888, 0x0888, 0x0888, 0x0888, 0x0888,
    0x0888, 0x0888, 0x0888, 0x0888, 0xFDA6, 0xFDA6, 0xFDA6, 0xFDA6,
    0xFDA6, 0xFDA6, 0xFDA6, 0xFDA6, 0xFDA6, 0xFDA6, 0xFFDA, 0xFFDA,
    0xFFDA, 0xFDA6, 0xFDA6, 0xFDA6, 0xFFDA, 0xFDA6, 0xFDA6, 0xFDA6,
    0xFD87, 0xFFEB, 0xFFEB, 0xFDA6, 0xFDA6, 0xFD87, 0xFFEB, 0xFFEB,
    0xFD87, 0xFDA6, 0xFDA6, 0xFDA6, 0xFDA6, 0x0888, 0x0888, 0x0888,
    0x0888, 0x0888, 0x0888, 0x0888, 0x0888, 0x0888, 0x0888, 0x0888,
    0x0888, 0x0888, 0x0888, 0x0888, 0x0888, 0x0888, 0x0888, 0x0888,
    0x0888, 0x0888, 0x0888, 0x0888, 0x0888, 0x0888, 0x0888, 0x0888,
    0x0888, 0xF945, 0xFDA6, 0xFDA6, 0xFDA6, 0xFDA6, 0xFDA6, 0xFDA6,
    0xFDA6, 0xFDA6, 0xFDA6, 0xFFDA, 0xFFDA, 0xFFDA, 0xFDA6, 0xFDA6,
    0xFDA6, 0xFDA6, 0xFDA6, 0xFDA6, 0xFDA6, 0xFDA6, 0xFDA6, 0xFDA6,
    0xFD87, 0xFFEB, 0xFFEB, 0xFDA6, 0xFDA6, 0xFD87, 0xFFEB, 0xFFEB,
    0xFD87, 0xFDA6, 0xFDA6, 0xFDA6, 0xFDA6, 0x0888, 0x0888, 0x0888,
    0x0888, 0x0888, 0x0888, 0x0888, 0x0888, 0x0888, 0x0888, 0x0888,
    0x0888, 0x0888, 0x0888, 0x0888, 0x0888, 0x0888, 0x0888, 0x0888,
    0x0888, 0x0888, 0x0888, 0x0888, 0x0888, 0x0888, 0x0888, 0x0888,
    0x0888, 0x0888, 0x0888, 0x0888, 0x0888, 0x0888, 0x0888, 0x0888,
    0x0888, 0x0888, 0x0888, 0x0888, 0x0888, 0xF945, 0xF945, 0xF945,
    0xF945, 0xF945, 0xFFBB, 0xFFBB, 0xFFBB, 0xFFEB, 0xFFEB, 0xFFEB,
    0xFD87, 0xFD87, 0xFFEB, 0xFFEB, 0xFFEB, 0xFFBB, 0xF945, 0x0888,
    0x0888, 0x0888, 0x0888, 0x0888, 0xFFDA, 0x0888, 0x0888, 0x0888,
    0x0888, 0x0888, 0x0888, 0x0888, 0x0888, 0x0888, 0x0888, 0x0888,
    0x0888, 0x0888, 0x0888, 0x0888, 0x0888, 0x0888, 0x0888, 0x0888,
    0x0888, 0x0888, 0x0888, 0x0888, 0x0888, 0x0888, 0x0888, 0x0888,
    0x0888, 0xFDA6, 0xFDA6, 0xF945, 0xF945, 0xFDA6, 0xFDA6, 0xFDA6,
    0xFDA6, 0xFDA6, 0xFDA6, 0xFDA6, 0xFDA6, 0xFDA6, 0xFDA6, 0xFDA6,
    0xFDA6, 0xFDA6, 0xFDA6, 0xF945, 0xFDA6, 0xFDA6, 0xF945, 0xFFEB,
    0xFFEB, 0xFFEB, 0xFFEB, 0xFDA6, 0xFD87, 0xFFEB, 0xFFEB, 0xF000,
    0xF000, 0xFFEB, 0xFDA6, 0xFDA6, 0xFDA6, 0x0888, 0x0888, 0x0888,
    0x0888, 0x0888, 0x0888, 0x0888, 0x0888, 0x0888, 0x0888, 0x0888,
    0x0888, 0x0888, 0x0888, 0x0888, 0x0888, 0x0888, 0x0888, 0x0888,
    0x0888, 0x0888, 0x0888, 0x0888, 0x0888, 0x0888, 0x0888, 0x0888,
    0x0888, 0x0888, 0x0888, 0x0888, 0x0888, 0xFDA6, 0xFDA6, 0xFDA6,
    0xFDA6, 0xFDA6, 0xFDA6, 0xFDA6, 0xFDA6, 0xFDA6, 0xFDA6, 0xFFDA,
    0xFFDA, 0xFFDA, 0xFDA6, 0xFDA6, 0xF945, 0xFDA6, 0xFDA6, 0xFD87,
    0xFFEB, 0xFFEB, 0xFFEB, 0xFDA6, 0xFDA6, 0xFD87, 0xFFEB, 0xFFEB,
    0xFFEB, 0xFDA6, 0xFDA6, 0xFDA6, 0xFDA6, 0x0888, 0x0888, 0x0888,
    0x0888, 0x0888, 0x0888, 0x0888, 0x0888, 0x0888, 0x0888, 0x0888,
    0x0888, 0x0888, 0x0888, 0x0888, 0x0888, 0x0888, 0x0888, 0x0888,
    0x0888, 0x0888, 0x0888, 0x0888, 0x0888, 0x0888, 0x0888, 0x0888,
    0x0888, 0x0888, 0xF945, 0xF945, 0xF945, 0xFDA6, 0xFDA6, 0xFDA6,
    0xFDA6, 0xFDA6, 0xFDA6, 0xFFDA, 0xFFDA, 0xFFDA, 0xFFDA, 0xFFDA,
    0xFDA6, 0xFDA6, 0xF945, 0xFDA6, 0xF945, 0xFDA6, 0xFDA6, 0xFD87,
    0xFFEB, 0xFFEB, 0xFFEB, 0xFDA6, 0xFDA6, 0xFD87, 0xFFEB, 0xFFEB,
    0xFFEB, 0xFDA6, 0xFDA6, 0xFDA6, 0xFDA6, 0x0888, 0x0888, 0x0888,
    0x0888, 0x0888, 0x0888, 0x0888, 0x0888, 0x0888, 0x0888, 0x0888,
    0x0888, 0x0888, 0x0888, 0x0888, 0x0888, 0x0888, 0x0888, 0x0888,
    0x0888, 0x0888, 0x0888, 0x0888, 0x0888, 0x0888, 0x0888, 0x0888,
    0x0888, 0x0888, 0x0888, 0x0888, 0x0888, 0x0888, 0x0888, 0x0888,
    0x0888, 0x0888, 0x0888, 0x0888, 0x0888, 0x0888, 0x0888, 0xFFFF,
    0xF347, 0xF347, 0xF347, 0xF347, 0xFFEB, 0xFFEB, 0xFFEB, 0xFFEB,
    0xFFEB, 0xFFEB, 0xFFEB, 0xFFEB, 0x0888, 0x0888, 0x0888, 0x0888,
    0x0888, 0x0888, 0x0888, 0x0888, 0x0888, 0x0888, 0x0888, 0x0888,
    0x0888, 0x0888, 0x0888, 0x0888, 0x0888, 0x0888, 0x0888, 0x0888,
    0x0888, 0x0888, 0x0888, 0x0888, 0x0888, 0x0888, 0x0888, 0x0888,
    0x0888, 0x0888, 0x0888, 0x0888, 0x0888, 0x0888, 0x0888, 0x0888,
    0x0888, 0x0888, 0x0888, 0x0888, 0xF945, 0xF945, 0xF945, 0xFDA6,
    0xFDA6, 0xFDA6, 0xFDA6, 0xFDA6, 0xFDA6, 0xFDA6, 0xFDA6, 0xFDA6,
    0xFDA6, 0xFDA6, 0xF945, 0xF945, 0xF945, 0xF945, 0xFFEB, 0xF000,
    0xF000, 0xFFEB, 0xFFEB, 0xFD87, 0xFFEB, 0xFFEB, 0xFFEB, 0xF000,
    0xF000, 0xFFEB, 0xFDA6, 0xFDA6, 0xFDA6, 0x0888, 0x0888, 0x0888,
    0x0888, 0x0888, 0x0888, 0x0888, 0x0888, 0x0888, 0x0888, 0x0888,
    0x0888, 0x0888, 0x0888, 0x0888, 0x0888, 0x0888, 0x0888, 0x0888,
    0x0888, 0x0888, 0x0888, 0x0888, 0x0888, 0x0888, 0x0888, 0x0888,
    0xFDA6, 0xFDA6, 0xFDA6, 0xFDA6, 0xFDA6, 0xFDA6, 0xFDA6, 0xFDA6,
    0xFDA6, 0xFDA6, 0xFDA6, 0xFDA6, 0xFDA6, 0xFDA6, 0xFDA6, 0xFDA6,
    0xFFDA, 0xFFDA, 0xF945, 0xF945, 0xFDA6, 0xFDA6, 0xF945, 0xFFEB,
    0xFFEB, 0xFFEB, 0xFFEB, 0xFDA6, 0xFD87, 0xFFEB, 0xFFEB, 0xF000,
    0xF000, 0xFFEB, 0xFDA6, 0xFDA6, 0xFDA6, 0x0888, 0x0888, 0x0888,
    0x0888, 0x0888, 0x0888, 0x0888, 0x0888, 0x0888, 0x0888, 0x0888,
    0x0888, 0x0888, 0x0888, 0x0888, 0x0888, 0x0888, 0x0888, 0x0888,
    0x0888, 0x0888, 0x0888, 0x0888, 0x0888, 0x0888, 0x0888, 0x0888,
    0x0888, 0x0888, 0xF945, 0xF945, 0xF945, 0xF945, 0xF945, 0xFDA6,
    0xFDA6, 0xFDA6, 0xFDA6, 0xF945, 0xF945, 0xF945, 0xF945, 0xF945,
    0xF945, 0xF945, 0xF945, 0xF945, 0xFDA6, 0xFDA6, 0xF945, 0xFFEB,
    0xFFEB, 0xFFEB, 0xFFEB, 0xFDA6, 0xFD87, 0xFFEB, 0xFFEB, 0xF000,
    0xF000, 0xFFEB, 0xFDA6, 0xFDA6, 0xFDA6, 0x0888, 0x0888, 0x0888,
    0x0888, 0x0888, 0x0888, 0x0888, 0x0888, 0x0888, 0x0888, 0x0888,
    0x0888, 0x0888, 0x0888, 0x0888, 0x0888, 0x0888, 0x0888, 0xFFDA,
    0xFFDA, 0xFFDA, 0xFFDA, 0xFFDA, 0xFFDA, 0xFFDA, 0xFFDA, 0x0888,
    0x0888, 0x0888, 0x0888, 0x0888, 0x0888, 0xFFEB, 0xFFEB, 0xFFEB,
    0xFFEB, 0x0888, 0x0888, 0x0888, 0x0888, 0xFFFF, 0xFFFF, 0xFFFF,
    0xF347, 0xF347, 0xF347, 0xF347, 0xF347, 0xFD87, 0xFD87, 0xFD87,
    0xF347, 0xF347, 0xF945, 0x0888, 0x0888, 0x0888, 0xFFEB, 0xFFEB,
    0xFFEB, 0xFFEB, 0xFFEB, 0x0888, 0x0888, 0x0888, 0x0888, 0x0888,
    0x0888, 0x0888, 0x0888, 0x0888, 0x0888, 0x0888, 0x0888, 0x0888,
    0x0888, 0x0888, 0x0888, 0x0888, 0x0888, 0x0888, 0x0888, 0x0888,
    0x0888, 0x0888, 0x0888, 0x0888, 0x0888, 0x0888, 0x0888, 0x0888,
    0x0888, 0x0888, 0x0888, 0x0888, 0xF945, 0xF945, 0xF945, 0xF945,
    0xFDA6, 0xFDA6, 0xFDA6, 0xFDA6, 0xFDA6, 0xFDA6, 0xFDA6, 0xFDA6,
    0xF945, 0xFD87, 0xFD87, 0xF945, 0xF945, 0xFFEB, 0xFFEB, 0xF000,
    0xF000, 0xFFEB, 0xFFEB, 0xFFEB, 0xFFEB, 0xFFEB, 0xFFEB, 0xF000,
    0xF000, 0xFFEB, 0xFDA6, 0xFDA6, 0x0888, 0x0888, 0x0888, 0x0888,
    0x0888, 0x0888, 0x0888, 0x0888, 0x0888, 0x0888, 0x0888, 0x0888,
    0x0888, 0x0888, 0x0888, 0x0888, 0x0888, 0x0888, 0x0888, 0x0888,
    0x0888, 0x0888, 0x0888, 0x0888, 0x0888, 0x0888, 0x0888, 0x0888,
    0x0888, 0xF945, 0xF945, 0xFDA6, 0xFDA6, 0xFDA6, 0xFDA6, 0xFDA6,
    0xFDA6, 0xFDA6, 0xFDA6, 0xF945, 0xF945, 0xF945, 0xF945, 0xF945,
    0xF945, 0xF945, 0xF945, 0xF945, 0xF945, 0xF945, 0xFFEB, 0xF000,
    0xF000, 0xFFEB, 0xFFEB, 0xFD87, 0xFFEB, 0xFFEB, 0xFFEB, 0xF000,
    0xF000, 0xFFEB, 0xFDA6, 0xFDA6, 0xFDA6, 0x0888, 0x0888, 0x0888,
    0x0888, 0x0888, 0x0888, 0x0888, 0x0888, 0x0888, 0x0888, 0x0888,
    0x0888, 0x0888, 0x0888, 0x0888, 0x0888, 0x0888, 0x0888, 0x0888,
    0x0888, 0x0888, 0x0888, 0x0888, 0x0888, 0x0888, 0x0888, 0x0888,
    0x0888, 0xFDA6, 0xFDA6, 0xFDA6, 0xFDA6, 0xFDA6, 0xFDA6, 0xFDA6,
    0xFDA6, 0xF945, 0xF945, 0xF945, 0xF945, 0xF945, 0xF945, 0xF945,
    0xF945, 0xF945, 0xF945, 0xF945, 0xF945, 0xF945, 0xFFEB, 0xF000,
    0xF000, 0xFFEB, 0xFFEB, 0xFD87, 0xFFEB, 0xFFEB, 0xFFEB, 0xF000,
    0xF000, 0xFFEB, 0xFDA6, 0xFDA6, 0xFDA6, 0x0888, 0x0888, 0x0888,
    0x0888, 0x0888, 0x0888, 0x0888, 0x0888, 0x0888, 0x0888, 0x0888,
    0x0888, 0x0888, 0x0888, 0xFFDA, 0xFFDA, 0xFFDA, 0xFFDA, 0xFDA6,
    0xFDA6, 0xFDA6, 0xFDA6, 0xFDA6, 0xFDA6, 0xFDA6, 0xFDA6, 0xFFDA,
    0xFFDA, 0x0888, 0x0888, 0x0888, 0xFFEB, 0xFFEB, 0xFFEB, 0xFFEB,
    0xFFEB, 0xFFEB, 0x0888, 0x0888, 0xFFFF, 0xFFFF, 0xFFFF, 0xFFFF,
    0xFFFF, 0xF347, 0xF347, 0xF347, 0xF347, 0xF347, 0xFD87, 0xF347,
    0xF347, 0xF347, 0xF347, 0x0888, 0x0888, 0xFFEB, 0xFFEB, 0xFFEB,
    0xFFEB, 0xFFEB, 0xFD87, 0xFD87, 0x0888, 0x0888, 0x0888, 0x0888,
    0x0888, 0x0888, 0x0888, 0x0888, 0x0888, 0x0888, 0x0888, 0x0888,
    0x0888, 0x0888, 0x0888, 0x0888, 0x0888, 0x0888, 0x0888, 0x0888,
    0x0888, 0x0888, 0x0888, 0x0888, 0x0888, 0x0888, 0x0888, 0x0888,
    0x0888, 0x0888, 0xF945, 0xF945, 0xF945, 0xF945, 0xF945, 0xF945,
    0xF945, 0xF945, 0xFDA6, 0xFDA6, 0xFDA6, 0xFDA6, 0xF945, 0xF945,
    0xF945, 0xFD87, 0xFD87, 0xF945, 0xFFEB, 0xFFEB, 0xFFEB, 0xF000,
    0xF000, 0xFFEB, 0xFFEB, 0xFFEB, 0xFFEB, 0xFFEB, 0xFFEB, 0xF000,
    0xF000, 0xFFEB, 0xFDA6, 0xF945, 0x0888, 0x0888, 0x0888, 0x0888,
    0x0888, 0x0888, 0x0888, 0x0888, 0x0888, 0x0888, 0x0888, 0x0888,
    0x0888, 0x0888, 0x0888, 0x0888, 0x0888, 0x0888, 0x0888, 0x0888,
    0x0888, 0x0888, 0x0888, 0x0888, 0x0888, 0x0888, 0x0888, 0x0888,
    0x0888, 0x0888, 0xF945, 0xF945, 0xF945, 0xFDA6, 0xFDA6, 0xFDA6,
    0xF945, 0xF945, 0xF945, 0xF945, 0xF945, 0xF945, 0xF945, 0xF945,
    0xF945, 0xFD87, 0xFD87, 0xF945, 0xF945, 0xFFEB, 0xFFEB, 0xF000,
    0xF000, 0xFFEB, 0xFFEB, 0xFFEB, 0xFFEB, 0xFFEB, 0xFFEB, 0xF000,
    0xF000, 0xFFEB, 0xFDA6, 0xFDA6, 0x0888, 0x0888, 0x0888, 0x0888,
    0x0888, 0x0888, 0x0888, 0x0888, 0x0888, 0x0888, 0x0888, 0x0888,
    0x0888, 0x0888, 0x0888, 0x0888, 0x0888, 0x0888, 0x0888, 0x0888,
    0x0888, 0x0888, 0x0888, 0x0888, 0x0888, 0x0888, 0x0888, 0x0888,
    0x0888, 0x0888, 0xF945, 0xF945, 0xFDA6, 0xFDA6, 0xF945, 0xF945,
    0xF945, 0xF945, 0xF945, 0xF945, 0xF945, 0xF945, 0xF945, 0xF945,
    0xF945, 0xFD87, 0xFD87, 0xF945, 0xF945, 0xFFEB, 0xFFEB, 0xF000,
    0xF000, 0xFFEB, 0xFFEB, 0xFFEB, 0xFFEB, 0xFFEB, 0xFFEB, 0xF000,
    0xF000, 0xFFEB, 0xFDA6, 0xFDA6, 0x0888, 0x0888, 0x0888, 0x0888,
    0x0888, 0x0888, 0x0888, 0x0888, 0x0888, 0x0888, 0x0888, 0xFFDA,
    0xFFDA, 0xFFDA, 0xFFDA, 0xFDA6, 0xFDA6, 0xFDA6, 0xFDA6, 0xFDA6,
    0xFDA6, 0xFDA6, 0xFDA6, 0xFDA6, 0xFDA6, 0xFDA6, 0xFDA6, 0xFDA6,
    0xFDA6, 0xFDA6, 0xFFDA, 0x0888, 0xFFEB, 0xFFEB, 0xFFEB, 0xFFEB,
    0xFFEB, 0xFFEB, 0xFFEB, 0xFFEB, 0xFD87, 0xFFFF, 0xFFFF, 0xFFFF,
    0xFFFF, 0xFFFF, 0xF347, 0xF347, 0xF347, 0xF347, 0xF347, 0xF347,
    0xF347, 0xF347, 0xFFFF, 0x0888, 0xFFEB, 0xFFEB, 0xFFEB, 0xFFEB,
    0xFD87, 0xFD87, 0xFD87, 0xFD87, 0x0888, 0x0888, 0x0888, 0x0888,
    0x0888, 0x0888, 0x0888, 0x0888, 0x0888, 0x0888, 0x0888, 0x0888,
    0x0888, 0x0888, 0x0888, 0x0888, 0x0888, 0x0888, 0x0888, 0x0888,
    0x0888, 0x0888, 0x0888, 0x0888, 0x0888, 0x0888, 0x0888, 0x0888,
    0x0888, 0x0888, 0x0888, 0x0888, 0x0888, 0x0888, 0xF945, 0xF945,
    0xF945, 0xF945, 0xF945, 0xF945, 0xF945, 0xF945, 0xF945, 0xF945,
    0xF945, 0xF945, 0xFD87, 0xFFEB, 0xFFEB, 0xFFEB, 0xFFEB, 0xF000,
    0xF000, 0xFFEB, 0xFFEB, 0xFFEB, 0xFFEB, 0xFFEB, 0xFFEB, 0xF000,
    0xF000, 0xFFEB, 0xFDA6, 0xF945, 0x0888, 0x0888, 0x0888, 0x0888,
    0x0888, 0x0888, 0x0888, 0x0888, 0x0888, 0x0888, 0x0888, 0x0888,
    0x0888, 0x0888, 0x0888, 0x0888, 0x0888, 0x0888, 0x0888, 0x0888,
    0x0888, 0x0888, 0x0888, 0x0888, 0x0888, 0x0888, 0x0888, 0x0888,
    0x0888, 0x0888, 0x0888, 0x0888, 0xF945, 0xF945, 0xF945, 0xF945,
    0xF945, 0xF945, 0xF945, 0xF945, 0xF945, 0xF945, 0xF945, 0xF945,
    0xF945, 0xFD87, 0xFD87, 0xF945, 0xFFEB, 0xFFEB, 0xFFEB, 0xF000,
    0xF000, 0xFFEB, 0xFFEB, 0xFFEB, 0xFFEB, 0xFFEB, 0xFFEB, 0xF000,
    0xF000, 0xFFEB, 0xFDA6, 0xF945, 0x0888, 0x0888, 0x0888, 0x0888,
    0x0888, 0x0888, 0x0888, 0x0888, 0x0888, 0x0888, 0x0888, 0x0888,
    0x0888, 0x0888, 0x0888, 0x0888, 0x0888, 0x0888, 0x0888, 0x0888,
    0x0888, 0x0888, 0x0888, 0x0888, 0x0888, 0x0888, 0x0888, 0x0888,
    0x0888, 0x0888, 0x0888, 0xF945, 0xF945, 0xF945, 0xF945, 0xF945,
    0xF945, 0xF945, 0xF945, 0xF945, 0xF945, 0xF945, 0xF945, 0xF945,
    0xF945, 0xFD87, 0xFD87, 0xF945, 0xFFEB, 0xFFEB, 0xFFEB, 0xF000,
    0xF000, 0xFFEB, 0xFFEB, 0xFFEB, 0xFFEB, 0xFFEB, 0xFFEB, 0xF000,
    0xF000, 0xFFEB, 0xFDA6, 0xF945, 0x0888, 0x0888, 0x0888, 0x0888,
    0x0888, 0x0888, 0x0888, 0x0888, 0xFFDA, 0xFFDA, 0xFFDA, 0xFDA6,
    0xFDA6, 0xFDA6, 0xFDA6, 0xFDA6, 0xFDA6, 0xFDA6, 0xFDA6, 0xFDA6,
    0xFDA6, 0xF945, 0xF945, 0xF945, 0xF945, 0xFDA6, 0xFDA6, 0xFDA6,
    0xFDA6, 0xFDA6, 0xFDA6, 0xFFEB, 0xFFEB, 0xFFEB, 0xFD87, 0xFD87,
    0xFFEB, 0xFFEB, 0xFFEB, 0xFFEB, 0xFFEB, 0xFD87, 0xFFFF, 0xFFFF,
    0xFFFF, 0xFFFF, 0xFFFF, 0xFFFF, 0xF347, 0xF347, 0xF347, 0xF347,
    0xF347, 0xFFFF, 0xFFFF, 0xFD87, 0xFD87, 0xFD87, 0xFD87, 0xFD87,
    0xFD87, 0x0888, 0x0888, 0x0888, 0x0888, 0x0888, 0x0888, 0x0888,
    0x0888, 0x0888, 0x0888, 0x0888, 0x0888, 0x0888, 0x0888, 0x0888,
    0x0888, 0x0888, 0x0888, 0x0888, 0x0888, 0x0888, 0x0888, 0x0888,
    0x0888, 0x0888, 0x0888, 0x0888, 0x0888, 0x0888, 0x0888, 0x0888,
    0x0888, 0x0888, 0x0888, 0x0888, 0x0888, 0x0888, 0x0888, 0xF945,
    0xF945, 0xF945, 0xF945, 0xF945, 0xF945, 0xF945, 0xF945, 0xF945,
    0xF945, 0xF945, 0xF945, 0xFFBB, 0xFFBB, 0xFFBB, 0xFFEB, 0xF000,
    0xF000, 0xFFEB, 0xFFEB, 0xFFEB, 0xFFEB, 0xFFEB, 0xFFEB, 0xFFEB,
    0xFFBB, 0xFFBB, 0xF945, 0x0888, 0x0888, 0x0888, 0x0888, 0x0888,
    0x0888, 0x0888, 0x0888, 0x0888, 0x0888, 0x0888, 0x0888, 0x0888,
    0x0888, 0x0888, 0x0888, 0x0888, 0x0888, 0x0888, 0x0888, 0x0888,
    0x0888, 0x0888, 0x0888, 0x0888, 0x0888, 0x0888, 0x0888, 0x0888,
    0x0888, 0x0888, 0x0888, 0x0888, 0x0888, 0x0888, 0xF945, 0xF945,
    0xF945, 0xF945, 0xF945, 0xF945, 0xF945, 0xF945, 0xF945, 0xF945,
    0xF945, 0xF945, 0xFD87, 0xFFEB, 0xFFEB, 0xFFEB, 0xFFEB, 0xF000,
    0xF000, 0xFFEB, 0xFFEB, 0xFFEB, 0xFFEB, 0xFFEB, 0xFFEB, 0xF000,
    0xF000, 0xFFEB, 0xFDA6, 0xF945, 0x0888, 0x0888, 0x0888, 0x0888,
    0x0888, 0x0888, 0x0888, 0x0888, 0x0888, 0x0888, 0x0888, 0x0888,
    0x0888, 0x0888, 0x0888, 0x0888, 0x0888, 0x0888, 0x0888, 0x0888,
    0x0888, 0x0888, 0x0888, 0x0888, 0x0888, 0x0888, 0x0888, 0x0888,
    0x0888, 0x0888, 0x0888, 0x0888, 0x0888, 0xF945, 0xF945, 0xF945,
    0xF945, 0xF945, 0xF945, 0xF945, 0xF945, 0xF945, 0xF945, 0xF945,
    0xF945, 0xF945, 0xFD87, 0xFFEB, 0xFFEB, 0xFFEB, 0xFFEB, 0xF000,
    0xF000, 0xFFEB, 0xFFEB, 0xFFEB, 0xFFEB, 0xFFEB, 0xFFEB, 0xF000,
    0xF000, 0xFFEB, 0xFDA6, 0xF945, 0x0888, 0x0888, 0x0888, 0x0888,
    0x0888, 0x0888, 0x0888, 0xFDA6, 0xFDA6, 0xFDA6, 0xFDA6, 0xFDA6,
    0xFDA6, 0xFDA6, 0xFDA6, 0xFDA6, 0xFDA6, 0xF945, 0xF945, 0xF945,
    0xF945, 0x0888, 0x0888, 0x0888, 0x0888, 0xF945, 0xF945, 0xF945,
    0xFDA6, 0xFDA6, 0xFDA6, 0xFFEB, 0xFD87, 0xFD87, 0xFD87, 0xFFEB,
    0xFFEB, 0xFFEB, 0xFFEB, 0xFFEB, 0xFFEB, 0xFD87, 0xFFFF, 0xFFFF,
    0xFFFF, 0xFFFF, 0xFFFF, 0xFFFF, 0xFFFF, 0xF800, 0xFF79, 0xFF79,
    0xFF79, 0xFF79, 0xFFFF, 0xFD87, 0xFD87, 0xFD87, 0xFD87, 0xFD87,
    0xFD87, 0xFD87, 0x0888, 0x0888, 0x0888, 0x0888, 0x0888, 0x0888,
    0x0888, 0x0888, 0x0888, 0x0888, 0x0888, 0x0888, 0x0888, 0x0888,
    0x0888, 0x0888, 0x0888, 0x0888, 0x0888, 0x0888, 0x0888, 0x0888,
    0x0888, 0x0888, 0x0888, 0x0888, 0x0888, 0x0888, 0x0888, 0x0888,
    0x0888, 0x0888, 0x0888, 0x0888, 0x0888, 0x0888, 0x0888, 0x0888,
    0x0888, 0xF945, 0xF945, 0xF945, 0xF945, 0xF945, 0xF945, 0xF945,
    0xF945, 0xF945, 0xF945, 0xFFBB, 0xFFBB, 0xFFBB, 0xFFBB, 0xFFEB,
    0xFFEB, 0xFFEB, 0xFFEB, 0xFFEB, 0xFFEB, 0xFFEB, 0xFFEB, 0xFFBB,
    0xFFBB, 0x0888, 0x0888, 0x0888, 0x0888, 0x0888, 0x0888, 0x0888,
    0x0888, 0x0888, 0x0888, 0x0888, 0x0888, 0x0888, 0x0888, 0x0888,
    0x0888, 0x0888, 0x0888, 0x0888, 0x0888, 0x0888, 0x0888, 0x0888,
    0x0888, 0x0888, 0x0888, 0x0888, 0x0888, 0x0888, 0x0888, 0x0888,
    0x0888, 0x0888, 0x0888, 0x0888, 0x0888, 0x0888, 0x0888, 0x0888,
    0xF945, 0xF945, 0xF945, 0xF945, 0xF945, 0xF945, 0xF945, 0xF945,
    0xF945, 0xF945, 0xF945, 0xFFBB, 0xFFBB, 0xFFBB, 0xFFEB, 0xF000,
    0xF000, 0xFFEB, 0xFFEB, 0xFFEB, 0xFFEB, 0xFFEB, 0xFFEB, 0xFFEB,
    0xFFBB, 0xFFBB, 0xF945, 0x0888, 0x0888, 0x0888, 0x0888, 0x0888,
    0x0888, 0x0888, 0x0888, 0x0888, 0x0888, 0x0888, 0x0888, 0x0888,
    0x0888, 0x0888, 0x0888, 0x0888, 0x0888, 0x0888, 0x0888, 0x0888,
    0x0888, 0x0888, 0x0888, 0x0888, 0x0888, 0x0888, 0x0888, 0x0888,
    0x0888, 0x0888, 0x0888, 0x0888, 0x0888, 0x0888, 0x0888, 0xF945,
    0xF945, 0xF945, 0xF945, 0xF945, 0xF945, 0xF945, 0xF945, 0xF945,
    0xF945, 0xF945, 0xF945, 0xFFBB, 0xFFBB, 0xFFBB, 0xFFEB, 0xF000,
    0xF000, 0xFFEB, 0xFFEB, 0xFFEB, 0xFFEB, 0xFFEB, 0xFFEB, 0xFFEB,
    0xFFBB, 0xFFBB, 0xF945, 0x0888, 0x0888, 0x0888, 0x0888, 0x0888,
    0x0888, 0x0888, 0x0888, 0xF945, 0xFDA6, 0xFDA6, 0xFDA6, 0xFDA6,
    0xFDA6, 0xF945, 0xF945, 0xF945, 0xF945, 0x0888, 0x0888, 0x0888,
    0x0888, 0x0888, 0x0888, 0x0888, 0x0888, 0x0888, 0x0888, 0x0888,
    0xF945, 0xF945, 0xFDA6, 0xFDA6, 0xFDA6, 0xFDA6, 0xFFEB, 0xFFEB,
    0x0888, 0xFFEB, 0xFFEB, 0xFFEB, 0xFFEB, 0xF9CE, 0xFFFF, 0xFFFF,
    0xFFFF, 0xFFFF, 0xFFFF, 0xFFFF, 0xFFFF, 0xFFFF, 0xFFFF, 0xF800,
    0xFF79, 0xFF79, 0xFD87, 0xFD87, 0xFD87, 0xFD87, 0xFD87, 0x0888,
    0x0888, 0x0888, 0x0888, 0x0888, 0x0888, 0x0888, 0x0888, 0x0888,
    0x0888, 0x0888, 0x0888, 0x0888, 0x0888, 0x0888, 0x0888, 0x0888,
    0x0888, 0x0888, 0x0888, 0x0888, 0x0888, 0x0888, 0x0888, 0x0888,
    0x0888, 0x0888, 0x0888, 0x0888, 0x0888, 0x0888, 0x0888, 0x0888,
    0x0888, 0x0888, 0x0888, 0x0888, 0x0888, 0x0888, 0x0888, 0x0888,
    0x0888, 0x0888, 0x0888, 0x0888, 0x0888, 0x0888, 0x0888, 0xF945,
    0xF945, 0xF945, 0xF945, 0xF945, 0xFFBB, 0xFFBB, 0xFFBB, 0xFFEB,
    0xFFEB, 0xFFEB, 0xFD87, 0xFD87, 0xFFEB, 0xFFEB, 0xFFEB, 0xFFBB,
    0x0888, 0x0888, 0x0888, 0x0888, 0x0888, 0x0888, 0x0888, 0x0888,
    0x0888, 0x0888, 0x0888, 0x0888, 0x0888, 0x0888, 0x0888, 0x0888,
    0x0888, 0x0888, 0x0888, 0x0888, 0x0888, 0x0888, 0x0888, 0x0888,
    0x0888, 0x0888, 0x0888, 0x0888, 0x0888, 0x0888, 0x0888, 0x0888,
    0x0888, 0x0888, 0x0888, 0x0888, 0x0888, 0x0888, 0x0888, 0x0888,
    0x0888, 0x0888, 0x0888, 0x0888, 0x0888, 0x0888, 0x0888, 0xF945,
    0xF945, 0xF945, 0xF945, 0xFFBB, 0xFFBB, 0xFFBB, 0xFFBB, 0xFFEB,
    0xFFEB, 0xFFEB, 0xFFEB, 0xFFEB, 0xFFEB, 0xFFEB, 0xFFEB, 0xFFBB,
    0xFFBB, 0x0888, 0x0888, 0x0888, 0x0888, 0x0888, 0x0888, 0x0888,
    0x0888, 0x0888, 0x0888, 0x0888, 0x0888, 0x0888, 0x0888, 0x0888,
    0x0888, 0x0888, 0x0888, 0x0888, 0x0888, 0x0888, 0x0888, 0x0888,
    0x0888, 0x0888, 0x0888, 0x0888, 0x0888, 0x0888, 0x0888, 0x0888,
    0x0888, 0x0888, 0x0888, 0x0888, 0x0888, 0x0888, 0x0888, 0x0888,
    0x0888, 0x0888, 0x0888, 0x0888, 0x0888, 0xF945, 0xF945, 0xF945,
    0xF945, 0xF945, 0xF945, 0xFFBB, 0xFFBB, 0xFFBB, 0xFFBB, 0xFFEB,
    0xFFEB, 0xFFEB, 0xFFEB, 0xFFEB, 0xFFEB, 0xFFEB, 0xFFEB, 0xFFBB,
    0xFFBB, 0x0888, 0x0888, 0x0888, 0x0888, 0x0888, 0x0888, 0x0888,
    0x0888, 0x0888, 0x0888, 0xF945, 0xFDA6, 0xFDA6, 0xF945, 0xF945,
    0xF945, 0x0888, 0x0888, 0x0888, 0x0888, 0x0888, 0x0888, 0x0888,
    0x0888, 0x0888, 0x0888, 0x0888, 0x0888, 0x0888, 0x0888, 0x0888,
    0x0888, 0x0888, 0xF945, 0xF945, 0xFDA6, 0xFDA6, 0xFDA6, 0xFDA6,
    0xFDA6, 0xFDA6, 0xF945, 0x0888, 0x0888, 0x0888, 0xFFFF, 0x0888,
    0xFFFF, 0xFFFF, 0xFFFF, 0xFFFF, 0xFFFF, 0xFFFF, 0xFFFF, 0xFFFF,
    0xF800, 0xFF79, 0xFF79, 0xFF79, 0x0888, 0x0888, 0x0888, 0x0888,
    0x0888, 0x0888, 0x0888, 0x0888, 0x0888, 0x0888, 0x0888, 0x0888,
    0x0888, 0x0888, 0x0888, 0x0888, 0x0888, 0x0888, 0x0888, 0x0888,
    0x0888, 0x0888, 0x0888, 0x0888, 0x0888, 0x0888, 0x0888, 0x0888,
    0x0888, 0x0888, 0x0888, 0x0888, 0x0888, 0x0888, 0x0888, 0x0888,
    0x0888, 0x0888, 0x0888, 0x0888, 0x0888, 0x0888, 0x0888, 0x0888,
    0x0888, 0x0888, 0x0888, 0x0888, 0x0888, 0xF945, 0xF945, 0x0888,
    0x0888, 0x0888, 0xF347, 0xF347, 0xF347, 0xF347, 0xFFEB, 0xFFEB,
    0xFFEB, 0xFFEB, 0xFFEB, 0xFFEB, 0xFFEB, 0xFFEB, 0x0888, 0x0888,
    0x0888, 0x0888, 0x0888, 0x0888, 0x0888, 0x0888, 0x0888, 0x0888,
    0x0888, 0x0888, 0x0888, 0x0888, 0x0888, 0x0888, 0x0888, 0x0888,
    0x0888, 0x0888, 0x0888, 0x0888, 0x0888, 0x0888, 0x0888, 0x0888,
    0x0888, 0x0888, 0x0888, 0x0888, 0x0888, 0x0888, 0x0888, 0x0888,
    0x0888, 0x0888, 0x0888, 0x0888, 0x0888, 0x0888, 0x0888, 0x0888,
    0x0888, 0x0888, 0x0888, 0x0888, 0x0888, 0x0888, 0xF945, 0xF945,
    0xF945, 0xF945, 0xF945, 0xF945, 0xFFBB, 0xFFBB, 0xFFBB, 0xFFEB,
    0xFFEB, 0xFFEB, 0xFD87, 0xFD87, 0xFFEB, 0xFFEB, 0xFFEB, 0xFFBB,
    0x0888, 0x0888, 0x0888, 0x0888, 0x0888, 0x0888, 0x0888, 0x0888,
    0x0888, 0x0888, 0x0888, 0x0888, 0x0888, 0x0888, 0x0888, 0x0888,
    0x0888, 0x0888, 0x0888, 0x0888, 0x0888, 0x0888, 0x0888, 0x0888,
    0x0888, 0x0888, 0x0888, 0x0888, 0x0888, 0x0888, 0x0888, 0x0888,
    0x0888, 0x0888, 0x0888, 0x0888, 0x0888, 0x0888, 0x0888, 0x0888,
    0x0888, 0x0888, 0x0888, 0x0888, 0x0888, 0x0888, 0xF945, 0xF945,
    0xF945, 0xF945, 0xF945, 0xF945, 0xFFBB, 0xFFBB, 0xFFBB, 0xFFEB,
    0xFFEB, 0xFFEB, 0xFD87, 0xFD87, 0xFFEB, 0xFFEB, 0xFFEB, 0xFFBB,
    0x0888, 0x0888, 0x0888, 0x0888, 0x0888, 0x0888, 0x0888, 0x0888,
    0x0888, 0x0888, 0x0888, 0x0888, 0xF945, 0xF945, 0x0888, 0x0888,
    0x0888, 0x0888, 0x0888, 0x0888, 0x0888, 0x0888, 0x0888, 0x0888,
    0x0888, 0x0888, 0x0888, 0x0888, 0x0888, 0x0888, 0x0888, 0x0888,
    0x0888, 0x0888, 0x0888, 0x0888, 0xF945, 0xF945, 0xFDA6, 0xFDA6,
    0xFDA6, 0xF945, 0xF945, 0xF945, 0xF945, 0xF945, 0xF945, 0xFFFF,
    0xFFFF, 0xFFFF, 0xFFFF, 0xFFFF, 0xFFFF, 0xFFFF, 0xFFFF, 0xFFFF,
    0xFFFF, 0xF800, 0xFF79, 0xFF79, 0xFF79, 0x0888, 0x0888, 0x0888,
    0x0888, 0x0888, 0x0888, 0x0888, 0x0888, 0x0888, 0x0888, 0x0888,
    0x0888, 0x0888, 0x0888, 0x0888, 0x0888, 0x0888, 0x0888, 0x0888,
    0x0888, 0x0888, 0x0888, 0x0888, 0x0888, 0x0888, 0x0888, 0x0888,
    0x0888, 0x0888, 0x0888, 0x0888, 0x0888, 0x0888, 0x0888, 0x0888,
    0x0888, 0x0888, 0x0888, 0x0888, 0x0888, 0x0888, 0x0888, 0x0888,
    0x0888, 0x0888, 0x0888, 0x0888, 0x0888, 0x0888, 0x0888, 0xFFFF,
    0xFFFF, 0xFFFF, 0xF347, 0xF347, 0xF347, 0xF347, 0xF945, 0xF945,
    0xF945, 0xF347, 0xF347, 0x0888, 0x0888, 0x0888, 0x0888, 0x0888,
    0x0888, 0x0888, 0x0888, 0x0888, 0x0888, 0x0888, 0x0888, 0x0888,
    0x0888, 0x0888, 0x0888, 0x0888, 0x0888, 0x0888, 0x0888, 0x0888,
    0x0888, 0x0888, 0x0888, 0x0888, 0x0888, 0x0888, 0x0888, 0x0888,
    0x0888, 0x0888, 0x0888, 0x0888, 0x0888, 0x0888, 0x0888, 0x0888,
    0x0888, 0x0888, 0x0888, 0x0888, 0x0888, 0x0888, 0x0888, 0x0888,
    0x0888, 0x0888, 0x0888, 0x0888, 0x0888, 0x0888, 0x0888, 0x0888,
    0x0888, 0x0888, 0xF347, 0xF347, 0xF347, 0xF347, 0xFFEB, 0xFFEB,
    0xFFEB, 0xFFEB, 0xFFEB, 0xFFEB, 0xFFEB, 0xFFEB, 0x0888, 0x0888,
    0x0888, 0x0888, 0x0888, 0x0888, 0x0888, 0x0888, 0x0888, 0x0888,
    0x0888, 0x0888, 0x0888, 0x0888, 0x0888, 0x0888, 0x0888, 0x0888,
    0x0888, 0x0888, 0x0888, 0x0888, 0x0888, 0x0888, 0x0888, 0x0888,
    0x0888, 0x0888, 0x0888, 0x0888, 0x0888, 0x0888, 0x0888, 0x0888,
    0x0888, 0x0888, 0x0888, 0x0888, 0x0888, 0x0888, 0x0888, 0x0888,
    0x0888, 0x0888, 0x0888, 0x0888, 0x0888, 0x0888, 0x0888, 0x0888,
    0x0888, 0x0888, 0xF347, 0xF347, 0xF347, 0xF347, 0xFFEB, 0xFFEB,
    0xFFEB, 0xFFEB, 0xFFEB, 0xFFEB, 0xFFEB, 0xFFEB, 0x0888, 0x0888,
    0x0888, 0x0888, 0x0888, 0x0888, 0x0888, 0x0888, 0x0888, 0x0888,
    0x0888, 0x0888, 0x0888, 0x0888, 0x0888, 0x0888, 0x0888, 0x0888,
    0x0888, 0x0888, 0x0888, 0x0888, 0x0888, 0x0888, 0x0888, 0x0888,
    0x0888, 0x0888, 0x0888, 0x0888, 0x0888, 0x0888, 0x0888, 0x0888,
    0x0888, 0x0888, 0x0888, 0x0888, 0x0888, 0x0888, 0xF945, 0xF945,
    0xFDA6, 0xF945, 0xF945, 0xF945, 0xF945, 0xF945, 0xF945, 0xFFFF,
    0xFFFF, 0xFFFF, 0xFFFF, 0xFFFF, 0xFFFF, 0xFFFF, 0xFFFF, 0xFFFF,
    0xFFFF, 0xFFFF, 0xF800, 0xFF79, 0xFF79, 0x0888, 0x0888, 0x0888,
    0x0888, 0x0888, 0x0888, 0x0888, 0x0888, 0x0888, 0x0888, 0x0888,
    0x0888, 0x0888, 0x0888, 0x0888, 0x0888, 0x0888, 0x0888, 0x0888,
    0x0888, 0x0888, 0x0888, 0x0888, 0x0888, 0x0888, 0x0888, 0x0888,
    0x0888, 0x0888, 0x0888, 0x0888, 0x0888, 0x0888, 0x0888, 0x0888,
    0x0888, 0x0888, 0x0888, 0x0888, 0x0888, 0x0888, 0x0888, 0x0888,
    0x0888, 0x0888, 0x0888, 0x0888, 0x0888, 0xFFEB, 0xFFEB, 0xFFFF,
    0xFFFF, 0xFFFF, 0xFFFF, 0xF347, 0xF347, 0xF347, 0xF347, 0xF945,
    0xF347, 0xF347, 0xF347, 0xF347, 0xFFFF, 0x0888, 0x0888, 0x0888,
    0x0888, 0x0888, 0x0888, 0x0888, 0x0888, 0x0888, 0x0888, 0x0888,
    0x0888, 0x0888, 0x0888, 0x0888, 0x0888, 0x0888, 0x0888, 0x0888,
    0x0888, 0x0888, 0x0888, 0x0888, 0x0888, 0x0888, 0x0888, 0x0888,
    0x0888, 0x0888, 0x0888, 0x0888, 0x0888, 0x0888, 0x0888, 0x0888,
    0x0888, 0x0888, 0x0888, 0x0888, 0x0888, 0x0888, 0x0888, 0x0888,
    0x0888, 0x0888, 0x0888, 0x0888, 0x0888, 0x0888, 0x0888, 0x0888,
    0x0888, 0xFFFF, 0xF347, 0xF347, 0xF347, 0xF347, 0xF945, 0xF945,
    0xF945, 0xF347, 0xF347, 0x0888, 0x0888, 0x0888, 0x0888, 0x0888,
    0x0888, 0x0888, 0x0888, 0x0888, 0x0888, 0x0888, 0x0888, 0x0888,
    0x0888, 0x0888, 0x0888, 0x0888, 0x0888, 0x0888, 0x0888, 0x0888,
    0x0888, 0x0888, 0x0888, 0x0888, 0x0888, 0x0888, 0x0888, 0x0888,
    0x0888, 0x0888, 0x0888, 0x0888, 0x0888, 0x0888, 0x0888, 0x0888,
    0x0888, 0x0888, 0x0888, 0x0888, 0x0888, 0x0888, 0x0888, 0x0888,
    0x0888, 0x0888, 0x0888, 0x0888, 0x0888, 0x0888, 0x0888, 0x0888,
    0x0888, 0xFFFF, 0xF347, 0xF347, 0xF347, 0xF347, 0xF945, 0xF945,
    0xF945, 0xF347, 0xF347, 0x0888, 0x0888, 0x0888, 0x0888, 0x0888,
    0x0888, 0x0888, 0x0888, 0x0888, 0x0888, 0x0888, 0x0888, 0x0888,
    0x0888, 0x0888, 0x0888, 0x0888, 0x0888, 0x0888, 0x0888, 0x0888,
    0x0888, 0x0888, 0x0888, 0x0888, 0x0888, 0x0888, 0x0888, 0x0888,
    0x0888, 0x0888, 0x0888, 0x0888, 0x0888, 0x0888, 0x0888, 0x0888,
    0x0888, 0x0888, 0x0888, 0x0888, 0x0888, 0x0888, 0x0888, 0x0888,
    0xF945, 0xF945, 0xF945, 0xF945, 0xF945, 0xF945, 0xF347, 0xF325,
    0xFFFF, 0xFFFF, 0xFFFF, 0xFFFF, 0xFFFF, 0xFFFF, 0xFFFF, 0xFFFF,
    0xFFFF, 0xFFFF, 0xFFFF, 0xFDA6, 0x0888, 0x0888, 0x0888, 0x0888,
    0x0888, 0x0888, 0x0888, 0x0888, 0x0888, 0x0888, 0x0888, 0x0888,
    0x0888, 0x0888, 0x0888, 0x0888, 0x0888, 0x0888, 0x0888, 0x0888,
    0x0888, 0x0888, 0x0888, 0x0888, 0x0888, 0x0888, 0x0888, 0x0888,
    0x0888, 0x0888, 0x0888, 0x0888, 0xFFDA, 0xFFDA, 0xFFDA, 0xFFDA,
    0xFFDA, 0xFFDA, 0xFFDA, 0xFFDA, 0xFFDA, 0x0888, 0x0888, 0x0888,
    0x0888, 0x0888, 0x0888, 0x0888, 0xFFEB, 0xFFEB, 0xFFEB, 0xFFFF,
    0xFFFF, 0xFFFF, 0xFFFF, 0xFFFF, 0xF347, 0xF347, 0xF347, 0xF347,
    0xF347, 0xF347, 0xF347, 0xFFFF, 0xFFFF, 0xFFFF, 0x0888, 0x0888,
    0x0888, 0x0888, 0x0888, 0x0888, 0x0888, 0x0888, 0x0888, 0x0888,
    0x0888, 0x0888, 0x0888, 0x0888, 0x0888, 0x0888, 0x0888, 0x0888,
    0x0888, 0x0888, 0x0888, 0x0888, 0x0888, 0x0888, 0x0888, 0xFFDA,
    0xFFDA, 0xFFDA, 0xFFDA, 0xFFDA, 0xFFDA, 0xFFDA, 0xFFDA, 0xFFDA,
    0x0888, 0x0888, 0x0888, 0x0888, 0x0888, 0x0888, 0x0888, 0x0888,
    0x0888, 0x0888, 0x0888, 0x0888, 0x0888, 0x0888, 0x0888, 0x0888,
    0xFFFF, 0xFFFF, 0xFFFF, 0xF347, 0xF347, 0xF347, 0xF347, 0xF945,
    0xF347, 0xF347, 0xF347, 0xF347, 0x0888, 0x0888, 0x0888, 0x0888,
    0x0888, 0x0888, 0x0888, 0x0888, 0x0888, 0x0888, 0x0888, 0x0888,
    0x0888, 0x0888, 0x0888, 0x0888, 0x0888, 0x0888, 0x0888, 0x0888,
    0x0888, 0x0888, 0x0888, 0x0888, 0x0888, 0xFFDA, 0xFFDA, 0xFFDA,
    0xFFDA, 0xFFDA, 0xFFDA, 0xFFDA, 0xFFDA, 0x0888, 0x0888, 0x0888,
    0x0888, 0x0888, 0x0888, 0x0888, 0x0888, 0x0888, 0x0888, 0x0888,
    0x0888, 0x0888, 0x0888, 0x0888, 0x0888, 0x0888, 0x0888, 0x0888,
    0xFFEB, 0xFFFF, 0xFFFF, 0xF347, 0xF347, 0xF347, 0xF347, 0xF945,
    0xF347, 0xF347, 0xF347, 0xF347, 0x0888, 0x0888, 0x0888, 0x0888,
    0x0888, 0x0888, 0x0888, 0x0888, 0x0888, 0x0888, 0x0888, 0x0888,
    0x0888, 0x0888, 0x0888, 0x0888, 0x0888, 0x0888, 0x0888, 0x0888,
    0x0888, 0x0888, 0x0888, 0x0888, 0x0888, 0x0888, 0x0888, 0x0888,
    0x0888, 0x0888, 0x0888, 0x0888, 0x0888, 0x0888, 0x0888, 0x0888,
    0x0888, 0x0888, 0x0888, 0x0888, 0x0888, 0x0888, 0x0888, 0x0888,
    0x0888, 0x0888, 0xF945, 0xF945, 0xF945, 0xF347, 0xF347, 0xF347,
    0xF325, 0xF325, 0xF325, 0xF325, 0xF325, 0xF325, 0xF325, 0xF325,
    0xF325, 0xF325, 0xF325, 0xF325, 0xF347, 0x0888, 0x0888, 0x0888,
    0x0888, 0x0888, 0x0888, 0x0888, 0x0888, 0x0888, 0x0888, 0x0888,
    0x0888, 0x0888, 0x0888, 0x0888, 0x0888, 0x0888, 0x0888, 0x0888,
    0x0888, 0x0888, 0x0888, 0x0888, 0x0888, 0x0888, 0x0888, 0x0888,
    0x0888, 0xFFDA, 0xFFDA, 0xFFDA, 0xFDA6, 0xFDA6, 0xFDA6, 0xFDA6,
    0xFDA6, 0xFDA6, 0xFDA6, 0xFDA6, 0xFDA6, 0xFFDA, 0xFFDA, 0x0888,
    0x0888, 0x0888, 0x0888, 0xFFEB, 0xFFEB, 0xFFEB, 0xFFEB, 0xFD87,
    0xFFFF, 0xFFFF, 0xFFFF, 0xFFFF, 0xFFFF, 0xF347, 0xF347, 0xF347,
    0xF347, 0xF347, 0xFFFF, 0xFFFF, 0xFFFF, 0xFFFF, 0xFFEB, 0x0888,
    0x0888, 0x0888, 0x0888, 0x0888, 0x0888, 0x0888, 0x0888, 0x0888,
    0x0888, 0x0888, 0x0888, 0x0888, 0x0888, 0x0888, 0x0888, 0x0888,
    0x0888, 0x0888, 0x0888, 0x0888, 0x0888, 0xFFDA, 0xFFDA, 0xFDA6,
    0xFDA6, 0xFDA6, 0xFDA6, 0xFDA6, 0xFDA6, 0xFDA6, 0xFDA6, 0xFDA6,
    0xFFDA, 0xFFDA, 0xFFDA, 0x0888, 0x0888, 0x0888, 0x0888, 0x0888,
    0x0888, 0x0888, 0x0888, 0x0888, 0x0888, 0x0888, 0x0888, 0xFD87,
    0xFFFF, 0xFFFF, 0xFFFF, 0xFFFF, 0xF347, 0xF347, 0xF347, 0xF347,
    0xF347, 0xF347, 0xF347, 0xFFFF, 0x0888, 0x0888, 0x0888, 0x0888,
    0x0888, 0x0888, 0x0888, 0x0888, 0x0888, 0x0888, 0x0888, 0x0888,
    0x0888, 0x0888, 0x0888, 0x0888, 0x0888, 0x0888, 0x0888, 0x0888,
    0x0888, 0xFFDA, 0xFFDA, 0xFFDA, 0xFFDA, 0xFDA6, 0xFDA6, 0xFDA6,
    0xFDA6, 0xFDA6, 0xFDA6, 0xFDA6, 0xFDA6, 0xFFDA, 0xFFDA, 0x0888,
    0x0888, 0x0888, 0x0888, 0x0888, 0x0888, 0x0888, 0x0888, 0x0888,
    0x0888, 0x0888, 0x0888, 0x0888, 0x0888, 0x0888, 0x0888, 0xFFEB,
    0xFFEB, 0xFFFF, 0xFFFF, 0xFFFF, 0xF347, 0xF347, 0xF347, 0xF347,
    0xF347, 0xF347, 0xF347, 0xFFFF, 0x0888, 0x0888, 0x0888, 0x0888,
    0x0888, 0x0888, 0x0888, 0x0888, 0x0888, 0x0888, 0x0888, 0x0888,
    0x0888, 0x0888, 0x0888, 0x0888, 0x0888, 0x0888, 0x0888, 0x0888,
    0x0888, 0x0888, 0x0888, 0x0888, 0x0888, 0x0888, 0x0888, 0x0888,
    0x0888, 0x0888, 0x0888, 0x0888, 0x0888, 0x0888, 0x0888, 0x0888,
    0x0888, 0x0888, 0x0888, 0x0888, 0x0888, 0x0888, 0x0888, 0x0888,
    0x0888, 0x0888, 0x0888, 0x0888, 0xF347, 0xF347, 0xF347, 0xF347,
    0xF347, 0xF347, 0xF347, 0xF347, 0xF347, 0xF347, 0xF347, 0xF347,
    0xF347, 0xF347, 0xF347, 0xF347, 0xF347, 0xF347, 0x0888, 0x0888,
    0x0888, 0x0888, 0x0888, 0x0888, 0x0888, 0x0888, 0x0888, 0x0888,
    0x0888, 0x0888, 0x0888, 0x0888, 0x0888, 0x0888, 0x0888, 0x0888,
    0x0888, 0x0888, 0x0888, 0x0888, 0x0888, 0x0888, 0x0888, 0xFFDA,
    0xFFDA, 0xFDA6, 0xFDA6, 0xFDA6, 0xFDA6, 0xFDA6, 0xFDA6, 0xFDA6,
    0xFDA6, 0xFDA6, 0xFDA6, 0xFDA6, 0xFDA6, 0xFDA6, 0xFFEB, 0xFFEB,
    0x0888, 0x0888, 0xFFEB, 0xFFEB, 0xFFEB, 0xFFEB, 0xFFEB, 0xFFFF,
    0xF9CE, 0xFFFF, 0xFFFF, 0xFFFF, 0xFFFF, 0xF800, 0xFF79, 0xF347,
    0xFF79, 0xFFFF, 0xFFFF, 0xF9CE, 0xFFFF, 0xFD87, 0xFD87, 0xFFEB,
    0x0888, 0x0888, 0x0888, 0x0888, 0x0888, 0x0888, 0x0888, 0x0888,
    0x0888, 0x0888, 0x0888, 0x0888, 0x0888, 0x0888, 0x0888, 0x0888,
    0x0888, 0x0888, 0x0888, 0xFFDA, 0xFFDA, 0xFDA6, 0xFDA6, 0xFDA6,
    0xFDA6, 0xFDA6, 0xFDA6, 0xFDA6, 0xFDA6, 0xFDA6, 0xFDA6, 0xFDA6,
    0xFDA6, 0xFDA6, 0xFDA6, 0xFFDA, 0xFFDA, 0x0888, 0x0888, 0x0888,
    0x0888, 0x0888, 0x0888, 0x0888, 0x0888, 0x0888, 0xFFEB, 0xFFEB,
    0xFD87, 0xFFFF, 0xFFFF, 0xFFFF, 0xFFFF, 0xF347, 0xF347, 0xF347,
    0xF347, 0xF347, 0xFFFF, 0xFFFF, 0x0888, 0x0888, 0x0888, 0x0888,
    0x0888, 0x0888, 0x0888, 0x0888, 0x0888, 0x0888, 0x0888, 0x0888,
    0x0888, 0x0888, 0x0888, 0x0888, 0x0888, 0xFFDA, 0xFFDA, 0xFFDA,
    0xFFDA, 0xFDA6, 0xFDA6, 0xFDA6, 0xFDA6, 0xFDA6, 0xFDA6, 0xFDA6,
    0xFDA6, 0xFDA6, 0xFDA6, 0xFDA6, 0xFDA6, 0xFDA6, 0xFDA6, 0xFDA6,
    0xFFDA, 0xFFDA, 0x0888, 0x0888, 0x0888, 0x0888, 0x0888, 0x0888,
    0x0888, 0x0888, 0x0888, 0x0888, 0x0888, 0x0888, 0xFFEB, 0xFFEB,
    0xFFEB, 0xFD87, 0xFFFF, 0xFFFF, 0xFFFF, 0xF347, 0xF347, 0xF347,
    0xF347, 0xF347, 0xFFFF, 0xFFFF, 0x0888, 0x0888, 0x0888, 0x0888,
    0x0888, 0x0888, 0x0888, 0x0888, 0x0888, 0x0888, 0x0888, 0x0888,
    0x0888, 0x0888, 0x0888, 0x0888, 0x0888, 0x0888, 0x0888, 0x0888,
    0x0888, 0x0888, 0x0888, 0x0888, 0x0888, 0x0888, 0x0888, 0x0888,
    0x0888, 0x0888, 0x0888, 0x0888, 0x0888, 0x0888, 0x0888, 0x0888,
    0x0888, 0x0888, 0x0888, 0x0888, 0x0888, 0x0888, 0x0888, 0x0888,
    0x0888, 0x0888, 0x0888, 0xF347, 0xF347, 0xF347, 0xF347, 0xF347,
    0xF347, 0xF347, 0xF347, 0xF347, 0xF347, 0xF347, 0xF347, 0xF347,
    0xF347, 0xF347, 0xF347, 0xF347, 0xF347, 0xF347, 0xF347, 0x0888,
    0x0888, 0x0888, 0x0888, 0x0888, 0x0888, 0x0888, 0x0888, 0x0888,
    0x0888, 0x0888, 0xFFDA, 0xFFDA, 0xFFDA, 0xFFDA, 0x0888, 0x0888,
    0x0888, 0x0888, 0x0888, 0xFFDA, 0xFFDA, 0xFFDA, 0xFFDA, 0xFDA6,
    0xFDA6, 0xFDA6, 0xFDA6, 0xFDA6, 0xFDA6, 0xFDA6, 0xFDA6, 0xFDA6,
    0xF945, 0xF945, 0xF945, 0xF945, 0xFDA6, 0xFDA6, 0xFDA6, 0xFFEB,
    0xFFEB, 0xFFEB, 0xFFEB, 0xFFEB, 0xFFEB, 0xFFEB, 0xFD87, 0xFFFF,
    0xFFFF, 0xFFFF, 0xFFFF, 0xFFFF, 0xF800, 0xFF79, 0xFF79, 0xFF79,
    0xFFFF, 0xFFFF, 0xF9CE, 0xF9CE, 0xF9CE, 0xFD87, 0xFD87, 0xFD87,
    0xFFEB, 0x0888, 0x0888, 0x0888, 0x0888, 0x0888, 0x0888, 0x0888,
    0x0888, 0x0888, 0x0888, 0x0888, 0x0888, 0x0888, 0x0888, 0x0888,
    0x0888, 0xFFDA, 0xFFDA, 0xFDA6, 0xFDA6, 0xFDA6, 0xFDA6, 0xFDA6,
    0xFDA6, 0xF945, 0xF945, 0xF945, 0xF945, 0xF945, 0xFDA6, 0xFDA6,
    0xFDA6, 0xFDA6, 0xFDA6, 0xFDA6, 0xFDA6, 0xFFDA, 0xFFDA, 0x0888,
    0x0888, 0x0888, 0x0888, 0x0888, 0x0888, 0xFFEB, 0xFFEB, 0xFFEB,
    0xFD87, 0xFFFF, 0xFFFF, 0xFFFF, 0xFFFF, 0xF800, 0xFF79, 0xF347,
    0xFF79, 0xFFFF, 0xFFFF, 0xF9CE, 0x0888, 0x0888, 0x0888, 0x0888,
    0x0888, 0x0888, 0x0888, 0x0888, 0x0888, 0x0888, 0x0888, 0x0888,
    0x0888, 0x0888, 0xFFDA, 0xFFDA, 0xFFDA, 0xFDA6, 0xFDA6, 0xFDA6,
    0xFDA6, 0xFDA6, 0xFDA6, 0xFDA6, 0xFDA6, 0xFDA6, 0xFDA6, 0xF945,
    0xF945, 0xF945, 0xF945, 0xFDA6, 0xFDA6, 0xFDA6, 0xFDA6, 0xFDA6,
    0xFDA6, 0xFDA6, 0xFFDA, 0xFFDA, 0xFFDA, 0x0888, 0x0888, 0x0888,
    0x0888, 0x0888, 0x0888, 0x0888, 0x0888, 0x0888, 0xFFEB, 0xFFEB,
    0xFFEB, 0xFD87, 0xFFFF, 0xFFFF, 0xFFFF, 0xF800, 0xFF79, 0xF347,
    0xFF79, 0xFFFF, 0xFFFF, 0xF9CE, 0x0888, 0x0888, 0x0888, 0x0888,
    0x0888, 0x0888, 0x0888, 0x0888, 0x0888, 0x0888, 0x0888, 0x0888,
    0x0888, 0x0888, 0x0888, 0x0888, 0x0888, 0x0888, 0x0888, 0x0888,
    0x0888, 0x0888, 0x0888, 0x0888, 0x0888, 0x0888, 0x0888, 0x0888,
    0x0888, 0x0888, 0x0888, 0x0888, 0x0888, 0x0888, 0x0888, 0x0888,
    0x0888, 0x0888, 0x0888, 0x0888, 0x0888, 0x0888, 0x0888, 0x0888,
    0x0888, 0x0888, 0xF347, 0xF347, 0xF347, 0xF347, 0xF347, 0xF347,
    0xF347, 0xF347, 0xF347, 0xF347, 0xF347, 0xF347, 0xF347, 0xF347,
    0xF347, 0xF347, 0xF347, 0xF347, 0xF347, 0xF347, 0xF347, 0xF347,
    0x0888, 0x0888, 0x0888, 0x0888, 0x0888, 0x0888, 0x0888, 0x0888,
    0x0888, 0xFDA6, 0xFDA6, 0xFDA6, 0xFDA6, 0xFDA6, 0xFFDA, 0xFFDA,
    0xFFDA, 0xFFDA, 0xFFDA, 0xFDA6, 0xFDA6, 0xFDA6, 0xFDA6, 0xFDA6,
    0xFDA6, 0xFDA6, 0xFDA6, 0xFDA6, 0xFDA6, 0xF945, 0xF945, 0xF945,
    0x0888, 0x0888, 0x0888, 0x0888, 0xF945, 0xF945, 0xFDA6, 0xFFEB,
    0xFFEB, 0xFFEB, 0xFD87, 0xFFEB, 0xFFEB, 0xFFEB, 0xFFFF, 0xFFFF,
    0xFFFF, 0xFFFF, 0xFFFF, 0xFFFF, 0xF800, 0xFF79, 0xFF79, 0xFF79,
    0xFFFF, 0xFFFF, 0x0888, 0xF9CE, 0xFD87, 0xFD87, 0xFD87, 0xFD87,
    0xFD87, 0xFD87, 0xFFEB, 0xFFEB, 0xFFEB, 0xFFEB, 0xFFEB, 0x0888,
    0x0888, 0xFDA6, 0xFFDA, 0xFFDA, 0xFFDA, 0xFFDA, 0xFFDA, 0xFFDA,
    0xFFDA, 0xFDA6, 0xFDA6, 0xFDA6, 0xFDA6, 0xFDA6, 0xFDA6, 0xF945,
    0xF945, 0x0888, 0x0888, 0x0888, 0x0888, 0x0888, 0xF945, 0xF945,
    0xF945, 0xFDA6, 0xFDA6, 0xFDA6, 0xFDA6, 0xFDA6, 0xFDA6, 0xFFDA,
    0xF945, 0xF945, 0x0888, 0x0888, 0x0888, 0xFFEB, 0xFFEB, 0xFFEB,
    0xFD87, 0xFFFF, 0xFFFF, 0xFFFF, 0xF800, 0xFF79, 0xFF79, 0xFF79,
    0xFFFF, 0xFFFF, 0xF9CE, 0xF9CE, 0xF9CE, 0x0888, 0x0888, 0x0888,
    0x0888, 0x0888, 0x0888, 0x0888, 0x0888, 0x0888, 0x0888, 0x0888,
    0x0888, 0xFDA6, 0xFDA6, 0xFDA6, 0xFDA6, 0xFDA6, 0xFDA6, 0xFDA6,
    0xFDA6, 0xFDA6, 0xFDA6, 0xF945, 0xF945, 0xF945, 0xF945, 0x0888,
    0x0888, 0x0888, 0x0888, 0xF945, 0xF945, 0xF945, 0xFDA6, 0xFDA6,
    0xFDA6, 0xFDA6, 0xFDA6, 0xFDA6, 0xFDA6, 0xFFDA, 0xFFDA, 0x0888,
    0x0888, 0x0888, 0x0888, 0x0888, 0x0888, 0x0888, 0xFD87, 0xFFEB,
    0xFFEB, 0xFFEB, 0xFFFF, 0xFFFF, 0xFFFF, 0xFFEB, 0xFFEB, 0xFFEB,
    0xFFEB, 0xFFEB, 0xF9CE, 0x0888, 0x0888, 0x0888, 0x0888, 0x0888,
    0x0888, 0x0888, 0x0888, 0x0888, 0x0888, 0x0888, 0x0888, 0x0888,
    0x0888, 0x0888, 0x0888, 0x0888, 0x0888, 0x0888, 0x0888, 0x0888,
    0x0888, 0x0888, 0x0888, 0x0888, 0x0888, 0x0888, 0x0888, 0x0888,
    0x0888, 0x0888, 0x0888, 0x0888, 0x0888, 0x0888, 0x0888, 0x0888,
    0x0888, 0x0888, 0x0888, 0x0888, 0x0888, 0x0888, 0x0888, 0x0888,
    0x0888, 0x0888, 0xF347, 0xF347, 0xF347, 0xF347, 0xF347, 0xF347,
    0xF347, 0xF347, 0xF347, 0xF347, 0xF347, 0xF347, 0xF347, 0xF347,
    0xF347, 0xF347, 0xF347, 0xF9CE, 0xF9CE, 0xF9CE, 0xF9CE, 0xF325,
    0xF347, 0x0888, 0x0888, 0x0888, 0x0888, 0x0888, 0x0888, 0x0888,
    0x0888, 0xF945, 0xFDA6, 0xFDA6, 0xFDA6, 0xFDA6, 0xFDA6, 0xFDA6,
    0xFDA6, 0xFDA6, 0xFDA6, 0xFDA6, 0xFDA6, 0xFDA6, 0xFDA6, 0xFDA6,
    0xFDA6, 0xF945, 0xF945, 0xF945, 0xF945, 0x0888, 0x0888, 0x0888,
    0x0888, 0x0888, 0x0888, 0x0888, 0x0888, 0x0888, 0xFDA6, 0xFFEB,
    0xFFEB, 0xFFEB, 0xFD87, 0xFFEB, 0xFD87, 0xFD87, 0xFFFF, 0xFFFF,
    0xFFFF, 0xFFFF, 0xFFFF, 0xFFFF, 0xF800, 0xFF79, 0xFF79, 0xFFFF,
    0xFFFF, 0xFFFF, 0x0888, 0x0888, 0x0888, 0xFD87, 0xFD87, 0xFD87,
    0xFD87, 0xFD87, 0xFFEB, 0xFD87, 0xFFEB, 0xFFEB, 0xFFEB, 0x0888,
    0x0888, 0xF945, 0xFDA6, 0xFDA6, 0xFDA6, 0xFDA6, 0xFDA6, 0xFDA6,
    0xFDA6, 0xFDA6, 0xFDA6, 0xFDA6, 0xFDA6, 0xF945, 0xF945, 0x0888,
    0x0888, 0x0888, 0x0888, 0x0888, 0x0888, 0x0888, 0x0888, 0x0888,
    0x0888, 0xF945, 0xF945, 0xFDA6, 0xFDA6, 0xFDA6, 0xFDA6, 0xFDA6,
    0xF945, 0xF945, 0xF945, 0x0888, 0xFFEB, 0xFFEB, 0xFFEB, 0xFFEB,
    0xFD87, 0xFFEB, 0xFFFF, 0xFFFF, 0xFF79, 0xFF79, 0xFF79, 0xFF79,
    0xFFFF, 0xFFFF, 0xF9CE, 0xF9CE, 0xFD87, 0xFD87, 0x0888, 0x0888,
    0x0888, 0x0888, 0x0888, 0x0888, 0x0888, 0x0888, 0x0888, 0x0888,
    0x0888, 0xF945, 0xFDA6, 0xFDA6, 0xFDA6, 0xFDA6, 0xFDA6, 0xF945,
    0xF945, 0xF945, 0xF945, 0x0888, 0x0888, 0x0888, 0x0888, 0x0888,
    0x0888, 0x0888, 0x0888, 0x0888, 0x0888, 0x0888, 0xF945, 0xF945,
    0xFDA6, 0xFDA6, 0xFDA6, 0xFDA6, 0xFDA6, 0xFDA6, 0xFFDA, 0xFFDA,
    0xF945, 0x0888, 0x0888, 0x0888, 0x0888, 0x0888, 0xFD87, 0xFFEB,
    0xFFEB, 0xFFEB, 0xFFEB, 0xFFEB, 0xFFEB, 0xFFEB, 0xFFEB, 0xFD87,
    0xFD87, 0xFFEB, 0x0888, 0x0888, 0x0888, 0x0888, 0x0888, 0x0888,
    0x0888, 0x0888, 0x0888, 0x0888, 0x0888, 0x0888, 0x0888, 0x0888,
    0x0888, 0x0888, 0x0888, 0x0888, 0x0888, 0x0888, 0x0888, 0x0888,
    0x0888, 0x0888, 0x0888, 0x0888, 0x0888, 0x0888, 0x0888, 0x0888,
    0x0888, 0x0888, 0x0888, 0x0888, 0x0888, 0x0888, 0x0888, 0x0888,
    0x0888, 0x0888, 0x0888, 0x0888, 0x0888, 0x0888, 0x0888, 0x0888,
    0x0888, 0x0888, 0xF347, 0xF347, 0xF347, 0xF347, 0xF347, 0xF347,
    0xF347, 0xF347, 0xF347, 0xF347, 0xF347, 0xF347, 0xFD87, 0xFD87,
    0xFD87, 0xFD87, 0xFD87, 0xF9CE, 0xF9CE, 0xF9CE, 0xF9CE, 0xF325,
    0x0888, 0x0888, 0x0888, 0x0888, 0x0888, 0x0888, 0x0888, 0x0888,
    0x0888, 0xF945, 0xF945, 0xFDA6, 0xFDA6, 0xFDA6, 0xFDA6, 0xFDA6,
    0xFDA6, 0xFDA6, 0xFDA6, 0xFDA6, 0xF945, 0xF945, 0xF945, 0xF945,
    0xF945, 0x0888, 0x0888, 0x0888, 0x0888, 0x0888, 0x0888, 0x0888,
    0x0888, 0x0888, 0x0888, 0x0888, 0x0888, 0x0888, 0x0888, 0xFFEB,
    0xFFEB, 0xFFEB, 0xFD87, 0xFD87, 0xF347, 0xF325, 0xF325, 0xFFFF,
    0xFFFF, 0xFFFF, 0xFFFF, 0xFFFF, 0xF800, 0xFF79, 0xFF79, 0xFFFF,
    0xFFFF, 0xFFFF, 0xFFFF, 0x0888, 0x0888, 0x0888, 0xFD87, 0xFD87,
    0xFD87, 0xFD87, 0xFFEB, 0xFD87, 0xFFEB, 0xFFEB, 0xFFEB, 0x0888,
    0x0888, 0xF945, 0xF945, 0xFDA6, 0xFDA6, 0xFDA6, 0xFDA6, 0xFDA6,
    0xFDA6, 0xFDA6, 0xF945, 0xF945, 0xF945, 0x0888, 0x0888, 0x0888,
    0x0888, 0x0888, 0x0888, 0x0888, 0x0888, 0x0888, 0x0888, 0x0888,
    0x0888, 0x0888, 0x0888, 0xF945, 0xF945, 0xFDA6, 0xFDA6, 0xFDA6,
    0xF945, 0xF945, 0xF945, 0xF945, 0xFD87, 0xFFEB, 0xFFEB, 0xFFEB,
    0xFFEB, 0xFFEB, 0xFFFF, 0xFFFF, 0xFF79, 0xFF79, 0xFF79, 0xFFFF,
    0xFFFF, 0xFFFF, 0xF9CE, 0xFD87, 0xFD87, 0xFD87, 0xFD87, 0x0888,
    0x0888, 0x0888, 0x0888, 0x0888, 0x0888, 0x0888, 0x0888, 0x0888,
    0x0888, 0xF945, 0xFDA6, 0xFDA6, 0xF945, 0xF945, 0xF945, 0x0888,
    0x0888, 0x0888, 0x0888, 0x0888, 0x0888, 0x0888, 0x0888, 0x0888,
    0x0888, 0x0888, 0x0888, 0x0888, 0x0888, 0x0888, 0x0888, 0x0888,
    0xF945, 0xF945, 0xFDA6, 0xFDA6, 0xFDA6, 0xFDA6, 0xFDA6, 0xFDA6,
    0xF945, 0xF945, 0xF945, 0xF945, 0xF945, 0xF325, 0xF325, 0xFFEB,
    0xFFEB, 0xFFEB, 0xFFEB, 0xFFEB, 0xFFEB, 0xFFEB, 0xFFEB, 0xFFEB,
    0xFD87, 0xFFEB, 0x0888, 0x0888, 0x0888, 0x0888, 0x0888, 0x0888,
    0x0888, 0x0888, 0x0888, 0x0888, 0x0888, 0x0888, 0x0888, 0x0888,
    0x0888, 0x0888, 0x0888, 0x0888, 0x0888, 0x0888, 0x0888, 0x0888,
    0x0888, 0x0888, 0x0888, 0x0888, 0x0888, 0x0888, 0x0888, 0x0888,
    0x0888, 0x0888, 0x0888, 0x0888, 0x0888, 0x0888, 0x0888, 0x0888,
    0x0888, 0x0888, 0x0888, 0x0888, 0x0888, 0x0888, 0x0888, 0x0888,
    0x0888, 0x0888, 0x0888, 0xF325, 0xF325, 0xFFEB, 0xFFEB, 0xFFEB,
    0xFFEB, 0xFFEB, 0xFFEB, 0xFFEB, 0xFFEB, 0xF325, 0xFD87, 0xFD87,
    0xFD87, 0xFD87, 0xFD87, 0xF325, 0xF325, 0xF325, 0xF325, 0x0888,
    0x0888, 0x0888, 0x0888, 0x0888, 0x0888, 0x0888, 0x0888, 0x0888,
    0x0888, 0x0888, 0x0888, 0xF945, 0xF945, 0xF945, 0xF945, 0xF945,
    0xF945, 0xF945, 0xF945, 0xF945, 0xF945, 0x0888, 0x0888, 0x0888,
    0x0888, 0x0888, 0x0888, 0x0888, 0x0888, 0x0888, 0x0888, 0x0888,
    0x0888, 0x0888, 0x0888, 0x0888, 0x0888, 0x0888, 0x0888, 0xF347,
    0xFFEB, 0xFFEB, 0xFFEB, 0xFFEB, 0xF347, 0xF347, 0xF325, 0xF325,
    0xFFFF, 0xFFFF, 0xFFFF, 0xFFFF, 0xFFFF, 0xFFFF, 0xFFFF, 0xFFFF,
    0xFFFF, 0xFFFF, 0xFFFF, 0x0888, 0x0888, 0x0888, 0x0888, 0xFD87,
    0xFD87, 0xFD87, 0xFD87, 0xFD87, 0xFFEB, 0xFFEB, 0xFFEB, 0x0888,
    0x0888, 0x0888, 0x0888, 0xF945, 0xF945, 0xF945, 0xF945, 0xF945,
    0xF945, 0xF945, 0x0888, 0x0888, 0x0888, 0x0888, 0x0888, 0x0888,
    0x0888, 0x0888, 0x0888, 0x0888, 0x0888, 0x0888, 0x0888, 0x0888,
    0x0888, 0x0888, 0x0888, 0x0888, 0x0888, 0xF945, 0xF945, 0xF945,
    0xF945, 0xF945, 0xF945, 0xF945, 0xFD87, 0xFFEB, 0xFFEB, 0xFFEB,
    0xFFEB, 0xFFEB, 0xFFFF, 0xFFFF, 0xFF79, 0xFF79, 0xFFFF, 0xFFFF,
    0xFFFF, 0xFFFF, 0xFFFF, 0xFD87, 0xFD87, 0xFD87, 0xFD87, 0x0888,
    0x0888, 0x0888, 0x0888, 0x0888, 0x0888, 0x0888, 0x0888, 0x0888,
    0x0888, 0x0888, 0xF945, 0xF945, 0x0888, 0x0888, 0x0888, 0x0888,
    0x0888, 0x0888, 0x0888, 0x0888, 0x0888, 0x0888, 0x0888, 0x0888,
    0x0888, 0x0888, 0x0888, 0x0888, 0x0888, 0x0888, 0x0888, 0x0888,
    0x0888, 0x0888, 0xF945, 0xF945, 0xFDA6, 0xFDA6, 0xFDA6, 0xF945,
    0xF945, 0xF945, 0xF945, 0xF945, 0xF347, 0xF347, 0xF347, 0xFD87,
    0xFFEB, 0xFFEB, 0xFFEB, 0xFFEB, 0xFFEB, 0xFFEB, 0xFFEB, 0xFFEB,
    0xFFEB, 0xFFEB, 0x0888, 0x0888, 0x0888, 0x0888, 0x0888, 0x0888,
    0x0888, 0x0888, 0x0888, 0x0888, 0x0888, 0x0888, 0x0888, 0x0888,
    0x0888, 0x0888, 0x0888, 0x0888, 0x0888, 0x0888, 0x0888, 0x0888,
    0x0888, 0x0888, 0x0888, 0x0888, 0x0888, 0x0888, 0x0888, 0x0888,
    0x0888, 0x0888, 0x0888, 0x0888, 0x0888, 0x0888, 0x0888, 0x0888,
    0x0888, 0x0888, 0x0888, 0x0888, 0x0888, 0x0888, 0x0888, 0x0888,
    0x0888, 0x0888, 0x0888, 0x0888, 0x0888, 0x0888, 0xFFEB, 0xFFEB,
    0xFFEB, 0xFFEB, 0xFFEB, 0xFFEB, 0xFFEB, 0xFFEB, 0xFD87, 0xFD87,
    0xFD87, 0xFD87, 0xFD87, 0xFD87, 0x0888, 0x0888, 0x0888, 0x0888,
    0x0888, 0x0888, 0x0888, 0x0888, 0x0888, 0x0888, 0x0888, 0x0888,
    0x0888, 0x0888, 0x0888, 0x0888, 0x0888, 0x0888, 0x0888, 0x0888,
    0x0888, 0x0888, 0x0888, 0x0888, 0x0888, 0x0888, 0x0888, 0x0888,
    0x0888, 0x0888, 0x0888, 0x0888, 0x0888, 0x0888, 0x0888, 0x0888,
    0x0888, 0x0888, 0x0888, 0x0888, 0x0888, 0xF325, 0xF325, 0xF347,
    0xF347, 0xF347, 0xF347, 0xF347, 0xF347, 0xF325, 0xF325, 0xF325,
    0xF325, 0xF325, 0xF325, 0xF325, 0xFFFF, 0xFFFF, 0xFFFF, 0xFFFF,
    0xFFFF, 0x0888, 0x0888, 0x0888, 0x0888, 0x0888, 0x0888, 0x0888,
    0x0888, 0xFD87, 0xFD87, 0xFD87, 0xFFEB, 0xFFEB, 0xFFEB, 0x0888,
    0x0888, 0x0888, 0x0888, 0x0888, 0x0888, 0x0888, 0x0888, 0x0888,
    0x0888, 0x0888, 0x0888, 0x0888, 0x0888, 0x0888, 0x0888, 0x0888,
    0x0888, 0x0888, 0x0888, 0x0888, 0x0888, 0x0888, 0x0888, 0x0888,
    0x0888, 0x0888, 0x0888, 0x0888, 0x0888, 0x0888, 0x0888, 0xF945,
    0xF945, 0xF945, 0xF945, 0xF325, 0xF325, 0xFD87, 0xFFEB, 0xFFEB,
    0xFFEB, 0xFD87, 0xFFFF, 0xFFFF, 0xFFFF, 0xFFFF, 0xFFFF, 0xFFFF,
    0xFFFF, 0xFFFF, 0xFFFF, 0xFD87, 0xFD87, 0xFD87, 0xFD87, 0x0888,
    0x0888, 0x0888, 0x0888, 0x0888, 0x0888, 0x0888, 0x0888, 0x0888,
    0x0888, 0x0888, 0x0888, 0x0888, 0x0888, 0x0888, 0x0888, 0x0888,
    0x0888, 0x0888, 0x0888, 0x0888, 0x0888, 0x0888, 0x0888, 0x0888,
    0x0888, 0x0888, 0x0888, 0x0888, 0x0888, 0x0888, 0x0888, 0x0888,
    0x0888, 0x0888, 0x0888, 0x0888, 0xF945, 0xF945, 0xFDA6, 0xF945,
    0xF945, 0xF945, 0xF945, 0xF347, 0xF347, 0xF347, 0xF347, 0xF325,
    0xF325, 0xFD87, 0xFFEB, 0xFFEB, 0xFFEB, 0xFFEB, 0xFFEB, 0xFFEB,
    0xFFEB, 0xFD87, 0x0888, 0x0888, 0x0888, 0x0888, 0x0888, 0x0888,
    0x0888, 0x0888, 0x0888, 0x0888, 0x0888, 0x0888, 0x0888, 0x0888,
    0x0888, 0x0888, 0x0888, 0x0888, 0x0888, 0x0888, 0x0888, 0x0888,
    0x0888, 0x0888, 0x0888, 0x0888, 0x0888, 0x0888, 0x0888, 0x0888,
    0x0888, 0x0888, 0x0888, 0x0888, 0x0888, 0x0888, 0x0888, 0x0888,
    0x0888, 0x0888, 0x0888, 0x0888, 0x0888, 0x0888, 0x0888, 0x0888,
    0x0888, 0x0888, 0x0888, 0x0888, 0x0888, 0x0888, 0x0888, 0x0888,
    0xFFEB, 0xFFEB, 0xFFEB, 0xFFEB, 0xFFEB, 0xFFEB, 0xFFEB, 0xFD87,
    0xFD87, 0xFD87, 0xFD87, 0xFD87, 0x0888, 0x0888, 0x0888, 0x0888,
    0x0888, 0x0888, 0x0888, 0x0888, 0x0888, 0x0888, 0x0888, 0x0888,
    0x0888, 0x0888, 0x0888, 0x0888, 0x0888, 0x0888, 0x0888, 0x0888,
    0x0888, 0x0888, 0x0888, 0x0888, 0x0888, 0x0888, 0x0888, 0x0888,
    0x0888, 0x0888, 0x0888, 0x0888, 0x0888, 0x0888, 0x0888, 0x0888,
    0x0888, 0x0888, 0x0888, 0x0888, 0xF325, 0xF325, 0xF325, 0xF325,
    0xF347, 0xF347, 0xF347, 0xF325, 0xF325, 0xF325, 0xF325, 0xF325,
    0xF347, 0xF325, 0xF325, 0xF325, 0xF325, 0xF325, 0xF325, 0xF325,
    0xF325, 0xF347, 0x0888, 0x0888, 0x0888, 0x0888, 0x0888, 0x0888,
    0x0888, 0x0888, 0x0888, 0x0888, 0x0888, 0x0888, 0x0888, 0x0888,
    0x0888, 0x0888, 0x0888, 0x0888, 0x0888, 0x0888, 0x0888, 0x0888,
    0x0888, 0x0888, 0x0888, 0x0888, 0x0888, 0x0888, 0x0888, 0x0888,
    0x0888, 0x0888, 0x0888, 0x0888, 0x0888, 0x0888, 0x0888, 0x0888,
    0x0888, 0x0888, 0x0888, 0x0888, 0x0888, 0x0888, 0x0888, 0x0888,
    0x0888, 0xF325, 0xF325, 0xF325, 0xF325, 0xF325, 0xFD87, 0xFD87,
    0xFD87, 0xFFFF, 0xFFFF, 0xFFFF, 0xFFFF, 0xFFFF, 0xFFFF, 0xFFFF,
    0xFFFF, 0x0888, 0x0888, 0xFD87, 0xFD87, 0xFD87, 0xFD87, 0x0888,
    0x0888, 0x0888, 0x0888, 0x0888, 0x0888, 0x0888, 0x0888, 0x0888,
    0x0888, 0x0888, 0x0888, 0x0888, 0x0888, 0x0888, 0x0888, 0x0888,
    0x0888, 0x0888, 0x0888, 0x0888, 0x0888, 0x0888, 0x0888, 0x0888,
    0x0888, 0x0888, 0x0888, 0x0888, 0x0888, 0x0888, 0x0888, 0x0888,
    0x0888, 0x0888, 0x0888, 0x0888, 0x0888, 0x0888, 0xF945, 0xF945,
    0xF945, 0xF347, 0xF347, 0xF347, 0xF347, 0xF347, 0xF347, 0xF325,
    0xF325, 0xF325, 0xF325, 0xF325, 0xF325, 0xFD87, 0xFD87, 0xFD87,
    0xFD87, 0x0888, 0x0888, 0x0888, 0x0888, 0x0888, 0x0888, 0x0888,
    0x0888, 0x0888, 0x0888, 0x0888, 0x0888, 0x0888, 0x0888, 0x0888,
    0x0888, 0x0888, 0x0888, 0x0888, 0x0888, 0x0888, 0x0888, 0x0888,
    0x0888, 0x0888, 0x0888, 0x0888, 0x0888, 0x0888, 0x0888, 0x0888,
    0x0888, 0x0888, 0x0888, 0x0888, 0x0888, 0x0888, 0x0888, 0x0888,
    0x0888, 0x0888, 0x0888, 0x0888, 0x0888, 0x0888, 0x0888, 0x0888,
    0x0888, 0x0888, 0x0888, 0x0888, 0x0888, 0x0888, 0x0888, 0x0888,
    0x0888, 0xFFEB, 0xFFEB, 0xFFEB, 0xFFEB, 0xFFEB, 0xFFEB, 0xFD87,
    0xFD87, 0xFD87, 0xFD87, 0xFD87, 0x0888, 0x0888, 0x0888, 0x0888,
    0x0888, 0x0888, 0x0888, 0x0888, 0x0888, 0x0888, 0x0888, 0x0888,
    0x0888, 0x0888, 0x0888, 0x0888, 0x0888, 0x0888, 0x0888, 0x0888,
    0x0888, 0x0888, 0x0888, 0x0888, 0x0888, 0x0888, 0x0888, 0x0888,
    0x0888, 0x0888, 0x0888, 0x0888, 0x0888, 0x0888, 0x0888, 0x0888,
    0x0888, 0x0888, 0x0888, 0xF325, 0xF325, 0xF325, 0xF325, 0xF325,
    0xF325, 0xF325, 0xF325, 0xF325, 0xF325, 0xF347, 0xF347, 0xF347,
    0xF347, 0xF325, 0xF325, 0xF325, 0xF325, 0xF325, 0xF347, 0xF347,
    0xF347, 0xF347, 0xF347, 0xF347, 0x0888, 0x0888, 0x0888, 0x0888,
    0x0888, 0x0888, 0x0888, 0x0888, 0x0888, 0x0888, 0x0888, 0x0888,
    0x0888, 0x0888, 0x0888, 0x0888, 0x0888, 0x0888, 0x0888, 0x0888,
    0x0888, 0x0888, 0x0888, 0x0888, 0x0888, 0x0888, 0x0888, 0x0888,
    0x0888, 0x0888, 0x0888, 0x0888, 0x0888, 0x0888, 0x0888, 0x0888,
    0x0888, 0x0888, 0x0888, 0x0888, 0x0888, 0x0888, 0x0888, 0x0888,
    0xF325, 0xF325, 0xF325, 0xF347, 0xF347, 0xF347, 0xF347, 0xF325,
    0xF325, 0xF325, 0xF325, 0xF325, 0xF325, 0xF325, 0xF325, 0xF325,
    0xF325, 0xF347, 0x0888, 0x0888, 0x0888, 0x0888, 0x0888, 0x0888,
    0x0888, 0x0888, 0x0888, 0x0888, 0x0888, 0x0888, 0x0888, 0x0888,
    0x0888, 0x0888, 0x0888, 0x0888, 0x0888, 0x0888, 0x0888, 0x0888,
    0x0888, 0x0888, 0x0888, 0x0888, 0x0888, 0x0888, 0x0888, 0x0888,
    0x0888, 0x0888, 0x0888, 0x0888, 0x0888, 0x0888, 0x0888, 0x0888,
    0x0888, 0x0888, 0x0888, 0x0888, 0x0888, 0x0888, 0x0888, 0x0888,
    0x0888, 0xF347, 0xF347, 0xF347, 0xF347, 0xF347, 0xF325, 0xF325,
    0xF325, 0xF325, 0xF347, 0xF347, 0xF347, 0xF325, 0xF325, 0xF325,
    0xF325, 0xF347, 0x0888, 0x0888, 0x0888, 0x0888, 0x0888, 0x0888,
    0x0888, 0x0888, 0x0888, 0x0888, 0x0888, 0x0888, 0x0888, 0x0888,
    0x0888, 0x0888, 0x0888, 0x0888, 0x0888, 0x0888, 0x0888, 0x0888,
    0x0888, 0x0888, 0x0888, 0x0888, 0x0888, 0x0888, 0x0888, 0x0888,
    0x0888, 0x0888, 0x0888, 0x0888, 0x0888, 0x0888, 0x0888, 0x0888,
    0x0888, 0x0888, 0x0888, 0x0888, 0x0888, 0x0888, 0x0888, 0x0888,
    0x0888, 0x0888, 0x0888, 0x0888, 0x0888, 0x0888, 0x0888, 0x0888,
    0x0888, 0xFFEB, 0xFFEB, 0xFFEB, 0xFFEB, 0xFFEB, 0xFFEB, 0xFD87,
    0xFD87, 0xFD87, 0xFD87, 0xFD87, 0x0888, 0x0888, 0x0888, 0x0888,
    0x0888, 0x0888, 0x0888, 0x0888, 0x0888, 0x0888, 0x0888, 0x0888,
    0x0888, 0x0888, 0x0888, 0x0888, 0x0888, 0x0888, 0x0888, 0x0888,
    0x0888, 0x0888, 0x0888, 0x0888, 0x0888, 0x0888, 0x0888, 0x0888,
    0x0888, 0x0888, 0x0888, 0x0888, 0x0888, 0x0888, 0x0888, 0x0888,
    0x0888, 0x0888, 0xF325, 0xF325, 0xF325, 0xF325, 0xF325, 0xF325,
    0xF325, 0xF325, 0xF325, 0xF347, 0xF347, 0xF347, 0xF347, 0xF347,
    0xF347, 0xF325, 0xF325, 0xF325, 0xF325, 0xF347, 0xF347, 0xF347,
    0xF347, 0xF347, 0xF347, 0xF347, 0xF347, 0x0888, 0x0888, 0x0888,
    0x0888, 0x0888, 0x0888, 0x0888, 0x0888, 0x0888, 0x0888, 0x0888,
    0x0888, 0x0888, 0x0888, 0x0888, 0x0888, 0x0888, 0x0888, 0x0888,
    0x0888, 0x0888, 0x0888, 0x0888, 0x0888, 0x0888, 0x0888, 0x0888,
    0x0888, 0x0888, 0x0888, 0x0888, 0x0888, 0x0888, 0x0888, 0x0888,
    0x0888, 0x0888, 0x0888, 0x0888, 0x0888, 0x0888, 0x0888, 0x0888,
    0x0888, 0xF347, 0xF347, 0xF347, 0xF347, 0xF347, 0xF347, 0xF347,
    0xF325, 0xF325, 0xF325, 0xF347, 0xF347, 0xF347, 0xF347, 0xF347,
    0xF325, 0xF347, 0x0888, 0x0888, 0x0888, 0x0888, 0x0888, 0x0888,
    0x0888, 0x0888, 0x0888, 0x0888, 0x0888, 0x0888, 0x0888, 0x0888,
    0x0888, 0x0888, 0x0888, 0x0888, 0x0888, 0x0888, 0x0888, 0x0888,
    0x0888, 0x0888, 0x0888, 0x0888, 0x0888, 0x0888, 0x0888, 0x0888,
    0x0888, 0x0888, 0x0888, 0x0888, 0x0888, 0x0888, 0x0888, 0x0888,
    0x0888, 0x0888, 0x0888, 0x0888, 0x0888, 0x0888, 0x0888, 0x0888,
    0x0888, 0x0888, 0xF347, 0xF347, 0xF347, 0xF325, 0xF325, 0xF325,
    0xF325, 0xF347, 0xF347, 0xF347, 0xF347, 0xF347, 0xF325, 0xF325,
    0xF347, 0xF347, 0x0888, 0x0888, 0x0888, 0x0888, 0x0888, 0x0888,
    0x0888, 0x0888, 0x0888, 0x0888, 0x0888, 0x0888, 0x0888, 0x0888,
    0x0888, 0x0888, 0x0888, 0x0888, 0x0888, 0x0888, 0x0888, 0x0888,
    0x0888, 0x0888, 0x0888, 0x0888, 0x0888, 0x0888, 0x0888, 0x0888,
    0x0888, 0x0888, 0x0888, 0x0888, 0x0888, 0x0888, 0x0888, 0x0888,
    0x0888, 0x0888, 0x0888, 0x0888, 0x0888, 0x0888, 0x0888, 0x0888,
    0x0888, 0x0888, 0x0888, 0x0888, 0x0888, 0x0888, 0x0888, 0x0888,
    0xF347, 0xF347, 0xFFEB, 0xFFEB, 0xFFEB, 0xFFEB, 0xF325, 0xFD87,
    0xFD87, 0xFD87, 0xFD87, 0xF325, 0x0888, 0x0888, 0x0888, 0x0888,
    0x0888, 0x0888, 0x0888, 0x0888, 0x0888, 0x0888, 0x0888, 0x0888,
    0x0888, 0x0888, 0x0888, 0x0888, 0x0888, 0x0888, 0x0888, 0x0888,
    0x0888, 0x0888, 0x0888, 0x0888, 0x0888, 0x0888, 0x0888, 0x0888,
    0x0888, 0x0888, 0x0888, 0x0888, 0x0888, 0x0888, 0x0888, 0x0888,
    0x0888, 0x0888, 0x0888, 0xF325, 0xF325, 0xF325, 0xF325, 0xF325,
    0xF325, 0xF325, 0xF325, 0xF347, 0xF347, 0xF347, 0xF347, 0xF347,
    0xF347, 0xF325, 0xF325, 0xF325, 0xF347, 0xF347, 0xF347, 0xF347,
    0xF347, 0xF347, 0xF347, 0xF347, 0x0888, 0x0888, 0x0888, 0x0888,
    0x0888, 0x0888, 0x0888, 0x0888, 0x0888, 0x0888, 0x0888, 0x0888,
    0x0888, 0x0888, 0x0888, 0x0888, 0x0888, 0x0888, 0x0888, 0x0888,
    0x0888, 0x0888, 0x0888, 0x0888, 0x0888, 0x0888, 0x0888, 0x0888,
    0x0888, 0x0888, 0x0888, 0x0888, 0x0888, 0x0888, 0x0888, 0x0888,
    0x0888, 0x0888, 0x0888, 0x0888, 0x0888, 0x0888, 0x0888, 0x0888,
    0x0888, 0x0888, 0xF347, 0xF347, 0xF347, 0xF347, 0xF347, 0xF325,
    0xF325, 0xF325, 0xF347, 0xF347, 0xF347, 0xF347, 0xF347, 0xF347,
    0xF347, 0xF325, 0xF347, 0x0888, 0x0888, 0x0888, 0x0888, 0x0888,
    0x0888, 0x0888, 0x0888, 0x0888, 0x0888, 0x0888, 0x0888, 0x0888,
    0x0888, 0x0888, 0x0888, 0x0888, 0x0888, 0x0888, 0x0888, 0x0888,
    0x0888, 0x0888, 0x0888, 0x0888, 0x0888, 0x0888, 0x0888, 0x0888,
    0x0888, 0x0888, 0x0888, 0x0888, 0x0888, 0x0888, 0x0888, 0x0888,
    0x0888, 0x0888, 0x0888, 0x0888, 0x0888, 0x0888, 0x0888, 0x0888,
    0x0888, 0x0888, 0x0888, 0xF347, 0xF325, 0xF325, 0xF325, 0xF325,
    0xF347, 0xF347, 0xF347, 0xF347, 0xF347, 0xF347, 0xF325, 0xF325,
    0xF347, 0xF347, 0xF347, 0x0888, 0x0888, 0x0888, 0x0888, 0x0888,
    0x0888, 0x0888, 0x0888, 0x0888, 0x0888, 0x0888, 0x0888, 0x0888,
    0x0888, 0x0888, 0x0888, 0x0888, 0x0888, 0x0888, 0x0888, 0x0888,
    0x0888, 0x0888, 0x0888, 0x0888, 0x0888, 0x0888, 0x0888, 0x0888,
    0x0888, 0x0888, 0x0888, 0x0888, 0x0888, 0x0888, 0x0888, 0x0888,
    0x0888, 0x0888, 0x0888, 0x0888, 0x0888, 0x0888, 0x0888, 0x0888,
    0x0888, 0x0888, 0x0888, 0x0888, 0x0888, 0x0888, 0x0888, 0xF347,
    0xF347, 0xF347, 0xF347, 0xFFEB, 0xFFEB, 0xFFEB, 0xF325, 0xF325,
    0xF325, 0xF325, 0xF325, 0xF325, 0x0888, 0x0888, 0x0888, 0x0888,
    0x0888, 0x0888, 0x0888, 0x0888, 0x0888, 0x0888, 0x0888, 0x0888,
    0x0888, 0x0888, 0x0888, 0x0888, 0x0888, 0x0888, 0x0888, 0x0888,
    0x0888, 0x0888, 0x0888, 0x0888, 0x0888, 0x0888, 0x0888, 0x0888,
    0x0888, 0x0888, 0x0888, 0x0888, 0x0888, 0x0888, 0x0888, 0x0888,
    0x0888, 0x0888, 0x0888, 0x0888, 0x0888, 0xF325, 0xF325, 0xF325,
    0xF325, 0xF325, 0xF325, 0xF325, 0xFD87, 0xF347, 0xF347, 0xF347,
    0xF347, 0xF325, 0xF325, 0xF347, 0xF347, 0xF347, 0xF347, 0xF347,
    0xF347, 0xF347, 0x0888, 0x0888, 0x0888, 0x0888, 0x0888, 0x0888,
    0x0888, 0x0888, 0x0888, 0x0888, 0x0888, 0x0888, 0x0888, 0x0888,
    0x0888, 0x0888, 0x0888, 0x0888, 0x0888, 0x0888, 0x0888, 0x0888,
    0x0888, 0x0888, 0x0888, 0x0888, 0x0888, 0x0888, 0x0888, 0x0888,
    0x0888, 0x0888, 0x0888, 0x0888, 0x0888, 0x0888, 0x0888, 0x0888,
    0x0888, 0x0888, 0x0888, 0x0888, 0x0888, 0x0888, 0x0888, 0x0888,
    0x0888, 0x0888, 0x0888, 0x0888, 0xF347, 0xF347, 0xF325, 0xF325,
    0xF325, 0xF347, 0xF347, 0xF347, 0xF347, 0xF347, 0xF347, 0xF347,
    0xF347, 0xF347, 0xF347, 0x0888, 0x0888, 0x0888, 0x0888, 0x0888,
    0x0888, 0x0888, 0x0888, 0x0888, 0x0888, 0x0888, 0x0888, 0x0888,
    0x0888, 0x0888, 0x0888, 0x0888, 0x0888, 0x0888, 0x0888, 0x0888,
    0x0888, 0x0888, 0x0888, 0x0888, 0x0888, 0x0888, 0x0888, 0x0888,
    0x0888, 0x0888, 0x0888, 0x0888, 0x0888, 0x0888, 0x0888, 0x0888,
    0x0888, 0x0888, 0x0888, 0x0888, 0x0888, 0x0888, 0x0888, 0x0888,
    0x0888, 0x0888, 0x0888, 0xFFEB, 0xF347, 0xF325, 0xF325, 0xF347,
    0xF347, 0xFD87, 0xFD87, 0xFD87, 0xF347, 0xF347, 0xF325, 0xF325,
    0xF347, 0xF347, 0xFD87, 0x0888, 0x0888, 0x0888, 0x0888, 0x0888,
    0x0888, 0x0888, 0x0888, 0x0888, 0x0888, 0x0888, 0x0888, 0x0888,
    0x0888, 0x0888, 0x0888, 0x0888, 0x0888, 0x0888, 0x0888, 0x0888,
    0x0888, 0x0888, 0x0888, 0x0888, 0x0888, 0x0888, 0x0888, 0x0888,
    0x0888, 0x0888, 0x0888, 0x0888, 0x0888, 0x0888, 0x0888, 0x0888,
    0x0888, 0x0888, 0x0888, 0x0888, 0x0888, 0x0888, 0x0888, 0x0888,
    0x0888, 0x0888, 0x0888, 0x0888, 0x0888, 0x0888, 0xF347, 0xF347,
    0xF347, 0xF347, 0xF347, 0xF347, 0xF347, 0x0888, 0xF325, 0xF325,
    0xF325, 0xF325, 0xF325, 0xF325, 0x0888, 0x0888, 0x0888, 0x0888,
    0x0888, 0x0888, 0x0888, 0x0888, 0x0888, 0x0888, 0x0888, 0x0888,
    0x0888, 0x0888, 0x0888, 0x0888, 0x0888, 0x0888, 0x0888, 0x0888,
    0x0888, 0x0888, 0x0888, 0x0888, 0x0888, 0x0888, 0x0888, 0x0888,
    0x0888, 0x0888, 0x0888, 0x0888, 0x0888, 0x0888, 0x0888, 0x0888,
    0x0888, 0x0888, 0x0888, 0x0888, 0x0888, 0x0888, 0x0888, 0xF325,
    0xF325, 0xF325, 0xF325, 0xFD87, 0xFD87, 0xFD87, 0xFD87, 0xF347,
    0xF347, 0xF325, 0xF325, 0xF347, 0xF347, 0xF347, 0xF347, 0xFD87,
    0xFFEB, 0xFFEB, 0xFFEB, 0x0888, 0x0888, 0x0888, 0x0888, 0x0888,
    0x0888, 0x0888, 0x0888, 0x0888, 0x0888, 0x0888, 0x0888, 0x0888,
    0x0888, 0x0888, 0x0888, 0x0888, 0x0888, 0x0888, 0x0888, 0x0888,
    0x0888, 0x0888, 0x0888, 0x0888, 0x0888, 0x0888, 0x0888, 0x0888,
    0x0888, 0x0888, 0x0888, 0x0888, 0x0888, 0x0888, 0x0888, 0x0888,
    0x0888, 0x0888, 0x0888, 0x0888, 0x0888, 0x0888, 0x0888, 0x0888,
    0x0888, 0x0888, 0x0888, 0x0888, 0x0888, 0xF347, 0xF325, 0xF325,
    0xF325, 0xF347, 0xF347, 0xF347, 0xF347, 0xFD87, 0xFD87, 0xFD87,
    0xFD87, 0xF325, 0xF347, 0x0888, 0x0888, 0x0888, 0x0888, 0x0888,
    0x0888, 0x0888, 0x0888, 0x0888, 0x0888, 0x0888, 0x0888, 0x0888,
    0x0888, 0x0888, 0x0888, 0x0888, 0x0888, 0x0888, 0x0888, 0x0888,
    0x0888, 0x0888, 0x0888, 0x0888, 0x0888, 0x0888, 0x0888, 0x0888,
    0x0888, 0x0888, 0x0888, 0x0888, 0x0888, 0x0888, 0x0888, 0x0888,
    0x0888, 0x0888, 0x0888, 0x0888, 0x0888, 0x0888, 0x0888, 0x0888,
    0x0888, 0x0888, 0xFFEB, 0xFFEB, 0xFFEB, 0xF347, 0xF347, 0xFD87,
    0xFD87, 0xFD87, 0xFD87, 0x0888, 0xF325, 0xF325, 0xF325, 0xF325,
    0xF347, 0xFD87, 0xFD87, 0xFD87, 0x0888, 0x0888, 0x0888, 0x0888,
    0x0888, 0x0888, 0x0888, 0x0888, 0x0888, 0x0888, 0x0888, 0x0888,
    0x0888, 0x0888, 0x0888, 0x0888, 0x0888, 0x0888, 0x0888, 0x0888,
    0x0888, 0x0888, 0x0888, 0x0888, 0x0888, 0x0888, 0x0888, 0x0888,
    0x0888, 0x0888, 0x0888, 0x0888, 0x0888, 0x0888, 0x0888, 0x0888,
    0x0888, 0x0888, 0x0888, 0x0888, 0x0888, 0x0888, 0x0888, 0x0888,
    0x0888, 0x0888, 0x0888, 0x0888, 0x0888, 0xF347, 0xF347, 0xF347,
    0xF347, 0xF347, 0xF347, 0xF347, 0x0888, 0x0888, 0xF325, 0xF325,
    0xF325, 0xF325, 0xF325, 0xF325, 0x0888, 0x0888, 0x0888, 0x0888,
    0x0888, 0x0888, 0x0888, 0x0888, 0x0888, 0x0888, 0x0888, 0x0888,
    0x0888, 0x0888, 0x0888, 0x0888, 0x0888, 0x0888, 0x0888, 0x0888,
    0x0888, 0x0888, 0x0888, 0x0888, 0x0888, 0x0888, 0x0888, 0x0888,
    0x0888, 0x0888, 0x0888, 0x0888, 0x0888, 0x0888, 0x0888, 0x0888,
    0x0888, 0x0888, 0x0888, 0x0888, 0x0888, 0x0888, 0x0888, 0x0888,
    0xF325, 0xF325, 0xFD87, 0xFD87, 0xFD87, 0xFD87, 0xFD87, 0xFD87,
    0xFD87, 0xFD87, 0x0888, 0x0888, 0xFD87, 0xFD87, 0xFD87, 0xFFEB,
    0xFFEB, 0xFFEB, 0xFFEB, 0xFFEB, 0x0888, 0x0888, 0x0888, 0x0888,
    0x0888, 0x0888, 0x0888, 0x0888, 0x0888, 0x0888, 0x0888, 0x0888,
    0x0888, 0x0888, 0x0888, 0x0888, 0x0888, 0x0888, 0x0888, 0x0888,
    0x0888, 0x0888, 0x0888, 0x0888, 0x0888, 0x0888, 0x0888, 0x0888,
    0x0888, 0x0888, 0x0888, 0x0888, 0x0888, 0x0888, 0x0888, 0x0888,
    0x0888, 0x0888, 0x0888, 0x0888, 0x0888, 0x0888, 0x0888, 0x0888,
    0x0888, 0x0888, 0x0888, 0xF325, 0xF325, 0xF325, 0xF325, 0xF325,
    0xF347, 0xF347, 0xFD87, 0xFD87, 0xFD87, 0xFD87, 0xFD87, 0xFD87,
    0xFD87, 0x0888, 0x0888, 0x0888, 0x0888, 0x0888, 0x0888, 0x0888,
    0x0888, 0x0888, 0x0888, 0x0888, 0x0888, 0x0888, 0x0888, 0x0888,
    0x0888, 0x0888, 0x0888, 0x0888, 0x0888, 0x0888, 0x0888, 0x0888,
    0x0888, 0x0888, 0x0888, 0x0888, 0x0888, 0x0888, 0x0888, 0x0888,
    0x0888, 0x0888, 0x0888, 0x0888, 0x0888, 0x0888, 0x0888, 0x0888,
    0x0888, 0x0888, 0x0888, 0x0888, 0x0888, 0x0888, 0x0888, 0x0888,
    0x0888, 0xFFEB, 0xFFEB, 0xFFEB, 0xFFEB, 0xFFEB, 0xFD87, 0xFD87,
    0xFD87, 0xFD87, 0x0888, 0xF325, 0xF325, 0xF325, 0xF325, 0xFD87,
    0xFD87, 0xFD87, 0xFD87, 0xFD87, 0x0888, 0x0888, 0x0888, 0x0888,
    0x0888, 0x0888, 0x0888, 0x0888, 0x0888, 0x0888, 0x0888, 0x0888,
    0x0888, 0x0888, 0x0888, 0x0888, 0x0888, 0x0888, 0x0888, 0x0888,
    0x0888, 0x0888, 0x0888, 0x0888, 0x0888, 0x0888, 0x0888, 0x0888,
    0x0888, 0x0888, 0x0888, 0x0888, 0x0888, 0x0888, 0x0888, 0x0888,
    0x0888, 0x0888, 0x0888, 0x0888, 0x0888, 0x0888, 0x0888, 0x0888,
    0x0888, 0x0888, 0x0888, 0x0888, 0x0888, 0xF347, 0xF347, 0xF347,
    0xF347, 0xF347, 0xF347, 0xF347, 0x0888, 0x0888, 0xF325, 0xF325,
    0xF325, 0xF325, 0xF325, 0xF325, 0x0888, 0x0888, 0x0888, 0x0888,
    0x0888, 0x0888, 0x0888, 0x0888, 0x0888, 0x0888, 0x0888, 0x0888,
    0x0888, 0x0888, 0x0888, 0x0888, 0x0888, 0x0888, 0x0888, 0x0888,
    0x0888, 0x0888, 0x0888, 0x0888, 0x0888, 0x0888, 0x0888, 0x0888,
    0x0888, 0x0888, 0x0888, 0x0888, 0x0888, 0x0888, 0x0888, 0x0888,
    0x0888, 0x0888, 0x0888, 0x0888, 0x0888, 0x0888, 0x0888, 0x0888,
    0x0888, 0xF325, 0xFD87, 0xFD87, 0xFD87, 0xFD87, 0xFD87, 0xFD87,
    0xFD87, 0x0888, 0x0888, 0x0888, 0x0888, 0xFD87, 0xFFEB, 0xFFEB,
    0xFFEB, 0xFFEB, 0xFFEB, 0xF347, 0xF347, 0x0888, 0x0888, 0x0888,
    0x0888, 0x0888, 0x0888, 0x0888, 0x0888, 0x0888, 0x0888, 0x0888,
    0x0888, 0x0888, 0x0888, 0x0888, 0x0888, 0x0888, 0x0888, 0x0888,
    0x0888, 0x0888, 0x0888, 0x0888, 0x0888, 0x0888, 0x0888, 0x0888,
    0x0888, 0x0888, 0x0888, 0x0888, 0x0888, 0x0888, 0x0888, 0x0888,
    0x0888, 0x0888, 0x0888, 0x0888, 0x0888, 0x0888, 0x0888, 0x0888,
    0x0888, 0xF325, 0xF325, 0xF325, 0xF325, 0xF325, 0xF325, 0xF325,
    0xF325, 0xF325, 0xFD87, 0xFD87, 0xFD87, 0xFD87, 0xFD87, 0xFFEB,
    0xFFEB, 0xFFEB, 0x0888, 0x0888, 0x0888, 0x0888, 0x0888, 0x0888,
    0x0888, 0x0888, 0x0888, 0x0888, 0x0888, 0x0888, 0x0888, 0x0888,
    0x0888, 0x0888, 0x0888, 0x0888, 0x0888, 0x0888, 0x0888, 0x0888,
    0x0888, 0x0888, 0x0888, 0x0888, 0x0888, 0x0888, 0x0888, 0x0888,
    0x0888, 0x0888, 0x0888, 0x0888, 0x0888, 0x0888, 0x0888, 0x0888,
    0x0888, 0x0888, 0x0888, 0x0888, 0x0888, 0x0888, 0x0888, 0x0888,
    0xF347, 0xF347, 0xFFEB, 0xFFEB, 0xFFEB, 0xFFEB, 0xFFEB, 0xFD87,
    0xFD87, 0x0888, 0xF325, 0xF325, 0xF325, 0xF325, 0xF325, 0xFD87,
    0xFD87, 0xFD87, 0xFD87, 0xFD87, 0x0888, 0x0888, 0x0888, 0x0888,
    0x0888, 0x0888, 0x0888, 0x0888, 0x0888, 0x0888, 0x0888, 0x0888,
    0x0888, 0x0888, 0x0888, 0x0888, 0x0888, 0x0888, 0x0888, 0x0888,
    0x0888, 0x0888, 0x0888, 0x0888, 0x0888, 0x0888, 0x0888, 0x0888,
    0x0888, 0x0888, 0x0888, 0x0888, 0x0888, 0x0888, 0x0888, 0x0888,
    0x0888, 0x0888, 0x0888, 0x0888, 0x0888, 0x0888, 0x0888, 0x0888,
    0x0888, 0x0888, 0x0888, 0x0888, 0xF347, 0xF347, 0xF347, 0xF347,
    0xF347, 0xF347, 0xF347, 0x0888, 0x0888, 0x0888, 0xF325, 0xF325,
    0xF325, 0xF325, 0xF325, 0xF325, 0x0888, 0x0888, 0x0888, 0x0888,
    0x0888, 0x0888, 0x0888, 0x0888, 0x0888, 0x0888, 0x0888, 0x0888,
    0x0888, 0x0888, 0x0888, 0x0888, 0x0888, 0x0888, 0x0888, 0x0888,
    0x0888, 0x0888, 0x0888, 0x0888, 0x0888, 0x0888, 0x0888, 0x0888,
    0x0888, 0x0888, 0x0888, 0x0888, 0x0888, 0x0888, 0x0888, 0x0888,
    0x0888, 0x0888, 0x0888, 0x0888, 0x0888, 0x0888, 0x0888, 0x0888,
    0x0888, 0x0888, 0xFD87, 0xFD87, 0xFD87, 0xFD87, 0xFD87, 0xFD87,
    0x0888, 0x0888, 0x0888, 0x0888, 0x0888, 0x0888, 0xFFEB, 0xFFEB,
    0xFFEB, 0xFFEB, 0xF347, 0xF347, 0xF347, 0xF347, 0x0888, 0x0888,
    0x0888, 0x0888, 0x0888, 0x0888, 0x0888, 0x0888, 0x0888, 0x0888,
    0x0888, 0x0888, 0x0888, 0x0888, 0x0888, 0x0888, 0x0888, 0x0888,
    0x0888, 0x0888, 0x0888, 0x0888, 0x0888, 0x0888, 0x0888, 0x0888,
    0x0888, 0x0888, 0x0888, 0x0888, 0x0888, 0x0888, 0x0888, 0x0888,
    0x0888, 0x0888, 0x0888, 0x0888, 0x0888, 0x0888, 0x0888, 0x0888,
    0xF325, 0xF325, 0xF325, 0xF325, 0xF325, 0xF325, 0xF325, 0xF325,
    0xF325, 0xF325, 0x0888, 0xFFEB, 0xFFEB, 0xFFEB, 0xFFEB, 0xFFEB,
    0xFFEB, 0xFFEB, 0x0888, 0x0888, 0x0888, 0x0888, 0x0888, 0x0888,
    0x0888, 0x0888, 0x0888, 0x0888, 0x0888, 0x0888, 0x0888, 0x0888,
    0x0888, 0x0888, 0x0888, 0x0888, 0x0888, 0x0888, 0x0888, 0x0888,
    0x0888, 0x0888, 0x0888, 0x0888, 0x0888, 0x0888, 0x0888, 0x0888,
    0x0888, 0x0888, 0x0888, 0x0888, 0x0888, 0x0888, 0x0888, 0x0888,
    0x0888, 0x0888, 0x0888, 0x0888, 0x0888, 0x0888, 0x0888, 0xF347,
    0xF347, 0xF347, 0xF347, 0xFFEB, 0xFFEB, 0xFFEB, 0xFFEB, 0xFFEB,
    0x0888, 0xF325, 0xF325, 0xF325, 0xF325, 0xF325, 0xF325, 0xF325,
    0xFD87, 0xFD87, 0xFD87, 0x0888, 0x0888, 0x0888, 0x0888, 0x0888,
    0x0888, 0x0888, 0x0888, 0x0888, 0x0888, 0x0888, 0x0888, 0x0888,
    0x0888, 0x0888, 0x0888, 0x0888, 0x0888, 0x0888, 0x0888, 0x0888,
    0x0888, 0x0888, 0x0888, 0x0888, 0x0888, 0x0888, 0x0888, 0x0888,
    0x0888, 0x0888, 0x0888, 0x0888, 0x0888, 0x0888, 0x0888, 0x0888,
    0x0888, 0x0888, 0x0888, 0x0888, 0x0888, 0x0888, 0x0888, 0x0888,
    0x0888, 0x0888, 0x0888, 0x0888, 0xF347, 0xF347, 0xF347, 0xF347,
    0xF347, 0xF347, 0xF347, 0x0888, 0x0888, 0x0888, 0xF325, 0xF325,
    0xF325, 0xF325, 0xF325, 0xF325, 0x0888, 0x0888, 0x0888, 0x0888,
    0x0888, 0x0888, 0x0888, 0x0888, 0x0888, 0x0888, 0x0888, 0x0888,
    0x0888, 0x0888, 0x0888, 0x0888, 0x0888, 0x0888, 0x0888, 0x0888,
    0x0888, 0x0888, 0x0888, 0x0888, 0x0888, 0x0888, 0x0888, 0x0888,
    0x0888, 0x0888, 0x0888, 0x0888, 0x0888, 0x0888, 0x0888, 0x0888,
    0x0888, 0x0888, 0x0888, 0x0888, 0x0888, 0x0888, 0x0888, 0x0888,
    0x0888, 0x0888, 0x0888, 0xFD87, 0xFD87, 0xFD87, 0x0888, 0x0888,
    0x0888, 0x0888, 0x0888, 0x0888, 0x0888, 0x0888, 0x0888, 0xFFEB,
    0xFFEB, 0xF347, 0xF347, 0xF347, 0xF347, 0xF347, 0xF347, 0x0888,
    0x0888, 0x0888, 0x0888, 0x0888, 0x0888, 0x0888, 0x0888, 0x0888,
    0x0888, 0x0888, 0x0888, 0x0888, 0x0888, 0x0888, 0x0888, 0x0888,
    0x0888, 0x0888, 0x0888, 0x0888, 0x0888, 0x0888, 0x0888, 0x0888,
    0x0888, 0x0888, 0x0888, 0x0888, 0x0888, 0x0888, 0x0888, 0x0888,
    0x0888, 0x0888, 0x0888, 0x0888, 0x0888, 0x0888, 0x0888, 0x0888,
    0xF325, 0xF325, 0xF325, 0xF325, 0xF325, 0xF325, 0xF325, 0xF325,
    0x0888, 0x0888, 0x0888, 0xFFEB, 0xFFEB, 0xFFEB, 0xFFEB, 0xFFEB,
    0xFFEB, 0xFFEB, 0x0888, 0x0888, 0x0888, 0x0888, 0x0888, 0x0888,
    0x0888, 0x0888, 0x0888, 0x0888, 0x0888, 0x0888, 0x0888, 0x0888,
    0x0888, 0x0888, 0x0888, 0x0888, 0x0888, 0x0888, 0x0888, 0x0888,
    0x0888, 0x0888, 0x0888, 0x0888, 0x0888, 0x0888, 0x0888, 0x0888,
    0x0888, 0x0888, 0x0888, 0x0888, 0x0888, 0x0888, 0x0888, 0x0888,
    0x0888, 0x0888, 0x0888, 0x0888, 0x0888, 0x0888, 0xF347, 0xF347,
    0xF347, 0xF347, 0xF347, 0xF347, 0xFFEB, 0xFFEB, 0xFFEB, 0x0888,
    0x0888, 0xF325, 0xF325, 0xF325, 0xF325, 0xF325, 0xF325, 0xF325,
    0xF325, 0xFD87, 0x0888, 0x0888, 0x0888, 0x0888, 0x0888, 0x0888,
    0x0888, 0x0888, 0x0888, 0x0888, 0x0888, 0x0888, 0x0888, 0x0888,
    0x0888, 0x0888, 0x0888, 0x0888, 0x0888, 0x0888, 0x0888, 0x0888,
    0x0888, 0x0888, 0x0888, 0x0888, 0x0888, 0x0888, 0x0888, 0x0888,
    0x0888, 0x0888, 0x0888, 0x0888, 0x0888, 0x0888, 0x0888, 0x0888,
    0x0888, 0x0888, 0x0888, 0x0888, 0x0888, 0x0888, 0x0888, 0x0888,
    0x0888, 0x0888, 0x0888, 0x0888, 0xF347, 0xF347, 0xF347, 0xF347,
    0xF347, 0xF347, 0xF347, 0xF347, 0x0888, 0x0888, 0xF325, 0xF325,
    0xF325, 0xF325, 0xF325, 0xF325, 0x0888, 0x0888, 0x0888, 0x0888,
    0x0888, 0x0888, 0x0888, 0x0888, 0x0888, 0x0888, 0x0888, 0x0888,
    0x0888, 0x0888, 0x0888, 0x0888, 0x0888, 0x0888, 0x0888, 0x0888,
    0x0888, 0x0888, 0x0888, 0x0888, 0x0888, 0x0888, 0x0888, 0x0888,
    0x0888, 0x0888, 0x0888, 0x0888, 0x0888, 0x0888, 0x0888, 0x0888,
    0x0888, 0x0888, 0x0888, 0x0888, 0x0888, 0x0888, 0x0888, 0x0888,
    0x0888, 0x0888, 0x0888, 0x0888, 0x0888, 0x0888, 0x0888, 0x0888,
    0x0888, 0x0888, 0x0888, 0x0888, 0x0888, 0x0888, 0x0888, 0x0888,
    0xF347, 0xF347, 0xF347, 0xF347, 0xF347, 0xF347, 0xF347, 0xF347,
    0xF347, 0xF347, 0x0888, 0x0888, 0x0888, 0x0888, 0x0888, 0x0888,
    0x0888, 0x0888, 0x0888, 0x0888, 0x0888, 0x0888, 0x0888, 0x0888,
    0x0888, 0x0888, 0x0888, 0x0888, 0x0888, 0x0888, 0x0888, 0x0888,
    0x0888, 0x0888, 0x0888, 0x0888, 0x0888, 0x0888, 0x0888, 0x0888,
    0x0888, 0x0888, 0x0888, 0x0888, 0x0888, 0x0888, 0x0888, 0x0888,
    0x0888, 0xF325, 0xF325, 0xF325, 0xF325, 0xF325, 0xF325, 0x0888,
    0x0888, 0x0888, 0x0888, 0x0888, 0xFFEB, 0xFFEB, 0xFFEB, 0xFFEB,
    0xFFEB, 0xFFEB, 0x0888, 0x0888, 0x0888, 0x0888, 0x0888, 0x0888,
    0x0888, 0x0888, 0x0888, 0x0888, 0x0888, 0x0888, 0x0888, 0x0888,
    0x0888, 0x0888, 0x0888, 0x0888, 0x0888, 0x0888, 0x0888, 0x0888,
    0x0888, 0x0888, 0x0888, 0x0888, 0x0888, 0x0888, 0x0888, 0x0888,
    0x0888, 0x0888, 0x0888, 0x0888, 0x0888, 0x0888, 0x0888, 0x0888,
    0x0888, 0x0888, 0x0888, 0x0888, 0x0888, 0xF347, 0xF347, 0xF347,
    0xF347, 0xF347, 0xF347, 0xF347, 0xF347, 0xFFEB, 0x0888, 0x0888,
    0x0888, 0x0888, 0xF325, 0xF325, 0xF325, 0xF325, 0xF325, 0xF325,
    0x0888, 0x0888, 0x0888, 0x0888, 0x0888, 0x0888, 0x0888, 0x0888,
    0x0888, 0x0888, 0x0888, 0x0888, 0x0888, 0x0888, 0x0888, 0x0888,
    0x0888, 0x0888, 0x0888, 0x0888, 0x0888, 0x0888, 0x0888, 0x0888,
    0x0888, 0x0888, 0x0888, 0x0888, 0x0888, 0x0888, 0x0888, 0x0888,
    0x0888, 0x0888, 0x0888, 0x0888, 0x0888, 0x0888, 0x0888, 0x0888,
    0x0888, 0x0888, 0x0888, 0x0888, 0x0888, 0x0888, 0x0888, 0x0888,
    0x0888, 0x0888, 0x0888, 0x0888, 0x0888, 0xF347, 0xF347, 0xF347,
    0xF347, 0xF347, 0xF347, 0xF347, 0x0888, 0x0888, 0xF325, 0xF325,
    0xF325, 0xF325, 0xF325, 0xF325, 0x0888, 0x0888, 0x0888, 0x0888,
    0x0888, 0x0888, 0x0888, 0x0888, 0x0888, 0x0888, 0x0888, 0x0888,
    0x0888, 0x0888, 0x0888, 0x0888, 0x0888, 0x0888, 0x0888, 0x0888,
    0x0888, 0x0888, 0x0888, 0x0888, 0x0888, 0x0888, 0x0888, 0x0888,
    0x0888, 0x0888, 0x0888, 0x0888, 0x0888, 0x0888, 0x0888, 0x0888,
    0x0888, 0x0888, 0x0888, 0x0888, 0x0888, 0x0888, 0x0888, 0x0888,
    0x0888, 0x0888, 0x0888, 0x0888, 0x0888, 0x0888, 0x0888, 0x0888,
    0x0888, 0x0888, 0x0888, 0x0888, 0x0888, 0x0888, 0x0888, 0x0888,
    0x0888, 0xF347, 0xF347, 0xF347, 0xF347, 0xF347, 0xF347, 0xF347,
    0xF347, 0xF347, 0xF347, 0x0888, 0x0888, 0x0888, 0x0888, 0x0888,
    0x0888, 0x0888, 0x0888, 0x0888, 0x0888, 0x0888, 0x0888, 0x0888,
    0x0888, 0x0888, 0x0888, 0x0888, 0x0888, 0x0888, 0x0888, 0x0888,
    0x0888, 0x0888, 0x0888, 0x0888, 0x0888, 0x0888, 0x0888, 0x0888,
    0x0888, 0x0888, 0x0888, 0x0888, 0x0888, 0x0888, 0x0888, 0x0888,
    0x0888, 0xF325, 0xF325, 0xF325, 0xF325, 0xF325, 0xF325, 0x0888,
    0x0888, 0x0888, 0x0888, 0x0888, 0xF347, 0xF347, 0xF347, 0xF347,
    0xF347, 0xF347, 0x0888, 0x0888, 0x0888, 0x0888, 0x0888, 0x0888,
    0x0888, 0x0888, 0x0888, 0x0888, 0x0888, 0x0888, 0x0888, 0x0888,
    0x0888, 0x0888, 0x0888, 0x0888, 0x0888, 0x0888, 0x0888, 0x0888,
    0x0888, 0x0888, 0x0888, 0x0888, 0x0888, 0x0888, 0x0888, 0x0888,
    0x0888, 0x0888, 0x0888, 0x0888, 0x0888, 0x0888, 0x0888, 0x0888,
    0x0888, 0x0888, 0x0888, 0x0888, 0xF347, 0xF347, 0xF347, 0xF347,
    0xF347, 0xF347, 0xF347, 0xF347, 0xF347, 0x0888, 0x0888, 0x0888,
    0x0888, 0x0888, 0xF325, 0xF325, 0xF325, 0xF325, 0xF325, 0x0888,
    0x0888, 0x0888, 0x0888, 0x0888, 0x0888, 0x0888, 0x0888, 0x0888,
    0x0888, 0x0888, 0x0888, 0x0888, 0x0888, 0x0888, 0x0888, 0x0888,
    0x0888, 0x0888, 0x0888, 0x0888, 0x0888, 0x0888, 0x0888, 0x0888,
    0x0888, 0x0888, 0x0888, 0x0888, 0x0888, 0x0888, 0x0888, 0x0888,
    0x0888, 0x0888, 0x0888, 0x0888, 0x0888, 0x0888, 0x0888, 0x0888,
    0x0888, 0x0888, 0x0888, 0x0888, 0x0888, 0x0888, 0x0888, 0x0888,
    0x0888, 0x0888, 0x0888, 0x0888, 0x0888, 0x0888, 0xF347, 0xF347,
    0xF347, 0xF347, 0xF347, 0xF347, 0x0888, 0x0888, 0x0888, 0xF325,
    0xF325, 0xF325, 0xF325, 0x0888, 0x0888, 0x0888, 0x0888, 0x0888,
    0x0888, 0x0888, 0x0888, 0x0888, 0x0888, 0x0888, 0x0888, 0x0888,
    0x0888, 0x0888, 0x0888, 0x0888, 0x0888, 0x0888, 0x0888, 0x0888,
    0x0888, 0x0888, 0x0888, 0x0888, 0x0888, 0x0888, 0x0888, 0x0888,
    0x0888, 0x0888, 0x0888, 0x0888, 0x0888, 0x0888, 0x0888, 0x0888,
    0x0888, 0x0888, 0x0888, 0x0888, 0x0888, 0x0888, 0x0888, 0x0888,
    0x0888, 0x0888, 0x0888, 0x0888, 0x0888, 0x0888, 0x0888, 0x0888,
    0x0888, 0x0888, 0x0888, 0x0888, 0x0888, 0x0888, 0x0888, 0x0888,
    0x0888, 0x0888, 0xF347, 0xF347, 0xF347, 0xF347, 0xF347, 0xF347,
    0xF347, 0xF347, 0x0888, 0x0888, 0x0888, 0x0888, 0x0888, 0x0888,
    0x0888, 0x0888, 0x0888, 0x0888, 0x0888, 0x0888, 0x0888, 0x0888,
    0x0888, 0x0888, 0x0888, 0x0888, 0x0888, 0x0888, 0x0888, 0x0888,
    0x0888, 0x0888, 0x0888, 0x0888, 0x0888, 0x0888, 0x0888, 0x0888,
    0x0888, 0x0888, 0x0888, 0x0888, 0x0888, 0x0888, 0x0888, 0x0888,
    0x0888, 0x0888, 0xF325, 0xF325, 0xF325, 0xF325, 0x0888, 0x0888,
    0x0888, 0x0888, 0x0888, 0x0888, 0xF347, 0xF347, 0xF347, 0xF347,
    0xF347, 0xF347, 0x0888, 0x0888, 0x0888, 0x0888, 0x0888, 0x0888,
    0x0888, 0x0888, 0x0888, 0x0888, 0x0888, 0x0888, 0x0888, 0x0888,
    0x0888, 0x0888, 0x0888, 0x0888, 0x0888, 0x0888, 0x0888, 0x0888,
    0x0888, 0x0888, 0x0888, 0x0888, 0x0888, 0x0888, 0x0888, 0x0888,
    0x0888, 0x0888, 0x0888, 0x0888, 0x0888, 0x0888, 0x0888, 0x0888,
    0x0888, 0x0888, 0x0888, 0x0888, 0xF347, 0xF347, 0xF347, 0xF347,
    0xF347, 0xF347, 0xF347, 0xF347, 0x0888, 0x0888, 0x0888, 0x0888,
    0x0888, 0x0888, 0x0888, 0xF325, 0xF325, 0xF325, 0xF325, 0x0888,
    0x0888, 0x0888, 0x0888, 0x0888, 0x0888, 0x0888, 0x0888, 0x0888,
    0x0888, 0x0888, 0x0888, 0x0888, 0x0888, 0x0888, 0x0888, 0x0888,
    0x0888, 0x0888, 0x0888, 0x0888, 0x0888, 0x0888, 0x0888, 0x0888,
    0x0888, 0x0888, 0x0888, 0x0888, 0x0888, 0x0888, 0x0888, 0x0888,
    0x0888, 0x0888, 0x0888, 0x0888, 0x0888, 0x0888, 0x0888, 0x0888,
    0x0888, 0x0888, 0x0888, 0x0888, 0x0888, 0x0888, 0x0888, 0x0888,
    0x0888, 0x0888, 0x0888, 0x0888, 0x0888, 0x0888, 0x0888, 0x0888,
    0xF347, 0xF347, 0xF347, 0x0888, 0x0888, 0x0888, 0x0888, 0x0888,
    0x0888, 0x0888, 0x0888, 0x0888, 0x0888, 0x0888, 0x0888, 0x0888,
    0x0888, 0x0888, 0x0888, 0x0888, 0x0888, 0x0888, 0x0888, 0x0888,
    0x0888, 0x0888, 0x0888, 0x0888, 0x0888, 0x0888, 0x0888, 0x0888,
    0x0888, 0x0888, 0x0888, 0x0888, 0x0888, 0x0888, 0x0888, 0x0888,
    0x0888, 0x0888, 0x0888, 0x0888, 0x0888, 0x0888, 0x0888, 0x0888,
    0x0888, 0x0888, 0x0888, 0x0888, 0x0888, 0x0888, 0x0888, 0x0888,
    0x0888, 0x0888, 0x0888, 0x0888, 0x0888, 0x0888, 0x0888, 0x0888,
    0x0888, 0x0888, 0x0888, 0x0888, 0x0888, 0x0888, 0x0888, 0x0888,
    0x0888, 0x0888, 0x0888, 0xF347, 0xF347, 0xF347, 0xF347, 0xF347,
    0xF347, 0x0888, 0x0888, 0x0888, 0x0888, 0x0888, 0x0888, 0x0888,
    0x0888, 0x0888, 0x0888, 0x0888, 0x0888, 0x0888, 0x0888, 0x0888,
    0x0888, 0x0888, 0x0888, 0x0888, 0x0888, 0x0888, 0x0888, 0x0888,
    0x0888, 0x0888, 0x0888, 0x0888, 0x0888, 0x0888, 0x0888, 0x0888,
    0x0888, 0x0888, 0x0888, 0x0888, 0x0888, 0x0888, 0x0888, 0x0888,
    0x0888, 0x0888, 0x0888, 0xF325, 0xF325, 0xF325, 0x0888, 0x0888,
    0x0888, 0x0888, 0x0888, 0xF347, 0xF347, 0xF347, 0xF347, 0xF347,
    0xF347, 0xF347, 0x0888, 0x0888, 0x0888, 0x0888, 0x0888, 0x0888,
    0x0888, 0x0888, 0x0888, 0x0888, 0x0888, 0x0888, 0x0888, 0x0888,
    0x0888, 0x0888, 0x0888, 0x0888, 0x0888, 0x0888, 0x0888, 0x0888,
    0x0888, 0x0888, 0x0888, 0x0888, 0x0888, 0x0888, 0x0888, 0x0888,
    0x0888, 0x0888, 0x0888, 0x0888, 0x0888, 0x0888, 0x0888, 0x0888,
    0x0888, 0x0888, 0x0888, 0xF347, 0xF347, 0xF347, 0xF347, 0xF347,
    0xF347, 0xF347, 0xF347, 0xF347, 0x0888, 0x0888, 0x0888, 0x0888,
    0x0888, 0x0888, 0x0888, 0x0888, 0xF325, 0xF325, 0xF325, 0x0888,
    0x0888, 0x0888, 0x0888, 0x0888, 0x0888, 0x0888, 0x0888, 0x0888,
    0x0888, 0x0888, 0x0888, 0x0888, 0x0888, 0x0888, 0x0888, 0x0888,
    0x0888, 0x0888, 0x0888, 0x0888, 0x0888, 0x0888, 0x0888, 0x0888,
    0x0888, 0x0888, 0x0888, 0x0888, 0x0888, 0x0888, 0x0888, 0x0888,
    0x0888, 0x0888, 0x0888, 0x0888, 0x0888, 0x0888, 0x0888, 0x0888,
    0x0888, 0x0888, 0x0888, 0x0888, 0x0888, 0x0888, 0x0888, 0x0888,
    0x0888, 0x0888, 0x0888, 0x0888, 0x0888, 0x0888, 0x0888, 0x0888,
    0x0888, 0x0888, 0x0888, 0x0888, 0x0888, 0x0888, 0x0888, 0x0888,
    0x0888, 0x0888, 0x0888, 0x0888, 0x0888, 0x0888, 0x0888, 0x0888,
    0x0888, 0x0888, 0x0888, 0x0888, 0x0888, 0x0888, 0x0888, 0x0888,
    0x0888, 0x0888, 0x0888, 0x0888, 0x0888, 0x0888, 0x0888, 0x0888,
    0x0888, 0x0888, 0x0888, 0x0888, 0x0888, 0x0888, 0x0888, 0x0888,
    0x0888, 0x0888, 0x0888, 0x0888, 0x0888, 0x0888, 0x0888, 0x0888,
    0x0888, 0x0888, 0x0888, 0x0888, 0x0888, 0x0888, 0x0888, 0x0888,
    0x0888, 0x0888, 0x0888, 0x0888, 0x0888, 0x0888, 0x0888, 0x0888,
    0x0888, 0x0888, 0x0888, 0x0888, 0x0888, 0x0888, 0x0888, 0x0888,
    0x0888, 0x0888, 0x0888, 0x0888, 0xF347, 0xF347, 0xF347, 0xF347,
    0x0888, 0x0888, 0x0888, 0x0888, 0x0888, 0x0888, 0x0888, 0x0888,
    0x0888, 0x0888, 0x0888, 0x0888, 0x0888, 0x0888, 0x0888, 0x0888,
    0x0888, 0x0888, 0x0888, 0x0888, 0x0888, 0x0888, 0x0888, 0x0888,
    0x0888, 0x0888, 0x0888, 0x0888, 0x0888, 0x0888, 0x0888, 0x0888,
    0x0888, 0x0888, 0x0888, 0x0888, 0x0888, 0x0888, 0x0888, 0x0888,
    0x0888, 0x0888, 0x0888, 0x0888, 0xF325, 0x0888, 0x0888, 0x0888,
    0x0888, 0x0888, 0x0888, 0xF347, 0xF347, 0xF347, 0xF347, 0xF347,
    0xF347, 0xF347, 0xF347, 0x0888, 0x0888, 0x0888, 0x0888, 0x0888,
    0x0888, 0x0888, 0x0888, 0x0888, 0x0888, 0x0888, 0x0888, 0x0888,
    0x0888, 0x0888, 0x0888, 0x0888, 0x0888, 0x0888, 0x0888, 0x0888,
    0x0888, 0x0888, 0x0888, 0x0888, 0x0888, 0x0888, 0x0888, 0x0888,
    0x0888, 0x0888, 0x0888, 0x0888, 0x0888, 0x0888, 0x0888, 0x0888,
    0x0888, 0x0888, 0xF347, 0xF347, 0xF347, 0xF347, 0xF347, 0xF347,
    0xF347, 0xF347, 0xF347, 0xF347, 0xF347, 0x0888, 0x0888, 0x0888,
    0x0888, 0x0888, 0x0888, 0x0888, 0x0888, 0xF325, 0x0888, 0x0888,
    0x0888, 0x0888, 0x0888, 0x0888, 0x0888, 0x0888, 0x0888, 0x0888,
    0x0888, 0x0888, 0x0888, 0x0888, 0x0888, 0x0888, 0x0888, 0x0888,
    0x0888, 0x0888, 0x0888, 0x0888, 0x0888, 0x0888, 0x0888, 0x0888,
    0x0888, 0x0888, 0x0888, 0x0888, 0x0888, 0x0888, 0x0888, 0x0888,
    0x0888, 0x0888, 0x0888, 0x0888, 0x0888, 0x0888, 0x0888, 0x0888,
    0x0888, 0x0888, 0x0888, 0x0888, 0x0888, 0x0888, 0x0888, 0x0888,
    0x0888, 0x0888, 0x0888, 0x0888, 0x0888, 0x0888, 0x0888, 0x0888,
    0x0888, 0x0888, 0x0888, 0x0888, 0x0888, 0x0888, 0x0888, 0x0888,
    0x0888, 0x0888, 0x0888, 0x0888, 0x0888, 0x0888, 0x0888, 0x0888,
    0x0888, 0x0888, 0x0888, 0x0888, 0x0888, 0x0888, 0x0888, 0x0888,
    0x0888, 0x0888, 0x0888, 0x0888, 0x0888, 0x0888, 0x0888, 0x0888,
    0x0888, 0x0888, 0x0888, 0x0888, 0x0888, 0x0888, 0x0888, 0x0888,
    0x0888, 0x0888, 0x0888, 0x0888, 0x0888, 0x0888, 0x0888, 0x0888,
    0x0888, 0x0888, 0x0888, 0x0888, 0x0888, 0x0888, 0x0888, 0x0888,
    0x0888, 0x0888, 0x0888, 0x0888, 0x0888, 0x0888, 0x0888, 0x0888,
    0x0888, 0x0888, 0x0888, 0x0888, 0x0888, 0x0888, 0x0888, 0x0888,
    0x0888, 0x0888, 0x0888, 0x0888, 0x0888, 0xF347, 0xF347, 0x0888,
    0x0888, 0x0888, 0x0888, 0x0888, 0x0888, 0x0888, 0x0888, 0x0888,
    0x0888, 0x0888, 0x0888, 0x0888, 0x0888, 0x0888, 0x0888, 0x0888,
    0x0888, 0x0888, 0x0888, 0x0888, 0x0888, 0x0888, 0x0888, 0x0888,
    0x0888, 0x0888, 0x0888, 0x0888, 0x0888, 0x0888, 0x0888, 0x0888,
    0x0888, 0x0888, 0x0888, 0x0888, 0x0888, 0x0888, 0x0888, 0x0888,
    0x0888, 0x0888, 0x0888, 0x0888, 0x0888, 0x0888, 0x0888, 0x0888,
    0x0888, 0x0888, 0xF347, 0xF347, 0xF347, 0xF347, 0xF347, 0xF347,
    0xF347, 0xF347, 0xF347, 0x0888, 0x0888, 0x0888, 0x0888, 0x0888,
    0x0888, 0x0888, 0x0888, 0x0888, 0x0888, 0x0888, 0x0888, 0x0888,
    0x0888, 0x0888, 0x0888, 0x0888, 0x0888, 0x0888, 0x0888, 0x0888,
    0x0888, 0x0888, 0x0888, 0x0888, 0x0888, 0x0888, 0x0888, 0x0888,
    0x0888, 0x0888, 0x0888, 0x0888, 0x0888, 0x0888, 0x0888, 0x0888,
    0x0888, 0x0888, 0x0888, 0x0888, 0xF347, 0xF347, 0xF347, 0xF347,
    0xF347, 0xF347, 0xF347, 0xF347, 0xF347, 0x0888, 0x0888, 0x0888,
    0x0888, 0x0888, 0x0888, 0x0888, 0x0888, 0x0888, 0x0888, 0x0888,
    0x0888, 0x0888, 0x0888, 0x0888, 0x0888, 0x0888, 0x0888, 0x0888,
    0x0888, 0x0888, 0x0888, 0x0888, 0x0888, 0x0888, 0x0888, 0x0888,
    0x0888, 0x0888, 0x0888, 0x0888, 0x0888, 0x0888, 0x0888, 0x0888,
    0x0888, 0x0888, 0x0888, 0x0888, 0x0888, 0x0888, 0x0888, 0x0888,
    0x0888, 0x0888, 0x0888, 0x0888, 0x0888, 0x0888, 0x0888, 0x0888,
    0x0888, 0x0888, 0x0888, 0x0888, 0x0888, 0x0888, 0x0888, 0x0888,
    0x0888, 0x0888, 0x0888, 0x0888, 0x0888, 0x0888, 0x0888, 0x0888,
    0x0888, 0x0888, 0x0888, 0x0888, 0x0888, 0x0888, 0x0888, 0x0888,
    0x0888, 0x0888, 0x0888, 0x0888, 0x0888, 0x0888, 0x0888, 0x0888,
    0x0888, 0x0888, 0x0888, 0x0888, 0x0888, 0x0888, 0x0888, 0x0888,
    0x0888, 0x0888, 0x0888, 0x0888, 0x0888, 0x0888, 0x0888, 0x0888,
    0x0888, 0x0888, 0x0888, 0x0888, 0x0888, 0x0888, 0x0888, 0x0888,
    0x0888, 0x0888, 0x0888, 0x0888, 0x0888, 0x0888, 0x0888, 0x0888,
    0x0888, 0x0888, 0x0888, 0x0888, 0x0888, 0x0888, 0x0888, 0x0888,
    0x0888, 0x0888, 0x0888, 0x0888, 0x0888, 0x0888, 0x0888, 0x0888,
    0x0888, 0x0888, 0x0888, 0x0888, 0x0888, 0x0888, 0x0888, 0x0888,
    0x0888, 0x0888, 0x0888, 0x0888, 0x0888, 0x0888, 0x0888, 0x0888,
    0x0888, 0x0888, 0x0888, 0x0888, 0x0888, 0x0888, 0x0888, 0x0888,
    0x0888, 0x0888, 0x0888, 0x0888, 0x0888, 0x0888, 0x0888, 0x0888,
    0x0888, 0x0888, 0x0888, 0x0888, 0x0888, 0x0888, 0x0888, 0x0888,
    0x0888, 0x0888, 0x0888, 0x0888, 0x0888, 0x0888, 0x0888, 0x0888,
    0x0888, 0x0888, 0x0888, 0x0888, 0x0888, 0x0888, 0x0888, 0x0888,
    0x0888, 0x0888, 0x0888, 0x0888, 0x0888, 0x0888, 0x0888, 0x0888,
    0x0888, 0x0888, 0xF347, 0xF347, 0xF347, 0xF347, 0xF347, 0xF347,
    0xF347, 0xF347, 0xF347, 0xF347, 0x0888, 0x0888, 0x0888, 0x0888,
    0x0888, 0x0888, 0x0888, 0x0888, 0x0888, 0x0888, 0x0888, 0x0888,
    0x0888, 0x0888, 0x0888, 0x0888, 0x0888, 0x0888, 0x0888, 0x0888,
    0x0888, 0x0888, 0x0888, 0x0888, 0x0888, 0x0888, 0x0888, 0x0888,
    0x0888, 0x0888, 0x0888, 0x0888, 0x0888, 0x0888, 0x0888, 0x0888,
    0x0888, 0x0888, 0x0888, 0x0888, 0x0888, 0x0888, 0xF347, 0xF347,
    0xF347, 0xF347, 0xF347, 0xF347, 0xF347, 0x0888, 0x0888, 0x0888,
    0x0888, 0x0888, 0x0888, 0x0888, 0x0888, 0x0888, 0x0888, 0x0888,
    0x0888, 0x0888, 0x0888, 0x0888, 0x0888, 0x0888, 0x0888, 0x0888,
    0x0888, 0x0888, 0x0888, 0x0888, 0x0888, 0x0888, 0x0888, 0x0888,
    0x0888, 0x0888, 0x0888, 0x0888, 0x0888, 0x0888, 0x0888, 0x0888,
    0x0888, 0x0888, 0x0888, 0x0888, 0x0888, 0x0888, 0x0888, 0x0888,
    0x0888, 0x0888, 0x0888, 0x0888, 0x0888, 0x0888, 0x0888, 0x0888,
    0x0888, 0x0888, 0x0888, 0x0888, 0x0888, 0x0888, 0x0888, 0x0888,
    0x0888, 0x0888, 0x0888, 0x0888, 0x0888, 0x0888, 0x0888, 0x0888,
    0x0888, 0x0888, 0x0888, 0x0888, 0x0888, 0x0888, 0x0888, 0x0888,
    0x0888, 0x0888, 0x0888, 0x0888, 0x0888, 0x0888, 0x0888, 0x0888,
    0x0888, 0x0888, 0x0888, 0x0888, 0x0888, 0x0888, 0x0888, 0x0888,
    0x0888, 0x0888, 0x0888, 0x0888, 0x0888, 0x0888, 0x0888, 0x0888,
    0x0888, 0x0888, 0x0888, 0x0888, 0x0888, 0x0888, 0x0888, 0x0888,
    0x0888, 0x0888, 0x0888, 0x0888, 0x0888, 0x0888, 0x0888, 0x0888,
    0x0888, 0x0888, 0x0888, 0x0888, 0x0888, 0x0888, 0x0888, 0x0888,
    0x0888, 0x0888, 0x0888, 0x0888, 0x0888, 0x0888, 0x0888, 0x0888,
    0x0888, 0x0888, 0x0888, 0x0888, 0x0888, 0x0888, 0x0888, 0x0888,
    0x0888, 0x0888, 0x0888, 0x0888, 0x0888, 0x0888, 0x0888, 0x0888,
    0x0888, 0x0888, 0x0888, 0x0888, 0x0888, 0x0888, 0x0888, 0x0888,
    0x0888, 0x0888, 0x0888, 0x0888, 0x0888, 0x0888, 0x0888, 0x0888,
    0x0888, 0x0888, 0x0888, 0x0888, 0x0888, 0x0888, 0x0888, 0x0888,
    0x0888, 0x0888, 0x0888, 0x0888, 0x0888, 0x0888, 0x0888, 0x0888,
    0x0888, 0x0888, 0x0888, 0x0888, 0x0888, 0x0888, 0x0888, 0x0888,
    0x0888, 0x0888, 0x0888, 0x0888, 0x0888, 0x0888, 0x0888, 0x0888,
    0x0888, 0x0888, 0x0888, 0x0888, 0x0888, 0x0888, 0x0888, 0x0888,
    0x0888, 0x0888, 0x0888, 0x0888, 0x0888, 0x0888, 0x0888, 0x0888,
    0x0888, 0x0888, 0x0888, 0x0888, 0x0888, 0x0888, 0x0888, 0x0888,
    0x0888, 0x0888, 0x0888, 0x0888, 0x0888, 0x0888, 0x0888, 0x0888,
    0x0888, 0x0888, 0x0888, 0x0888, 0x0888, 0x0888, 0x0888, 0x0888,
    0x0888, 0x0888, 0x0888, 0x0888, 0x0888, 0x0888, 0x0888, 0x0888,
    0x0888, 0x0888, 0x0888, 0x0888, 0x0888, 0x0888, 0x0888, 0x0888,
    0x0888, 0x0888, 0x0888, 0x0888, 0x0888, 0x0888, 0x0888, 0x0888,
    0x0888, 0x0888, 0x0888, 0x0888, 0x0888, 0x0888, 0x0888, 0x0888,
    0x0888, 0x0888, 0x0888, 0x0888, 0x0888, 0x0888, 0x0888, 0x0888,
    0x0888, 0x0888, 0x0888, 0x0888, 0x0888, 0x0888, 0x0888, 0x0888,
    0x0888, 0x0888, 0x0888, 0x0888, 0x0888, 0x0888, 0x0888, 0x0888,
    0x0888, 0x0888, 0x0888, 0x0888, 0x0888, 0x0888, 0x0888, 0x0888,
    0x0888, 0x0888, 0x0888, 0x0888, 0x0888, 0x0888, 0x0888, 0x0888,
    0x0888, 0x0888, 0x0888, 0x0888, 0x0888, 0x0888, 0x0888, 0x0888,
    0x0888, 0x0888, 0x0888, 0x0888, 0x0888, 0x0888, 0x0888, 0x0888,
    0x0888, 0x0888, 0x0888, 0x0888, 0x0888, 0x0888, 0x0888, 0x0888,
    0x0888, 0x0888, 0x0888, 0x0888, 0x0888, 0x0888, 0x0888, 0x0888,
    0x0888, 0x0888, 0x0888, 0x0888, 0x0888, 0x0888, 0x0888, 0x0888,
    0x0888, 0x0888, 0x0888, 0x0888, 0x0888, 0x0888, 0x0888, 0x0888,
    0x0888, 0x0888, 0x0888, 0x0888, 0x0888, 0x0888, 0x0888, 0x0888,
    0x0888, 0x0888, 0x0888, 0x0888, 0x0888, 0x0888, 0x0888, 0x0888,
    0x0888, 0x0888, 0x0888, 0x0888, 0x0888, 0x0888, 0x0888, 0x0888,
    0x0888, 0x0888, 0x0888, 0x0888, 0x0888, 0x0888, 0x0888, 0x0888,
    0x0888, 0x0888, 0x0888, 0x0888, 0x0888, 0x0888, 0x0888, 0x0888,
    0x0888, 0x0888, 0x0888, 0x0888, 0x0888, 0x0888, 0x0888, 0x0888,
    0x0888, 0x0888, 0x0888, 0x0888, 0x0888, 0x0888, 0x0888, 0x0888,
    0x0888, 0x0888, 0x0888, 0x0888, 0x0888, 0x0888, 0x0888, 0x0888,
    0x0888, 0x0888, 0x0888, 0x0888, 0x0888, 0x0888, 0x0888, 0x0888,
    0x0888, 0x0888, 0x0888, 0x0888, 0x0888, 0x0888, 0x0888, 0x0888,
    0x0888, 0x0888, 0x0888, 0x0888, 0x0888, 0x0888, 0x0888, 0x0888,
    0x0888, 0x0888, 0x0888, 0x0888, 0x0888, 0x0888, 0x0888, 0x0888,
    0x0888, 0x0888, 0x0888, 0x0888, 0x0888, 0x0888, 0x0888, 0x0888,
    0x0888, 0x0888, 0x0888, 0x0888, 0x0888, 0x0888, 0x0888, 0x0888,
    0x0888, 0x0888, 0x0888, 0x0888, 0x0888, 0x0888, 0x0888, 0x0888,
    0x0888, 0x0888, 0x0888, 0x0888, 0x0888, 0x0888, 0x0888, 0x0888,
    0x0888, 0x0888, 0x0888, 0x0888, 0x0888, 0x0888, 0x0888, 0x0888,
    0x0888, 0x0888, 0x0888, 0x0888, 0x0888, 0x0888, 0x0888, 0x0888,
    0x0888, 0x0888, 0x0888, 0x0888, 0x0888, 0x0888, 0x0888, 0x0888,
    0x0888, 0x0888, 0x0888, 0x0888, 0x0888, 0x0888, 0x0888, 0x0888,
    0x0888, 0x0888, 0x0888, 0x0888, 0x0888, 0x0888, 0x0888, 0x0888,
    0x0888, 0x0888, 0x0888, 0x0888, 0x0888, 0x0888, 0x0888, 0x0888,
    0x0888, 0x0888, 0x0888, 0x0888, 0x0888, 0x0888, 0x0888, 0x0888,
    0x0888, 0x0888, 0x0888, 0x0888, 0x0888, 0x0888, 0x0888, 0x0888,
    0x0888, 0x0888, 0x0888, 0x0888, 0x0888, 0x0888, 0x0888, 0x0888,
    0x0888, 0x0888, 0x0888, 0x0888, 0x0888, 0x0888, 0x0888, 0x0888,
    0x0888, 0x0888, 0x0888, 0x0888, 0x0888, 0x0888, 0x0888, 0x0888,
    0x0888, 0x0888, 0x0888, 0x0888, 0x0888, 0x0888, 0x0888, 0x0888,
    0x0888, 0x0888, 0x0888, 0x0888, 0x0888, 0x0888, 0x0888, 0x0888,
    0x0888, 0x0888, 0x0888, 0x0888, 0x0888, 0x0888, 0x0888, 0x0888,
    0x0888, 0x0888, 0x0888, 0x0888, 0x0888, 0x0888, 0x0888, 0x0888,
    0x0888, 0x0888, 0x0888, 0x0888, 0x0888, 0x0888, 0x0888, 0x0888,
    0x0888, 0x0888, 0x0888, 0x0888, 0x0888, 0x0888, 0x0888, 0x0888,
    0x0888, 0x0888, 0x0888, 0x0888, 0x0888, 0x0888, 0x0888, 0x0888,
    0x0888, 0x0888, 0x0888, 0x0888, 0x0888, 0x0888, 0x0888, 0x0888,
    0x0888, 0x0888, 0x0888, 0x0888, 0x0888, 0x0888, 0x0888, 0x0888,
    0x0888, 0x0888, 0x0888, 0x0888, 0x0888, 0x0888, 0x0888, 0x0888,
    0x0888, 0x0888, 0x0888, 0x0888, 0x0888, 0x0888, 0x0888, 0x0888,
    0x0888, 0x0888, 0x0888, 0x0888, 0x0888, 0x0888, 0x0888, 0x0888,
    0x0888, 0x0888, 0x0888, 0x0888, 0x0888, 0x0888, 0x0888, 0x0888,
    0x0888, 0x0888, 0x0888, 0x0888, 0x0888, 0x0888, 0x0888, 0x0888,
    0x0888, 0x0888, 0x0888, 0x0888, 0x0888, 0x0888, 0x0888, 0x0888,
    0x0888, 0x0888, 0x0888, 0x0888, 0x0888, 0x0888, 0x0888, 0x0888,
    0x0888, 0x0888, 0x0888, 0x0888, 0x0888, 0x0888, 0x0888, 0x0888,
    0x0888, 0x0888, 0x0888, 0x0888, 0x0888, 0x0888, 0x0888, 0x0888,
    0x0888, 0x0888, 0x0888, 0x0888, 0x0888, 0x0888, 0x0888, 0x0888,
    0x0888, 0x0888, 0x0888, 0x0888, 0x0888, 0x0888, 0x0888, 0x0888,
    0x0888, 0x0888, 0x0888, 0x0888, 0x0888, 0x0888, 0x0888, 0x0888,
    0x0888, 0x0888, 0x0888, 0x0888, 0x0888, 0x0888, 0x0888, 0x0888,
    0x0888, 0x0888, 0x0888, 0x0888, 0x0888, 0x0888, 0x0888, 0x0888,
    0x0888, 0x0888, 0x0888, 0x0888, 0x0888, 0x0888, 0x0888, 0x0888,
    0x0888, 0x0888, 0x0888, 0x0888, 0x0888, 0x0888, 0x0888, 0x0888,
    0x0888, 0x0888, 0x0888, 0x0888, 0x0888, 0x0888, 0x0888, 0x0888,
    0x0888, 0x0888, 0x0888, 0x0888, 0x0888, 0x0888, 0x0888, 0x0888,
    0x0888, 0x0888, 0x0888, 0x0888, 0x0888, 0x0888, 0x0888, 0x0888,
    0x0888, 0x0888, 0x0888, 0x0888, 0x0888, 0x0888, 0x0888, 0x0888,
    0x0888, 0x0888, 0x0888, 0x0888, 0x0888, 0x0888, 0x0888, 0x0888,
    0x0888, 0x0888, 0x0888, 0x0888, 0x0888, 0x0888, 0x0888, 0x0888,
    0x0888, 0x0888, 0x0888, 0x0888, 0x0888, 0x0888, 0x0888, 0x0888,
    0x0888, 0x0888, 0x0888, 0x0888, 0x0888, 0x0888, 0x0888, 0x0888,
    0x0888, 0x0888, 0x0888, 0x0888, 0x0888, 0x0888, 0x0888, 0x0888,
    0x0888, 0x0888, 0x0888, 0x0888, 0x0888, 0x0888, 0x0888, 0x0888,
    0x0888, 0x0888, 0x0888, 0x0888, 0x0888, 0x0888, 0x0888, 0x0888,
    0x0888, 0x0888, 0x0888, 0x0888, 0x0888, 0x0888, 0x0888, 0x0888,
    0x0888, 0x0888, 0x0888, 0x0888, 0x0888, 0x0888, 0x0888, 0x0888,
    0x0888, 0x0888, 0x0888, 0x0888, 0x0888, 0x0888, 0x0888, 0x0888,
    0x0888, 0x0888, 0x0888, 0x0888, 0x0888, 0x0888, 0x0888, 0x0888,
    0x0888, 0x0888, 0x0888, 0x0888, 0x0888, 0x0888, 0x0888, 0x0888,
    0x0888, 0x0888, 0x0888, 0x0888, 0x0888, 0x0888, 0x0888, 0x0888,
    0x0888, 0x0888, 0x0888, 0x0888, 0x0888, 0x0888, 0x0888, 0x0888,
    0x0888, 0x0888, 0x0888, 0x0888, 0x0888, 0x0888, 0x0888, 0x0888,
    0x0888, 0x0888, 0x0888, 0x0888, 0x0888, 0x0888, 0x0888, 0x0888,
    0x0888, 0x0888, 0x0888, 0x0888, 0x0888, 0x0888, 0x0888, 0x0888,
    0x0888, 0x0888, 0x0888, 0x0888, 0x0888, 0x0888, 0x0888, 0x0888,
    0x0888, 0x0888, 0x0888, 0x0888, 0x0888, 0x0888, 0x0888, 0x0888,
    0x0888, 0x0888, 0x0888, 0x0888, 0x0888, 0x0888, 0x0888, 0x0888,
    0x0888, 0x0888, 0x0888, 0x0888, 0x0888, 0x0888, 0x0888, 0x0888,
    0x0888, 0x0888, 0x0888, 0x0888, 0x0888, 0x0888, 0x0888, 0x0888,
    0x0888, 0x0888, 0x0888, 0x0888, 0x0888, 0x0888, 0x0888, 0x0888,
    0x0888, 0x0888, 0x0888, 0x0888, 0x0888, 0x0888, 0x0888, 0x0888,
    0x0888, 0x0888, 0x0888, 0x0888, 0x0888, 0x0888, 0x0888, 0x0888,
    0x0888, 0x0888, 0x0888, 0x0888, 0x0888, 0x0888, 0x0888, 0x0888,
    0x0888, 0x0888, 0x0888, 0x0888, 0x0888, 0x0888, 0x0888, 0x0888,
    0x0888, 0x0888, 0x0888, 0x0888, 0x0888, 0x0888, 0x0888, 0x0888,
    0x0888, 0x0888, 0x0888, 0x0888, 0x0888, 0x0888, 0x0888, 0x0888,
    0x0888, 0x0888, 0x0888, 0x0888, 0x0888, 0x0888, 0x0888, 0x0888,
    0x0888, 0x0888, 0x0888, 0x0888, 0x0888, 0x0888, 0x0888, 0x0888,
    0x0888, 0x0888, 0x0888, 0x0888, 0x0888, 0x0888, 0x0888, 0x0888,
    0x0888, 0x0888, 0x0888, 0x0888, 0x0888, 0x0888, 0x0888, 0x0888,
    0x0888, 0x0888, 0x0888, 0x0888, 0x0888, 0x0888, 0x0888, 0x0888,
    0x0888, 0x0888, 0x0888, 0x0888, 0x0888, 0x0888, 0x0888, 0x0888,
    0x0888, 0x0888, 0x0888, 0x0888, 0x0888, 0x0888, 0x0888, 0x0888,
    0x0888, 0x0888, 0x0888, 0x0888, 0x0888, 0x0888, 0x0888, 0x0888,
    0x0888, 0x0888, 0x0888, 0x0888, 0x0888, 0x0888, 0x0888, 0x0888,
    0x0888, 0x0888, 0x0888, 0x0888, 0x0888, 0x0888, 0x0888, 0x0888,
    0x0888, 0x0888, 0x0888, 0x0888, 0x0888, 0x0888, 0x0888, 0x0888,
    0x0888, 0x0888, 0x0888, 0x0888, 0x0888, 0x0888, 0x0888, 0x0888,
    0x0888, 0x0888, 0x0888, 0x0888, 0x0888, 0x0888, 0x0888, 0x0888,
    0x0888, 0x0888, 0x0888, 0x0888, 0x0888, 0x0888, 0x0888, 0x0888,
    0x0888, 0x0888, 0x0888, 0x0888, 0x0888, 0x0888, 0x0888, 0x0888,
    0x0888, 0x0888, 0x0888, 0x0888, 0x0888, 0x0888, 0x0888, 0x0888,
    0x0888, 0x0888, 0x0888, 0x0888, 0x0888, 0x0888, 0x0888, 0x0888,
    0x0888, 0x0888, 0x0888, 0x0888, 0x0888, 0x0888, 0x0888, 0x0888,
    0x0888, 0x0888, 0x0888, 0x0888, 0x0888, 0x0888, 0x0888, 0x0888,
    0x0888, 0x0888, 0x0888, 0x0888, 0x0888, 0x0888, 0x0888, 0x0888,
    0x0888, 0x0888, 0x0888, 0x0888, 0x0888, 0x0888, 0x0888, 0x0888,
    0x0888, 0x0888, 0x0888, 0x0888, 0x0888, 0x0888, 0x0888, 0x0888,
    0x0888, 0x0888, 0x0888, 0x0888, 0x0888, 0x0888, 0x0888, 0x0888,
    0x0888, 0x0888, 0x0888, 0x0888, 0x0888, 0x0888, 0x0888, 0x0888,
    0x0888, 0x0888, 0x0888, 0x0888, 0x0888, 0x0888, 0x0888, 0x0888,
    0x0888, 0x0888, 0x0888, 0x0888, 0x0888, 0x0888, 0x0888, 0x0888,
    0x0888, 0x0888, 0x0888, 0x0888, 0x0888, 0x0888, 0x0888, 0x0888,
    0x0888, 0x0888, 0x0888, 0x0888, 0x0888, 0x0888, 0x0888, 0x0888,
    0x0888, 0x0888, 0x0888, 0x0888, 0x0888, 0x0888, 0x0888, 0x0888,
    0x0888, 0x0888, 0x0888, 0x0888, 0x0888, 0x0888, 0x0888, 0x0888,
    0x0888, 0x0888, 0x0888, 0x0888, 0x0888, 0x0888, 0x0888, 0x0888,
    0x0888, 0x0888, 0x0888, 0x0888, 0x0888, 0x0888, 0x0888, 0x0888,
    0x0888, 0x0888, 0x0888, 0x0888, 0x0888, 0x0888, 0x0888, 0x0888,
    0x0888, 0x0888, 0x0888, 0x0888, 0x0888, 0x0888, 0x0888, 0x0888,
    0x0888, 0x0888, 0x0888, 0x0888, 0x0888, 0x0888, 0x0888, 0x0888,
    0x0888, 0x0888, 0x0888, 0x0888, 0x0888, 0x0888, 0x0888, 0x0888,
    0x0888, 0x0888, 0x0888, 0x0888, 0x0888, 0x0888, 0x0888, 0x0888,
    0x0888, 0x0888, 0x0888, 0x0888, 0x0888, 0x0888, 0x0888, 0x0888,
    0x0888, 0x0888, 0x0888, 0x0888, 0x0888, 0x0888, 0x0888, 0x0888,
    0x0888, 0x0888, 0x0888, 0x0888, 0x0888, 0x0888, 0x0888, 0x0888,
    0x0888, 0x0888, 0x0888, 0x0888, 0x0888, 0x0888, 0x0888, 0x0888,
    0x0888, 0x0888, 0x0888, 0x0888, 0x0888, 0x0888, 0x0888, 0x0888,
    0x0888, 0x0888, 0x0888, 0x0888, 0x0888, 0x0888, 0x0888, 0x0888,
    0x0888, 0x0888, 0x0888, 0x0888, 0x0888, 0x0888, 0x0888, 0x0888,
    0x0888, 0x0888, 0x0888, 0x0888, 0x0888, 0x0888, 0x0888, 0x0888,
    0x0888, 0x0888, 0x0888, 0x0888, 0x0888, 0x0888, 0x0888, 0x0888,
    0x0888, 0x0888, 0x0888, 0x0888, 0x0888, 0x0888, 0x0888, 0x0888,
    0x0888, 0x0888, 0x0888, 0x0888, 0x0888, 0x0888, 0x0888, 0x0888,
    0x0888, 0x0888, 0x0888, 0x0888, 0x0888, 0x0888, 0x0888, 0x0888,
    0x0888, 0x0888, 0x0888, 0x0888, 0x0888, 0x0888, 0x0888, 0x0888,
    0x0888, 0x0888, 0x0888, 0x0888, 0x0888, 0x0888, 0x0888, 0x0888,
    0x0888, 0x0888, 0x0888, 0x0888, 0x0888, 0x0888, 0x0888, 0x0888,
    0x0888, 0x0888, 0x0888, 0x0888, 0x0888, 0x0888, 0x0888, 0x0888,
    0x0888, 0x0888, 0x0888, 0x0888, 0x0888, 0x0888, 0x0888, 0x0888,
    0x0888, 0x0888, 0x0888, 0x0888, 0x0888, 0x0888, 0x0888, 0x0888,
    0x0888, 0x0888, 0x0888, 0x0888, 0x0888, 0x0888, 0x0888, 0x0888,
    0x0888, 0x0888, 0x0888, 0x0888, 0x0888, 0x0888, 0x0888, 0x0888,
    0x0888, 0x0888, 0x0888, 0x0888, 0x0888, 0x0888, 0x0888, 0x0888,
    0x0888, 0x0888, 0x0888, 0x0888, 0x0888, 0x0888, 0x0888, 0x0888,
    0x0888, 0x0888, 0x0888, 0x0888, 0x0888, 0x0888, 0x0888, 0x0888,
    0x0888, 0x0888, 0x0888, 0x0888, 0x0888, 0x0888, 0x0888, 0x0888,
    0x0888, 0x0888, 0x0888, 0x0888, 0x0888, 0x0888, 0x0888, 0x0888,
    0x0888, 0x0888, 0x0888, 0x0888, 0x0888, 0x0888, 0x0888, 0x0888,
    0x0888, 0x0888, 0x0888, 0x0888, 0x0888, 0x0888, 0x0888, 0x0888,
    0x0888, 0x0888, 0x0888, 0x0888, 0x0888, 0x0888, 0x0888, 0x0888,
    0x0888, 0x0888, 0x0888, 0x0888, 0x0888, 0x0888, 0x0888, 0x0888,
    0x0888, 0x0888, 0x0888, 0x0888, 0x0888, 0x0888, 0x0888, 0x0888,
    0x0888, 0x0888, 0x0888, 0x0888, 0x0888, 0x0888, 0x0888, 0x0888,
    0x0888, 0x0888, 0x0888, 0x0888, 0x0888, 0x0888, 0x0888, 0x0888,
    0x0888, 0x0888, 0x0888, 0x0888, 0x0888, 0x0888, 0x0888, 0x0888,
    0x0888, 0x0888, 0x0888, 0x0888, 0x0888, 0x0888, 0x0888, 0x0888,
    0x0888, 0x0888, 0x0888, 0x0888, 0x0888, 0x0888, 0x0888, 0x0888,
    0x0888, 0x0888, 0x0888, 0x0888, 0x0888, 0x0888, 0x0888, 0x0888,
    0x0888, 0x0888, 0x0888, 0x0888, 0x0888, 0x0888, 0x0888, 0x0888,
    0x0888, 0x0888, 0x0888, 0x0888, 0x0888, 0x0888, 0x0888, 0x0888,
    0x0888, 0x0888, 0x0888, 0x0888, 0x0888, 0x0888, 0x0888, 0x0888,
    0x0888, 0x0888, 0x0888, 0x0888, 0x0888, 0x0888, 0x0888, 0x0888,
    0x0888, 0x0888, 0x0888, 0x0888, 0x0888, 0x0888, 0x0888, 0x0888,
    0x0888, 0x0888, 0x0888, 0x0888, 0x0888, 0x0888, 0x0888, 0x0888,
    0x0888, 0x0888, 0x0888, 0x0888, 0x0888, 0x0888, 0x0888, 0x0888,
    0x0888, 0x0888, 0x0888, 0x0888, 0x0888, 0x0888, 0x0888, 0x0888,
    0x0888, 0x0888, 0x0888, 0x0888, 0x0888, 0x0888, 0x0888, 0x0888,
    0x0888, 0x0888, 0x0888, 0x0888, 0x0888, 0x0888, 0x0888, 0x0888,
    0x0888, 0x0888, 0x0888, 0x0888, 0x0888, 0x0888, 0x0888, 0x0888,
    0x0888, 0x0888, 0x0888, 0x0888, 0x0888, 0x0888, 0x0888, 0x0888,
    0x0888, 0x0888, 0x0888, 0x0888, 0x0888, 0x0888, 0x0888, 0x0888,
    0x0888, 0x0888, 0x0888, 0x0888, 0x0888, 0x0888, 0x0888, 0x0888,
    0x0888, 0x0888, 0x0888, 0x0888, 0x0888, 0x0888, 0x0888, 0x0888,
    0x0888, 0x0888, 0x0888, 0x0888, 0x0888, 0x0888, 0x0888, 0x0888,
    0x0888, 0x0888, 0x0888, 0x0888, 0x0888, 0x0888, 0x0888, 0x0888,
    0x0888, 0x0888, 0x0888, 0x0888, 0x0888, 0x0888, 0x0888, 0x0888,
    0x0888, 0x0888, 0x0888, 0x0888, 0x0888, 0x0888, 0x0888, 0x0888,
    0x0888, 0x0888, 0x0888, 0x0888, 0x0888, 0x0888, 0x0888, 0x0888,
    0x0888, 0x0888, 0x0888, 0x0888, 0x0888, 0x0888, 0x0888, 0x0888,
    0x0888, 0x0888, 0x0888, 0x0888, 0x0888, 0x0888, 0x0888, 0x0888,
    0x0888, 0x0888, 0x0888, 0x0888, 0x0888, 0x0888, 0x0888, 0x0888,
    0x0888, 0x0888, 0x0888, 0x0888, 0x0888, 0x0888, 0x0888, 0x0888,
    0x0888, 0x0888, 0x0888, 0x0888, 0x0888, 0x0888, 0x0888, 0x0888,
    0x0888, 0x0888, 0x0888, 0x0888, 0x0888, 0x0888, 0x0888, 0x0888,
    0x0888, 0x0888, 0x0888, 0x0888, 0x0888, 0x0888, 0x0888, 0x0888,
    0x0888, 0x0888, 0x0888, 0x0888, 0x0888, 0x0888, 0x0888, 0x0888,
    0x0888, 0x0888, 0x0888, 0x0888, 0x0888, 0x0888, 0x0888, 0x0888,
    0x0888, 0x0888, 0x0888, 0x0888, 0x0888, 0x0888, 0x0888, 0x0888,
    0x0888, 0x0888, 0x0888, 0x0888, 0x0888, 0x0888, 0x0888, 0x0888,
    0x0888, 0x0888, 0x0888, 0x0888, 0x0888, 0x0888, 0x0888, 0x0888,
    0x0888, 0x0888, 0x0888, 0x0888, 0x0888, 0x0888, 0x0888, 0x0888,
    0x0888, 0x0888, 0x0888, 0x0888, 0x0888, 0x0888, 0x0888, 0x0888,
    0x0888, 0x0888, 0x0888, 0x0888, 0x0888, 0x0888, 0x0888, 0x0888,
    0x0888, 0x0888, 0x0888, 0x0888, 0x0888, 0x0888, 0x0888, 0x0888,
    0x0888, 0x0888, 0x0888, 0x0888, 0x0888, 0x0888, 0x0888, 0x0888,
    0x0888, 0x0888, 0x0888, 0x0888, 0x0888, 0x0888, 0x0888, 0x0888,
    0x0888, 0x0888, 0x0888, 0x0888, 0x0888, 0x0888, 0x0888, 0x0888,
    0x0888, 0x0888, 0x0888, 0x0888, 0x0888, 0x0888, 0x0888, 0x0888,
    0x0888, 0x0888, 0x0888, 0x0888, 0x0888, 0x0888, 0x0888, 0x0888,
    0x0888, 0x0888, 0x0888, 0x0888, 0x0888, 0x0888, 0x0888, 0x0888,
    0x0888, 0x0888, 0x0888, 0x0888, 0x0888, 0x0888, 0x0888, 0x0888,
    0x0888, 0x0888, 0x0888, 0x0888, 0x0888, 0x0888, 0x0888, 0x0888,
    0x0888, 0x0888, 0x0888, 0x0888, 0x0888, 0x0888, 0x0888, 0x0888,
    0x0888, 0x0888, 0x0888, 0x0888, 0x0888, 0x0888, 0x0888, 0x0888,
    0x0888, 0x0888, 0x0888, 0x0888, 0x0888, 0x0888, 0x0888, 0x0888,
    0x0888, 0x0888, 0x0888, 0x0888, 0x0888, 0x0888, 0x0888, 0x0888,
    0x0888, 0x0888, 0x0888, 0x0888, 0x0888, 0x0888, 0x0888, 0x0888,
    0x0888, 0x0888, 0x0888, 0x0888, 0x0888, 0x0888, 0x0888, 0x0888,
    0x0888, 0x0888, 0x0888, 0x0888, 0x0888, 0x0888, 0x0888, 0x0888,
    0x0888, 0x0888, 0x0888, 0x0888, 0x0888, 0x0888, 0x0888, 0x0888,
    0x0888, 0x0888, 0x0888, 0x0888, 0x0888, 0x0888, 0x0888, 0x0888,
    0x0888, 0x0888, 0x0888, 0x0888, 0x0888, 0x0888, 0x0888, 0x0888,
    0x0888, 0x0888, 0x0888, 0x0888, 0x0888, 0x0888, 0x0888, 0x0888,
    0x0888, 0x0888, 0x0888, 0x0888, 0x0888, 0x0888, 0x0888, 0x0888,
    0x0888, 0x0888, 0x0888, 0x0888, 0x0888, 0x0888, 0x0888, 0x0888,
    0x0888, 0x0888, 0x0888, 0x0888, 0x0888, 0x0888, 0x0888, 0x0888,
    0x0888, 0x0888, 0x0888, 0x0888, 0x0888, 0x0888, 0x0888, 0x0888,
    0x0888, 0x0888, 0x0888, 0x0888, 0x0888, 0x0888, 0x0888, 0x0888,
    0x0888, 0x0888, 0x0888, 0x0888, 0x0888, 0x0888, 0x0888, 0x0888,
    0x0888, 0x0888, 0x0888, 0x0888, 0x0888, 0x0888, 0x0888, 0x0888,
    0x0888, 0x0888, 0x0888, 0x0888, 0x0888, 0x0888, 0x0888, 0x0888,
    0x0888, 0x0888, 0x0888, 0x0888, 0x0888, 0x0888, 0x0888, 0x0888,
    0x0888, 0x0888, 0x0888, 0x0888, 0x0888, 0x0888, 0x0888, 0x0888,
    0x0888, 0x0888, 0x0888, 0x0888, 0x0888, 0x0888, 0x0888, 0x0888,
    0x0888, 0x0888, 0x0888, 0x0888, 0x0888, 0x0888, 0x0888, 0x0888,
    0x0888, 0x0888, 0x0888, 0x0888, 0x0888, 0x0888, 0x0888, 0x0888,
    0x0888, 0x0888, 0x0888, 0x0888, 0x0888, 0x0888, 0x0888, 0x0888,
    0x0888, 0x0888, 0x0888, 0x0888, 0x0888, 0x0888, 0x0888, 0x0888,
    0x0888, 0x0888, 0x0888, 0x0888, 0x0888, 0x0888, 0x0888, 0x0888,
    0x0888, 0x0888, 0x0888, 0x0888, 0x0888, 0x0888, 0x0888, 0x0888,
    0x0888, 0x0888, 0x0888, 0x0888, 0x0888, 0x0888, 0x0888, 0x0888,
    0x0888, 0x0888, 0x0888, 0x0888, 0x0888, 0x0888, 0x0888, 0x0888,
    0x0888, 0x0888, 0x0888, 0x0888, 0x0888, 0x0888, 0x0888, 0x0888,
    0x0888, 0x0888, 0x0888, 0x0888, 0x0888, 0x0888, 0x0888, 0x0888,
    0x0888, 0x0888, 0x0888, 0x0888, 0x0888, 0x0888, 0x0888, 0x0888,
    0x0888, 0x0888, 0x0888, 0x0888, 0x0888, 0x0888, 0x0888, 0x0888,
    0x0888, 0x0888, 0x0888, 0x0888, 0x0888, 0x0888, 0x0888, 0x0888,
    0x0888, 0x0888, 0x0888, 0x0888, 0x0888, 0x0888, 0x0888, 0x0888,
    0x0888, 0x0888, 0x0888, 0x0888, 0x0888, 0x0888, 0x0888, 0x0888,
    0x0888, 0x0888, 0x0888, 0x0888, 0x0888, 0x0888, 0x0888, 0x0888,
    0x0888, 0x0888, 0x0888, 0x0888, 0x0888, 0x0888, 0x0888, 0x0888,
    0x0888, 0x0888, 0x0888, 0x0888, 0x0888, 0x0888, 0x0888, 0x0888,
    0x0888, 0x0888, 0x0888, 0x0888, 0x0888, 0x0888, 0x0888, 0x0888,
    0x0888, 0x0888, 0x0888, 0x0888, 0x0888, 0x0888, 0x0888, 0x0888,
    0x0888, 0x0888, 0x0888, 0x0888, 0x0888, 0x0888, 0x0888, 0x0888,
    0x0888, 0x0888, 0x0888, 0x0888, 0x0888, 0x0888, 0x0888, 0x0888,
    0x0888, 0x0888, 0x0888, 0x0888, 0x0888, 0x0888, 0x0888, 0x0888,
    0x0888, 0x0888, 0x0888, 0x0888, 0x0888, 0x0888, 0x0888, 0x0888,
    0x0888, 0x0888, 0x0888, 0x0888, 0x0888, 0x0888, 0x0888, 0x0888,
    0x0888, 0x0888, 0x0888, 0x0888, 0x0888, 0x0888, 0x0888, 0x0888,
    0x0888, 0x0888, 0x0888, 0x0888, 0x0888, 0x0888, 0x0888, 0x0888,
    0x0888, 0x0888, 0x0888, 0x0888, 0x0888, 0x0888, 0x0888, 0x0888,
    0x0888, 0x0888, 0x0888, 0x0888, 0x0888, 0x0888, 0x0888, 0x0888,
    0x0888, 0x0888, 0x0888, 0x0888, 0x0888, 0x0888, 0x0888, 0x0888,
    0x0888, 0x0888, 0x0888, 0x0888, 0x0888, 0x0888, 0x0888, 0x0888,
    0x0888, 0x0888, 0x0888, 0x0888, 0x0888, 0x0888, 0x0888, 0x0888,
    0x0888, 0x0888, 0x0888, 0x0888, 0x0888, 0x0888, 0x0888, 0x0888,
    0x0888, 0x0888, 0x0888, 0x0888, 0x0888, 0x0888, 0x0888, 0x0888,
    0x0888, 0x0888, 0x0888, 0x0888, 0x0888, 0x0888, 0x0888, 0x0888,
    0x0888, 0x0888, 0x0888, 0x0888, 0x0888, 0x0888, 0x0888, 0x0888,
    0x0888, 0x0888, 0x0888, 0x0888, 0x0888, 0x0888, 0xFFDA, 0xFDA6,
    0x0888, 0x0888, 0x0888, 0x0888, 0x0888, 0x0888, 0x0888, 0x0888,
    0x0888, 0x0888, 0x0888, 0x0888, 0x0888, 0x0888, 0x0888, 0x0888,
    0x0888, 0x0888, 0x0888, 0x0888, 0x0888, 0x0888, 0x0888, 0x0888,
    0x0888, 0x0888, 0x0888, 0x0888, 0x0888, 0x0888, 0x0888, 0x0888,
    0x0888, 0x0888, 0x0888, 0x0888, 0x0888, 0x0888, 0x0888, 0x0888,
    0x0888, 0x0888, 0x0888, 0x0888, 0x0888, 0x0888, 0x0888, 0x0888,
    0x0888, 0x0888, 0x0888, 0x0888, 0x0888, 0x0888, 0x0888, 0x0888,
    0x0888, 0x0888, 0x0888, 0x0888, 0x0888, 0x0888, 0x0888, 0x0888,
    0x0888, 0x0888, 0x0888, 0x0888, 0x0888, 0x0888, 0x0888, 0x0888,
    0x0888, 0x0888, 0x0888, 0x0888, 0x0888, 0x0888, 0x0888, 0x0888,
    0x0888, 0x0888, 0x0888, 0x0888, 0x0888, 0x0888, 0x0888, 0x0888,
    0x0888, 0x0888, 0x0888, 0x0888, 0x0888, 0x0888, 0x0888, 0x0888,
    0x0888, 0x0888, 0x0888, 0x0888, 0x0888, 0x0888, 0x0888, 0x0888,
    0x0888, 0x0888, 0x0888, 0x0888, 0x0888, 0x0888, 0x0888, 0x0888,
    0x0888, 0x0888, 0x0888, 0x0888, 0x0888, 0x0888, 0x0888, 0x0888,
    0x0888, 0x0888, 0x0888, 0x0888, 0x0888, 0x0888, 0x0888, 0x0888,
    0x0888, 0x0888, 0x0888, 0x0888, 0x0888, 0x0888, 0x0888, 0x0888,
    0x0888, 0x0888, 0x0888, 0x0888, 0x0888, 0x0888, 0x0888, 0x0888,
    0x0888, 0x0888, 0x0888, 0x0888, 0x0888, 0x0888, 0x0888, 0x0888,
    0x0888, 0x0888, 0x0888, 0x0888, 0x0888, 0x0888, 0x0888, 0x0888,
    0x0888, 0x0888, 0x0888, 0x0888, 0x0888, 0x0888, 0x0888, 0x0888,
    0x0888, 0x0888, 0x0888, 0x0888, 0x0888, 0x0888, 0x0888, 0x0888,
    0x0888, 0x0888, 0x0888, 0x0888, 0x0888, 0x0888, 0x0888, 0x0888,
    0x0888, 0x0888, 0x0888, 0x0888, 0x0888, 0x0888, 0x0888, 0x0888,
    0x0888, 0x0888, 0x0888, 0x0888, 0x0888, 0x0888, 0x0888, 0x0888,
    0x0888, 0x0888, 0x0888, 0x0888, 0x0888, 0x0888, 0x0888, 0x0888,
    0x0888, 0x0888, 0x0888, 0x0888, 0x0888, 0x0888, 0x0888, 0x0888,
    0x0888, 0x0888, 0x0888, 0x0888, 0x0888, 0x0888, 0x0888, 0x0888,
    0x0888, 0x0888, 0x0888, 0x0888, 0x0888, 0x0888, 0x0888, 0x0888,
    0x0888, 0x0888, 0x0888, 0x0888, 0x0888, 0x0888, 0x0888, 0x0888,
    0x0888, 0x0888, 0x0888, 0x0888, 0x0888, 0x0888, 0x0888, 0x0888,
    0x0888, 0x0888, 0x0888, 0x0888, 0x0888, 0xFFDA, 0xFDA6, 0xFFBB,
    0xFDA6, 0x0888, 0x0888, 0x0888, 0x0888, 0x0888, 0x0888, 0x0888,
    0x0888, 0x0888, 0x0888, 0x0888, 0x0888, 0x0888, 0x0888, 0x0888,
    0x0888, 0x0888, 0x0888, 0x0888, 0x0888, 0x0888, 0x0888, 0x0888,
    0x0888, 0x0888, 0x0888, 0x0888, 0x0888, 0x0888, 0x0888, 0x0888,
    0x0888, 0x0888, 0x0888, 0x0888, 0x0888, 0x0888, 0x0888, 0x0888,
    0x0888, 0x0888, 0x0888, 0x0888, 0x0888, 0x0888, 0x0888, 0x0888,
    0x0888, 0x0888, 0x0888, 0x0888, 0x0888, 0x0888, 0x0888, 0x0888,
    0x0888, 0x0888, 0x0888, 0x0888, 0x0888, 0x0888, 0xFFDA, 0xFDA6,
    0x0888, 0x0888, 0x0888, 0x0888, 0x0888, 0x0888, 0x0888, 0x0888,
    0x0888, 0x0888, 0x0888, 0x0888, 0x0888, 0x0888, 0x0888, 0x0888,
    0x0888, 0x0888, 0x0888, 0x0888, 0x0888, 0x0888, 0x0888, 0x0888,
    0x0888, 0x0888, 0x0888, 0x0888, 0x0888, 0x0888, 0x0888, 0x0888,
    0x0888, 0x0888, 0x0888, 0x0888, 0x0888, 0x0888, 0x0888, 0x0888,
    0x0888, 0x0888, 0x0888, 0x0888, 0x0888, 0x0888, 0x0888, 0x0888,
    0x0888, 0x0888, 0x0888, 0x0888, 0x0888, 0x0888, 0x0888, 0x0888,
    0x0888, 0x0888, 0x0888, 0x0888, 0x0888, 0x0888, 0xFFDA, 0xFDA6,
    0x0888, 0x0888, 0x0888, 0x0888, 0x0888, 0x0888, 0x0888, 0x0888,
    0x0888, 0x0888, 0x0888, 0x0888, 0x0888, 0x0888, 0x0888, 0x0888,
    0x0888, 0x0888, 0x0888, 0x0888, 0x0888, 0x0888, 0x0888, 0x0888,
    0x0888, 0x0888, 0x0888, 0x0888, 0x0888, 0x0888, 0x0888, 0x0888,
    0x0888, 0x0888, 0x0888, 0x0888, 0x0888, 0x0888, 0x0888, 0x0888,
    0x0888, 0x0888, 0x0888, 0x0888, 0x0888, 0x0888, 0x0888, 0x0888,
    0x0888, 0x0888, 0x0888, 0x0888, 0x0888, 0x0888, 0x0888, 0x0888,
    0x0888, 0x0888, 0x0888, 0x0888, 0x0888, 0x0888, 0x0888, 0x0888,
    0x0888, 0x0888, 0x0888, 0x0888, 0x0888, 0x0888, 0x0888, 0x0888,
    0x0888, 0x0888, 0x0888, 0x0888, 0x0888, 0x0888, 0x0888, 0x0888,
    0x0888, 0x0888, 0x0888, 0x0888, 0x0888, 0x0888, 0x0888, 0x0888,
    0x0888, 0x0888, 0x0888, 0x0888, 0x0888, 0x0888, 0x0888, 0x0888,
    0x0888, 0x0888, 0x0888, 0x0888, 0x0888, 0x0888, 0x0888, 0x0888,
    0x0888, 0x0888, 0x0888, 0x0888, 0x0888, 0x0888, 0x0888, 0x0888,
    0x0888, 0x0888, 0x0888, 0x0888, 0x0888, 0x0888, 0x0888, 0x0888,
    0x0888, 0x0888, 0x0888, 0x0888, 0xFFDA, 0xFDA6, 0xFDA6, 0xFFBB,
    0xFDA6, 0x0888, 0x0888, 0x0888, 0x0888, 0x0888, 0x0888, 0x0888,
    0x0888, 0x0888, 0x0888, 0x0888, 0x0888, 0x0888, 0x0888, 0x0888,
    0x0888, 0x0888, 0x0888, 0x0888, 0x0888, 0x0888, 0x0888, 0x0888,
    0x0888, 0x0888, 0x0888, 0x0888, 0x0888, 0x0888, 0x0888, 0x0888,
    0x0888, 0x0888, 0x0888, 0x0888, 0x0888, 0x0888, 0x0888, 0x0888,
    0x0888, 0x0888, 0x0888, 0x0888, 0x0888, 0x0888, 0x0888, 0x0888,
    0x0888, 0x0888, 0x0888, 0x0888, 0x0888, 0x0888, 0x0888, 0x0888,
    0x0888, 0x0888, 0x0888, 0x0888, 0x0888, 0xFFDA, 0xFDA6, 0xFFBB,
    0xFDA6, 0x0888, 0x0888, 0x0888, 0x0888, 0x0888, 0x0888, 0x0888,
    0x0888, 0x0888, 0x0888, 0x0888, 0x0888, 0x0888, 0x0888, 0x0888,
    0x0888, 0x0888, 0x0888, 0x0888, 0x0888, 0x0888, 0x0888, 0x0888,
    0x0888, 0x0888, 0x0888, 0x0888, 0x0888, 0x0888, 0x0888, 0x0888,
    0x0888, 0x0888, 0x0888, 0x0888, 0x0888, 0x0888, 0x0888, 0x0888,
    0x0888, 0x0888, 0x0888, 0x0888, 0x0888, 0x0888, 0x0888, 0x0888,
    0x0888, 0x0888, 0x0888, 0x0888, 0x0888, 0x0888, 0x0888, 0x0888,
    0x0888, 0x0888, 0x0888, 0x0888, 0x0888, 0xFFDA, 0xFDA6, 0xFFBB,
    0xFDA6, 0x0888, 0x0888, 0x0888, 0x0888, 0x0888, 0x0888, 0x0888,
    0x0888, 0x0888, 0x0888, 0x0888, 0x0888, 0x0888, 0x0888, 0x0888,
    0x0888, 0x0888, 0x0888, 0x0888, 0x0888, 0x0888, 0x0888, 0x0888,
    0x0888, 0x0888, 0x0888, 0x0888, 0x0888, 0x0888, 0x0888, 0x0888,
    0x0888, 0x0888, 0x0888, 0x0888, 0x0888, 0x0888, 0x0888, 0x0888,
    0x0888, 0x0888, 0x0888, 0x0888, 0x0888, 0x0888, 0x0888, 0x0888,
    0x0888, 0x0888, 0x0888, 0x0888, 0x0888, 0x0888, 0x0888, 0x0888,
    0x0888, 0x0888, 0x0888, 0x0888, 0x0888, 0x0888, 0x0888, 0x0888,
    0x0888, 0x0888, 0x0888, 0x0888, 0x0888, 0x0888, 0x0888, 0x0888,
    0x0888, 0x0888, 0x0888, 0x0888, 0x0888, 0x0888, 0x0888, 0x0888,
    0x0888, 0x0888, 0x0888, 0x0888, 0x0888, 0x0888, 0x0888, 0x0888,
    0x0888, 0x0888, 0x0888, 0x0888, 0x0888, 0x0888, 0x0888, 0x0888,
    0x0888, 0x0888, 0x0888, 0x0888, 0x0888, 0x0888, 0x0888, 0x0888,
    0x0888, 0x0888, 0x0888, 0x0888, 0x0888, 0x0888, 0x0888, 0x0888,
    0x0888, 0x0888, 0x0888, 0x0888, 0x0888, 0x0888, 0x0888, 0x0888,
    0x0888, 0x0888, 0x0888, 0xFFDA, 0xFDA6, 0xFDA6, 0xFFBB, 0xFFBB,
    0xFDA6, 0x0888, 0x0888, 0x0888, 0x0888, 0x0888, 0x0888, 0x0888,
    0x0888, 0xFFDA, 0xFFDA, 0xFFDA, 0xFFDA, 0x0888, 0x0888, 0x0888,
    0x0888, 0x0888, 0x0888, 0x0888, 0x0888, 0x0888, 0x0888, 0x0888,
    0x0888, 0x0888, 0x0888, 0x0888, 0x0888, 0x0888, 0x0888, 0x0888,
    0x0888, 0x0888, 0x0888, 0x0888, 0x0888, 0x0888, 0x0888, 0x0888,
    0x0888, 0x0888, 0x0888, 0x0888, 0x0888, 0x0888, 0x0888, 0x0888,
    0x0888, 0x0888, 0x0888, 0x0888, 0x0888, 0x0888, 0x0888, 0x0888,
    0x0888, 0x0888, 0x0888, 0x0888, 0xFFDA, 0xFDA6, 0xFDA6, 0xFFBB,
    0xFDA6, 0x0888, 0x0888, 0x0888, 0x0888, 0x0888, 0x0888, 0x0888,
    0x0888, 0x0888, 0x0888, 0x0888, 0x0888, 0x0888, 0x0888, 0x0888,
    0x0888, 0x0888, 0x0888, 0x0888, 0x0888, 0x0888, 0x0888, 0x0888,
    0x0888, 0x0888, 0x0888, 0x0888, 0x0888, 0x0888, 0x0888, 0x0888,
    0x0888, 0x0888, 0x0888, 0x0888, 0x0888, 0x0888, 0x0888, 0x0888,
    0x0888, 0x0888, 0x0888, 0x0888, 0x0888, 0x0888, 0x0888, 0x0888,
    0x0888, 0x0888, 0x0888, 0x0888, 0x0888, 0x0888, 0x0888, 0x0888,
    0x0888, 0x0888, 0x0888, 0x0888, 0xFFDA, 0xFDA6, 0xFDA6, 0xFFBB,
    0xFDA6, 0x0888, 0x0888, 0x0888, 0x0888, 0x0888, 0x0888, 0x0888,
    0x0888, 0x0888, 0x0888, 0x0888, 0x0888, 0x0888, 0x0888, 0x0888,
    0x0888, 0x0888, 0x0888, 0x0888, 0x0888, 0x0888, 0x0888, 0x0888,
    0x0888, 0x0888, 0x0888, 0x0888, 0x0888, 0x0888, 0x0888, 0x0888,
    0x0888, 0x0888, 0x0888, 0x0888, 0x0888, 0x0888, 0x0888, 0x0888,
    0x0888, 0x0888, 0x0888, 0x0888, 0x0888, 0x0888, 0x0888, 0x0888,
    0x0888, 0x0888, 0x0888, 0x0888, 0x0888, 0x0888, 0x0888, 0x0888,
    0x0888, 0x0888, 0x0888, 0x0888, 0x0888, 0x0888, 0x0888, 0x0888,
    0x0888, 0x0888, 0x0888, 0x0888, 0x0888, 0x0888, 0x0888, 0x0888,
    0x0888, 0x0888, 0x0888, 0x0888, 0x0888, 0x0888, 0x0888, 0x0888,
    0x0888, 0x0888, 0x0888, 0x0888, 0x0888, 0x0888, 0x0888, 0x0888,
    0x0888, 0x0888, 0x0888, 0x0888, 0x0888, 0x0888, 0x0888, 0x0888,
    0x0888, 0x0888, 0x0888, 0x0888, 0x0888, 0x0888, 0x0888, 0x0888,
    0x0888, 0x0888, 0x0888, 0x0888, 0x0888, 0x0888, 0x0888, 0x0888,
    0x0888, 0x0888, 0x0888, 0x0888, 0x0888, 0x0888, 0x0888, 0x0888,
    0x0888, 0x0888, 0x0888, 0xFFDA, 0xFDA6, 0xFDA6, 0xFFFF, 0xFFBB,
    0xFFBB, 0xFDA6, 0x0888, 0x0888, 0x0888, 0x0888, 0x0888, 0xFFDA,
    0xFFDA, 0xFDA6, 0xFDA6, 0xFDA6, 0xFDA6, 0x0888, 0x0888, 0x0888,
    0x0888, 0x0888, 0x0888, 0x0888, 0x0888, 0x0888, 0x0888, 0x0888,
    0x0888, 0x0888, 0x0888, 0x0888, 0x0888, 0x0888, 0x0888, 0x0888,
    0x0888, 0x0888, 0x0888, 0x0888, 0x0888, 0x0888, 0x0888, 0x0888,
    0x0888, 0x0888, 0x0888, 0x0888, 0x0888, 0x0888, 0x0888, 0x0888,
    0x0888, 0x0888, 0x0888, 0x0888, 0x0888, 0x0888, 0x0888, 0x0888,
    0x0888, 0x0888, 0x0888, 0xFFDA, 0xFDA6, 0xFDA6, 0xFFBB, 0xFFBB,
    0xFDA6, 0x0888, 0x0888, 0x0888, 0x0888, 0x0888, 0x0888, 0x0888,
    0x0888, 0xFFDA, 0xFFDA, 0xFFDA, 0xFFDA, 0x0888, 0x0888, 0x0888,
    0x0888, 0x0888, 0x0888, 0x0888, 0x0888, 0x0888, 0x0888, 0x0888,
    0x0888, 0x0888, 0x0888, 0x0888, 0x0888, 0x0888, 0x0888, 0x0888,
    0x0888, 0x0888, 0x0888, 0x0888, 0x0888, 0x0888, 0x0888, 0x0888,
    0x0888, 0x0888, 0x0888, 0x0888, 0x0888, 0x0888, 0x0888, 0x0888,
    0x0888, 0x0888, 0x0888, 0x0888, 0x0888, 0x0888, 0x0888, 0x0888,
    0x0888, 0x0888, 0x0888, 0xFFDA, 0xFDA6, 0xFDA6, 0xFFBB, 0xFFBB,
    0xFDA6, 0x0888, 0x0888, 0x0888, 0x0888, 0x0888, 0x0888, 0x0888,
    0x0888, 0xFFDA, 0xFFDA, 0xFFDA, 0xFFDA, 0x0888, 0x0888, 0x0888,
    0x0888, 0x0888, 0x0888, 0x0888, 0x0888, 0x0888, 0x0888, 0x0888,
    0x0888, 0x0888, 0x0888, 0x0888, 0x0888, 0x0888, 0x0888, 0x0888,
    0x0888, 0x0888, 0x0888, 0x0888, 0x0888, 0x0888, 0x0888, 0x0888,
    0x0888, 0x0888, 0x0888, 0x0888, 0x0888, 0x0888, 0x0888, 0x0888,
    0x0888, 0x0888, 0x0888, 0x0888, 0x0888, 0x0888, 0x0888, 0x0888,
    0x0888, 0x0888, 0x0888, 0x0888, 0x0888, 0x0888, 0x0888, 0x0888,
    0x0888, 0x0888, 0x0888, 0x0888, 0x0888, 0x0888, 0x0888, 0x0888,
    0x0888, 0x0888, 0x0888, 0x0888, 0x0888, 0x0888, 0x0888, 0x0888,
    0x0888, 0x0888, 0x0888, 0x0888, 0x0888, 0x0888, 0x0888, 0x0888,
    0x0888, 0x0888, 0x0888, 0x0888, 0x0888, 0x0888, 0x0888, 0x0888,
    0x0888, 0x0888, 0x0888, 0x0888, 0x0888, 0x0888, 0x0888, 0x0888,
    0x0888, 0x0888, 0x0888, 0x0888, 0x0888, 0x0888, 0x0888, 0x0888,
    0x0888, 0x0888, 0x0888, 0x0888, 0x0888, 0x0888, 0x0888, 0x0888,
    0x0888, 0x0888, 0xFFDA, 0xFDA6, 0xFDA6, 0xFDA6, 0xFFFF, 0xFFBB,
    0xFFBB, 0xFDA6, 0x0888, 0x0888, 0x0888, 0xFFDA, 0xFFDA, 0xFDA6,
    0xFDA6, 0xFDA6, 0xFDA6, 0xFFBB, 0xFDA6, 0x0888, 0x0888, 0x0888,
    0x0888, 0x0888, 0x0888, 0x0888, 0x0888, 0x0888, 0x0888, 0x0888,
    0x0888, 0x0888, 0x0888, 0x0888, 0x0888, 0x0888, 0x0888, 0x0888,
    0x0888, 0x0888, 0x0888, 0x0888, 0x0888, 0x0888, 0x0888, 0x0888,
    0x0888, 0x0888, 0x0888, 0x0888, 0x0888, 0x0888, 0x0888, 0x0888,
    0x0888, 0x0888, 0x0888, 0x0888, 0x0888, 0x0888, 0x0888, 0x0888,
    0x0888, 0x0888, 0x0888, 0xFFDA, 0xFDA6, 0xFDA6, 0xFFFF, 0xFFBB,
    0xFFBB, 0xFDA6, 0x0888, 0x0888, 0x0888, 0x0888, 0x0888, 0xFFDA,
    0xFFDA, 0xFDA6, 0xFDA6, 0xFDA6, 0xFDA6, 0x0888, 0x0888, 0x0888,
    0x0888, 0x0888, 0x0888, 0x0888, 0x0888, 0x0888, 0x0888, 0x0888,
    0x0888, 0x0888, 0x0888, 0x0888, 0x0888, 0x0888, 0x0888, 0x0888,
    0x0888, 0x0888, 0x0888, 0x0888, 0x0888, 0x0888, 0x0888, 0x0888,
    0x0888, 0x0888, 0x0888, 0x0888, 0x0888, 0x0888, 0x0888, 0x0888,
    0x0888, 0x0888, 0x0888, 0x0888, 0x0888, 0x0888, 0x0888, 0x0888,
    0x0888, 0x0888, 0x0888, 0xFFDA, 0xFDA6, 0xFDA6, 0xFFFF, 0xFFBB,
    0xFFBB, 0xFDA6, 0x0888, 0x0888, 0x0888, 0x0888, 0x0888, 0xFFDA,
    0xFFDA, 0xFDA6, 0xFDA6, 0xFDA6, 0xFDA6, 0x0888, 0x0888, 0x0888,
    0x0888, 0x0888, 0x0888, 0x0888, 0x0888, 0x0888, 0x0888, 0x0888,
    0x0888, 0x0888, 0x0888, 0x0888, 0x0888, 0x0888, 0x0888, 0x0888,
    0x0888, 0x0888, 0x0888, 0x0888, 0x0888, 0x0888, 0x0888, 0x0888,
    0x0888, 0x0888, 0x0888, 0x0888, 0x0888, 0x0888, 0x0888, 0x0888,
    0x0888, 0x0888, 0x0888, 0x0888, 0x0888, 0x0888, 0x0888, 0x0888,
    0x0888, 0x0888, 0x0888, 0x0888, 0x0888, 0x0888, 0x0888, 0x0888,
    0x0888, 0x0888, 0x0888, 0x0888, 0x0888, 0x0888, 0x0888, 0x0888,
    0x0888, 0x0888, 0x0888, 0x0888, 0x0888, 0x0888, 0x0888, 0x0888,
    0x0888, 0x0888, 0x0888, 0x0888, 0x0888, 0x0888, 0x0888, 0x0888,
    0x0888, 0x0888, 0x0888, 0x0888, 0x0888, 0x0888, 0x0888, 0x0888,
    0x0888, 0x0888, 0x0888, 0x0888, 0x0888, 0x0888, 0x0888, 0x0888,
    0x0888, 0x0888, 0x0888, 0x0888, 0x0888, 0x0888, 0x0888, 0x0888,
    0x0888, 0x0888, 0x0888, 0x0888, 0x0888, 0x0888, 0x0888, 0x0888,
    0x0888, 0x0888, 0xFFDA, 0xFDA6, 0xFDA6, 0xFDA6, 0xFFFF, 0xFFFF,
    0xFFBB, 0xFDA6, 0x0888, 0x0888, 0xFFDA, 0xFFDA, 0xFDA6, 0xFDA6,
    0xFDA6, 0xFDA6, 0xFFFF, 0xFFBB, 0xFDA6, 0x0888, 0x0888, 0x0888,
    0x0888, 0x0888, 0x0888, 0x0888, 0x0888, 0x0888, 0x0888, 0x0888,
    0x0888, 0x0888, 0x0888, 0x0888, 0x0888, 0x0888, 0x0888, 0x0888,
    0x0888, 0x0888, 0x0888, 0x0888, 0x0888, 0x0888, 0x0888, 0x0888,
    0x0888, 0x0888, 0x0888, 0x0888, 0x0888, 0x0888, 0x0888, 0x0888,
    0x0888, 0x0888, 0x0888, 0x0888, 0x0888, 0x0888, 0x0888, 0x0888,
    0x0888, 0x0888, 0xFFDA, 0xFDA6, 0xFDA6, 0xFDA6, 0xFFFF, 0xFFBB,
    0xFFBB, 0xFDA6, 0x0888, 0x0888, 0x0888, 0xFFDA, 0xFFDA, 0xFDA6,
    0xFDA6, 0xFDA6, 0xFDA6, 0xFFBB, 0xFDA6, 0x0888, 0x0888, 0x0888,
    0x0888, 0x0888, 0x0888, 0x0888, 0x0888, 0x0888, 0x0888, 0x0888,
    0x0888, 0x0888, 0x0888, 0x0888, 0x0888, 0x0888, 0x0888, 0x0888,
    0x0888, 0x0888, 0x0888, 0x0888, 0x0888, 0x0888, 0x0888, 0x0888,
    0x0888, 0x0888, 0x0888, 0x0888, 0x0888, 0x0888, 0x0888, 0x0888,
    0x0888, 0x0888, 0x0888, 0x0888, 0x0888, 0x0888, 0x0888, 0x0888,
    0x0888, 0x0888, 0xFFDA, 0xFDA6, 0xFDA6, 0xFDA6, 0xFFFF, 0xFFBB,
    0xFFBB, 0xFDA6, 0x0888, 0x0888, 0x0888, 0xFFDA, 0xFFDA, 0xFDA6,
    0xFDA6, 0xFDA6, 0xFDA6, 0xFFBB, 0xFDA6, 0x0888, 0x0888, 0x0888,
    0x0888, 0x0888, 0x0888, 0x0888, 0x0888, 0x0888, 0x0888, 0x0888,
    0x0888, 0x0888, 0x0888, 0x0888, 0x0888, 0x0888, 0x0888, 0x0888,
    0x0888, 0x0888, 0x0888, 0x0888, 0x0888, 0x0888, 0x0888, 0x0888,
    0x0888, 0x0888, 0x0888, 0x0888, 0x0888, 0x0888, 0x0888, 0x0888,
    0x0888, 0x0888, 0x0888, 0x0888, 0x0888, 0x0888, 0x0888, 0x0888,
    0x0888, 0x0888, 0x0888, 0x0888, 0x0888, 0x0888, 0x0888, 0x0888,
    0x0888, 0x0888, 0x0888, 0x0888, 0x0888, 0x0888, 0x0888, 0x0888,
    0x0888, 0x0888, 0x0888, 0x0888, 0x0888, 0x0888, 0x0888, 0x0888,
    0x0888, 0x0888, 0x0888, 0x0888, 0x0888, 0x0888, 0x0888, 0x0888,
    0x0888, 0x0888, 0x0888, 0x0888, 0x0888, 0x0888, 0x0888, 0x0888,
    0x0888, 0x0888, 0x0888, 0x0888, 0x0888, 0x0888, 0x0888, 0x0888,
    0x0888, 0x0888, 0x0888, 0x0888, 0x0888, 0x0888, 0x0888, 0x0888,
    0x0888, 0x0888, 0x0888, 0x0888, 0x0888, 0x0888, 0x0888, 0x0888,
    0x0888, 0xFFDA, 0xFFDA, 0xFDA6, 0xFDA6, 0xFFFF, 0xFFFF, 0xFFFF,
    0xFFBB, 0xFDA6, 0xFDA6, 0xFDA6, 0xFDA6, 0xFFDA, 0xFFDA, 0xFDA6,
    0xFDA6, 0xFFFF, 0xFFFF, 0xFFBB, 0xFDA6, 0x0888, 0x0888, 0x0888,
    0x0888, 0x0888, 0x0888, 0x0888, 0x0888, 0x0888, 0x0888, 0x0888,
    0x0888, 0x0888, 0x0888, 0x0888, 0x0888, 0x0888, 0x0888, 0x0888,
    0x0888, 0x0888, 0x0888, 0x0888, 0x0888, 0x0888, 0x0888, 0x0888,
    0x0888, 0x0888, 0x0888, 0x0888, 0x0888, 0x0888, 0x0888, 0x0888,
    0x0888, 0x0888, 0x0888, 0x0888, 0x0888, 0x0888, 0x0888, 0x0888,
    0x0888, 0x0888, 0xFFDA, 0xFDA6, 0xFDA6, 0xFDA6, 0xFFFF, 0xFFFF,
    0xFFBB, 0xFDA6, 0x0888, 0x0888, 0xFFDA, 0xFFDA, 0xFDA6, 0xFDA6,
    0xFDA6, 0xFDA6, 0xFFFF, 0xFFBB, 0xFDA6, 0x0888, 0x0888, 0x0888,
    0x0888, 0x0888, 0x0888, 0x0888, 0x0888, 0x0888, 0x0888, 0x0888,
    0x0888, 0x0888, 0x0888, 0x0888, 0x0888, 0x0888, 0x0888, 0x0888,
    0x0888, 0x0888, 0x0888, 0x0888, 0x0888, 0x0888, 0x0888, 0x0888,
    0x0888, 0x0888, 0x0888, 0x0888, 0x0888, 0x0888, 0x0888, 0x0888,
    0x0888, 0x0888, 0x0888, 0x0888, 0x0888, 0x0888, 0x0888, 0x0888,
    0x0888, 0x0888, 0xFFDA, 0xFDA6, 0xFDA6, 0xFDA6, 0xFFFF, 0xFFFF,
    0xFFBB, 0xFDA6, 0x0888, 0x0888, 0xFFDA, 0xFFDA, 0xFDA6, 0xFDA6,
    0xFDA6, 0xFDA6, 0xFFFF, 0xFFBB, 0xFDA6, 0x0888, 0x0888, 0x0888,
    0x0888, 0x0888, 0x0888, 0x0888, 0x0888, 0x0888, 0x0888, 0x0888,
    0x0888, 0x0888, 0x0888, 0x0888, 0x0888, 0x0888, 0x0888, 0x0888,
    0x0888, 0x0888, 0x0888, 0x0888, 0x0888, 0x0888, 0x0888, 0x0888,
    0x0888, 0x0888, 0x0888, 0x0888, 0x0888, 0x0888, 0x0888, 0x0888,
    0x0888, 0x0888, 0x0888, 0x0888, 0x0888, 0x0888, 0x0888, 0x0888,
    0x0888, 0x0888, 0x0888, 0x0888, 0xFFDA, 0xFFDA, 0x0888, 0x0888,
    0x0888, 0x0888, 0x0888, 0x0888, 0x0888, 0x0888, 0x0888, 0x0888,
    0x0888, 0x0888, 0x0888, 0x0888, 0x0888, 0x0888, 0x0888, 0x0888,
    0x0888, 0x0888, 0x0888, 0x0888, 0x0888, 0x0888, 0x0888, 0x0888,
    0x0888, 0x0888, 0x0888, 0x0888, 0x0888, 0x0888, 0x0888, 0x0888,
    0x0888, 0x0888, 0x0888, 0x0888, 0x0888, 0x0888, 0x0888, 0x0888,
    0x0888, 0x0888, 0x0888, 0x0888, 0x0888, 0x0888, 0x0888, 0x0888,
    0x0888, 0x0888, 0x0888, 0x0888, 0x0888, 0x0888, 0x0888, 0x0888,
    0xFFDA, 0xFFDA, 0xFFDA, 0xFDA6, 0xFDA6, 0xFDA6, 0xFDA6, 0xFDA6,
    0xFDA6, 0xFDA6, 0xFDA6, 0xFDA6, 0xFDA6, 0xFDA6, 0xFDA6, 0xFFDA,
    0xFFDA, 0xFFFF, 0xFFFF, 0xFFBB, 0xFDA6, 0x0888, 0x0888, 0x0888,
    0x0888, 0x0888, 0x0888, 0x0888, 0x0888, 0x0888, 0x0888, 0x0888,
    0x0888, 0x0888, 0x0888, 0x0888, 0x0888, 0x0888, 0x0888, 0x0888,
    0x0888, 0x0888, 0x0888, 0x0888, 0x0888, 0x0888, 0x0888, 0x0888,
    0x0888, 0x0888, 0x0888, 0x0888, 0x0888, 0x0888, 0x0888, 0x0888,
    0x0888, 0x0888, 0x0888, 0x0888, 0x0888, 0x0888, 0x0888, 0x0888,
    0x0888, 0x0888, 0xFFDA, 0xFDA6, 0xFDA6, 0xFFFF, 0xFFFF, 0xFFFF,
    0xFFBB, 0xFDA6, 0xFDA6, 0xFDA6, 0xFDA6, 0xFFDA, 0xFFDA, 0xFDA6,
    0xFDA6, 0xFFFF, 0xFFFF, 0xFFBB, 0xFDA6, 0x0888, 0x0888, 0x0888,
    0x0888, 0x0888, 0x0888, 0x0888, 0x0888, 0x0888, 0x0888, 0x0888,
    0x0888, 0x0888, 0x0888, 0x0888, 0x0888, 0x0888, 0x0888, 0x0888,
    0x0888, 0x0888, 0x0888, 0x0888, 0x0888, 0x0888, 0x0888, 0x0888,
    0x0888, 0x0888, 0x0888, 0x0888, 0x0888, 0x0888, 0x0888, 0x0888,
    0x0888, 0x0888, 0x0888, 0x0888, 0x0888, 0x0888, 0x0888, 0x0888,
    0x0888, 0x0888, 0xFFDA, 0xFDA6, 0xFDA6, 0xFFFF, 0xFFFF, 0xFFFF,
    0xFFBB, 0xFDA6, 0xFDA6, 0xFDA6, 0xFDA6, 0xFFDA, 0xFFDA, 0xFDA6,
    0xFDA6, 0xFFFF, 0xFFFF, 0xFFBB, 0xFDA6, 0x0888, 0x0888, 0x0888,
    0x0888, 0x0888, 0x0888, 0x0888, 0x0888, 0x0888, 0x0888, 0x0888,
    0x0888, 0x0888, 0x0888, 0x0888, 0x0888, 0x0888, 0x0888, 0x0888,
    0x0888, 0x0888, 0x0888, 0x0888, 0x0888, 0x0888, 0x0888, 0x0888,
    0x0888, 0x0888, 0x0888, 0x0888, 0x0888, 0x0888, 0x0888, 0x0888,
    0x0888, 0x0888, 0x0888, 0x0888, 0x0888, 0x0888, 0x0888, 0x0888,
    0x0888, 0x0888, 0xFFDA, 0xFFDA, 0xFDA6, 0xFDA6, 0x0888, 0x0888,
    0x0888, 0x0888, 0x0888, 0x0888, 0x0888, 0x0888, 0x0888, 0x0888,
    0x0888, 0x0888, 0x0888, 0x0888, 0x0888, 0x0888, 0x0888, 0x0888,
    0x0888, 0x0888, 0x0888, 0x0888, 0x0888, 0x0888, 0x0888, 0x0888,
    0x0888, 0x0888, 0x0888, 0x0888, 0x0888, 0x0888, 0x0888, 0x0888,
    0x0888, 0x0888, 0x0888, 0x0888, 0x0888, 0x0888, 0x0888, 0x0888,
    0x0888, 0x0888, 0x0888, 0x0888, 0x0888, 0x0888, 0x0888, 0x0888,
    0x0888, 0x0888, 0x0888, 0x0888, 0x0888, 0xFFDA, 0xFFDA, 0xFFDA,
    0xFFDA, 0xFFDA, 0xFDA6, 0xFDA6, 0xFDA6, 0xFDA6, 0xFDA6, 0xFDA6,
    0xFDA6, 0xFDA6, 0xFDA6, 0xFDA6, 0xFDA6, 0xFDA6, 0xFDA6, 0xFDA6,
    0xFDA6, 0xFFDA, 0xFFFF, 0xFFBB, 0xFDA6, 0x0888, 0x0888, 0x0888,
    0x0888, 0x0888, 0x0888, 0x0888, 0x0888, 0x0888, 0x0888, 0x0888,
    0x0888, 0x0888, 0x0888, 0x0888, 0x0888, 0x0888, 0x0888, 0x0888,
    0x0888, 0x0888, 0x0888, 0x0888, 0x0888, 0x0888, 0x0888, 0x0888,
    0x0888, 0x0888, 0x0888, 0x0888, 0x0888, 0x0888, 0x0888, 0x0888,
    0x0888, 0x0888, 0x0888, 0x0888, 0x0888, 0x0888, 0x0888, 0x0888,
    0x0888, 0xFFDA, 0xFDA6, 0xFDA6, 0xFDA6, 0xFDA6, 0xFDA6, 0xFDA6,
    0xFDA6, 0xFDA6, 0xFDA6, 0xFDA6, 0xFDA6, 0xFDA6, 0xFDA6, 0xFFDA,
    0xFFDA, 0xFFFF, 0xFFFF, 0xFFBB, 0xFDA6, 0x0888, 0x0888, 0x0888,
    0x0888, 0x0888, 0x0888, 0x0888, 0x0888, 0x0888, 0x0888, 0x0888,
    0x0888, 0x0888, 0x0888, 0x0888, 0x0888, 0x0888, 0x0888, 0x0888,
    0x0888, 0x0888, 0x0888, 0x0888, 0x0888, 0x0888, 0x0888, 0x0888,
    0x0888, 0x0888, 0x0888, 0x0888, 0x0888, 0x0888, 0x0888, 0x0888,
    0x0888, 0x0888, 0x0888, 0x0888, 0x0888, 0x0888, 0x0888, 0x0888,
    0x0888, 0xFFDA, 0xFDA6, 0xFDA6, 0xFDA6, 0xFDA6, 0xFDA6, 0xFDA6,
    0xFDA6, 0xFDA6, 0xFDA6, 0xFDA6, 0xFDA6, 0xFDA6, 0xFDA6, 0xFFDA,
    0xFFDA, 0xFFFF, 0xFFFF, 0xFFBB, 0xFDA6, 0x0888, 0x0888, 0x0888,
    0x0888, 0x0888, 0x0888, 0x0888, 0x0888, 0x0888, 0x0888, 0x0888,
    0x0888, 0x0888, 0x0888, 0x0888, 0x0888, 0x0888, 0x0888, 0x0888,
    0x0888, 0x0888, 0x0888, 0x0888, 0x0888, 0x0888, 0x0888, 0x0888,
    0x0888, 0x0888, 0x0888, 0x0888, 0x0888, 0x0888, 0x0888, 0x0888,
    0x0888, 0x0888, 0x0888, 0x0888, 0x0888, 0x0888, 0x0888, 0x0888,
    0x0888, 0xFFDA, 0xFDA6, 0xFDA6, 0xFFBB, 0xFDA6, 0xFDA6, 0x0888,
    0x0888, 0x0888, 0x0888, 0x0888, 0x0888, 0x0888, 0x0888, 0x0888,
    0x0888, 0x0888, 0x0888, 0x0888, 0x0888, 0x0888, 0x0888, 0x0888,
    0x0888, 0x0888, 0x0888, 0x0888, 0x0888, 0x0888, 0x0888, 0x0888,
    0x0888, 0x0888, 0x0888, 0x0888, 0x0888, 0x0888, 0x0888, 0x0888,
    0x0888, 0x0888, 0x0888, 0x0888, 0x0888, 0x0888, 0x0888, 0x0888,
    0x0888, 0x0888, 0x0888, 0x0888, 0x0888, 0x0888, 0x0888, 0x0888,
    0x0888, 0xFFDA, 0xFFDA, 0xFFDA, 0xFFDA, 0xFFDA, 0xFFDA, 0xFFDA,
    0xFFDA, 0xFDA6, 0xFDA6, 0xFFDA, 0xFDA6, 0xFDA6, 0xFDA6, 0xFDA6,
    0xFDA6, 0xFDA6, 0xFDA6, 0xFDA6, 0xFDA6, 0xFDA6, 0xFDA6, 0xFDA6,
    0xFDA6, 0xFFDA, 0xFFDA, 0xFFBB, 0xFDA6, 0x0888, 0x0888, 0x0888,
    0x0888, 0x0888, 0x0888, 0x0888, 0x0888, 0x0888, 0x0888, 0x0888,
    0x0888, 0x0888, 0x0888, 0x0888, 0x0888, 0x0888, 0x0888, 0x0888,
    0x0888, 0x0888, 0x0888, 0x0888, 0x0888, 0x0888, 0x0888, 0x0888,
    0x0888, 0x0888, 0x0888, 0x0888, 0x0888, 0x0888, 0x0888, 0x0888,
    0x0888, 0x0888, 0x0888, 0x0888, 0x0888, 0x0888, 0x0888, 0xFFDA,
    0xFFDA, 0xFDA6, 0xFDA6, 0xFDA6, 0xFDA6, 0xFDA6, 0xFDA6, 0xFDA6,
    0xFDA6, 0xFDA6, 0xFDA6, 0xFDA6, 0xFDA6, 0xFDA6, 0xFDA6, 0xFDA6,
    0xFDA6, 0xFFDA, 0xFFFF, 0xFFBB, 0xFDA6, 0x0888, 0x0888, 0x0888,
    0x0888, 0x0888, 0x0888, 0x0888, 0x0888, 0x0888, 0x0888, 0x0888,
    0x0888, 0x0888, 0x0888, 0x0888, 0x0888, 0x0888, 0x0888, 0x0888,
    0x0888, 0x0888, 0x0888, 0x0888, 0x0888, 0x0888, 0x0888, 0x0888,
    0x0888, 0x0888, 0x0888, 0x0888, 0x0888, 0x0888, 0x0888, 0x0888,
    0x0888, 0x0888, 0x0888, 0x0888, 0x0888, 0x0888, 0x0888, 0x0888,
    0xFFDA, 0xFDA6, 0xFDA6, 0xFDA6, 0xFDA6, 0xFDA6, 0xFDA6, 0xFDA6,
    0xFDA6, 0xFDA6, 0xFDA6, 0xFDA6, 0xFDA6, 0xFDA6, 0xFDA6, 0xFDA6,
    0xFDA6, 0xFFDA, 0xFFFF, 0xFFBB, 0xFDA6, 0x0888, 0x0888, 0x0888,
    0x0888, 0x0888, 0x0888, 0x0888, 0x0888, 0x0888, 0x0888, 0x0888,
    0x0888, 0x0888, 0x0888, 0x0888, 0x0888, 0x0888, 0x0888, 0x0888,
    0x0888, 0x0888, 0x0888, 0x0888, 0x0888, 0x0888, 0x0888, 0x0888,
    0x0888, 0x0888, 0x0888, 0x0888, 0x0888, 0x0888, 0x0888, 0x0888,
    0x0888, 0x0888, 0x0888, 0x0888, 0x0888, 0x0888, 0x0888, 0x0888,
    0xFFDA, 0xFDA6, 0xFDA6, 0xFFBB, 0xFFBB, 0xFDA6, 0xFDA6, 0x0888,
    0x0888, 0x0888, 0x0888, 0x0888, 0x0888, 0x0888, 0x0888, 0x0888,
    0x0888, 0x0888, 0x0888, 0x0888, 0x0888, 0x0888, 0x0888, 0x0888,
    0x0888, 0x0888, 0x0888, 0x0888, 0x0888, 0x0888, 0x0888, 0x0888,
    0x0888, 0x0888, 0x0888, 0x0888, 0x0888, 0x0888, 0x0888, 0x0888,
    0x0888, 0x0888, 0x0888, 0x0888, 0x0888, 0x0888, 0x0888, 0x0888,
    0x0888, 0x0888, 0x0888, 0x0888, 0x0888, 0x0888, 0x0888, 0xFFDA,
    0xFFDA, 0xFFDA, 0xFFDA, 0xFFDA, 0xFFDA, 0xFFDA, 0xFFDA, 0xFFDA,
    0xFFDA, 0xFFDA, 0xFFDA, 0xFFDA, 0xFFDA, 0xFDA6, 0xFDA6, 0xFDA6,
    0xFDA6, 0xFDA6, 0xFDA6, 0xFDA6, 0xFDA6, 0xFDA6, 0xFDA6, 0xFDA6,
    0xFFDA, 0xFFDA, 0xFFDA, 0xFFDA, 0xFDA6, 0x0888, 0x0888, 0x0888,
    0x0888, 0x0888, 0x0888, 0x0888, 0x0888, 0x0888, 0x0888, 0x0888,
    0x0888, 0x0888, 0x0888, 0x0888, 0x0888, 0x0888, 0x0888, 0x0888,
    0x0888, 0x0888, 0x0888, 0x0888, 0x0888, 0x0888, 0x0888, 0x0888,
    0x0888, 0x0888, 0x0888, 0x0888, 0x0888, 0x0888, 0xFFDA, 0xFFDA,
    0xFFDA, 0x0888, 0x0888, 0x0888, 0x0888, 0xFFDA, 0xFFDA, 0xFFDA,
    0xFFDA, 0xFFDA, 0xFDA6, 0xFFDA, 0xFDA6, 0xFDA6, 0xFDA6, 0xFDA6,
    0xFDA6, 0xFDA6, 0xFDA6, 0xFDA6, 0xFDA6, 0xFDA6, 0xFDA6, 0xFDA6,
    0xFDA6, 0xFFDA, 0xFFDA, 0xFFBB, 0xFDA6, 0x0888, 0x0888, 0x0888,
    0x0888, 0x0888, 0x0888, 0x0888, 0x0888, 0x0888, 0x0888, 0x0888,
    0x0888, 0x0888, 0x0888, 0x0888, 0x0888, 0x0888, 0x0888, 0x0888,
    0x0888, 0x0888, 0x0888, 0x0888, 0x0888, 0x0888, 0x0888, 0x0888,
    0x0888, 0x0888, 0x0888, 0x0888, 0xFFDA, 0xFFDA, 0x0888, 0x0888,
    0x0888, 0x0888, 0x0888, 0x0888, 0x0888, 0x0888, 0xFFDA, 0xFFDA,
    0xFDA6, 0xFFDA, 0xFFDA, 0xFFDA, 0xFDA6, 0xFDA6, 0xFDA6, 0xFDA6,
    0xFDA6, 0xFDA6, 0xFDA6, 0xFDA6, 0xFDA6, 0xFDA6, 0xFDA6, 0xFDA6,
    0xFDA6, 0xFFDA, 0xFFDA, 0xFFBB, 0xFDA6, 0x0888, 0x0888, 0x0888,
    0x0888, 0x0888, 0x0888, 0x0888, 0x0888, 0x0888, 0x0888, 0x0888,
    0x0888, 0x0888, 0x0888, 0x0888, 0x0888, 0x0888, 0x0888, 0x0888,
    0x0888, 0x0888, 0x0888, 0x0888, 0x0888, 0x0888, 0x0888, 0x0888,
    0x0888, 0x0888, 0x0888, 0x0888, 0x0888, 0x0888, 0x0888, 0x0888,
    0x0888, 0x0888, 0x0888, 0x0888, 0x0888, 0x0888, 0x0888, 0xFFDA,
    0xFDA6, 0xFDA6, 0xFFFF, 0xFFFF, 0xFFBB, 0xFFBB, 0xFDA6, 0x0888,
    0x0888, 0x0888, 0x0888, 0x0888, 0x0888, 0x0888, 0x0888, 0x0888,
    0x0888, 0x0888, 0x0888, 0x0888, 0x0888, 0x0888, 0x0888, 0x0888,
    0x0888, 0x0888, 0x0888, 0x0888, 0x0888, 0x0888, 0x0888, 0x0888,
    0x0888, 0x0888, 0x0888, 0x0888, 0x0888, 0x0888, 0x0888, 0x0888,
    0x0888, 0x0888, 0x0888, 0x0888, 0x0888, 0x0888, 0x0888, 0x0888,
    0x0888, 0x0888, 0x0888, 0x0888, 0x0888, 0x0888, 0xFFDA, 0xFFDA,
    0xFFDA, 0xFFDA, 0xFDA6, 0xFDA6, 0xFDA6, 0xFDA6, 0xFFDA, 0xFFDA,
    0xFFDA, 0xFFDA, 0xFFDA, 0xFFDA, 0xFFDA, 0xFFDA, 0xFDA6, 0xFDA6,
    0xFDA6, 0xFDA6, 0xFDA6, 0xFDA6, 0xFDA6, 0xFDA6, 0xFDA6, 0xFFDA,
    0xFFDA, 0xFDA6, 0xFFDA, 0xFFDA, 0xFDA6, 0x0888, 0x0888, 0x0888,
    0x0888, 0x0888, 0x0888, 0x0888, 0x0888, 0x0888, 0x0888, 0x0888,
    0x0888, 0x0888, 0x0888, 0x0888, 0x0888, 0x0888, 0x0888, 0x0888,
    0x0888, 0x0888, 0x0888, 0x0888, 0x0888, 0x0888, 0x0888, 0x0888,
    0x0888, 0x0888, 0x0888, 0x0888, 0xFFDA, 0xFFDA, 0xFDA6, 0xFDA6,
    0xFDA6, 0xFFDA, 0xFFDA, 0xFFDA, 0xFFDA, 0xFFDA, 0xFFDA, 0xFFDA,
    0xFFDA, 0xFFDA, 0xFFDA, 0xFFDA, 0xFFDA, 0xFFDA, 0xFDA6, 0xFDA6,
    0xFDA6, 0xFDA6, 0xFDA6, 0xFDA6, 0xFDA6, 0xFDA6, 0xFDA6, 0xFDA6,
    0xFFDA, 0xFFDA, 0xFFDA, 0xFFDA, 0xFDA6, 0x0888, 0x0888, 0x0888,
    0x0888, 0x0888, 0x0888, 0x0888, 0x0888, 0x0888, 0x0888, 0x0888,
    0x0888, 0x0888, 0x0888, 0x0888, 0x0888, 0x0888, 0x0888, 0x0888,
    0x0888, 0x0888, 0x0888, 0x0888, 0x0888, 0x0888, 0x0888, 0x0888,
    0x0888, 0x0888, 0xFFDA, 0xFFDA, 0xFFDA, 0xFFDA, 0xFFDA, 0xFFDA,
    0x0888, 0x0888, 0x0888, 0x0888, 0xFFDA, 0xFFDA, 0xFFDA, 0xFFDA,
    0xFFDA, 0xFFDA, 0xFFDA, 0xFDA6, 0xFFDA, 0xFDA6, 0xFDA6, 0xFFDA,
    0xFDA6, 0xFDA6, 0xFDA6, 0xFDA6, 0xFDA6, 0xFDA6, 0xFDA6, 0xFFDA,
    0xFFDA, 0xFFDA, 0xFFDA, 0xFFDA, 0xFDA6, 0x0888, 0x0888, 0x0888,
    0x0888, 0x0888, 0x0888, 0x0888, 0x0888, 0x0888, 0x0888, 0x0888,
    0x0888, 0x0888, 0x0888, 0x0888, 0x0888, 0x0888, 0x0888, 0x0888,
    0x0888, 0x0888, 0x0888, 0x0888, 0x0888, 0x0888, 0x0888, 0x0888,
    0x0888, 0x0888, 0x0888, 0x0888, 0x0888, 0x0888, 0x0888, 0x0888,
    0x0888, 0x0888, 0x0888, 0x0888, 0x0888, 0x0888, 0xFFDA, 0xFDA6,
    0xFDA6, 0xFFFF, 0xFFFF, 0xFFFF, 0xFFBB, 0xFFBB, 0xFDA6, 0xFFDA,
    0xFFDA, 0xFFDA, 0xFFDA, 0xFFDA, 0xFFDA, 0xFFDA, 0x0888, 0x0888,
    0x0888, 0x0888, 0x0888, 0x0888, 0x0888, 0x0888, 0x0888, 0x0888,
    0x0888, 0x0888, 0x0888, 0x0888, 0x0888, 0x0888, 0x0888, 0x0888,
    0x0888, 0x0888, 0x0888, 0x0888, 0x0888, 0x0888, 0x0888, 0x0888,
    0x0888, 0x0888, 0x0888, 0x0888, 0x0888, 0x0888, 0x0888, 0xFFDA,
    0x0888, 0x0888, 0x0888, 0x0888, 0xFFDA, 0xFFDA, 0xFFDA, 0xFFDA,
    0xFFDA, 0xFFDA, 0xFDA6, 0xFDA6, 0xFDA6, 0xFDA6, 0xFDA6, 0xFFDA,
    0xFDA6, 0xFFDA, 0xFFDA, 0xFFDA, 0xFFDA, 0xFFDA, 0xFDA6, 0xFFDA,
    0xFDA6, 0xFDA6, 0xFDA6, 0xFDA6, 0xFFDA, 0xFDA6, 0xFFDA, 0xFFDA,
    0xFFDA, 0xFFDA, 0xFFDA, 0xFDA6, 0xFDA6, 0x0888, 0x0888, 0x0888,
    0x0888, 0x0888, 0x0888, 0x0888, 0x0888, 0x0888, 0x0888, 0x0888,
    0x0888, 0x0888, 0x0888, 0x0888, 0x0888, 0x0888, 0x0888, 0x0888,
    0x0888, 0x0888, 0x0888, 0x0888, 0x0888, 0x0888, 0x0888, 0x0888,
    0x0888, 0x0888, 0x0888, 0xFFDA, 0xFFDA, 0xFFDA, 0xFDA6, 0xFDA6,
    0xFDA6, 0xFDA6, 0xFDA6, 0xFDA6, 0xFDA6, 0xFFDA, 0xFFDA, 0xFFDA,
    0xFFDA, 0xFFDA, 0xFFDA, 0xFFDA, 0xFFDA, 0xFFDA, 0xFDA6, 0xFDA6,
    0xFDA6, 0xFDA6, 0xFDA6, 0xFDA6, 0xFDA6, 0xFDA6, 0xFDA6, 0xFFDA,
    0xFDA6, 0xFFDA, 0xFFDA, 0xFFDA, 0xFDA6, 0x0888, 0x0888, 0x0888,
    0x0888, 0x0888, 0x0888, 0x0888, 0x0888, 0x0888, 0x0888, 0x0888,
    0x0888, 0x0888, 0x0888, 0x0888, 0x0888, 0x0888, 0x0888, 0x0888,
    0x0888, 0x0888, 0x0888, 0x0888, 0x0888, 0x0888, 0x0888, 0x0888,
    0x0888, 0xFFDA, 0xFFDA, 0xFFDA, 0xFDA6, 0xFDA6, 0xFDA6, 0xFDA6,
    0xFFDA, 0xFFDA, 0xFFDA, 0xFFDA, 0xFFDA, 0xFFDA, 0xFFDA, 0xFFDA,
    0xFFDA, 0xFFDA, 0xFFDA, 0xFFDA, 0xFFDA, 0xFFDA, 0xFDA6, 0xFFDA,
    0xFDA6, 0xFDA6, 0xFDA6, 0xFDA6, 0xFDA6, 0xFDA6, 0xFDA6, 0xFDA6,
    0xFFDA, 0xFFDA, 0xFDA6, 0xFFDA, 0xFDA6, 0x0888, 0x0888, 0x0888,
    0x0888, 0x0888, 0x0888, 0x0888, 0x0888, 0x0888, 0x0888, 0x0888,
    0x0888, 0x0888, 0x0888, 0x0888, 0x0888, 0x0888, 0x0888, 0x0888,
    0x0888, 0x0888, 0x0888, 0x0888, 0x0888, 0x0888, 0x0888, 0x0888,
    0x0888, 0x0888, 0x0888, 0x0888, 0x0888, 0x0888, 0x0888, 0x0888,
    0x0888, 0x0888, 0x0888, 0x0888, 0x0888, 0xFFDA, 0xFDA6, 0xFDA6,
    0xFDA6, 0xFFFF, 0xFFFF, 0xFDA6, 0xFDA6, 0xFDA6, 0xFDA6, 0xFDA6,
    0xFDA6, 0xFDA6, 0xFDA6, 0xFDA6, 0xFDA6, 0xFDA6, 0xFFDA, 0xFFDA,
    0xFFDA, 0xFFDA, 0xFFDA, 0xFFDA, 0xFFDA, 0x0888, 0x0888, 0x0888,
    0x0888, 0x0888, 0x0888, 0x0888, 0x0888, 0x0888, 0x0888, 0x0888,
    0x0888, 0x0888, 0x0888, 0x0888, 0x0888, 0x0888, 0x0888, 0x0888,
    0x0888, 0x0888, 0x0888, 0x0888, 0x0888, 0x0888, 0x0888, 0xFFDA,
    0x0888, 0x0888, 0x0888, 0xFFDA, 0xFFDA, 0xFDA6, 0xFDA6, 0xFFDA,
    0xFFDA, 0xFFDA, 0xFDA6, 0xFDA6, 0xFDA6, 0xFDA6, 0xFDA6, 0xFDA6,
    0xFFDA, 0xFFDA, 0xFFDA, 0xFFDA, 0xFFDA, 0xFFDA, 0xFFDA, 0xFFDA,
    0xFFDA, 0xFDA6, 0xFD87, 0xFFDA, 0xFFDA, 0xFFDA, 0xFFDA, 0xFDA6,
    0xFFDA, 0xFFDA, 0xFFDA, 0xFDA6, 0xFDA6, 0x0888, 0x0888, 0x0888,
    0x0888, 0x0888, 0x0888, 0x0888, 0x0888, 0x0888, 0x0888, 0x0888,
    0x0888, 0x0888, 0x0888, 0x0888, 0x0888, 0x0888, 0x0888, 0x0888,
    0x0888, 0x0888, 0x0888, 0x0888, 0x0888, 0x0888, 0x0888, 0x0888,
    0x0888, 0x0888, 0xFFDA, 0xFFDA, 0xFFDA, 0xFFDA, 0xFFDA, 0xFDA6,
    0xFDA6, 0xFDA6, 0xFDA6, 0xFDA6, 0xFDA6, 0xFDA6, 0xFDA6, 0xFDA6,
    0xFFDA, 0xFFDA, 0xFFDA, 0xFFDA, 0xFFDA, 0xFFDA, 0xFFDA, 0xFDA6,
    0xFFDA, 0xFDA6, 0xFDA6, 0xFDA6, 0xFDA6, 0xFDA6, 0xFFDA, 0xFFDA,
    0xFFDA, 0xFFDA, 0xFFDA, 0xFDA6, 0xFDA6, 0x0888, 0x0888, 0x0888,
    0x0888, 0x0888, 0x0888, 0x0888, 0x0888, 0x0888, 0x0888, 0x0888,
    0x0888, 0x0888, 0x0888, 0x0888, 0x0888, 0x0888, 0x0888, 0x0888,
    0x0888, 0x0888, 0x0888, 0x0888, 0x0888, 0x0888, 0x0888, 0x0888,
    0xFFDA, 0xFFDA, 0xFFDA, 0xFFDA, 0xFDA6, 0xFDA6, 0xFDA6, 0xFDA6,
    0xFDA6, 0xFDA6, 0xFDA6, 0xFFDA, 0xFFDA, 0xFDA6, 0xFDA6, 0xFDA6,
    0xFDA6, 0xFFDA, 0xFFDA, 0xFFDA, 0xFFDA, 0xFFDA, 0xFFDA, 0xFFDA,
    0xFDA6, 0xFDA6, 0xFDA6, 0xFDA6, 0xFFDA, 0xFDA6, 0xFFDA, 0xFFDA,
    0xFFDA, 0xFFDA, 0xFFDA, 0xFDA6, 0xFDA6, 0x0888, 0x0888, 0x0888,
    0x0888, 0x0888, 0x0888, 0x0888, 0x0888, 0x0888, 0x0888, 0x0888,
    0x0888, 0x0888, 0x0888, 0x0888, 0x0888, 0x0888, 0x0888, 0x0888,
    0x0888, 0x0888, 0x0888, 0x0888, 0x0888, 0x0888, 0x0888, 0x0888,
    0x0888, 0x0888, 0x0888, 0x0888, 0x0888, 0x0888, 0x0888, 0x0888,
    0x0888, 0x0888, 0x0888, 0x0888, 0xFFDA, 0xFDA6, 0xFDA6, 0xFDA6,
    0xFFFF, 0xFDA6, 0xFDA6, 0xFDA6, 0xFDA6, 0xFDA6, 0xFDA6, 0xFDA6,
    0xFDA6, 0xFDA6, 0xFFDA, 0xFFDA, 0xFDA6, 0xFDA6, 0xFDA6, 0xFDA6,
    0xFDA6, 0xFDA6, 0xFDA6, 0xFDA6, 0xFDA6, 0xFDA6, 0x0888, 0x0888,
    0x0888, 0x0888, 0x0888, 0x0888, 0x0888, 0x0888, 0x0888, 0x0888,
    0x0888, 0x0888, 0x0888, 0x0888, 0x0888, 0x0888, 0x0888, 0x0888,
    0x0888, 0x0888, 0x0888, 0x0888, 0x0888, 0x0888, 0x0888, 0x0888,
    0xFFDA, 0xFFDA, 0xFDA6, 0xFDA6, 0xFDA6, 0xFDA6, 0xFDA6, 0xFFDA,
    0xFFDA, 0xFFDA, 0xFDA6, 0xFDA6, 0xFDA6, 0xFDA6, 0xFDA6, 0xFDA6,
    0xFDA6, 0xFFDA, 0xFFDA, 0xFDA6, 0xFDA6, 0xFFDA, 0xFFDA, 0xFFDA,
    0xFFDA, 0xFDA6, 0xFD87, 0xFFEB, 0xFFDA, 0xFFDA, 0xFFDA, 0xFD87,
    0xFDA6, 0xFDA6, 0xFDA6, 0xFDA6, 0xFDA6, 0x0888, 0x0888, 0x0888,
    0x0888, 0x0888, 0x0888, 0x0888, 0x0888, 0x0888, 0x0888, 0x0888,
    0x0888, 0x0888, 0x0888, 0x0888, 0x0888, 0x0888, 0x0888, 0x0888,
    0x0888, 0x0888, 0x0888, 0x0888, 0x0888, 0x0888, 0x0888, 0x0888,
    0x0888, 0xFFDA, 0xFDA6, 0xFDA6, 0xFFDA, 0xFFDA, 0xFFDA, 0xFDA6,
    0xFDA6, 0xFDA6, 0xFDA6, 0xFDA6, 0xFDA6, 0xFDA6, 0xFDA6, 0xFDA6,
    0xFDA6, 0xFFDA, 0xFFDA, 0xFDA6, 0xFFDA, 0xFFDA, 0xFFDA, 0xFFDA,
    0xFFDA, 0xFDA6, 0xFD87, 0xFFDA, 0xFFDA, 0xFFDA, 0xFFDA, 0xFFDA,
    0xFFDA, 0xFFDA, 0xFDA6, 0xFDA6, 0xFDA6, 0x0888, 0x0888, 0x0888,
    0x0888, 0x0888, 0x0888, 0x0888, 0x0888, 0x0888, 0x0888, 0x0888,
    0x0888, 0x0888, 0x0888, 0x0888, 0x0888, 0x0888, 0x0888, 0x0888,
    0x0888, 0x0888, 0x0888, 0x0888, 0x0888, 0x0888, 0x0888, 0xFFDA,
    0xFDA6, 0xFFDA, 0xFFDA, 0xFFDA, 0xFDA6, 0xFDA6, 0xFDA6, 0xFDA6,
    0xFDA6, 0xFDA6, 0xFDA6, 0xFDA6, 0xFDA6, 0xFDA6, 0xFDA6, 0xFDA6,
    0xFDA6, 0xFDA6, 0xFFDA, 0xFFDA, 0xFFDA, 0xFFDA, 0xFFDA, 0xFFDA,
    0xFFDA, 0xFDA6, 0xFD87, 0xFFDA, 0xFFDA, 0xFFDA, 0xFFDA, 0xFFDA,
    0xFFDA, 0xFFDA, 0xFDA6, 0xFFDA, 0xFDA6, 0x0888, 0x0888, 0x0888,
    0x0888, 0x0888, 0x0888, 0x0888, 0x0888, 0x0888, 0x0888, 0x0888,
    0x0888, 0x0888, 0x0888, 0x0888, 0x0888, 0x0888, 0x0888, 0x0888,
    0x0888, 0x0888, 0x0888, 0x0888, 0x0888, 0x0888, 0x0888, 0x0888,
    0x0888, 0x0888, 0x0888, 0x0888, 0x0888, 0x0888, 0x0888, 0x0888,
    0x0888, 0x0888, 0x0888, 0xFFDA, 0xFFDA, 0xFDA6, 0xFDA6, 0xFDA6,
    0xFDA6, 0xFDA6, 0xFDA6, 0xFDA6, 0xFDA6, 0xFDA6, 0xFDA6, 0xFDA6,
    0xFDA6, 0xFDA6, 0xFDA6, 0xFDA6, 0xFFDA, 0xFFFF, 0xFFFF, 0xFFFF,
    0xFFFF, 0xFFBB, 0xFFBB, 0xFFBB, 0xFDA6, 0x0888, 0x0888, 0x0888,
    0x0888, 0x0888, 0x0888, 0x0888, 0x0888, 0x0888, 0x0888, 0x0888,
    0x0888, 0x0888, 0x0888, 0x0888, 0x0888, 0x0888, 0x0888, 0x0888,
    0x0888, 0x0888, 0x0888, 0x0888, 0x0888, 0x0888, 0x0888, 0x0888,
    0x0888, 0xF945, 0xFDA6, 0xFDA6, 0xFDA6, 0xFDA6, 0xFDA6, 0xFFDA,
    0xFFDA, 0xFFDA, 0xFDA6, 0xFDA6, 0xFDA6, 0xFDA6, 0xFDA6, 0xFDA6,
    0xFDA6, 0xFDA6, 0xFDA6, 0xFDA6, 0xFDA6, 0xFDA6, 0xFDA6, 0xFDA6,
    0xFDA6, 0xFD87, 0xFFEB, 0xFFEB, 0xFDA6, 0xFDA6, 0xFD87, 0xFFEB,
    0xFD87, 0xFDA6, 0xFDA6, 0xFDA6, 0xFDA6, 0x0888, 0x0888, 0x0888,
    0x0888, 0x0888, 0x0888, 0x0888, 0x0888, 0x0888, 0x0888, 0x0888,
    0x0888, 0x0888, 0x0888, 0x0888, 0x0888, 0x0888, 0x0888, 0x0888,
    0x0888, 0x0888, 0x0888, 0x0888, 0x0888, 0x0888, 0xFFDA, 0xFFDA,
    0xFFDA, 0xFDA6, 0xFDA6, 0xF945, 0xFFDA, 0xFFDA, 0xFFDA, 0xFDA6,
    0xFDA6, 0xFDA6, 0xFDA6, 0xFDA6, 0xFDA6, 0xFDA6, 0xFDA6, 0xFDA6,
    0xFDA6, 0xFDA6, 0xFDA6, 0xFDA6, 0xFDA6, 0xFFDA, 0xFFDA, 0xFFDA,
    0xFFDA, 0xFDA6, 0xFD87, 0xFFEB, 0xFFDA, 0xFDA6, 0xFFDA, 0xFD87,
    0xFDA6, 0xFFDA, 0xFDA6, 0xFDA6, 0xFDA6, 0x0888, 0x0888, 0x0888,
    0x0888, 0x0888, 0x0888, 0x0888, 0x0888, 0x0888, 0x0888, 0x0888,
    0x0888, 0x0888, 0x0888, 0x0888, 0x0888, 0x0888, 0x0888, 0x0888,
    0x0888, 0x0888, 0x0888, 0x0888, 0x0888, 0x0888, 0x0888, 0x0888,
    0x0888, 0x0888, 0x0888, 0x0888, 0x0888, 0xFDA6, 0xFDA6, 0xFDA6,
    0xFDA6, 0xFDA6, 0xFDA6, 0xFDA6, 0xFDA6, 0xFDA6, 0xFDA6, 0xFDA6,
    0xFDA6, 0xFDA6, 0xFDA6, 0xFFDA, 0xFDA6, 0xFFDA, 0xFFDA, 0xFFDA,
    0xFFDA, 0xFDA6, 0xFD87, 0xFFEB, 0xFFDA, 0xFFDA, 0xFFDA, 0xFD87,
    0xFDA6, 0xFDA6, 0xFDA6, 0xFDA6, 0xFDA6, 0x0888, 0x0888, 0x0888,
    0x0888, 0x0888, 0x0888, 0x0888, 0x0888, 0x0888, 0x0888, 0x0888,
    0x0888, 0x0888, 0x0888, 0x0888, 0x0888, 0x0888, 0x0888, 0x0888,
    0x0888, 0x0888, 0x0888, 0x0888, 0x0888, 0x0888, 0x0888, 0x0888,
    0x0888, 0x0888, 0x0888, 0x0888, 0x0888, 0x0888, 0x0888, 0x0888,
    0x0888, 0x0888, 0xFFDA, 0xFFDA, 0xFFDA, 0xFDA6, 0xFDA6, 0xFDA6,
    0xFDA6, 0xFDA6, 0xFDA6, 0xFDA6, 0xFDA6, 0xFDA6, 0xFDA6, 0xFDA6,
    0xFDA6, 0xFDA6, 0xFDA6, 0xFDA6, 0xFFDA, 0xFFDA, 0xFFFF, 0xFFFF,
    0xFFBB, 0xFFBB, 0xFFBB, 0xFDA6, 0x0888, 0x0888, 0x0888, 0x0888,
    0x0888, 0x0888, 0x0888, 0x0888, 0x0888, 0x0888, 0x0888, 0x0888,
    0x0888, 0x0888, 0x0888, 0x0888, 0x0888, 0x0888, 0x0888, 0x0888,
    0x0888, 0x0888, 0x0888, 0x0888, 0x0888, 0x0888, 0x0888, 0x0888,
    0x0888, 0x0888, 0xF945, 0xFDA6, 0xFDA6, 0xFDA6, 0xFDA6, 0xFDA6,
    0xFFDA, 0xFDA6, 0xFDA6, 0xFDA6, 0xFDA6, 0xFDA6, 0xFDA6, 0xFDA6,
    0xFDA6, 0xFDA6, 0xFDA6, 0xFDA6, 0xFDA6, 0xFDA6, 0xFDA6, 0xFDA6,
    0xFD87, 0xFFEB, 0xFFEB, 0xFFEB, 0xFDA6, 0xFDA6, 0xFD87, 0xFFEB,
    0xFFEB, 0xFDA6, 0xFDA6, 0xFDA6, 0xFDA6, 0x0888, 0x0888, 0x0888,
    0x0888, 0x0888, 0x0888, 0x0888, 0x0888, 0x0888, 0x0888, 0x0888,
    0x0888, 0x0888, 0x0888, 0x0888, 0x0888, 0x0888, 0x0888, 0x0888,
    0x0888, 0x0888, 0x0888, 0x0888, 0x0888, 0x0888, 0x0888, 0xFDA6,
    0xFDA6, 0xF945, 0x0888, 0x0888, 0x0888, 0x0888, 0x0888, 0xFDA6,
    0xFDA6, 0xFDA6, 0xFDA6, 0xFDA6, 0xFDA6, 0xFDA6, 0xFDA6, 0xFDA6,
    0xFDA6, 0xFDA6, 0xFDA6, 0xFDA6, 0xFDA6, 0xFDA6, 0xFDA6, 0xFDA6,
    0xFDA6, 0xFD87, 0xFFEB, 0xFFEB, 0xFDA6, 0xFDA6, 0xFD87, 0xFFEB,
    0xFD87, 0xFDA6, 0xFDA6, 0xFDA6, 0xFDA6, 0x0888, 0x0888, 0x0888,
    0x0888, 0x0888, 0x0888, 0x0888, 0x0888, 0x0888, 0x0888, 0x0888,
    0x0888, 0x0888, 0x0888, 0x0888, 0x0888, 0x0888, 0x0888, 0x0888,
    0x0888, 0x0888, 0x0888, 0x0888, 0x0888, 0x0888, 0x0888, 0x0888,
    0x0888, 0x0888, 0x0888, 0x0888, 0x0888, 0x0888, 0x0888, 0xFDA6,
    0xFDA6, 0xFDA6, 0xFDA6, 0xFDA6, 0xFDA6, 0xFDA6, 0xFDA6, 0xFDA6,
    0xFDA6, 0xFDA6, 0xFDA6, 0xFDA6, 0xFDA6, 0xFDA6, 0xFDA6, 0xFDA6,
    0xFDA6, 0xFD87, 0xFFEB, 0xFFEB, 0xFDA6, 0xFDA6, 0xFD87, 0xFFEB,
    0xFD87, 0xFDA6, 0xFDA6, 0xFDA6, 0xFDA6, 0x0888, 0x0888, 0x0888,
    0x0888, 0x0888, 0x0888, 0x0888, 0x0888, 0x0888, 0x0888, 0x0888,
    0x0888, 0x0888, 0x0888, 0x0888, 0x0888, 0x0888, 0x0888, 0x0888,
    0x0888, 0x0888, 0x0888, 0x0888, 0x0888, 0x0888, 0x0888, 0x0888,
    0x0888, 0x0888, 0x0888, 0x0888, 0x0888, 0x0888, 0x0888, 0x0888,
    0x0888, 0xFFDA, 0xFFDA, 0xFFDA, 0xFFDA, 0xFFDA, 0xFFDA, 0xFFDA,
    0xFDA6, 0xFDA6, 0xFDA6, 0xFDA6, 0xFDA6, 0xFDA6, 0xFDA6, 0xFDA6,
    0xFDA6, 0xFDA6, 0xFDA6, 0xFFDA, 0xFFDA, 0xFFDA, 0xFFDA, 0xFFBB,
    0xFFBB, 0xFFBB, 0xFDA6, 0xFDA6, 0x0888, 0x0888, 0x0888, 0x0888,
    0x0888, 0x0888, 0x0888, 0x0888, 0x0888, 0x0888, 0x0888, 0x0888,
    0x0888, 0x0888, 0x0888, 0x0888, 0x0888, 0x0888, 0x0888, 0x0888,
    0x0888, 0x0888, 0x0888, 0x0888, 0x0888, 0x0888, 0x0888, 0x0888,
    0x0888, 0x0888, 0x0888, 0xF945, 0xF945, 0xF945, 0xF945, 0xFDA6,
    0xFFDA, 0xFDA6, 0xFDA6, 0xF945, 0xF945, 0xF945, 0xF945, 0xF945,
    0xFDA6, 0xFDA6, 0xFDA6, 0xFDA6, 0xFDA6, 0xFDA6, 0xFDA6, 0xF945,
    0xFFEB, 0xFFEB, 0xFFEB, 0xFFEB, 0xFDA6, 0xFD87, 0xFFEB, 0xFFEB,
    0xF000, 0xF000, 0xFDA6, 0xFDA6, 0xFDA6, 0x0888, 0x0888, 0x0888,
    0x0888, 0x0888, 0x0888, 0x0888, 0x0888, 0x0888, 0x0888, 0x0888,
    0x0888, 0x0888, 0x0888, 0x0888, 0x0888, 0x0888, 0x0888, 0x0888,
    0x0888, 0x0888, 0x0888, 0x0888, 0x0888, 0x0888, 0x0888, 0x0888,
    0x0888, 0x0888, 0x0888, 0x0888, 0x0888, 0xFFDA, 0xFFDA, 0xF945,
    0xF945, 0xF945, 0xFDA6, 0xFDA6, 0xFDA6, 0xFDA6, 0xFDA6, 0xFDA6,
    0xFDA6, 0xFDA6, 0xFDA6, 0xFDA6, 0xF945, 0xFDA6, 0xFDA6, 0xFDA6,
    0xFD87, 0xFFEB, 0xFFEB, 0xFFEB, 0xFDA6, 0xFDA6, 0xFD87, 0xFFEB,
    0xFFEB, 0xFDA6, 0xFDA6, 0xFDA6, 0xFDA6, 0x0888, 0x0888, 0x0888,
    0x0888, 0x0888, 0x0888, 0x0888, 0x0888, 0x0888, 0x0888, 0x0888,
    0x0888, 0x0888, 0x0888, 0x0888, 0x0888, 0x0888, 0x0888, 0x0888,
    0x0888, 0x0888, 0x0888, 0x0888, 0x0888, 0x0888, 0x0888, 0x0888,
    0x0888, 0x0888, 0x0888, 0xFFDA, 0xFFDA, 0xFDA6, 0xFDA6, 0xFDA6,
    0xFDA6, 0xFDA6, 0xFDA6, 0xFDA6, 0xFDA6, 0xFDA6, 0xFDA6, 0xFDA6,
    0xFDA6, 0xFDA6, 0xFDA6, 0xFDA6, 0xFDA6, 0xFDA6, 0xFDA6, 0xFDA6,
    0xFD87, 0xFFEB, 0xFFEB, 0xFFEB, 0xFDA6, 0xFDA6, 0xFD87, 0xFFEB,
    0xFFEB, 0xFDA6, 0xFDA6, 0xFDA6, 0xFDA6, 0x0888, 0x0888, 0x0888,
    0x0888, 0x0888, 0x0888, 0x0888, 0x0888, 0x0888, 0x0888, 0x0888,
    0x0888, 0x0888, 0x0888, 0x0888, 0x0888, 0x0888, 0x0888, 0x0888,
    0x0888, 0x0888, 0x0888, 0x0888, 0x0888, 0x0888, 0x0888, 0x0888,
    0x0888, 0x0888, 0x0888, 0x0888, 0x0888, 0x0888, 0x0888, 0x0888,
    0xFFDA, 0xFFDA, 0xFFDA, 0xFFDA, 0xFFDA, 0xFFDA, 0xFFDA, 0xFFDA,
    0xFFDA, 0xFDA6, 0xFDA6, 0xFDA6, 0xFDA6, 0xFDA6, 0xFDA6, 0xFDA6,
    0xFDA6, 0xFFDA, 0xFDA6, 0xFFDA, 0xFFDA, 0xFFDA, 0xFFDA, 0xFFBB,
    0xFDA6, 0xFDA6, 0x0888, 0x0888, 0x0888, 0x0888, 0x0888, 0x0888,
    0x0888, 0x0888, 0x0888, 0x0888, 0x0888, 0x0888, 0x0888, 0x0888,
    0x0888, 0x0888, 0x0888, 0x0888, 0x0888, 0x0888, 0x0888, 0x0888,
    0x0888, 0x0888, 0x0888, 0x0888, 0x0888, 0x0888, 0x0888, 0x0888,
    0x0888, 0x0888, 0x0888, 0x0888, 0xF945, 0xF945, 0xFDA6, 0xFDA6,
    0xFDA6, 0xFDA6, 0xF945, 0xF945, 0xF945, 0xF945, 0xF945, 0xF945,
    0xF945, 0xF945, 0xF945, 0xF945, 0xF945, 0xF945, 0xF945, 0xFFEB,
    0xF000, 0xF000, 0xFFEB, 0xFFEB, 0xFD87, 0xFFEB, 0xFFEB, 0xFFEB,
    0xF000, 0xF000, 0xFDA6, 0xFDA6, 0xFDA6, 0x0888, 0x0888, 0x0888,
    0x0888, 0x0888, 0x0888, 0x0888, 0x0888, 0x0888, 0x0888, 0x0888,
    0x0888, 0x0888, 0x0888, 0x0888, 0x0888, 0x0888, 0x0888, 0x0888,
    0x0888, 0x0888, 0x0888, 0x0888, 0x0888, 0x0888, 0x0888, 0x0888,
    0x0888, 0x0888, 0x0888, 0xFDA6, 0xFFDA, 0xFFDA, 0xF945, 0xF945,
    0xF945, 0xF945, 0xF945, 0xF945, 0xFDA6, 0xFDA6, 0xFDA6, 0xFDA6,
    0xFDA6, 0xFDA6, 0xFDA6, 0xF945, 0xFDA6, 0xFDA6, 0xFDA6, 0xF945,
    0xFFEB, 0xFFEB, 0xFFEB, 0xFFEB, 0xFDA6, 0xFD87, 0xFFEB, 0xFFEB,
    0xF000, 0xF000, 0xFDA6, 0xFDA6, 0xFDA6, 0x0888, 0x0888, 0x0888,
    0x0888, 0x0888, 0x0888, 0x0888, 0x0888, 0x0888, 0x0888, 0x0888,
    0x0888, 0x0888, 0x0888, 0x0888, 0x0888, 0x0888, 0x0888, 0x0888,
    0x0888, 0x0888, 0x0888, 0x0888, 0x0888, 0x0888, 0x0888, 0x0888,
    0x0888, 0xFDA6, 0xFFDA, 0xFFDA, 0xF945, 0xF945, 0xF945, 0xFDA6,
    0xFDA6, 0xFDA6, 0xFDA6, 0xFDA6, 0xFDA6, 0xFDA6, 0xFDA6, 0xFDA6,
    0xFDA6, 0xFDA6, 0xFDA6, 0xFDA6, 0xFDA6, 0xFDA6, 0xFDA6, 0xF945,
    0xFFEB, 0xFFEB, 0xFFEB, 0xFFEB, 0xFDA6, 0xFD87, 0xFFEB, 0xFFEB,
    0xF000, 0xF000, 0xFDA6, 0xFDA6, 0xFDA6, 0x0888, 0x0888, 0x0888,
    0x0888, 0x0888, 0x0888, 0x0888, 0x0888, 0x0888, 0x0888, 0x0888,
    0x0888, 0x0888, 0x0888, 0x0888, 0x0888, 0x0888, 0x0888, 0x0888,
    0x0888, 0x0888, 0x0888, 0x0888, 0x0888, 0x0888, 0x0888, 0x0888,
    0x0888, 0x0888, 0x0888, 0x0888, 0x0888, 0x0888, 0xFFDA, 0xFFDA,
    0xFDA6, 0xFDA6, 0xFFDA, 0xFFDA, 0xFFDA, 0xFDA6, 0xFFDA, 0xFFDA,
    0xFFDA, 0xFFDA, 0xFDA6, 0xFDA6, 0xFDA6, 0xFDA6, 0xFDA6, 0xFDA6,
    0xFDA6, 0xFFDA, 0xFFDA, 0xFFDA, 0xFDA6, 0xFFDA, 0xFDA6, 0xFDA6,
    0x0888, 0x0888, 0x0888, 0x0888, 0x0888, 0x0888, 0x0888, 0x0888,
    0x0888, 0x0888, 0x0888, 0x0888, 0x0888, 0x0888, 0x0888, 0x0888,
    0x0888, 0x0888, 0x0888, 0x0888, 0x0888, 0x0888, 0x0888, 0x0888,
    0x0888, 0x0888, 0x0888, 0x0888, 0x0888, 0x0888, 0x0888, 0x0888,
    0x0888, 0xFDA6, 0x0888, 0x0888, 0xFDA6, 0xFDA6, 0xFDA6, 0xFDA6,
    0xFDA6, 0xF945, 0xF945, 0xF945, 0xF945, 0xF945, 0xF945, 0xF945,
    0xFD87, 0xFD87, 0xFD87, 0xF945, 0xF945, 0xFFEB, 0xFFEB, 0xFFEB,
    0xF000, 0xF000, 0xFFEB, 0xFFEB, 0xFFEB, 0xFFEB, 0xFFEB, 0xFFEB,
    0xF000, 0xF000, 0xFDA6, 0xFDA6, 0x0888, 0x0888, 0x0888, 0x0888,
    0x0888, 0x0888, 0x0888, 0x0888, 0x0888, 0x0888, 0x0888, 0x0888,
    0x0888, 0x0888, 0x0888, 0x0888, 0x0888, 0x0888, 0x0888, 0x0888,
    0x0888, 0x0888, 0x0888, 0x0888, 0x0888, 0x0888, 0x0888, 0x0888,
    0x0888, 0xFDA6, 0xFDA6, 0xFDA6, 0xF945, 0xF945, 0xF945, 0xF945,
    0xF945, 0xF945, 0xF945, 0xF945, 0xF945, 0xF945, 0xFDA6, 0xFDA6,
    0xFDA6, 0xFDA6, 0xF945, 0xF945, 0xF945, 0xF945, 0xF945, 0xFFEB,
    0xF000, 0xF000, 0xFFEB, 0xFFEB, 0xFD87, 0xFFEB, 0xFFEB, 0xFFEB,
    0xF000, 0xF000, 0xFDA6, 0xFDA6, 0xFDA6, 0x0888, 0x0888, 0x0888,
    0x0888, 0x0888, 0x0888, 0x0888, 0x0888, 0x0888, 0x0888, 0x0888,
    0x0888, 0x0888, 0x0888, 0x0888, 0x0888, 0x0888, 0x0888, 0x0888,
    0x0888, 0x0888, 0x0888, 0x0888, 0x0888, 0x0888, 0x0888, 0x0888,
    0x0888, 0x0888, 0xF945, 0xF945, 0xF945, 0xF945, 0xF945, 0xF945,
    0xF945, 0xF945, 0xFDA6, 0xFDA6, 0xFDA6, 0xFDA6, 0xFDA6, 0xFDA6,
    0xFDA6, 0xFDA6, 0xFDA6, 0xFDA6, 0xF945, 0xF945, 0xF945, 0xFFEB,
    0xF000, 0xF000, 0xFFEB, 0xFFEB, 0xFD87, 0xFFEB, 0xFFEB, 0xFFEB,
    0xF000, 0xF000, 0xFDA6, 0xFDA6, 0xFDA6, 0x0888, 0x0888, 0x0888,
    0x0888, 0x0888, 0x0888, 0x0888, 0x0888, 0x0888, 0x0888, 0x0888,
    0x0888, 0x0888, 0x0888, 0x0888, 0x0888, 0x0888, 0x0888, 0x0888,
    0x0888, 0x0888, 0x0888, 0x0888, 0x0888, 0x0888, 0x0888, 0x0888,
    0x0888, 0x0888, 0x0888, 0x0888, 0x0888, 0xFFDA, 0xFDA6, 0xFDA6,
    0xFDA6, 0xFDA6, 0xFDA6, 0xFDA6, 0xFDA6, 0xFDA6, 0xFDA6, 0xFDA6,
    0xFFDA, 0xFFDA, 0xFFDA, 0xFFDA, 0xFD87, 0xFFDA, 0xFFDA, 0xFFDA,
    0xFFDA, 0xFD87, 0xFD87, 0xFDA6, 0xFDA6, 0xFDA6, 0xFFDA, 0x0888,
    0x0888, 0x0888, 0x0888, 0x0888, 0x0888, 0x0888, 0x0888, 0x0888,
    0x0888, 0x0888, 0x0888, 0x0888, 0x0888, 0x0888, 0x0888, 0x0888,
    0x0888, 0x0888, 0x0888, 0x0888, 0x0888, 0x0888, 0x0888, 0x0888,
    0x0888, 0x0888, 0x0888, 0x0888, 0x0888, 0x0888, 0x0888, 0x0888,
    0x0888, 0x0888, 0xFDA6, 0xFDA6, 0xFDA6, 0xFDA6, 0xF945, 0xF945,
    0xF945, 0xF945, 0xF945, 0xF945, 0xF945, 0xF945, 0xF945, 0xF945,
    0xFD87, 0xFD87, 0xFD87, 0xF945, 0xFFEB, 0xFFEB, 0xFFEB, 0xFFEB,
    0xF000, 0xF000, 0xFFEB, 0xFFEB, 0xFFEB, 0xFFEB, 0xFFEB, 0xFFEB,
    0xF000, 0xF000, 0xFDA6, 0xF945, 0x0888, 0x0888, 0x0888, 0x0888,
    0x0888, 0x0888, 0x0888, 0x0888, 0x0888, 0x0888, 0x0888, 0x0888,
    0x0888, 0x0888, 0x0888, 0x0888, 0x0888, 0x0888, 0x0888, 0x0888,
    0x0888, 0x0888, 0x0888, 0x0888, 0x0888, 0x0888, 0x0888, 0x0888,
    0x0888, 0x0888, 0x0888, 0xF945, 0xF945, 0xF945, 0xF945, 0xF945,
    0xF945, 0xF945, 0xF945, 0xF945, 0xF945, 0xF945, 0xF945, 0xF945,
    0xFD87, 0xFD87, 0xFD87, 0xF945, 0xF945, 0xFFEB, 0xFFEB, 0xFFEB,
    0xF000, 0xF000, 0xFFEB, 0xFFEB, 0xFFEB, 0xFFEB, 0xFFEB, 0xFFEB,
    0xF000, 0xF000, 0xFDA6, 0xFDA6, 0x0888, 0x0888, 0x0888, 0x0888,
    0x0888, 0x0888, 0x0888, 0x0888, 0x0888, 0x0888, 0x0888, 0x0888,
    0x0888, 0x0888, 0x0888, 0x0888, 0x0888, 0x0888, 0x0888, 0x0888,
    0x0888, 0x0888, 0x0888, 0x0888, 0x0888, 0x0888, 0x0888, 0x0888,
    0x0888, 0x0888, 0x0888, 0x0888, 0x0888, 0x0888, 0xF945, 0xF945,
    0xF945, 0xF945, 0xF945, 0xF945, 0xF945, 0xFDA6, 0xFDA6, 0xFDA6,
    0xFDA6, 0xFDA6, 0xFD87, 0xF945, 0xF945, 0xFFEB, 0xFFEB, 0xFFEB,
    0xF000, 0xF000, 0xFFEB, 0xFFEB, 0xFFEB, 0xFFEB, 0xFFEB, 0xFFEB,
    0xF000, 0xF000, 0xFDA6, 0xFDA6, 0x0888, 0x0888, 0x0888, 0x0888,
    0x0888, 0x0888, 0x0888, 0x0888, 0x0888, 0x0888, 0x0888, 0x0888,
    0x0888, 0x0888, 0x0888, 0x0888, 0x0888, 0x0888, 0x0888, 0x0888,
    0x0888, 0x0888, 0x0888, 0x0888, 0x0888, 0x0888, 0x0888, 0x0888,
    0x0888, 0x0888, 0x0888, 0xFFDA, 0xFFDA, 0xFDA6, 0xFDA6, 0xFDA6,
    0xFDA6, 0xFDA6, 0xFDA6, 0xFDA6, 0xFDA6, 0xFDA6, 0xFDA6, 0xFDA6,
    0xFDA6, 0xFFDA, 0xFDA6, 0xFD87, 0xFFEB, 0xFFEB, 0xFDA6, 0xFFDA,
    0xFD87, 0xFFEB, 0xFFEB, 0xFD87, 0xFDA6, 0xFDA6, 0xFDA6, 0xFFDA,
    0x0888, 0x0888, 0x0888, 0x0888, 0x0888, 0x0888, 0x0888, 0x0888,
    0x0888, 0x0888, 0x0888, 0x0888, 0x0888, 0x0888, 0x0888, 0x0888,
    0x0888, 0x0888, 0x0888, 0x0888, 0x0888, 0x0888, 0x0888, 0x0888,
    0x0888, 0x0888, 0x0888, 0x0888, 0x0888, 0x0888, 0x0888, 0x0888,
    0x0888, 0x0888, 0x0888, 0xF945, 0xF945, 0xF945, 0xF945, 0xF945,
    0xF945, 0xF945, 0xF945, 0xF945, 0xF945, 0xF945, 0xF945, 0xF945,
    0xF945, 0xFD87, 0xFD87, 0xFFEB, 0xFFEB, 0xFFEB, 0xFFEB, 0xFFEB,
    0xF000, 0xF000, 0xFFEB, 0xFFEB, 0xFFEB, 0xFFEB, 0xFFEB, 0xFFEB,
    0xF000, 0xF000, 0xFDA6, 0xF945, 0x0888, 0x0888, 0x0888, 0x0888,
    0x0888, 0x0888, 0x0888, 0x0888, 0x0888, 0x0888, 0x0888, 0x0888,
    0x0888, 0x0888, 0x0888, 0x0888, 0x0888, 0x0888, 0x0888, 0x0888,
    0x0888, 0x0888, 0x0888, 0x0888, 0x0888, 0x0888, 0x0888, 0x0888,
    0x0888, 0x0888, 0x0888, 0x0888, 0x0888, 0xF945, 0xF945, 0xF945,
    0xF945, 0xF945, 0xF945, 0xF945, 0xF945, 0xF945, 0xF945, 0xF945,
    0xFD87, 0xFD87, 0xFD87, 0xF945, 0xFFEB, 0xFFEB, 0xFFEB, 0xFFEB,
    0xF000, 0xF000, 0xFFEB, 0xFFEB, 0xFFEB, 0xFFEB, 0xFFEB, 0xFFEB,
    0xF000, 0xF000, 0xFDA6, 0xF945, 0x0888, 0x0888, 0x0888, 0x0888,
    0x0888, 0x0888, 0x0888, 0x0888, 0x0888, 0x0888, 0x0888, 0x0888,
    0x0888, 0x0888, 0x0888, 0x0888, 0x0888, 0x0888, 0x0888, 0x0888,
    0x0888, 0x0888, 0x0888, 0x0888, 0x0888, 0x0888, 0x0888, 0x0888,
    0x0888, 0x0888, 0x0888, 0xF945, 0xF945, 0xF945, 0xF945, 0xF945,
    0xF945, 0xF945, 0xF945, 0xF945, 0xF945, 0xF945, 0xF945, 0xF945,
    0xFD87, 0xFD87, 0xFD87, 0xF945, 0xFFEB, 0xFFEB, 0xFFEB, 0xFFEB,
    0xF000, 0xF000, 0xFFEB, 0xFFEB, 0xFFEB, 0xFFEB, 0xFFEB, 0xFFEB,
    0xF000, 0xF000, 0xFDA6, 0xF945, 0x0888, 0x0888, 0x0888, 0x0888,
    0x0888, 0x0888, 0x0888, 0x0888, 0x0888, 0x0888, 0x0888, 0x0888,
    0x0888, 0x0888, 0x0888, 0x0888, 0x0888, 0x0888, 0x0888, 0x0888,
    0x0888, 0x0888, 0x0888, 0x0888, 0x0888, 0x0888, 0x0888, 0x0888,
    0x0888, 0x0888, 0xFFDA, 0xFDA6, 0xFDA6, 0xFDA6, 0xFDA6, 0xFDA6,
    0xFDA6, 0xFDA6, 0xFDA6, 0xFDA6, 0xFDA6, 0xFDA6, 0xFDA6, 0xFDA6,
    0xFDA6, 0xFDA6, 0xFD87, 0xFFEB, 0xFFEB, 0xFFEB, 0xFDA6, 0xFDA6,
    0xFD87, 0xFFEB, 0xFFEB, 0xFFEB, 0xFDA6, 0xFDA6, 0xFDA6, 0xFDA6,
    0xFFDA, 0x0888, 0x0888, 0x0888, 0x0888, 0x0888, 0x0888, 0x0888,
    0x0888, 0x0888, 0x0888, 0x0888, 0x0888, 0x0888, 0x0888, 0x0888,
    0x0888, 0x0888, 0x0888, 0x0888, 0x0888, 0x0888, 0x0888, 0x0888,
    0x0888, 0x0888, 0x0888, 0x0888, 0x0888, 0x0888, 0x0888, 0x0888,
    0x0888, 0x0888, 0xF945, 0xF945, 0xF945, 0xF945, 0xF945, 0xF945,
    0xF945, 0xF945, 0xF945, 0xF945, 0xF945, 0x0888, 0x0888, 0x0888,
    0xF945, 0xF945, 0xF945, 0xFFBB, 0xFFBB, 0xFFBB, 0xFFEB, 0xFFEB,
    0xF000, 0xF000, 0xFFEB, 0xFFEB, 0xFFEB, 0xFFEB, 0xFFEB, 0xFFEB,
    0xFFBB, 0xFFBB, 0xF945, 0x0888, 0x0888, 0x0888, 0x0888, 0x0888,
    0x0888, 0x0888, 0x0888, 0x0888, 0x0888, 0x0888, 0x0888, 0x0888,
    0x0888, 0x0888, 0x0888, 0x0888, 0x0888, 0x0888, 0x0888, 0x0888,
    0x0888, 0x0888, 0x0888, 0x0888, 0x0888, 0x0888, 0x0888, 0x0888,
    0x0888, 0x0888, 0x0888, 0xF945, 0xF945, 0xF945, 0xF945, 0xF945,
    0xF945, 0x0888, 0x0888, 0x0888, 0xF945, 0xF945, 0xF945, 0xF945,
    0xF945, 0xFD87, 0xFD87, 0xFFEB, 0xFFEB, 0xFFEB, 0xFFEB, 0xFFEB,
    0xF000, 0xF000, 0xFFEB, 0xFFEB, 0xFFEB, 0xFFEB, 0xFFEB, 0xFFEB,
    0xF000, 0xF000, 0xFDA6, 0xF945, 0x0888, 0x0888, 0x0888, 0x0888,
    0x0888, 0x0888, 0x0888, 0x0888, 0x0888, 0x0888, 0x0888, 0x0888,
    0x0888, 0x0888, 0x0888, 0x0888, 0x0888, 0x0888, 0x0888, 0x0888,
    0x0888, 0x0888, 0x0888, 0x0888, 0x0888, 0x0888, 0x0888, 0x0888,
    0x0888, 0x0888, 0x0888, 0x0888, 0x0888, 0x0888, 0xF945, 0xF945,
    0xF945, 0xF945, 0xF945, 0xF945, 0xF945, 0xF945, 0xF945, 0xF945,
    0xF945, 0xFD87, 0xFD87, 0xFFEB, 0xFFEB, 0xFFEB, 0xFFEB, 0xFFEB,
    0xF000, 0xF000, 0xFFEB, 0xFFEB, 0xFFEB, 0xFFEB, 0xFFEB, 0xFFEB,
    0xF000, 0xF000, 0xFDA6, 0xF945, 0x0888, 0x0888, 0x0888, 0x0888,
    0x0888, 0x0888, 0x0888, 0x0888, 0x0888, 0x0888, 0x0888, 0x0888,
    0x0888, 0x0888, 0x0888, 0x0888, 0x0888, 0x0888, 0x0888, 0x0888,
    0x0888, 0x0888, 0x0888, 0x0888, 0x0888, 0x0888, 0x0888, 0x0888,
    0x0888, 0xFFDA, 0xFDA6, 0xFDA6, 0xFDA6, 0xFDA6, 0xFDA6, 0xFDA6,
    0xFDA6, 0xFDA6, 0xFDA6, 0xFDA6, 0xFDA6, 0xFDA6, 0xFDA6, 0xFDA6,
    0xFDA6, 0xF945, 0xFFEB, 0xFFEB, 0xFFEB, 0xFFEB, 0xFDA6, 0xFD87,
    0xFFEB, 0xFFEB, 0xFFEB, 0xFFEB, 0xFFEB, 0xFDA6, 0xFDA6, 0xFDA6,
    0xFFDA, 0x0888, 0x0888, 0x0888, 0x0888, 0x0888, 0x0888, 0x0888,
    0x0888, 0x0888, 0x0888, 0x0888, 0x0888, 0x0888, 0x0888, 0x0888,
    0x0888, 0x0888, 0x0888, 0x0888, 0x0888, 0x0888, 0x0888, 0x0888,
    0x0888, 0x0888, 0x0888, 0x0888, 0x0888, 0x0888, 0x0888, 0x0888,
    0x0888, 0x0888, 0x0888, 0x0888, 0x0888, 0x0888, 0xF945, 0xF945,
    0xF945, 0xF945, 0x0888, 0x0888, 0xF945, 0x0888, 0x0888, 0x0888,
    0x0888, 0xF945, 0xF945, 0xFFBB, 0xFFBB, 0xFFBB, 0xFFBB, 0xFFEB,
    0xFFEB, 0xFFEB, 0xFFEB, 0xFFEB, 0xFFEB, 0xFFEB, 0xFFEB, 0xFFBB,
    0xFFBB, 0x0888, 0x0888, 0x0888, 0x0888, 0x0888, 0x0888, 0x0888,
    0x0888, 0x0888, 0x0888, 0x0888, 0x0888, 0x0888, 0x0888, 0x0888,
    0x0888, 0x0888, 0x0888, 0x0888, 0x0888, 0x0888, 0x0888, 0x0888,
    0x0888, 0x0888, 0x0888, 0x0888, 0x0888, 0x0888, 0x0888, 0x0888,
    0x0888, 0x0888, 0x0888, 0x0888, 0x0888, 0x0888, 0x0888, 0x0888,
    0x0888, 0x0888, 0x0888, 0x0888, 0x0888, 0x0888, 0x0888, 0xF945,
    0xF945, 0xF945, 0xF945, 0xFFBB, 0xFFBB, 0xFFBB, 0xFFEB, 0xFFEB,
    0xF000, 0xF000, 0xFFEB, 0xFFEB, 0xFFEB, 0xFFEB, 0xFFEB, 0xFFEB,
    0xFFBB, 0xFFBB, 0xF945, 0x0888, 0x0888, 0x0888, 0x0888, 0x0888,
    0x0888, 0x0888, 0x0888, 0x0888, 0x0888, 0x0888, 0x0888, 0x0888,
    0x0888, 0x0888, 0x0888, 0x0888, 0x0888, 0x0888, 0x0888, 0x0888,
    0x0888, 0x0888, 0x0888, 0x0888, 0x0888, 0x0888, 0x0888, 0x0888,
    0x0888, 0x0888, 0x0888, 0x0888, 0x0888, 0x0888, 0x0888, 0x0888,
    0x0888, 0x0888, 0x0888, 0xF945, 0xF945, 0xF945, 0xF945, 0xF945,
    0xF945, 0xF945, 0xF945, 0xFFBB, 0xFFBB, 0xFFBB, 0xFFEB, 0xFFEB,
    0xF000, 0xF000, 0xFFEB, 0xFFEB, 0xFFEB, 0xFFEB, 0xFFEB, 0xFFEB,
    0xFFBB, 0xFFBB, 0xF945, 0x0888, 0x0888, 0x0888, 0x0888, 0x0888,
    0x0888, 0x0888, 0x0888, 0x0888, 0x0888, 0x0888, 0x0888, 0x0888,
    0x0888, 0x0888, 0x0888, 0x0888, 0x0888, 0x0888, 0x0888, 0x0888,
    0x0888, 0x0888, 0x0888, 0x0888, 0x0888, 0x0888, 0x0888, 0x0888,
    0xFFDA, 0xFDA6, 0xFDA6, 0xFDA6, 0xFDA6, 0xFDA6, 0xFDA6, 0xFDA6,
    0xFDA6, 0xFDA6, 0xFDA6, 0xFDA6, 0xFDA6, 0xFDA6, 0xF945, 0xF945,
    0xF945, 0xFFEB, 0xFFEB, 0xFFEB, 0xFFEB, 0xFFEB, 0xFD87, 0xFFEB,
    0xFFEB, 0xFFEB, 0xFFEB, 0xFFEB, 0xFFEB, 0xF945, 0xFDA6, 0xFDA6,
    0xFDA6, 0xFFDA, 0x0888, 0x0888, 0x0888, 0x0888, 0x0888, 0x0888,
    0x0888, 0x0888, 0x0888, 0x0888, 0x0888, 0x0888, 0x0888, 0x0888,
    0x0888, 0x0888, 0x0888, 0x0888, 0x0888, 0x0888, 0x0888, 0x0888,
    0x0888, 0x0888, 0x0888, 0x0888, 0x0888, 0x0888, 0x0888, 0x0888,
    0x0888, 0x0888, 0x0888, 0x0888, 0x0888, 0x0888, 0x0888, 0x0888,
    0x0888, 0x0888, 0x0888, 0x0888, 0x0888, 0xF945, 0xF945, 0xF945,
    0xF945, 0xF945, 0xF945, 0xF945, 0xFFBB, 0xFFBB, 0xFFBB, 0xFFEB,
    0xFFEB, 0xFFEB, 0xFFEB, 0xFD87, 0xFD87, 0xFFEB, 0xFFEB, 0xFFBB,
    0x0888, 0x0888, 0x0888, 0x0888, 0x0888, 0x0888, 0x0888, 0x0888,
    0x0888, 0x0888, 0x0888, 0x0888, 0x0888, 0x0888, 0x0888, 0x0888,
    0x0888, 0x0888, 0x0888, 0x0888, 0x0888, 0x0888, 0x0888, 0x0888,
    0x0888, 0x0888, 0x0888, 0x0888, 0x0888, 0x0888, 0x0888, 0x0888,
    0x0888, 0x0888, 0x0888, 0x0888, 0x0888, 0x0888, 0x0888, 0x0888,
    0x0888, 0x0888, 0x0888, 0x0888, 0x0888, 0x0888, 0x0888, 0x0888,
    0x0888, 0xF945, 0xF945, 0xFFBB, 0xFFBB, 0xFFBB, 0xFFBB, 0xFFEB,
    0xFFEB, 0xFFEB, 0xFFEB, 0xFFEB, 0xFFEB, 0xFFEB, 0xFFEB, 0xFFBB,
    0xFFBB, 0x0888, 0x0888, 0x0888, 0x0888, 0x0888, 0x0888, 0x0888,
    0x0888, 0x0888, 0x0888, 0x0888, 0x0888, 0x0888, 0x0888, 0x0888,
    0x0888, 0x0888, 0x0888, 0x0888, 0x0888, 0x0888, 0x0888, 0x0888,
    0x0888, 0x0888, 0x0888, 0x0888, 0x0888, 0x0888, 0x0888, 0x0888,
    0x0888, 0x0888, 0x0888, 0x0888, 0x0888, 0x0888, 0x0888, 0x0888,
    0x0888, 0x0888, 0x0888, 0x0888, 0x0888, 0x0888, 0x0888, 0x0888,
    0xF945, 0xF945, 0xF945, 0xFFBB, 0xFFBB, 0xFFBB, 0xFFBB, 0xFFEB,
    0xFFEB, 0xFFEB, 0xFFEB, 0xFFEB, 0xFFEB, 0xFFEB, 0xFFEB, 0xFFBB,
    0xFFBB, 0x0888, 0x0888, 0x0888, 0x0888, 0x0888, 0x0888, 0x0888,
    0x0888, 0x0888, 0x0888, 0x0888, 0x0888, 0x0888, 0x0888, 0x0888,
    0x0888, 0x0888, 0x0888, 0x0888, 0x0888, 0x0888, 0x0888, 0x0888,
    0x0888, 0x0888, 0x0888, 0x0888, 0x0888, 0x0888, 0x0888, 0xFFDA,
    0xFDA6, 0xFDA6, 0xF945, 0x0888, 0xFDA6, 0xFDA6, 0xFDA6, 0xFDA6,
    0xFDA6, 0xFDA6, 0xFDA6, 0xFDA6, 0xF945, 0xF945, 0xF945, 0xF945,
    0xFFEB, 0xFFEB, 0xFFEB, 0xFFEB, 0xFFEB, 0xFFEB, 0xFFEB, 0xFFEB,
    0xFFEB, 0xFFEB, 0xFFEB, 0xFFEB, 0xFFEB, 0xF945, 0xF945, 0xF945,
    0xFDA6, 0xFFDA, 0x0888, 0x0888, 0x0888, 0x0888, 0x0888, 0x0888,
    0x0888, 0x0888, 0x0888, 0x0888, 0x0888, 0x0888, 0x0888, 0x0888,
    0x0888, 0x0888, 0x0888, 0x0888, 0x0888, 0x0888, 0x0888, 0x0888,
    0x0888, 0x0888, 0x0888, 0x0888, 0x0888, 0x0888, 0x0888, 0x0888,
    0x0888, 0x0888, 0x0888, 0x0888, 0x0888, 0x0888, 0x0888, 0x0888,
    0x0888, 0x0888, 0x0888, 0x0888, 0x0888, 0x0888, 0x0888, 0xF945,
    0xF945, 0xF945, 0xF347, 0xF347, 0xF347, 0xF347, 0xFFEB, 0xFFEB,
    0xFFEB, 0xFFEB, 0xFFEB, 0xFFEB, 0xFFEB, 0xFFEB, 0x0888, 0x0888,
    0x0888, 0x0888, 0x0888, 0x0888, 0x0888, 0x0888, 0x0888, 0x0888,
    0x0888, 0x0888, 0x0888, 0x0888, 0x0888, 0x0888, 0x0888, 0x0888,
    0x0888, 0x0888, 0x0888, 0x0888, 0x0888, 0x0888, 0x0888, 0x0888,
    0x0888, 0x0888, 0x0888, 0x0888, 0x0888, 0x0888, 0x0888, 0x0888,
    0x0888, 0x0888, 0x0888, 0x0888, 0x0888, 0x0888, 0x0888, 0x0888,
    0x0888, 0x0888, 0x0888, 0x0888, 0x0888, 0xF945, 0xF945, 0xF945,
    0xF945, 0xF945, 0xF945, 0xF945, 0xFFBB, 0xFFBB, 0xFFBB, 0xFFEB,
    0xFFEB, 0xFFEB, 0xFFEB, 0xFD87, 0xFD87, 0xFFEB, 0xFFEB, 0xFFBB,
    0x0888, 0x0888, 0x0888, 0x0888, 0x0888, 0x0888, 0x0888, 0x0888,
    0x0888, 0x0888, 0x0888, 0x0888, 0x0888, 0x0888, 0x0888, 0x0888,
    0x0888, 0x0888, 0x0888, 0x0888, 0x0888, 0x0888, 0x0888, 0x0888,
    0x0888, 0x0888, 0x0888, 0x0888, 0x0888, 0x0888, 0x0888, 0x0888,
    0x0888, 0x0888, 0x0888, 0x0888, 0x0888, 0x0888, 0x0888, 0x0888,
    0x0888, 0x0888, 0x0888, 0x0888, 0x0888, 0xF945, 0xF945, 0xF945,
    0xF945, 0xF945, 0xF945, 0xF945, 0xFFBB, 0xFFBB, 0xFFBB, 0xFFEB,
    0xFFEB, 0xFFEB, 0xFFEB, 0xFD87, 0xFD87, 0xFFEB, 0xFFEB, 0xFFBB,
    0x0888, 0x0888, 0x0888, 0x0888, 0x0888, 0x0888, 0x0888, 0x0888,
    0x0888, 0x0888, 0x0888, 0x0888, 0x0888, 0x0888, 0x0888, 0x0888,
    0x0888, 0x0888, 0x0888, 0x0888, 0x0888, 0x0888, 0x0888, 0x0888,
    0x0888, 0x0888, 0x0888, 0x0888, 0x0888, 0x0888, 0x0888, 0xFDA6,
    0xF945, 0x0888, 0x0888, 0xFDA6, 0xFDA6, 0xFDA6, 0xFDA6, 0xFDA6,
    0xFDA6, 0xFDA6, 0xFDA6, 0xFDA6, 0xF945, 0xF945, 0xF945, 0xFFEB,
    0xF000, 0xF000, 0xF000, 0xF000, 0xF000, 0xFFEB, 0xFFEB, 0xFFEB,
    0xFFEB, 0xF000, 0xF000, 0xF000, 0xF000, 0xF945, 0xF945, 0x0888,
    0x0888, 0xFDA6, 0xFFDA, 0x0888, 0x0888, 0x0888, 0x0888, 0x0888,
    0x0888, 0x0888, 0x0888, 0x0888, 0x0888, 0x0888, 0x0888, 0x0888,
    0x0888, 0x0888, 0x0888, 0x0888, 0x0888, 0x0888, 0x0888, 0x0888,
    0x0888, 0x0888, 0x0888, 0x0888, 0x0888, 0x0888, 0x0888, 0x0888,
    0x0888, 0x0888, 0x0888, 0x0888, 0x0888, 0x0888, 0x0888, 0x0888,
    0x0888, 0x0888, 0x0888, 0x0888, 0x0888, 0x0888, 0x0888, 0x0888,
    0x0888, 0xFFFF, 0xFFFF, 0xF347, 0xF347, 0xF347, 0xF945, 0xF945,
    0xF945, 0xF347, 0xF347, 0x0888, 0x0888, 0x0888, 0x0888, 0x0888,
    0x0888, 0x0888, 0x0888, 0x0888, 0x0888, 0x0888, 0x0888, 0x0888,
    0x0888, 0x0888, 0x0888, 0x0888, 0x0888, 0x0888, 0x0888, 0x0888,
    0x0888, 0x0888, 0x0888, 0x0888, 0x0888, 0x0888, 0x0888, 0x0888,
    0x0888, 0x0888, 0x0888, 0x0888, 0x0888, 0x0888, 0x0888, 0x0888,
    0x0888, 0x0888, 0x0888, 0x0888, 0x0888, 0x0888, 0x0888, 0x0888,
    0x0888, 0x0888, 0x0888, 0x0888, 0x0888, 0x0888, 0x0888, 0xF945,
    0xF945, 0xF945, 0xF347, 0xF347, 0xF347, 0xF347, 0xFFEB, 0xFFEB,
    0xFFEB, 0xFFEB, 0xFFEB, 0xFFEB, 0xFFEB, 0xFFEB, 0x0888, 0x0888,
    0x0888, 0x0888, 0x0888, 0x0888, 0x0888, 0x0888, 0x0888, 0x0888,
    0x0888, 0x0888, 0x0888, 0x0888, 0x0888, 0x0888, 0x0888, 0x0888,
    0x0888, 0x0888, 0x0888, 0x0888, 0x0888, 0x0888, 0x0888, 0x0888,
    0x0888, 0x0888, 0x0888, 0x0888, 0x0888, 0x0888, 0x0888, 0x0888,
    0x0888, 0x0888, 0x0888, 0x0888, 0x0888, 0x0888, 0x0888, 0x0888,
    0x0888, 0x0888, 0x0888, 0x0888, 0x0888, 0x0888, 0x0888, 0x0888,
    0x0888, 0xFFFF, 0xF347, 0xF347, 0xF347, 0xF347, 0xFFEB, 0xFFEB,
    0xFFEB, 0xFFEB, 0xFFEB, 0xFFEB, 0xFFEB, 0xFFEB, 0x0888, 0x0888,
    0x0888, 0x0888, 0x0888, 0x0888, 0x0888, 0x0888, 0x0888, 0x0888,
    0x0888, 0x0888, 0x0888, 0x0888, 0x0888, 0x0888, 0x0888, 0x0888,
    0x0888, 0x0888, 0x0888, 0x0888, 0x0888, 0x0888, 0x0888, 0x0888,
    0x0888, 0x0888, 0x0888, 0x0888, 0x0888, 0x0888, 0x0888, 0x0888,
    0x0888, 0x0888, 0x0888, 0xFDA6, 0xFDA6, 0xFDA6, 0xFDA6, 0xFDA6,
    0xF945, 0xFDA6, 0xFDA6, 0xF945, 0xF945, 0xFD87, 0xFD87, 0xFFEB,
    0xF000, 0xF000, 0xF000, 0xF000, 0xFFEB, 0xFFEB, 0xFFEB, 0xFFEB,
    0xFFEB, 0xF000, 0xF000, 0xF000, 0xFFEB, 0xF945, 0xF945, 0x0888,
    0x0888, 0x0888, 0xFFDA, 0x0888, 0x0888, 0x0888, 0x0888, 0x0888,
    0x0888, 0x0888, 0x0888, 0x0888, 0x0888, 0x0888, 0x0888, 0x0888,
    0x0888, 0x0888, 0x0888, 0x0888, 0x0888, 0x0888, 0x0888, 0x0888,
    0x0888, 0x0888, 0x0888, 0x0888, 0x0888, 0x0888, 0x0888, 0x0888,
    0x0888, 0x0888, 0x0888, 0x0888, 0x0888, 0x0888, 0x0888, 0x0888,
    0x0888, 0x0888, 0x0888, 0x0888, 0x0888, 0x0888, 0x0888, 0x0888,
    0xFFFF, 0xFFFF, 0xFFFF, 0xFFFF, 0xF347, 0xF347, 0xF347, 0xF945,
    0xF347, 0xF347, 0xF347, 0xF9CE, 0x0888, 0x0888, 0x0888, 0x0888,
    0x0888, 0x0888, 0x0888, 0x0888, 0x0888, 0x0888, 0x0888, 0x0888,
    0x0888, 0x0888, 0x0888, 0x0888, 0x0888, 0x0888, 0x0888, 0x0888,
    0x0888, 0x0888, 0x0888, 0x0888, 0x0888, 0x0888, 0x0888, 0x0888,
    0x0888, 0x0888, 0x0888, 0x0888, 0x0888, 0x0888, 0x0888, 0x0888,
    0x0888, 0x0888, 0x0888, 0x0888, 0x0888, 0x0888, 0x0888, 0x0888,
    0x0888, 0x0888, 0x0888, 0x0888, 0x0888, 0x0888, 0x0888, 0x0888,
    0x0888, 0xFFFF, 0xFFFF, 0xF347, 0xF347, 0xF347, 0xF945, 0xF945,
    0xF945, 0xF347, 0xF347, 0x0888, 0x0888, 0x0888, 0x0888, 0x0888,
    0x0888, 0x0888, 0x0888, 0x0888, 0x0888, 0x0888, 0x0888, 0x0888,
    0x0888, 0x0888, 0x0888, 0x0888, 0x0888, 0x0888, 0x0888, 0x0888,
    0x0888, 0x0888, 0x0888, 0x0888, 0x0888, 0x0888, 0x0888, 0x0888,
    0x0888, 0x0888, 0x0888, 0x0888, 0x0888, 0x0888, 0x0888, 0x0888,
    0x0888, 0x0888, 0x0888, 0x0888, 0x0888, 0x0888, 0x0888, 0x0888,
    0x0888, 0x0888, 0x0888, 0x0888, 0x0888, 0x0888, 0x0888, 0xFFFF,
    0xFFFF, 0xFFFF, 0xFFFF, 0xF347, 0xF347, 0xF347, 0xF945, 0xF945,
    0xF945, 0xF347, 0xF347, 0x0888, 0x0888, 0x0888, 0x0888, 0x0888,
    0x0888, 0x0888, 0x0888, 0x0888, 0x0888, 0x0888, 0x0888, 0x0888,
    0x0888, 0x0888, 0x0888, 0x0888, 0x0888, 0x0888, 0x0888, 0x0888,
    0x0888, 0x0888, 0x0888, 0x0888, 0x0888, 0x0888, 0x0888, 0x0888,
    0x0888, 0x0888, 0x0888, 0x0888, 0x0888, 0x0888, 0x0888, 0x0888,
    0x0888, 0x0888, 0x0888, 0xFDA6, 0xFDA6, 0xFDA6, 0xF945, 0xF945,
    0x0888, 0xFDA6, 0xF945, 0xF945, 0xF945, 0xFD87, 0xFD87, 0xFFBB,
    0xFFBB, 0xFFEB, 0xFFEB, 0xFFEB, 0xFFEB, 0xFFEB, 0xFFEB, 0xFFEB,
    0xFFEB, 0xFFEB, 0xFFEB, 0xFFBB, 0xFFBB, 0xF945, 0xF945, 0x0888,
    0x0888, 0x0888, 0x0888, 0x0888, 0x0888, 0x0888, 0x0888, 0x0888,
    0x0888, 0x0888, 0x0888, 0x0888, 0x0888, 0x0888, 0xFFDA, 0xFFDA,
    0xFFDA, 0xFFDA, 0xFFDA, 0xFFDA, 0x0888, 0x0888, 0x0888, 0x0888,
    0x0888, 0x0888, 0x0888, 0x0888, 0x0888, 0x0888, 0x0888, 0x0888,
    0x0888, 0x0888, 0x0888, 0x0888, 0x0888, 0x0888, 0x0888, 0x0888,
    0x0888, 0x0888, 0x0888, 0x0888, 0x0888, 0x0888, 0x0888, 0x0888,
    0xFFFF, 0xFFFF, 0xFFFF, 0xFFFF, 0xF9CE, 0xF347, 0xF347, 0xF347,
    0xF347, 0xF347, 0xF9CE, 0xF9CE, 0x0888, 0x0888, 0x0888, 0x0888,
    0x0888, 0x0888, 0x0888, 0x0888, 0x0888, 0x0888, 0x0888, 0x0888,
    0x0888, 0x0888, 0xFFDA, 0xFFDA, 0xFFDA, 0xFFDA, 0x0888, 0x0888,
    0x0888, 0x0888, 0x0888, 0x0888, 0x0888, 0x0888, 0x0888, 0x0888,
    0x0888, 0x0888, 0x0888, 0x0888, 0x0888, 0x0888, 0x0888, 0x0888,
    0x0888, 0x0888, 0x0888, 0x0888, 0x0888, 0x0888, 0x0888, 0x0888,
    0x0888, 0x0888, 0x0888, 0x0888, 0x0888, 0x0888, 0x0888, 0x0888,
    0xFFFF, 0xFFFF, 0xFFFF, 0xFFFF, 0xF347, 0xF347, 0xF347, 0xF945,
    0xF347, 0xF347, 0xF347, 0xF9CE, 0x0888, 0x0888, 0x0888, 0x0888,
    0x0888, 0x0888, 0x0888, 0x0888, 0x0888, 0x0888, 0x0888, 0x0888,
    0x0888, 0x0888, 0x0888, 0x0888, 0x0888, 0x0888, 0x0888, 0x0888,
    0x0888, 0x0888, 0x0888, 0x0888, 0x0888, 0x0888, 0x0888, 0x0888,
    0x0888, 0x0888, 0x0888, 0x0888, 0x0888, 0x0888, 0x0888, 0x0888,
    0x0888, 0xFFDA, 0xFFDA, 0xFFDA, 0xFFDA, 0xFFDA, 0x0888, 0x0888,
    0x0888, 0x0888, 0x0888, 0x0888, 0x0888, 0x0888, 0xFFEB, 0xFD87,
    0xFFFF, 0xFFFF, 0xFFFF, 0xFFFF, 0xF347, 0xF347, 0xF347, 0xF945,
    0xF347, 0xF347, 0xF347, 0xFFFF, 0x0888, 0x0888, 0x0888, 0x0888,
    0x0888, 0x0888, 0x0888, 0x0888, 0x0888, 0x0888, 0x0888, 0x0888,
    0x0888, 0x0888, 0x0888, 0x0888, 0x0888, 0x0888, 0x0888, 0x0888,
    0x0888, 0x0888, 0x0888, 0x0888, 0x0888, 0x0888, 0x0888, 0x0888,
    0x0888, 0x0888, 0x0888, 0x0888, 0x0888, 0x0888, 0x0888, 0x0888,
    0x0888, 0x0888, 0x0888, 0xFDA6, 0xFDA6, 0xF945, 0x0888, 0x0888,
    0x0888, 0xFDA6, 0xF945, 0x0888, 0xF945, 0xF945, 0xFFBB, 0xFFBB,
    0xFFBB, 0xFFBB, 0xFFEB, 0xFFEB, 0xFFEB, 0xFFEB, 0xFFEB, 0xFFEB,
    0xFFEB, 0xFFEB, 0xFFBB, 0xFFBB, 0xF945, 0xF945, 0xF945, 0x0888,
    0x0888, 0x0888, 0x0888, 0x0888, 0x0888, 0x0888, 0x0888, 0x0888,
    0x0888, 0x0888, 0x0888, 0x0888, 0xFFDA, 0xFFDA, 0xFDA6, 0xFDA6,
    0xFDA6, 0xFDA6, 0xFDA6, 0xFFDA, 0xFFDA, 0xFFDA, 0xFFDA, 0x0888,
    0x0888, 0x0888, 0x0888, 0x0888, 0x0888, 0x0888, 0x0888, 0x0888,
    0x0888, 0x0888, 0x0888, 0x0888, 0x0888, 0x0888, 0x0888, 0x0888,
    0x0888, 0x0888, 0x0888, 0x0888, 0x0888, 0x0888, 0x0888, 0x0888,
    0xFFFF, 0xFFFF, 0xFFFF, 0xFFFF, 0xF9CE, 0xF9CE, 0xF347, 0xF347,
    0xF347, 0xF347, 0xF9CE, 0xF9CE, 0x0888, 0x0888, 0x0888, 0x0888,
    0x0888, 0x0888, 0x0888, 0x0888, 0x0888, 0x0888, 0x0888, 0x0888,
    0x0888, 0xF945, 0xFDA6, 0xFDA6, 0xFDA6, 0xFDA6, 0xFFDA, 0xFFDA,
    0xFFDA, 0x0888, 0x0888, 0x0888, 0x0888, 0x0888, 0x0888, 0x0888,
    0x0888, 0x0888, 0x0888, 0x0888, 0x0888, 0x0888, 0x0888, 0x0888,
    0x0888, 0x0888, 0x0888, 0x0888, 0x0888, 0x0888, 0x0888, 0x0888,
    0x0888, 0x0888, 0x0888, 0x0888, 0x0888, 0x0888, 0x0888, 0xFFFF,
    0xFFFF, 0xFFFF, 0xFFFF, 0xFFFF, 0xFFFF, 0xF347, 0xF347, 0xF347,
    0xF347, 0xF347, 0xFFFF, 0xF9CE, 0x0888, 0x0888, 0x0888, 0x0888,
    0x0888, 0x0888, 0x0888, 0x0888, 0x0888, 0x0888, 0x0888, 0x0888,
    0x0888, 0x0888, 0x0888, 0x0888, 0x0888, 0x0888, 0x0888, 0x0888,
    0x0888, 0x0888, 0x0888, 0x0888, 0x0888, 0x0888, 0x0888, 0x0888,
    0x0888, 0x0888, 0x0888, 0x0888, 0x0888, 0x0888, 0x0888, 0xFFDA,
    0xFFDA, 0xFDA6, 0xFDA6, 0xFDA6, 0xFDA6, 0xFDA6, 0xFFDA, 0xFFDA,
    0x0888, 0x0888, 0x0888, 0x0888, 0x0888, 0xFFEB, 0xFFEB, 0xFFEB,
    0xFD87, 0xFFFF, 0xFFFF, 0xFFFF, 0xFFFF, 0xF347, 0xF347, 0xF347,
    0xF347, 0xF347, 0xFFFF, 0xFFFF, 0xF9CE, 0x0888, 0x0888, 0x0888,
    0x0888, 0x0888, 0x0888, 0x0888, 0x0888, 0x0888, 0x0888, 0x0888,
    0x0888, 0x0888, 0x0888, 0x0888, 0x0888, 0x0888, 0x0888, 0x0888,
    0x0888, 0x0888, 0x0888, 0x0888, 0x0888, 0x0888, 0x0888, 0x0888,
    0x0888, 0x0888, 0x0888, 0x0888, 0x0888, 0x0888, 0x0888, 0x0888,
    0x0888, 0x0888, 0x0888, 0xFDA6, 0xF945, 0x0888, 0x0888, 0x0888,
    0xFDA6, 0xF945, 0x0888, 0x0888, 0xF945, 0xF945, 0xF945, 0xFFBB,
    0xFFBB, 0xFFBB, 0xFFEB, 0xFFEB, 0xFFEB, 0xFD87, 0xFD87, 0xFFEB,
    0xFFEB, 0xFFEB, 0xFFBB, 0x0888, 0xF945, 0xF945, 0xF945, 0x0888,
    0x0888, 0x0888, 0x0888, 0x0888, 0x0888, 0x0888, 0x0888, 0x0888,
    0x0888, 0x0888, 0xFFDA, 0xFFDA, 0xFDA6, 0xFDA6, 0xFDA6, 0xFDA6,
    0xFDA6, 0xFDA6, 0xFDA6, 0xFDA6, 0xFDA6, 0xFDA6, 0xFDA6, 0xFFDA,
    0xFFDA, 0xFFDA, 0xFFDA, 0x0888, 0x0888, 0x0888, 0x0888, 0x0888,
    0x0888, 0x0888, 0x0888, 0x0888, 0x0888, 0x0888, 0x0888, 0x0888,
    0x0888, 0x0888, 0x0888, 0x0888, 0x0888, 0x0888, 0x0888, 0xF9CE,
    0xFFFF, 0xFFFF, 0xFFFF, 0xFD87, 0xFFEB, 0xFFEB, 0xFF79, 0xF347,
    0xFF79, 0xF9CE, 0xF9CE, 0x0888, 0x0888, 0x0888, 0x0888, 0x0888,
    0x0888, 0x0888, 0x0888, 0x0888, 0x0888, 0x0888, 0x0888, 0x0888,
    0x0888, 0xF945, 0xFDA6, 0xFDA6, 0xFDA6, 0xFDA6, 0xFDA6, 0xFDA6,
    0xFDA6, 0xFFDA, 0xFFDA, 0xFFDA, 0x0888, 0x0888, 0x0888, 0x0888,
    0x0888, 0x0888, 0x0888, 0x0888, 0x0888, 0x0888, 0x0888, 0x0888,
    0x0888, 0x0888, 0x0888, 0x0888, 0x0888, 0x0888, 0xFFDA, 0xFFDA,
    0xFFDA, 0xF945, 0xF945, 0xF945, 0xF945, 0xF945, 0xFFEB, 0xFD87,
    0xFD87, 0xFFFF, 0xFFFF, 0xFFFF, 0xFFFF, 0xFFFF, 0xF347, 0xF347,
    0xF347, 0xF347, 0xFFFF, 0xF9CE, 0x0888, 0x0888, 0x0888, 0x0888,
    0x0888, 0x0888, 0x0888, 0x0888, 0x0888, 0x0888, 0x0888, 0x0888,
    0x0888, 0x0888, 0x0888, 0x0888, 0xFFDA, 0xFFDA, 0x0888, 0x0888,
    0x0888, 0x0888, 0x0888, 0x0888, 0x0888, 0x0888, 0x0888, 0x0888,
    0x0888, 0x0888, 0x0888, 0x0888, 0xFFDA, 0xFFDA, 0xFFDA, 0xFDA6,
    0xFDA6, 0xFDA6, 0xFDA6, 0xFDA6, 0xFDA6, 0xFDA6, 0xFDA6, 0xFDA6,
    0xF945, 0xF945, 0x0888, 0x0888, 0xFFEB, 0xFFEB, 0xFFEB, 0xFFEB,
    0xFFEB, 0xF9CE, 0xFFFF, 0xFFFF, 0xFFFF, 0xFFFF, 0xF347, 0xF347,
    0xF347, 0xF347, 0xFFFF, 0xF9CE, 0xF9CE, 0xF9CE, 0x0888, 0x0888,
    0x0888, 0x0888, 0x0888, 0x0888, 0x0888, 0x0888, 0x0888, 0x0888,
    0x0888, 0x0888, 0x0888, 0x0888, 0x0888, 0x0888, 0x0888, 0x0888,
    0x0888, 0x0888, 0x0888, 0x0888, 0x0888, 0x0888, 0x0888, 0x0888,
    0x0888, 0x0888, 0x0888, 0x0888, 0x0888, 0x0888, 0x0888, 0x0888,
    0x0888, 0x0888, 0x0888, 0xFDA6, 0xF945, 0x0888, 0x0888, 0x0888,
    0xFDA6, 0xF945, 0x0888, 0x0888, 0xF945, 0xF945, 0xF347, 0xF347,
    0xF347, 0xFFEB, 0xFFEB, 0xFFEB, 0xFFEB, 0xFFEB, 0xFFEB, 0xFFEB,
    0xFFEB, 0x0888, 0x0888, 0x0888, 0xF945, 0xF945, 0x0888, 0x0888,
    0x0888, 0x0888, 0x0888, 0x0888, 0x0888, 0x0888, 0x0888, 0x0888,
    0x0888, 0xFFDA, 0xFDA6, 0xFDA6, 0xFDA6, 0xFDA6, 0xFDA6, 0xFDA6,
    0xFDA6, 0xFDA6, 0xFDA6, 0xFDA6, 0xFDA6, 0xFDA6, 0xFDA6, 0xFDA6,
    0xFDA6, 0xFDA6, 0xFDA6, 0xFFDA, 0xFFDA, 0xFFDA, 0xFFDA, 0xFFDA,
    0xFFDA, 0xFFDA, 0xFFDA, 0xFFDA, 0xFFDA, 0xFFDA, 0xFFDA, 0xFFDA,
    0xF945, 0xF945, 0xF945, 0xF945, 0xF945, 0xF945, 0xFFFF, 0xFFFF,
    0xF9CE, 0xFFFF, 0xFD87, 0xFFEB, 0xFFEB, 0xFFEB, 0xFFEB, 0xFFEB,
    0xFFEB, 0xFFEB, 0xFFEB, 0xFFEB, 0xFD87, 0xFFEB, 0xFFEB, 0x0888,
    0x0888, 0x0888, 0x0888, 0x0888, 0x0888, 0x0888, 0x0888, 0x0888,
    0x0888, 0x0888, 0xF945, 0xF945, 0xFDA6, 0xFDA6, 0xFDA6, 0xFDA6,
    0xFDA6, 0xFDA6, 0xFDA6, 0xFDA6, 0xFFDA, 0xFFDA, 0xFFDA, 0xFFDA,
    0xFFDA, 0x0888, 0x0888, 0x0888, 0x0888, 0x0888, 0x0888, 0x0888,
    0x0888, 0x0888, 0xFFDA, 0xFFDA, 0xFFDA, 0xFFDA, 0xFDA6, 0xFDA6,
    0xF945, 0xF945, 0xF945, 0xF945, 0xF945, 0xF945, 0xFFEB, 0xFFEB,
    0xFFEB, 0xFD87, 0xFD87, 0xFFFF, 0xFFFF, 0xF800, 0xFF79, 0xF347,
    0xFF79, 0xFFFF, 0xF9CE, 0x0888, 0x0888, 0x0888, 0x0888, 0x0888,
    0x0888, 0x0888, 0x0888, 0x0888, 0x0888, 0x0888, 0x0888, 0x0888,
    0x0888, 0x0888, 0x0888, 0xFFDA, 0xFDA6, 0xFDA6, 0xFFDA, 0x0888,
    0x0888, 0x0888, 0x0888, 0x0888, 0x0888, 0x0888, 0x0888, 0x0888,
    0xFFDA, 0xFFDA, 0xFFDA, 0xFFDA, 0xFDA6, 0xFDA6, 0xFDA6, 0xFDA6,
    0xFDA6, 0xFDA6, 0xFDA6, 0xFDA6, 0xFDA6, 0xFDA6, 0xFDA6, 0xFDA6,
    0xF945, 0xF945, 0xF945, 0x0888, 0xFFEB, 0xFFEB, 0xFFEB, 0xFFEB,
    0xFFEB, 0xFFFF, 0xFFFF, 0xFFFF, 0xFFFF, 0xF800, 0xFF79, 0xF347,
    0xFF79, 0xFFFF, 0xFFFF, 0xF9CE, 0xF9CE, 0xFD87, 0x0888, 0x0888,
    0x0888, 0x0888, 0x0888, 0x0888, 0x0888, 0x0888, 0x0888, 0x0888,
    0x0888, 0x0888, 0x0888, 0x0888, 0x0888, 0x0888, 0x0888, 0x0888,
    0x0888, 0x0888, 0x0888, 0x0888, 0x0888, 0x0888, 0x0888, 0x0888,
    0x0888, 0x0888, 0x0888, 0x0888, 0x0888, 0x0888, 0x0888, 0x0888,
    0x0888, 0x0888, 0x0888, 0xF945, 0x0888, 0x0888, 0x0888, 0x0888,
    0xFDA6, 0x0888, 0x0888, 0xFFFF, 0xFFFF, 0xFFFF, 0xFFFF, 0xF347,
    0xF347, 0xF347, 0xF347, 0xFD87, 0xF347, 0xF347, 0xF347, 0xF347,
    0x0888, 0x0888, 0x0888, 0x0888, 0xF945, 0xF945, 0x0888, 0x0888,
    0x0888, 0x0888, 0x0888, 0x0888, 0x0888, 0x0888, 0x0888, 0x0888,
    0x0888, 0xFFDA, 0xFDA6, 0xFDA6, 0xFDA6, 0xFDA6, 0xF945, 0xF945,
    0xF945, 0xF945, 0xF945, 0xF945, 0xFDA6, 0xFDA6, 0xFDA6, 0xFDA6,
    0xFDA6, 0xFDA6, 0xFDA6, 0xFDA6, 0xFDA6, 0xFDA6, 0xFDA6, 0xFDA6,
    0xFDA6, 0xFDA6, 0xFDA6, 0xFDA6, 0xFDA6, 0xFDA6, 0xFDA6, 0xFDA6,
    0xF945, 0xF945, 0xF945, 0xF945, 0xF945, 0xFFFF, 0xFFFF, 0xFFFF,
    0xFFFF, 0xF9CE, 0xFD87, 0xFFEB, 0xFFEB, 0xFFEB, 0xFFEB, 0xFFEB,
    0xFFEB, 0xFFEB, 0xFFEB, 0xFFEB, 0xFFEB, 0xFFEB, 0xFFEB, 0x0888,
    0x0888, 0x0888, 0x0888, 0x0888, 0x0888, 0x0888, 0x0888, 0x0888,
    0x0888, 0x0888, 0x0888, 0x0888, 0xF945, 0xF945, 0xFDA6, 0xFDA6,
    0xFDA6, 0xFDA6, 0xFDA6, 0xFDA6, 0xFDA6, 0xFDA6, 0xFDA6, 0xFDA6,
    0xFDA6, 0xFFDA, 0xFFDA, 0xFFDA, 0xFFDA, 0xFFDA, 0xFFDA, 0xFFDA,
    0xFFDA, 0xFFDA, 0xFDA6, 0xFDA6, 0xFDA6, 0xFDA6, 0xFDA6, 0xFDA6,
    0xF945, 0xF945, 0xF945, 0xF945, 0xF945, 0xF945, 0xFFEB, 0xFFEB,
    0xFFEB, 0xFFEB, 0xFFEB, 0xFFEB, 0xFFEB, 0xFFEB, 0xFFEB, 0xFFEB,
    0xFFFF, 0xFFFF, 0xF9CE, 0x0888, 0x0888, 0x0888, 0x0888, 0x0888,
    0x0888, 0x0888, 0x0888, 0x0888, 0x0888, 0x0888, 0x0888, 0x0888,
    0x0888, 0x0888, 0x0888, 0xFDA6, 0xFDA6, 0xFDA6, 0xFDA6, 0xFFDA,
    0xFFDA, 0x0888, 0x0888, 0x0888, 0x0888, 0xFFDA, 0xFFDA, 0xFFDA,
    0xFDA6, 0xFDA6, 0xFDA6, 0xFDA6, 0xFDA6, 0xFDA6, 0xFDA6, 0xFDA6,
    0xFDA6, 0xF945, 0xF945, 0xF945, 0xF945, 0xF945, 0xFDA6, 0xF945,
    0xF945, 0xF945, 0xF945, 0xF945, 0xFFEB, 0xFFEB, 0xFFEB, 0xFFEB,
    0xFFEB, 0xFFEB, 0xFFEB, 0xFFFF, 0xFFFF, 0xF800, 0xFF79, 0xFF79,
    0xFF79, 0xFFFF, 0xF9CE, 0xFD87, 0xFD87, 0xFD87, 0xFD87, 0x0888,
    0x0888, 0x0888, 0x0888, 0x0888, 0x0888, 0x0888, 0x0888, 0x0888,
    0x0888, 0x0888, 0x0888, 0x0888, 0x0888, 0x0888, 0x0888, 0x0888,
    0x0888, 0x0888, 0x0888, 0x0888, 0x0888, 0x0888, 0x0888, 0x0888,
    0x0888, 0x0888, 0x0888, 0x0888, 0x0888, 0x0888, 0x0888, 0x0888,
    0x0888, 0x0888, 0x0888, 0x0888, 0x0888, 0x0888, 0x0888, 0x0888,
    0x0888, 0xFFFF, 0xFFFF, 0xFFFF, 0xFFFF, 0xFFFF, 0xFFFF, 0xFFFF,
    0xF347, 0xF347, 0xF347, 0xF347, 0xF347, 0xF347, 0xF347, 0xFFFF,
    0xF9CE, 0x0888, 0x0888, 0x0888, 0xF945, 0x0888, 0x0888, 0x0888,
    0x0888, 0x0888, 0x0888, 0x0888, 0x0888, 0x0888, 0x0888, 0x0888,
    0x0888, 0xF945, 0xFDA6, 0xFDA6, 0xF945, 0xF945, 0x0888, 0x0888,
    0x0888, 0x0888, 0x0888, 0x0888, 0xF945, 0xF945, 0xF945, 0xFDA6,
    0xFDA6, 0xFDA6, 0xFDA6, 0xFDA6, 0xFDA6, 0xFDA6, 0xFDA6, 0xFDA6,
    0xFDA6, 0xFDA6, 0xFDA6, 0xFDA6, 0xFDA6, 0xFDA6, 0xFDA6, 0xF945,
    0xF945, 0xF945, 0xF945, 0xF945, 0xF347, 0xF325, 0xFFFF, 0xFFFF,
    0xFFFF, 0xFFFF, 0xF9CE, 0xFD87, 0xFFEB, 0xFFEB, 0xFFEB, 0xFFEB,
    0xFFEB, 0xFFEB, 0xFFEB, 0xFFEB, 0xFFEB, 0xFFEB, 0xFFEB, 0x0888,
    0x0888, 0x0888, 0x0888, 0x0888, 0x0888, 0x0888, 0x0888, 0x0888,
    0x0888, 0x0888, 0x0888, 0x0888, 0x0888, 0x0888, 0xF945, 0xF945,
    0xF945, 0xFDA6, 0xFDA6, 0xFDA6, 0xFDA6, 0xFDA6, 0xFDA6, 0xFDA6,
    0xFDA6, 0xFDA6, 0xFDA6, 0xFDA6, 0xFDA6, 0xFDA6, 0xFDA6, 0xFDA6,
    0xFDA6, 0xFDA6, 0xFDA6, 0xFDA6, 0xFDA6, 0xFDA6, 0xFDA6, 0xF945,
    0xF945, 0xF945, 0xF945, 0xF945, 0xF945, 0xF945, 0xFD87, 0xFFEB,
    0xFFEB, 0xFFEB, 0xFFEB, 0xFFEB, 0xFFEB, 0xFD87, 0xFFEB, 0xFFEB,
    0xFFFF, 0xFFFF, 0x0888, 0x0888, 0x0888, 0x0888, 0x0888, 0x0888,
    0x0888, 0x0888, 0x0888, 0x0888, 0x0888, 0x0888, 0x0888, 0x0888,
    0x0888, 0x0888, 0x0888, 0xF945, 0xFDA6, 0xFDA6, 0xFDA6, 0xFDA6,
    0xFDA6, 0xFFDA, 0xFFDA, 0xFFDA, 0xFFDA, 0xFDA6, 0xFDA6, 0xFDA6,
    0xFDA6, 0xFDA6, 0xFDA6, 0xFDA6, 0xFDA6, 0xF945, 0xF945, 0xF945,
    0xF945, 0x0888, 0x0888, 0x0888, 0x0888, 0x0888, 0xF945, 0xF945,
    0xF945, 0xF945, 0xF945, 0xF945, 0xFFEB, 0xFFEB, 0xFFEB, 0xFFEB,
    0xFFEB, 0xFFEB, 0xFD87, 0xFFEB, 0xFFFF, 0xF800, 0xFF79, 0xFF79,
    0xFF79, 0xFFFF, 0xFD87, 0xFD87, 0xFD87, 0xFD87, 0xFD87, 0xFD87,
    0xFFEB, 0xFFEB, 0xFFEB, 0x0888, 0x0888, 0x0888, 0x0888, 0x0888,
    0x0888, 0x0888, 0x0888, 0x0888, 0x0888, 0x0888, 0x0888, 0x0888,
    0x0888, 0x0888, 0x0888, 0x0888, 0x0888, 0x0888, 0x0888, 0x0888,
    0x0888, 0x0888, 0x0888, 0x0888, 0x0888, 0x0888, 0x0888, 0x0888,
    0x0888, 0x0888, 0x0888, 0x0888, 0x0888, 0x0888, 0xFFEB, 0xFFEB,
    0xFD87, 0xFFFF, 0xFFFF, 0xFFFF, 0xFFFF, 0xFFFF, 0xFFFF, 0xFFFF,
    0xFFFF, 0xF347, 0xF347, 0xF347, 0xF347, 0xF945, 0xFFFF, 0xF9CE,
    0xF9CE, 0xFD87, 0x0888, 0x0888, 0x0888, 0x0888, 0x0888, 0x0888,
    0x0888, 0x0888, 0x0888, 0x0888, 0x0888, 0x0888, 0x0888, 0x0888,
    0x0888, 0xF945, 0xF945, 0xF945, 0x0888, 0x0888, 0x0888, 0x0888,
    0x0888, 0x0888, 0x0888, 0x0888, 0x0888, 0x0888, 0x0888, 0xF945,
    0xF945, 0xF945, 0xF945, 0xFDA6, 0xFDA6, 0xFDA6, 0xFDA6, 0xFDA6,
    0xFDA6, 0xFDA6, 0xFDA6, 0xFDA6, 0xFDA6, 0xFDA6, 0xFDA6, 0xF945,
    0xF347, 0xF347, 0xF347, 0xF347, 0xF347, 0xF325, 0xF325, 0xFFFF,
    0xFFFF, 0xFFFF, 0xF9CE, 0xF9CE, 0xFD87, 0xFD87, 0xFFEB, 0xFFEB,
    0xFFEB, 0xFFEB, 0xFFEB, 0xFFEB, 0xFFEB, 0xFFEB, 0xFD87, 0x0888,
    0x0888, 0x0888, 0x0888, 0x0888, 0x0888, 0x0888, 0x0888, 0x0888,
    0x0888, 0x0888, 0x0888, 0x0888, 0x0888, 0x0888, 0x0888, 0x0888,
    0x0888, 0xF945, 0xF945, 0xF945, 0xF945, 0xF945, 0xFDA6, 0xFDA6,
    0xFDA6, 0xFDA6, 0xFDA6, 0xFDA6, 0xFDA6, 0xFDA6, 0xFDA6, 0xFDA6,
    0xFDA6, 0xFDA6, 0xFDA6, 0xFDA6, 0xF945, 0xF945, 0xF945, 0xF945,
    0xF945, 0xF347, 0xF347, 0xF347, 0xF347, 0xF347, 0xF325, 0xFD87,
    0xFFEB, 0xFFEB, 0xFFEB, 0xFFEB, 0xFFEB, 0xFFEB, 0xFFEB, 0xFFEB,
    0xFFFF, 0xFFFF, 0x0888, 0x0888, 0x0888, 0x0888, 0x0888, 0x0888,
    0x0888, 0x0888, 0x0888, 0x0888, 0x0888, 0x0888, 0x0888, 0x0888,
    0x0888, 0x0888, 0x0888, 0x0888, 0xF945, 0xFDA6, 0xFDA6, 0xFDA6,
    0xFDA6, 0xFDA6, 0xFDA6, 0xFDA6, 0xFDA6, 0xFDA6, 0xFDA6, 0xFDA6,
    0xFDA6, 0xFDA6, 0xF945, 0xF945, 0xF945, 0x0888, 0x0888, 0x0888,
    0x0888, 0x0888, 0x0888, 0x0888, 0x0888, 0x0888, 0x0888, 0x0888,
    0x0888, 0xF945, 0xF945, 0xF945, 0xFD87, 0xFFEB, 0xFFEB, 0xFFEB,
    0xFFEB, 0xFFEB, 0xFFEB, 0xFFEB, 0xFFFF, 0xF800, 0xFF79, 0xFF79,
    0xFF79, 0xFFFF, 0xFD87, 0xFD87, 0xFD87, 0xFD87, 0xFD87, 0xFD87,
    0xFD87, 0xFD87, 0xFFEB, 0x0888, 0x0888, 0x0888, 0x0888, 0x0888,
    0x0888, 0x0888, 0x0888, 0x0888, 0x0888, 0x0888, 0x0888, 0x0888,
    0x0888, 0x0888, 0x0888, 0x0888, 0x0888, 0x0888, 0x0888, 0x0888,
    0x0888, 0x0888, 0x0888, 0x0888, 0x0888, 0x0888, 0x0888, 0x0888,
    0xFFDA, 0xFFDA, 0xFFEB, 0xFFEB, 0xFFEB, 0xFFEB, 0xFFEB, 0xFFEB,
    0xFFEB, 0xFD87, 0xFFFF, 0xFFFF, 0xFFFF, 0xFFFF, 0xFFFF, 0xFFFF,
    0xFFFF, 0xF800, 0xFF79, 0xF347, 0xFF79, 0xFFFF, 0xF9CE, 0xF9CE,
    0xFD87, 0xFD87, 0xFD87, 0x0888, 0x0888, 0x0888, 0x0888, 0x0888,
    0x0888, 0x0888, 0x0888, 0x0888, 0x0888, 0x0888, 0x0888, 0x0888,
    0x0888, 0x0888, 0x0888, 0x0888, 0x0888, 0x0888, 0x0888, 0x0888,
    0x0888, 0x0888, 0x0888, 0x0888, 0x0888, 0x0888, 0x0888, 0x0888,
    0x0888, 0x0888, 0x0888, 0xF945, 0xF945, 0xF945, 0xF945, 0xF945,
    0xF945, 0xF945, 0xF945, 0xF945, 0xF945, 0xF945, 0xF945, 0xF945,
    0xF347, 0xF347, 0xF347, 0xF347, 0xF347, 0xF347, 0xF325, 0xF325,
    0xF325, 0xFFFF, 0xFFFF, 0xF9CE, 0xF9CE, 0xF9CE, 0xFD87, 0xFD87,
    0xFD87, 0xFD87, 0xFD87, 0xFD87, 0xFD87, 0xFD87, 0x0888, 0x0888,
    0x0888, 0x0888, 0x0888, 0x0888, 0x0888, 0x0888, 0x0888, 0x0888,
    0x0888, 0x0888, 0x0888, 0x0888, 0x0888, 0x0888, 0x0888, 0x0888,
    0x0888, 0x0888, 0x0888, 0x0888, 0x0888, 0x0888, 0xF945, 0xF945,
    0xF945, 0xF945, 0xF945, 0xF945, 0xF945, 0xF945, 0xF945, 0xF945,
    0xF945, 0xF945, 0xF945, 0xF945, 0x0888, 0x0888, 0x0888, 0x0888,
    0x0888, 0xF325, 0xF325, 0xF325, 0xF325, 0xF325, 0xF325, 0xF325,
    0xFD87, 0xFFEB, 0xFFEB, 0xFFEB, 0xFFEB, 0xFFEB, 0xFFEB, 0xFFEB,
    0xFFFF, 0xFFFF, 0x0888, 0x0888, 0x0888, 0x0888, 0x0888, 0x0888,
    0x0888, 0x0888, 0x0888, 0x0888, 0x0888, 0x0888, 0x0888, 0x0888,
    0x0888, 0x0888, 0x0888, 0x0888, 0x0888, 0xF945, 0xF945, 0xFDA6,
    0xFDA6, 0xFDA6, 0xFDA6, 0xFDA6, 0xFDA6, 0xFDA6, 0xFDA6, 0xFDA6,
    0xF945, 0xF945, 0x0888, 0x0888, 0x0888, 0x0888, 0x0888, 0x0888,
    0x0888, 0x0888, 0x0888, 0x0888, 0x0888, 0x0888, 0x0888, 0x0888,
    0x0888, 0x0888, 0xF945, 0xF945, 0xF325, 0xFD87, 0xFFEB, 0xFFEB,
    0xFFEB, 0xFFEB, 0xFFEB, 0xFFEB, 0xFFFF, 0xFFFF, 0xF800, 0xFF79,
    0xFF79, 0xFFFF, 0x0888, 0xFD87, 0xFD87, 0xFD87, 0xFD87, 0xFD87,
    0xFD87, 0xFD87, 0xFFEB, 0x0888, 0x0888, 0x0888, 0x0888, 0x0888,
    0x0888, 0x0888, 0x0888, 0x0888, 0x0888, 0x0888, 0x0888, 0x0888,
    0x0888, 0x0888, 0x0888, 0x0888, 0x0888, 0x0888, 0x0888, 0x0888,
    0x0888, 0x0888, 0x0888, 0x0888, 0x0888, 0x0888, 0x0888, 0x0888,
    0xFFEB, 0xFFEB, 0xFFEB, 0xFFEB, 0xFFEB, 0xFFEB, 0xFFEB, 0xFFEB,
    0xFFEB, 0xFD87, 0xFFFF, 0xFFFF, 0xFFFF, 0xFFFF, 0xFFFF, 0xFFFF,
    0xFFFF, 0xF800, 0xFF79, 0xFF79, 0xFF79, 0xFFFF, 0xF9CE, 0xF9CE,
    0xFD87, 0xFD87, 0xFD87, 0xFD87, 0xFD87, 0x0888, 0x0888, 0x0888,
    0x0888, 0x0888, 0x0888, 0x0888, 0x0888, 0x0888, 0x0888, 0x0888,
    0x0888, 0x0888, 0x0888, 0x0888, 0x0888, 0x0888, 0x0888, 0x0888,
    0x0888, 0x0888, 0x0888, 0x0888, 0x0888, 0x0888, 0x0888, 0x0888,
    0x0888, 0x0888, 0x0888, 0x0888, 0x0888, 0x0888, 0x0888, 0x0888,
    0x0888, 0x0888, 0x0888, 0x0888, 0xF347, 0xF347, 0x0888, 0x0888,
    0x0888, 0xF347, 0xF347, 0xF347, 0xF325, 0xF325, 0xF325, 0xF325,
    0xF325, 0xF325, 0xF325, 0xF9CE, 0xF9CE, 0xF9CE, 0xF9CE, 0xF9CE,
    0xF9CE, 0x0888, 0x0888, 0x0888, 0x0888, 0x0888, 0x0888, 0x0888,
    0x0888, 0x0888, 0x0888, 0x0888, 0x0888, 0x0888, 0x0888, 0x0888,
    0x0888, 0x0888, 0x0888, 0x0888, 0x0888, 0x0888, 0x0888, 0x0888,
    0x0888, 0x0888, 0x0888, 0x0888, 0x0888, 0x0888, 0x0888, 0x0888,
    0x0888, 0x0888, 0x0888, 0x0888, 0x0888, 0x0888, 0x0888, 0x0888,
    0x0888, 0x0888, 0x0888, 0x0888, 0x0888, 0x0888, 0x0888, 0x0888,
    0x0888, 0x0888, 0xF325, 0xF325, 0xF325, 0xF325, 0xF325, 0xF325,
    0xF325, 0xFD87, 0xFD87, 0xFFEB, 0xFFEB, 0xFFEB, 0xFD87, 0xFD87,
    0xFFFF, 0xFFFF, 0x0888, 0x0888, 0x0888, 0x0888, 0x0888, 0x0888,
    0x0888, 0x0888, 0x0888, 0x0888, 0x0888, 0x0888, 0x0888, 0x0888,
    0x0888, 0x0888, 0x0888, 0x0888, 0x0888, 0x0888, 0x0888, 0xF945,
    0xF945, 0xF945, 0xF945, 0xF945, 0xF945, 0xF945, 0xF945, 0xF945,
    0x0888, 0x0888, 0x0888, 0x0888, 0x0888, 0x0888, 0x0888, 0x0888,
    0x0888, 0x0888, 0x0888, 0x0888, 0x0888, 0x0888, 0x0888, 0x0888,
    0x0888, 0x0888, 0xF325, 0xF325, 0xF325, 0xF325, 0xFD87, 0xFD87,
    0xFFEB, 0xFFEB, 0xFFEB, 0xFD87, 0xFFFF, 0xFFFF, 0xFFFF, 0xFFFF,
    0xFFFF, 0xFFFF, 0x0888, 0x0888, 0xFD87, 0xFD87, 0xFD87, 0xFD87,
    0xFD87, 0xFD87, 0xFFEB, 0x0888, 0x0888, 0x0888, 0x0888, 0x0888,
    0x0888, 0x0888, 0x0888, 0x0888, 0x0888, 0x0888, 0x0888, 0x0888,
    0x0888, 0x0888, 0x0888, 0x0888, 0x0888, 0x0888, 0x0888, 0x0888,
    0x0888, 0x0888, 0x0888, 0x0888, 0x0888, 0xFFEB, 0xFFEB, 0xFFEB,
    0xFFEB, 0xFFEB, 0xFFEB, 0xFFEB, 0xFFEB, 0xFFEB, 0xFFEB, 0xFFEB,
    0xF945, 0xFD87, 0xFFFF, 0xFFFF, 0xFFFF, 0xFFFF, 0xFFFF, 0xFFFF,
    0xFFFF, 0xF800, 0xFF79, 0xFF79, 0xFF79, 0xFFFF, 0xF9CE, 0x0888,
    0xFD87, 0xFD87, 0xFD87, 0xFD87, 0xFD87, 0xFD87, 0x0888, 0x0888,
    0x0888, 0x0888, 0x0888, 0x0888, 0x0888, 0x0888, 0x0888, 0x0888,
    0x0888, 0x0888, 0x0888, 0x0888, 0x0888, 0x0888, 0x0888, 0x0888,
    0x0888, 0x0888, 0x0888, 0x0888, 0x0888, 0x0888, 0x0888, 0x0888,
    0x0888, 0x0888, 0x0888, 0x0888, 0x0888, 0x0888, 0x0888, 0x0888,
    0x0888, 0x0888, 0x0888, 0xF347, 0xF347, 0xF347, 0xF347, 0xF347,
    0x0888, 0x0888, 0xF325, 0xF325, 0xF325, 0xF325, 0xF325, 0xF347,
    0xF347, 0xF347, 0xF347, 0xF325, 0xF325, 0xF325, 0xF325, 0xF325,
    0xF325, 0xF347, 0x0888, 0x0888, 0x0888, 0x0888, 0x0888, 0x0888,
    0x0888, 0x0888, 0x0888, 0x0888, 0x0888, 0x0888, 0x0888, 0x0888,
    0x0888, 0x0888, 0x0888, 0x0888, 0x0888, 0x0888, 0x0888, 0x0888,
    0x0888, 0x0888, 0x0888, 0x0888, 0x0888, 0x0888, 0x0888, 0x0888,
    0x0888, 0x0888, 0x0888, 0x0888, 0x0888, 0x0888, 0x0888, 0x0888,
    0x0888, 0x0888, 0x0888, 0x0888, 0x0888, 0x0888, 0x0888, 0x0888,
    0x0888, 0x0888, 0xF347, 0xF347, 0xF347, 0xF347, 0xF347, 0xF347,
    0xF347, 0xF325, 0xF325, 0xFD87, 0xFD87, 0xFD87, 0xF9CE, 0xF9CE,
    0xFFFF, 0xFFFF, 0x0888, 0x0888, 0x0888, 0x0888, 0x0888, 0x0888,
    0x0888, 0x0888, 0x0888, 0x0888, 0x0888, 0x0888, 0x0888, 0x0888,
    0x0888, 0x0888, 0x0888, 0x0888, 0x0888, 0x0888, 0x0888, 0x0888,
    0x0888, 0x0888, 0x0888, 0x0888, 0x0888, 0x0888, 0x0888, 0x0888,
    0x0888, 0x0888, 0x0888, 0x0888, 0x0888, 0x0888, 0x0888, 0x0888,
    0x0888, 0x0888, 0x0888, 0x0888, 0x0888, 0x0888, 0x0888, 0x0888,
    0x0888, 0x0888, 0xF347, 0xF325, 0xF325, 0xF325, 0xF325, 0xF325,
    0xFD87, 0xFD87, 0xFD87, 0xF9CE, 0xFFFF, 0xFFFF, 0xFFFF, 0xFFFF,
    0xFFFF, 0x0888, 0x0888, 0x0888, 0x0888, 0x0888, 0x0888, 0xFD87,
    0xFD87, 0xFD87, 0xFFEB, 0x0888, 0x0888, 0x0888, 0x0888, 0x0888,
    0x0888, 0x0888, 0x0888, 0x0888, 0x0888, 0x0888, 0x0888, 0x0888,
    0x0888, 0x0888, 0x0888, 0x0888, 0x0888, 0x0888, 0x0888, 0x0888,
    0x0888, 0x0888, 0xFFEB, 0xFFEB, 0xFFEB, 0xFFEB, 0xFFEB, 0xFFEB,
    0xFFEB, 0xFFEB, 0xFFEB, 0xFFEB, 0xFFEB, 0xFFEB, 0xF945, 0xF945,
    0xF945, 0xF945, 0xFFFF, 0xFFFF, 0xFFFF, 0xFFFF, 0xFFFF, 0xFFFF,
    0xFFFF, 0xF800, 0xFF79, 0xFF79, 0xFF79, 0xFFFF, 0x0888, 0x0888,
    0x0888, 0xFD87, 0xFD87, 0xFD87, 0xFD87, 0xFD87, 0xFD87, 0xFD87,
    0x0888, 0x0888, 0x0888, 0x0888, 0x0888, 0x0888, 0x0888, 0x0888,
    0x0888, 0x0888, 0x0888, 0x0888, 0x0888, 0x0888, 0x0888, 0x0888,
    0x0888, 0x0888, 0x0888, 0x0888, 0x0888, 0x0888, 0x0888, 0x0888,
    0x0888, 0x0888, 0x0888, 0x0888, 0x0888, 0x0888, 0x0888, 0x0888,
    0x0888, 0x0888, 0xF347, 0xF347, 0xF347, 0xF347, 0xF347, 0xF347,
    0xF347, 0x0888, 0x0888, 0xF325, 0xF325, 0xF347, 0xF347, 0xF347,
    0xF347, 0xF347, 0xF347, 0xF347, 0xF325, 0xF325, 0xF325, 0xF347,
    0xF347, 0xF347, 0xF347, 0xF347, 0x0888, 0x0888, 0x0888, 0x0888,
    0x0888, 0x0888, 0x0888, 0x0888, 0x0888, 0x0888, 0x0888, 0x0888,
    0x0888, 0x0888, 0x0888, 0x0888, 0x0888, 0x0888, 0x0888, 0x0888,
    0x0888, 0x0888, 0x0888, 0x0888, 0x0888, 0x0888, 0x0888, 0x0888,
    0x0888, 0x0888, 0x0888, 0x0888, 0x0888, 0x0888, 0x0888, 0x0888,
    0x0888, 0x0888, 0x0888, 0x0888, 0x0888, 0x0888, 0x0888, 0x0888,
    0x0888, 0x0888, 0x0888, 0xF347, 0xF347, 0xF347, 0xF347, 0xF347,
    0xF347, 0xF325, 0xF325, 0xF325, 0xF325, 0xF325, 0xF325, 0xF325,
    0xF325, 0xF347, 0x0888, 0x0888, 0x0888, 0x0888, 0x0888, 0x0888,
    0x0888, 0x0888, 0x0888, 0x0888, 0x0888, 0x0888, 0x0888, 0x0888,
    0x0888, 0x0888, 0x0888, 0x0888, 0x0888, 0x0888, 0x0888, 0x0888,
    0x0888, 0x0888, 0x0888, 0x0888, 0x0888, 0x0888, 0x0888, 0x0888,
    0x0888, 0x0888, 0x0888, 0x0888, 0x0888, 0x0888, 0x0888, 0x0888,
    0x0888, 0x0888, 0x0888, 0x0888, 0x0888, 0x0888, 0x0888, 0x0888,
    0x0888, 0x0888, 0xF347, 0xF347, 0xF347, 0xF347, 0xF347, 0xF325,
    0xF325, 0xF325, 0xF325, 0xF325, 0xF325, 0xF325, 0xF325, 0xF325,
    0xF325, 0xF347, 0x0888, 0x0888, 0x0888, 0x0888, 0x0888, 0x0888,
    0x0888, 0x0888, 0x0888, 0x0888, 0x0888, 0x0888, 0x0888, 0x0888,
    0x0888, 0x0888, 0x0888, 0x0888, 0x0888, 0x0888, 0x0888, 0x0888,
    0x0888, 0x0888, 0x0888, 0x0888, 0x0888, 0x0888, 0x0888, 0x0888,
    0x0888, 0x0888, 0x0888, 0xFFEB, 0xFFEB, 0xFFEB, 0xFFEB, 0xFFEB,
    0xFFEB, 0xFFEB, 0xF945, 0xF945, 0xF945, 0xF945, 0xF945, 0xF945,
    0xF945, 0xFFFF, 0xFFFF, 0xFFFF, 0xFFFF, 0xFFFF, 0xFFFF, 0xFFFF,
    0xFFFF, 0xF800, 0xFF79, 0xFF79, 0xFF79, 0x0888, 0x0888, 0x0888,
    0x0888, 0x0888, 0xFD87, 0xFD87, 0xFD87, 0xFD87, 0xFD87, 0xFD87,
    0xFD87, 0x0888, 0x0888, 0x0888, 0x0888, 0x0888, 0x0888, 0x0888,
    0x0888, 0x0888, 0x0888, 0x0888, 0x0888, 0x0888, 0x0888, 0x0888,
    0x0888, 0x0888, 0x0888, 0x0888, 0x0888, 0x0888, 0x0888, 0x0888,
    0x0888, 0x0888, 0x0888, 0x0888, 0x0888, 0x0888, 0x0888, 0x0888,
    0x0888, 0xF347, 0xF347, 0xF347, 0xF347, 0xF347, 0xF347, 0xF347,
    0xF347, 0xF347, 0xF347, 0x0888, 0xFD87, 0xFD87, 0xFD87, 0xF347,
    0xF347, 0xF347, 0xF347, 0xF347, 0xF325, 0xF325, 0xF325, 0xF347,
    0xF347, 0xF347, 0xF347, 0xFD87, 0x0888, 0x0888, 0x0888, 0x0888,
    0x0888, 0x0888, 0x0888, 0x0888, 0x0888, 0x0888, 0x0888, 0x0888,
    0x0888, 0x0888, 0x0888, 0x0888, 0x0888, 0x0888, 0x0888, 0x0888,
    0x0888, 0x0888, 0x0888, 0x0888, 0x0888, 0x0888, 0x0888, 0x0888,
    0x0888, 0x0888, 0x0888, 0x0888, 0x0888, 0x0888, 0x0888, 0x0888,
    0x0888, 0x0888, 0x0888, 0x0888, 0x0888, 0x0888, 0x0888, 0x0888,
    0x0888, 0x0888, 0x0888, 0x0888, 0x0888, 0xF347, 0xF347, 0xF347,
    0xF347, 0xF325, 0xF325, 0xF325, 0xF325, 0xF325, 0xF347, 0xF325,
    0xF325, 0xF347, 0x0888, 0x0888, 0x0888, 0x0888, 0x0888, 0x0888,
    0x0888, 0x0888, 0x0888, 0x0888, 0x0888, 0x0888, 0x0888, 0x0888,
    0x0888, 0x0888, 0x0888, 0x0888, 0x0888, 0x0888, 0x0888, 0x0888,
    0x0888, 0x0888, 0x0888, 0x0888, 0x0888, 0x0888, 0x0888, 0x0888,
    0x0888, 0x0888, 0x0888, 0x0888, 0x0888, 0x0888, 0x0888, 0x0888,
    0x0888, 0x0888, 0x0888, 0x0888, 0x0888, 0x0888, 0x0888, 0x0888,
    0x0888, 0x0888, 0x0888, 0xF347, 0xF347, 0xF325, 0xF325, 0xF325,
    0xF325, 0xF347, 0xF347, 0xF325, 0xF325, 0xF325, 0xF325, 0xF347,
    0xF347, 0xF347, 0xF347, 0x0888, 0x0888, 0x0888, 0x0888, 0x0888,
    0x0888, 0x0888, 0x0888, 0x0888, 0x0888, 0x0888, 0x0888, 0x0888,
    0x0888, 0x0888, 0x0888, 0x0888, 0x0888, 0x0888, 0x0888, 0x0888,
    0x0888, 0x0888, 0x0888, 0x0888, 0x0888, 0x0888, 0x0888, 0x0888,
    0x0888, 0x0888, 0xFFDA, 0xFDA6, 0xFDA6, 0xFDA6, 0xFDA6, 0xFFEB,
    0xFFEB, 0xF945, 0xF945, 0xF945, 0xF945, 0xF945, 0xF945, 0xF945,
    0xF325, 0xFFFF, 0xFFFF, 0xFFFF, 0xFFFF, 0xFFFF, 0xFFFF, 0xFFFF,
    0xFFFF, 0xFFFF, 0xF800, 0xFF79, 0xFF79, 0x0888, 0x0888, 0x0888,
    0x0888, 0x0888, 0x0888, 0xFD87, 0xFD87, 0x0888, 0x0888, 0x0888,
    0x0888, 0x0888, 0x0888, 0x0888, 0x0888, 0x0888, 0x0888, 0x0888,
    0x0888, 0x0888, 0x0888, 0x0888, 0x0888, 0x0888, 0x0888, 0x0888,
    0x0888, 0x0888, 0x0888, 0x0888, 0x0888, 0x0888, 0x0888, 0x0888,
    0x0888, 0x0888, 0x0888, 0x0888, 0x0888, 0x0888, 0x0888, 0x0888,
    0x0888, 0xF347, 0xF347, 0xF347, 0xF347, 0xF347, 0xF347, 0xF347,
    0xF347, 0xF347, 0xF347, 0xFFEB, 0xFD87, 0xFD87, 0xFD87, 0xFD87,
    0xFD87, 0xF347, 0xF347, 0xF347, 0xF325, 0xF325, 0xF347, 0xF347,
    0xF347, 0xF347, 0xFD87, 0xFD87, 0xFD87, 0xFD87, 0x0888, 0x0888,
    0x0888, 0x0888, 0x0888, 0x0888, 0x0888, 0x0888, 0x0888, 0x0888,
    0x0888, 0x0888, 0x0888, 0x0888, 0x0888, 0x0888, 0x0888, 0x0888,
    0x0888, 0x0888, 0x0888, 0x0888, 0x0888, 0x0888, 0x0888, 0x0888,
    0x0888, 0x0888, 0x0888, 0x0888, 0x0888, 0x0888, 0x0888, 0x0888,
    0x0888, 0x0888, 0x0888, 0x0888, 0x0888, 0x0888, 0x0888, 0x0888,
    0x0888, 0x0888, 0x0888, 0x0888, 0x0888, 0x0888, 0xF347, 0xF347,
    0xF325, 0xF325, 0xF325, 0xF325, 0xF347, 0xF347, 0xF347, 0xF347,
    0xF325, 0xF325, 0xF347, 0x0888, 0x0888, 0x0888, 0x0888, 0x0888,
    0x0888, 0x0888, 0x0888, 0x0888, 0x0888, 0x0888, 0x0888, 0x0888,
    0x0888, 0x0888, 0x0888, 0x0888, 0x0888, 0x0888, 0x0888, 0x0888,
    0x0888, 0x0888, 0x0888, 0x0888, 0x0888, 0x0888, 0x0888, 0x0888,
    0x0888, 0x0888, 0x0888, 0x0888, 0x0888, 0x0888, 0x0888, 0x0888,
    0x0888, 0x0888, 0x0888, 0x0888, 0x0888, 0x0888, 0x0888, 0x0888,
    0x0888, 0x0888, 0x0888, 0x0888, 0xF325, 0xF325, 0xF325, 0xF347,
    0xF347, 0xF347, 0xF347, 0xF347, 0xF325, 0xF325, 0xF325, 0xF325,
    0xF347, 0xF347, 0xF347, 0xF347, 0x0888, 0x0888, 0x0888, 0x0888,
    0x0888, 0x0888, 0x0888, 0x0888, 0x0888, 0x0888, 0x0888, 0x0888,
    0x0888, 0x0888, 0x0888, 0x0888, 0x0888, 0x0888, 0x0888, 0x0888,
    0x0888, 0x0888, 0x0888, 0x0888, 0x0888, 0x0888, 0x0888, 0x0888,
    0xFFDA, 0xFFDA, 0xFDA6, 0xFDA6, 0xFDA6, 0xFDA6, 0xFDA6, 0xFFEB,
    0xFFEB, 0xF945, 0x0888, 0x0888, 0x0888, 0x0888, 0xF347, 0xF347,
    0xF347, 0xF325, 0xF325, 0xFFFF, 0xFFFF, 0xFFFF, 0xFFFF, 0xFFFF,
    0xFFFF, 0xFFFF, 0xFFFF, 0xF325, 0xF325, 0x0888, 0x0888, 0x0888,
    0x0888, 0x0888, 0x0888, 0x0888, 0xFD87, 0xFD87, 0x0888, 0x0888,
    0x0888, 0x0888, 0x0888, 0x0888, 0x0888, 0x0888, 0x0888, 0x0888,
    0x0888, 0x0888, 0x0888, 0x0888, 0x0888, 0x0888, 0x0888, 0x0888,
    0x0888, 0x0888, 0x0888, 0x0888, 0x0888, 0x0888, 0x0888, 0x0888,
    0x0888, 0x0888, 0x0888, 0x0888, 0x0888, 0x0888, 0x0888, 0x0888,
    0xF347, 0xF347, 0xF347, 0xF347, 0xF347, 0xF347, 0xF347, 0xF347,
    0xF347, 0xF347, 0xFFEB, 0xFFEB, 0xFFEB, 0xFD87, 0xFD87, 0xFD87,
    0xFD87, 0xFD87, 0xF347, 0xF347, 0xF325, 0xF325, 0xF347, 0xF347,
    0xF347, 0xFD87, 0xFD87, 0xFD87, 0xFD87, 0xFD87, 0xFD87, 0x0888,
    0x0888, 0x0888, 0x0888, 0x0888, 0x0888, 0x0888, 0x0888, 0x0888,
    0x0888, 0x0888, 0x0888, 0x0888, 0x0888, 0x0888, 0x0888, 0x0888,
    0x0888, 0x0888, 0x0888, 0x0888, 0x0888, 0x0888, 0x0888, 0x0888,
    0x0888, 0x0888, 0x0888, 0x0888, 0x0888, 0x0888, 0x0888, 0x0888,
    0x0888, 0x0888, 0x0888, 0x0888, 0x0888, 0x0888, 0x0888, 0x0888,
    0x0888, 0x0888, 0x0888, 0x0888, 0x0888, 0x0888, 0x0888, 0xF347,
    0xF325, 0xF325, 0xF325, 0xF347, 0xF347, 0xF347, 0xF347, 0xF347,
    0xF347, 0xF347, 0xFD87, 0x0888, 0x0888, 0x0888, 0x0888, 0x0888,
    0x0888, 0x0888, 0x0888, 0x0888, 0x0888, 0x0888, 0x0888, 0x0888,
    0x0888, 0x0888, 0x0888, 0x0888, 0x0888, 0x0888, 0x0888, 0x0888,
    0x0888, 0x0888, 0x0888, 0x0888, 0x0888, 0x0888, 0x0888, 0x0888,
    0x0888, 0x0888, 0x0888, 0x0888, 0x0888, 0x0888, 0x0888, 0x0888,
    0x0888, 0x0888, 0x0888, 0x0888, 0x0888, 0x0888, 0x0888, 0x0888,
    0x0888, 0x0888, 0x0888, 0x0888, 0xFD87, 0xF325, 0xF347, 0xF347,
    0xF347, 0xF347, 0xF347, 0xF347, 0xF347, 0xF325, 0xF325, 0xF347,
    0xFFEB, 0xFFEB, 0xFFEB, 0xFFEB, 0x0888, 0x0888, 0x0888, 0x0888,
    0x0888, 0x0888, 0x0888, 0x0888, 0x0888, 0x0888, 0x0888, 0x0888,
    0x0888, 0x0888, 0x0888, 0x0888, 0xFFDA, 0xFFDA, 0x0888, 0x0888,
    0x0888, 0x0888, 0x0888, 0x0888, 0x0888, 0x0888, 0xFFDA, 0xFFDA,
    0xFDA6, 0xFDA6, 0xFDA6, 0xFDA6, 0xFDA6, 0xF945, 0xF945, 0x0888,
    0x0888, 0x0888, 0x0888, 0xF347, 0xF347, 0xF347, 0xF347, 0xF347,
    0xF347, 0xF347, 0xF347, 0xF325, 0xF325, 0xF325, 0xF325, 0xF325,
    0xF325, 0xF325, 0xF325, 0xF347, 0xF347, 0xF347, 0xF347, 0x0888,
    0x0888, 0x0888, 0x0888, 0x0888, 0x0888, 0x0888, 0x0888, 0x0888,
    0x0888, 0x0888, 0x0888, 0x0888, 0x0888, 0x0888, 0x0888, 0x0888,
    0x0888, 0x0888, 0x0888, 0x0888, 0x0888, 0x0888, 0x0888, 0x0888,
    0x0888, 0x0888, 0x0888, 0x0888, 0x0888, 0x0888, 0x0888, 0x0888,
    0x0888, 0x0888, 0x0888, 0x0888, 0x0888, 0x0888, 0x0888, 0x0888,
    0xF347, 0xF347, 0xF347, 0xF347, 0xF347, 0xF347, 0xF347, 0xF347,
    0xF347, 0xFFEB, 0xFFEB, 0xFFEB, 0xFFEB, 0xFFEB, 0xFD87, 0xFD87,
    0xFD87, 0xFD87, 0x0888, 0xF347, 0xF325, 0xF325, 0xF347, 0xFD87,
    0xFD87, 0xFD87, 0xFD87, 0xFD87, 0xFD87, 0xFD87, 0xF325, 0xF325,
    0x0888, 0x0888, 0x0888, 0x0888, 0x0888, 0x0888, 0x0888, 0x0888,
    0x0888, 0x0888, 0x0888, 0x0888, 0x0888, 0x0888, 0x0888, 0x0888,
    0x0888, 0x0888, 0x0888, 0x0888, 0x0888, 0x0888, 0x0888, 0x0888,
    0x0888, 0x0888, 0x0888, 0x0888, 0x0888, 0x0888, 0x0888, 0x0888,
    0x0888, 0x0888, 0x0888, 0x0888, 0x0888, 0x0888, 0x0888, 0x0888,
    0x0888, 0x0888, 0x0888, 0x0888, 0x0888, 0x0888, 0x0888, 0xF325,
    0xF325, 0xF325, 0xF347, 0xF347, 0xF347, 0xF347, 0xF347, 0xF347,
    0xF347, 0xFD87, 0xFD87, 0x0888, 0x0888, 0x0888, 0x0888, 0x0888,
    0x0888, 0x0888, 0x0888, 0x0888, 0x0888, 0x0888, 0x0888, 0x0888,
    0x0888, 0x0888, 0x0888, 0x0888, 0x0888, 0x0888, 0x0888, 0x0888,
    0x0888, 0x0888, 0x0888, 0x0888, 0x0888, 0x0888, 0x0888, 0x0888,
    0x0888, 0x0888, 0x0888, 0x0888, 0x0888, 0x0888, 0x0888, 0x0888,
    0x0888, 0x0888, 0x0888, 0x0888, 0x0888, 0x0888, 0x0888, 0x0888,
    0x0888, 0x0888, 0x0888, 0xFD87, 0xFD87, 0xFD87, 0xF347, 0xF347,
    0xF347, 0xF347, 0xF347, 0xF347, 0xF347, 0xF347, 0xF325, 0xFFEB,
    0xFFEB, 0xFFEB, 0xFFEB, 0xFFEB, 0x0888, 0x0888, 0x0888, 0x0888,
    0x0888, 0x0888, 0x0888, 0x0888, 0x0888, 0x0888, 0x0888, 0x0888,
    0x0888, 0x0888, 0x0888, 0xFFDA, 0xFDA6, 0xFDA6, 0xFFDA, 0xFFDA,
    0x0888, 0x0888, 0x0888, 0x0888, 0xFFDA, 0xFFDA, 0xFDA6, 0xFDA6,
    0xFDA6, 0xFDA6, 0xFDA6, 0xFDA6, 0xF945, 0x0888, 0x0888, 0x0888,
    0x0888, 0x0888, 0xF347, 0xF347, 0xF347, 0xF347, 0xF347, 0xF347,
    0xF347, 0xF347, 0xF347, 0xF347, 0xF347, 0xF347, 0xF347, 0xF347,
    0xF347, 0xF347, 0xF347, 0xF347, 0xF347, 0xF347, 0xF347, 0xF347,
    0xF347, 0x0888, 0x0888, 0x0888, 0x0888, 0x0888, 0x0888, 0x0888,
    0x0888, 0x0888, 0x0888, 0x0888, 0x0888, 0x0888, 0x0888, 0x0888,
    0x0888, 0x0888, 0x0888, 0x0888, 0x0888, 0x0888, 0x0888, 0x0888,
    0x0888, 0x0888, 0x0888, 0x0888, 0x0888, 0x0888, 0x0888, 0x0888,
    0x0888, 0x0888, 0x0888, 0x0888, 0x0888, 0x0888, 0x0888, 0x0888,
    0xF347, 0xF347, 0xF347, 0x0888, 0x0888, 0xF347, 0xF347, 0xF347,
    0xF347, 0xFFEB, 0xFFEB, 0xFFEB, 0xFFEB, 0xFFEB, 0xFFEB, 0xFD87,
    0xFD87, 0x0888, 0x0888, 0x0888, 0x0888, 0x0888, 0x0888, 0x0888,
    0xFD87, 0xFD87, 0xFD87, 0xFD87, 0xFD87, 0xF325, 0xF325, 0xF325,
    0xF325, 0x0888, 0x0888, 0x0888, 0x0888, 0x0888, 0x0888, 0x0888,
    0x0888, 0x0888, 0x0888, 0x0888, 0x0888, 0x0888, 0x0888, 0x0888,
    0x0888, 0x0888, 0x0888, 0x0888, 0x0888, 0x0888, 0x0888, 0x0888,
    0x0888, 0x0888, 0x0888, 0x0888, 0x0888, 0x0888, 0x0888, 0x0888,
    0x0888, 0x0888, 0x0888, 0x0888, 0x0888, 0x0888, 0x0888, 0x0888,
    0x0888, 0x0888, 0x0888, 0x0888, 0x0888, 0xF347, 0xF347, 0xF347,
    0xF325, 0xF325, 0xF325, 0xFFEB, 0xFFEB, 0xFFEB, 0xFFEB, 0xFFEB,
    0xFFEB, 0xFD87, 0xFD87, 0x0888, 0x0888, 0x0888, 0x0888, 0x0888,
    0x0888, 0x0888, 0x0888, 0x0888, 0x0888, 0x0888, 0x0888, 0x0888,
    0x0888, 0x0888, 0x0888, 0x0888, 0x0888, 0x0888, 0x0888, 0x0888,
    0x0888, 0x0888, 0x0888, 0x0888, 0x0888, 0x0888, 0x0888, 0x0888,
    0x0888, 0x0888, 0x0888, 0x0888, 0x0888, 0x0888, 0x0888, 0x0888,
    0x0888, 0x0888, 0x0888, 0x0888, 0x0888, 0x0888, 0x0888, 0x0888,
    0x0888, 0x0888, 0xFD87, 0xFD87, 0xFD87, 0xFD87, 0xFD87, 0xFD87,
    0xF325, 0xF325, 0xF325, 0xF325, 0xF325, 0xF325, 0xF347, 0xFFEB,
    0xFFEB, 0xFFEB, 0xFFEB, 0x0888, 0x0888, 0x0888, 0x0888, 0x0888,
    0x0888, 0x0888, 0x0888, 0x0888, 0x0888, 0x0888, 0x0888, 0x0888,
    0x0888, 0x0888, 0x0888, 0xFDA6, 0xFDA6, 0xFDA6, 0xFDA6, 0xFDA6,
    0xFFDA, 0xFFDA, 0xFFDA, 0xFFDA, 0xFDA6, 0xFDA6, 0xFDA6, 0xFDA6,
    0xFDA6, 0xFDA6, 0xF945, 0xF945, 0x0888, 0x0888, 0x0888, 0x0888,
    0x0888, 0x0888, 0x0888, 0xF347, 0xF347, 0xF347, 0xF347, 0xF347,
    0xF347, 0xF347, 0xF347, 0xF347, 0xF347, 0xF347, 0xF347, 0xF347,
    0xF347, 0xF347, 0xF347, 0xF347, 0xF347, 0xF347, 0xF347, 0xF347,
    0xF347, 0xF347, 0x0888, 0x0888, 0x0888, 0x0888, 0x0888, 0x0888,
    0x0888, 0x0888, 0x0888, 0x0888, 0x0888, 0x0888, 0x0888, 0x0888,
    0x0888, 0x0888, 0x0888, 0x0888, 0x0888, 0x0888, 0x0888, 0x0888,
    0x0888, 0x0888, 0x0888, 0x0888, 0x0888, 0x0888, 0x0888, 0x0888,
    0x0888, 0x0888, 0x0888, 0x0888, 0x0888, 0x0888, 0x0888, 0x0888,
    0x0888, 0x0888, 0x0888, 0x0888, 0x0888, 0x0888, 0x0888, 0xF347,
    0xFFEB, 0xFFEB, 0xFFEB, 0xFFEB, 0xFFEB, 0xFFEB, 0xFFEB, 0xFFEB,
    0x0888, 0x0888, 0x0888, 0x0888, 0x0888, 0x0888, 0x0888, 0x0888,
    0x0888, 0x0888, 0xFD87, 0xFD87, 0xF325, 0xF325, 0xF325, 0xF325,
    0xF325, 0xF325, 0xF325, 0x0888, 0x0888, 0x0888, 0x0888, 0x0888,
    0x0888, 0x0888, 0x0888, 0x0888, 0x0888, 0x0888, 0x0888, 0x0888,
    0x0888, 0x0888, 0x0888, 0x0888, 0x0888, 0x0888, 0x0888, 0x0888,
    0x0888, 0x0888, 0x0888, 0x0888, 0x0888, 0x0888, 0x0888, 0x0888,
    0x0888, 0x0888, 0x0888, 0x0888, 0x0888, 0x0888, 0x0888, 0x0888,
    0x0888, 0x0888, 0x0888, 0xF347, 0xF347, 0xF347, 0xF347, 0xF347,
    0xF347, 0xF347, 0xF347, 0xFFEB, 0xFFEB, 0xFFEB, 0xFFEB, 0xFFEB,
    0xFFEB, 0xFD87, 0xFD87, 0xFD87, 0x0888, 0x0888, 0x0888, 0x0888,
    0x0888, 0x0888, 0x0888, 0x0888, 0x0888, 0x0888, 0x0888, 0x0888,
    0x0888, 0x0888, 0x0888, 0x0888, 0x0888, 0x0888, 0x0888, 0x0888,
    0x0888, 0x0888, 0x0888, 0x0888, 0x0888, 0x0888, 0x0888, 0x0888,
    0x0888, 0x0888, 0x0888, 0x0888, 0x0888, 0x0888, 0x0888, 0x0888,
    0x0888, 0x0888, 0x0888, 0x0888, 0x0888, 0x0888, 0x0888, 0x0888,
    0x0888, 0xFD87, 0xFD87, 0xFD87, 0xFD87, 0xFD87, 0xFD87, 0xFD87,
    0xF347, 0xF347, 0xF347, 0xF347, 0xF347, 0xF347, 0xF347, 0xF347,
    0xFFEB, 0xFFEB, 0xFFEB, 0x0888, 0x0888, 0x0888, 0x0888, 0x0888,
    0x0888, 0x0888, 0x0888, 0x0888, 0x0888, 0x0888, 0x0888, 0x0888,
    0x0888, 0x0888, 0x0888, 0xF945, 0xFDA6, 0xFDA6, 0xFDA6, 0xFDA6,
    0xFDA6, 0xFDA6, 0xFDA6, 0xFDA6, 0xFDA6, 0xFDA6, 0xFDA6, 0xFDA6,
    0xF945, 0xF945, 0x0888, 0x0888, 0x0888, 0x0888, 0x0888, 0x0888,
    0x0888, 0x0888, 0x0888, 0x0888, 0x0888, 0xF347, 0xF347, 0xF347,
    0xF347, 0xF347, 0xF347, 0xF347, 0xF347, 0xF347, 0xF347, 0xF347,
    0xF347, 0xF347, 0xF347, 0xF347, 0xF347, 0xF347, 0xF347, 0x0888,
    0x0888, 0x0888, 0x0888, 0x0888, 0x0888, 0x0888, 0x0888, 0x0888,
    0x0888, 0x0888, 0x0888, 0x0888, 0x0888, 0x0888, 0x0888, 0x0888,
    0x0888, 0x0888, 0x0888, 0x0888, 0x0888, 0x0888, 0x0888, 0x0888,
    0x0888, 0x0888, 0x0888, 0x0888, 0x0888, 0x0888, 0x0888, 0x0888,
    0x0888, 0x0888, 0x0888, 0x0888, 0x0888, 0x0888, 0x0888, 0x0888,
    0x0888, 0x0888, 0x0888, 0x0888, 0x0888, 0x0888, 0x0888, 0x0888,
    0xFFEB, 0xFFEB, 0xFFEB, 0xFFEB, 0xFFEB, 0xFFEB, 0xFFEB, 0x0888,
    0x0888, 0x0888, 0x0888, 0x0888, 0x0888, 0x0888, 0x0888, 0x0888,
    0x0888, 0x0888, 0x0888, 0xF325, 0xF325, 0xF325, 0xF325, 0xF325,
    0xF325, 0xF325, 0xF325, 0xF325, 0xF325, 0xF325, 0xF325, 0x0888,
    0x0888, 0x0888, 0x0888, 0x0888, 0x0888, 0x0888, 0x0888, 0x0888,
    0x0888, 0x0888, 0x0888, 0x0888, 0x0888, 0x0888, 0x0888, 0x0888,
    0x0888, 0x0888, 0x0888, 0x0888, 0x0888, 0x0888, 0x0888, 0x0888,
    0x0888, 0x0888, 0x0888, 0x0888, 0x0888, 0x0888, 0x0888, 0x0888,
    0x0888, 0x0888, 0x0888, 0xF347, 0xF347, 0xF347, 0xF347, 0xF347,
    0xF347, 0xF347, 0xF347, 0xF347, 0xFFEB, 0xFFEB, 0xFFEB, 0xFFEB,
    0xFD87, 0xFD87, 0xFD87, 0xFD87, 0x0888, 0x0888, 0x0888, 0x0888,
    0x0888, 0x0888, 0x0888, 0x0888, 0x0888, 0x0888, 0x0888, 0x0888,
    0x0888, 0x0888, 0x0888, 0x0888, 0x0888, 0x0888, 0x0888, 0x0888,
    0x0888, 0x0888, 0x0888, 0x0888, 0x0888, 0x0888, 0x0888, 0x0888,
    0x0888, 0x0888, 0x0888, 0x0888, 0x0888, 0x0888, 0x0888, 0x0888,
    0x0888, 0x0888, 0x0888, 0x0888, 0x0888, 0x0888, 0x0888, 0x0888,
    0xF325, 0xF325, 0xF325, 0xFD87, 0xFD87, 0xFD87, 0xFD87, 0xFD87,
    0x0888, 0xF347, 0xF347, 0xF347, 0xF347, 0xF347, 0xF347, 0xF347,
    0xF347, 0x0888, 0x0888, 0x0888, 0x0888, 0x0888, 0x0888, 0x0888,
    0x0888, 0x0888, 0x0888, 0x0888, 0x0888, 0x0888, 0x0888, 0x0888,
    0x0888, 0x0888, 0x0888, 0x0888, 0xF945, 0xF945, 0xFDA6, 0xFDA6,
    0xFDA6, 0xFDA6, 0xFDA6, 0xFDA6, 0xFDA6, 0xFDA6, 0xF945, 0xF945,
    0x0888, 0x0888, 0x0888, 0x0888, 0x0888, 0x0888, 0x0888, 0x0888,
    0x0888, 0x0888, 0x0888, 0x0888, 0x0888, 0x0888, 0xF347, 0xF347,
    0xF347, 0xF347, 0xF347, 0xF347, 0xF347, 0xF347, 0xF347, 0xF347,
    0xF347, 0xF347, 0xF347, 0xF347, 0xF347, 0xF347, 0x0888, 0x0888,
    0x0888, 0x0888, 0x0888, 0x0888, 0x0888, 0x0888, 0x0888, 0x0888,
    0x0888, 0x0888, 0x0888, 0x0888, 0x0888, 0x0888, 0x0888, 0x0888,
    0x0888, 0x0888, 0x0888, 0x0888, 0x0888, 0x0888, 0x0888, 0x0888,
    0x0888, 0x0888, 0x0888, 0x0888, 0x0888, 0x0888, 0x0888, 0x0888,
    0x0888, 0x0888, 0x0888, 0x0888, 0x0888, 0x0888, 0x0888, 0x0888,
    0x0888, 0x0888, 0x0888, 0x0888, 0x0888, 0x0888, 0x0888, 0x0888,
    0x0888, 0x0888, 0xFFEB, 0xFFEB, 0xFFEB, 0xFFEB, 0x0888, 0x0888,
    0x0888, 0x0888, 0x0888, 0x0888, 0x0888, 0x0888, 0x0888, 0x0888,
    0x0888, 0x0888, 0x0888, 0x0888, 0xF325, 0xF325, 0xF325, 0xF325,
    0xF325, 0xF325, 0xF325, 0xF325, 0xF325, 0xF325, 0xF325, 0x0888,
    0x0888, 0x0888, 0x0888, 0x0888, 0x0888, 0x0888, 0x0888, 0x0888,
    0x0888, 0x0888, 0x0888, 0x0888, 0x0888, 0x0888, 0x0888, 0x0888,
    0x0888, 0x0888, 0x0888, 0x0888, 0x0888, 0x0888, 0x0888, 0x0888,
    0x0888, 0x0888, 0x0888, 0x0888, 0x0888, 0x0888, 0x0888, 0x0888,
    0x0888, 0x0888, 0x0888, 0xF347, 0xF347, 0xF347, 0xF347, 0xF347,
    0xF347, 0xF347, 0xF347, 0xF347, 0xFFEB, 0xFFEB, 0xFD87, 0xFD87,
    0xFD87, 0xFD87, 0xFD87, 0x0888, 0x0888, 0x0888, 0x0888, 0x0888,
    0x0888, 0x0888, 0x0888, 0x0888, 0x0888, 0x0888, 0x0888, 0x0888,
    0x0888, 0x0888, 0x0888, 0x0888, 0x0888, 0x0888, 0x0888, 0x0888,
    0x0888, 0x0888, 0x0888, 0x0888, 0x0888, 0x0888, 0x0888, 0x0888,
    0x0888, 0x0888, 0x0888, 0x0888, 0x0888, 0x0888, 0x0888, 0x0888,
    0x0888, 0x0888, 0x0888, 0x0888, 0x0888, 0x0888, 0x0888, 0xF325,
    0xF325, 0xF325, 0xF325, 0xF325, 0xF325, 0xFD87, 0xFD87, 0x0888,
    0x0888, 0xF347, 0xF347, 0xF347, 0xF347, 0xF347, 0xF347, 0x0888,
    0x0888, 0x0888, 0x0888, 0x0888, 0x0888, 0x0888, 0x0888, 0x0888,
    0x0888, 0x0888, 0x0888, 0x0888, 0x0888, 0x0888, 0x0888, 0x0888,
    0x0888, 0x0888, 0x0888, 0x0888, 0x0888, 0x0888, 0xF945, 0xF945,
    0xF945, 0xF945, 0xF945, 0xF945, 0xF945, 0xF945, 0x0888, 0x0888,
    0x0888, 0x0888, 0x0888, 0x0888, 0x0888, 0x0888, 0x0888, 0x0888,
    0x0888, 0x0888, 0x0888, 0x0888, 0x0888, 0x0888, 0x0888, 0x0888,
    0xF347, 0xF347, 0xF347, 0xF347, 0xF347, 0xF347, 0xF347, 0xF347,
    0xF347, 0xF347, 0xF347, 0xFD87, 0xFD87, 0xFD87, 0x0888, 0x0888,
    0x0888, 0x0888, 0x0888, 0x0888, 0x0888, 0x0888, 0x0888, 0x0888,
    0x0888, 0x0888, 0x0888, 0x0888, 0x0888, 0x0888, 0x0888, 0x0888,
    0x0888, 0x0888, 0x0888, 0x0888, 0x0888, 0x0888, 0x0888, 0x0888,
    0x0888, 0x0888, 0x0888, 0x0888, 0x0888, 0x0888, 0x0888, 0x0888,
    0x0888, 0x0888, 0x0888, 0x0888, 0x0888, 0x0888, 0x0888, 0x0888,
    0x0888, 0x0888, 0x0888, 0x0888, 0x0888, 0x0888, 0x0888, 0x0888,
    0x0888, 0x0888, 0x0888, 0x0888, 0x0888, 0x0888, 0x0888, 0x0888,
    0x0888, 0x0888, 0x0888, 0x0888, 0x0888, 0x0888, 0x0888, 0x0888,
    0x0888, 0x0888, 0x0888, 0x0888, 0x0888, 0xF325, 0xF325, 0xF325,
    0xF325, 0xF325, 0xF325, 0xF325, 0xF325, 0xF325, 0xF325, 0x0888,
    0x0888, 0x0888, 0x0888, 0x0888, 0x0888, 0x0888, 0x0888, 0x0888,
    0x0888, 0x0888, 0x0888, 0x0888, 0x0888, 0x0888, 0x0888, 0x0888,
    0x0888, 0x0888, 0x0888, 0x0888, 0x0888, 0x0888, 0x0888, 0x0888,
    0x0888, 0x0888, 0x0888, 0x0888, 0x0888, 0x0888, 0x0888, 0x0888,
    0x0888, 0x0888, 0x0888, 0x0888, 0xF347, 0xF347, 0xF347, 0xF347,
    0xF347, 0xF347, 0x0888, 0x0888, 0x0888, 0xF325, 0xF325, 0xF325,
    0xF325, 0xF325, 0xF325, 0x0888, 0x0888, 0x0888, 0x0888, 0x0888,
    0x0888, 0x0888, 0x0888, 0x0888, 0x0888, 0x0888, 0x0888, 0x0888,
    0x0888, 0x0888, 0x0888, 0x0888, 0x0888, 0x0888, 0x0888, 0x0888,
    0x0888, 0x0888, 0x0888, 0x0888, 0x0888, 0x0888, 0x0888, 0x0888,
    0x0888, 0x0888, 0x0888, 0x0888, 0x0888, 0x0888, 0x0888, 0x0888,
    0x0888, 0x0888, 0x0888, 0x0888, 0x0888, 0x0888, 0x0888, 0xF325,
    0xF325, 0xF325, 0xF325, 0xF325, 0xF325, 0xF325, 0xF325, 0x0888,
    0x0888, 0x0888, 0xF347, 0xF347, 0xF347, 0xF347, 0x0888, 0x0888,
    0x0888, 0x0888, 0x0888, 0x0888, 0x0888, 0x0888, 0x0888, 0x0888,
    0x0888, 0x0888, 0x0888, 0x0888, 0x0888, 0x0888, 0x0888, 0x0888,
    0x0888, 0x0888, 0x0888, 0x0888, 0x0888, 0x0888, 0x0888, 0x0888,
    0x0888, 0x0888, 0x0888, 0x0888, 0x0888, 0x0888, 0x0888, 0x0888,
    0x0888, 0x0888, 0x0888, 0x0888, 0x0888, 0x0888, 0x0888, 0x0888,
    0x0888, 0x0888, 0x0888, 0x0888, 0x0888, 0x0888, 0x0888, 0x0888,
    0xFD87, 0xFD87, 0xFD87, 0xFD87, 0xFD87, 0xFD87, 0x0888, 0x0888,
    0xFD87, 0xFD87, 0xFD87, 0xFD87, 0xFD87, 0x0888, 0x0888, 0x0888,
    0x0888, 0x0888, 0x0888, 0x0888, 0x0888, 0x0888, 0x0888, 0x0888,
    0x0888, 0x0888, 0x0888, 0x0888, 0x0888, 0x0888, 0x0888, 0x0888,
    0x0888, 0x0888, 0x0888, 0x0888, 0x0888, 0x0888, 0x0888, 0x0888,
    0x0888, 0x0888, 0x0888, 0x0888, 0x0888, 0x0888, 0x0888, 0x0888,
    0x0888, 0x0888, 0x0888, 0x0888, 0x0888, 0x0888, 0x0888, 0x0888,
    0x0888, 0x0888, 0x0888, 0x0888, 0x0888, 0x0888, 0x0888, 0x0888,
    0x0888, 0x0888, 0x0888, 0x0888, 0x0888, 0x0888, 0x0888, 0x0888,
    0x0888, 0x0888, 0x0888, 0x0888, 0x0888, 0x0888, 0x0888, 0x0888,
    0x0888, 0x0888, 0x0888, 0x0888, 0x0888, 0x0888, 0xF325, 0xF325,
    0xF325, 0xF325, 0xF325, 0xF325, 0xF325, 0xF325, 0x0888, 0x0888,
    0x0888, 0x0888, 0x0888, 0x0888, 0x0888, 0x0888, 0x0888, 0x0888,
    0x0888, 0x0888, 0x0888, 0x0888, 0x0888, 0x0888, 0x0888, 0x0888,
    0x0888, 0x0888, 0x0888, 0x0888, 0x0888, 0x0888, 0x0888, 0x0888,
    0x0888, 0x0888, 0x0888, 0x0888, 0x0888, 0x0888, 0x0888, 0x0888,
    0x0888, 0x0888, 0x0888, 0x0888, 0xF347, 0xF347, 0xF347, 0xF347,
    0x0888, 0x0888, 0x0888, 0x0888, 0xF325, 0xF325, 0xF325, 0xF325,
    0xF325, 0xF325, 0xF325, 0x0888, 0x0888, 0x0888, 0x0888, 0x0888,
    0x0888, 0x0888, 0x0888, 0x0888, 0x0888, 0x0888, 0x0888, 0x0888,
    0x0888, 0x0888, 0x0888, 0x0888, 0x0888, 0x0888, 0x0888, 0x0888,
    0x0888, 0x0888, 0x0888, 0x0888, 0x0888, 0x0888, 0x0888, 0x0888,
    0x0888, 0x0888, 0x0888, 0x0888, 0x0888, 0x0888, 0x0888, 0x0888,
    0x0888, 0x0888, 0x0888, 0x0888, 0x0888, 0x0888, 0xF325, 0xF325,
    0xF325, 0xF325, 0xF325, 0xF325, 0xF325, 0xF325, 0x0888, 0x0888,
    0x0888, 0x0888, 0xF347, 0xF347, 0xF347, 0xF347, 0x0888, 0x0888,
    0x0888, 0x0888, 0x0888, 0x0888, 0x0888, 0x0888, 0x0888, 0x0888,
    0x0888, 0x0888, 0x0888, 0x0888, 0x0888, 0x0888, 0x0888, 0x0888,
    0x0888, 0x0888, 0x0888, 0x0888, 0x0888, 0x0888, 0x0888, 0x0888,
    0x0888, 0x0888, 0x0888, 0x0888, 0x0888, 0x0888, 0x0888, 0x0888,
    0x0888, 0x0888, 0x0888, 0x0888, 0x0888, 0x0888, 0x0888, 0x0888,
    0x0888, 0x0888, 0x0888, 0x0888, 0x0888, 0x0888, 0x0888, 0x0888,
    0xFD87, 0xFD87, 0xFD87, 0xFD87, 0xFD87, 0xF325, 0xF325, 0xF325,
    0xF325, 0xF325, 0xF325, 0xF325, 0x0888, 0x0888, 0x0888, 0x0888,
    0x0888, 0x0888, 0x0888, 0x0888, 0x0888, 0x0888, 0x0888, 0x0888,
    0x0888, 0x0888, 0x0888, 0x0888, 0x0888, 0x0888, 0x0888, 0x0888,
    0x0888, 0x0888, 0x0888, 0x0888, 0x0888, 0x0888, 0x0888, 0x0888,
    0x0888, 0x0888, 0x0888, 0x0888, 0x0888, 0x0888, 0x0888, 0x0888,
    0x0888, 0x0888, 0x0888, 0x0888, 0x0888, 0x0888, 0x0888, 0x0888,
    0x0888, 0x0888, 0x0888, 0x0888, 0x0888, 0x0888, 0x0888, 0x0888,
    0x0888, 0x0888, 0x0888, 0x0888, 0x0888, 0x0888, 0x0888, 0x0888,
    0x0888, 0x0888, 0x0888, 0x0888, 0x0888, 0x0888, 0x0888, 0x0888,
    0x0888, 0x0888, 0x0888, 0x0888, 0x0888, 0x0888, 0x0888, 0xF325,
    0xF325, 0xF325, 0xF325, 0xF325, 0xF325, 0x0888, 0x0888, 0x0888,
    0x0888, 0x0888, 0x0888, 0x0888, 0x0888, 0x0888, 0x0888, 0x0888,
    0x0888, 0x0888, 0x0888, 0x0888, 0x0888, 0x0888, 0x0888, 0x0888,
    0x0888, 0x0888, 0x0888, 0x0888, 0x0888, 0x0888, 0x0888, 0x0888,
    0x0888, 0x0888, 0x0888, 0x0888, 0x0888, 0x0888, 0x0888, 0x0888,
    0x0888, 0x0888, 0x0888, 0x0888, 0xF347, 0xF347, 0xF347, 0xF347,
    0x0888, 0x0888, 0x0888, 0x0888, 0xF325, 0xF325, 0xF325, 0xF325,
    0xF325, 0xF325, 0xF325, 0x0888, 0x0888, 0x0888, 0x0888, 0x0888,
    0x0888, 0x0888, 0x0888, 0x0888, 0x0888, 0x0888, 0x0888, 0x0888,
    0x0888, 0x0888, 0x0888, 0x0888, 0x0888, 0x0888, 0x0888, 0x0888,
    0x0888, 0x0888, 0x0888, 0x0888, 0x0888, 0x0888, 0x0888, 0x0888,
    0x0888, 0x0888, 0x0888, 0x0888, 0x0888, 0x0888, 0x0888, 0x0888,
    0x0888, 0x0888, 0x0888, 0x0888, 0x0888, 0xF325, 0xF325, 0xF325,
    0xF325, 0xF325, 0xF325, 0xF325, 0xF325, 0xF325, 0x0888, 0x0888,
    0x0888, 0x0888, 0x0888, 0xF347, 0xF347, 0xF347, 0x0888, 0x0888,
    0x0888, 0x0888, 0x0888, 0x0888, 0x0888, 0x0888, 0x0888, 0x0888,
    0x0888, 0x0888, 0x0888, 0x0888, 0x0888, 0x0888, 0x0888, 0x0888,
    0x0888, 0x0888, 0x0888, 0x0888, 0x0888, 0x0888, 0x0888, 0x0888,
    0x0888, 0x0888, 0x0888, 0x0888, 0x0888, 0x0888, 0x0888, 0x0888,
    0x0888, 0x0888, 0x0888, 0x0888, 0x0888, 0x0888, 0x0888, 0x0888,
    0x0888, 0x0888, 0x0888, 0x0888, 0x0888, 0x0888, 0x0888, 0xF347,
    0xF347, 0xF347, 0xF347, 0xF347, 0xF347, 0xF325, 0xF325, 0xF325,
    0xF325, 0xF325, 0xF325, 0x0888, 0x0888, 0x0888, 0x0888, 0x0888,
    0x0888, 0x0888, 0x0888, 0x0888, 0x0888, 0x0888, 0x0888, 0x0888,
    0x0888, 0x0888, 0x0888, 0x0888, 0x0888, 0x0888, 0x0888, 0x0888,
    0x0888, 0x0888, 0x0888, 0x0888, 0x0888, 0x0888, 0x0888, 0x0888,
    0x0888, 0x0888, 0x0888, 0x0888, 0x0888, 0x0888, 0x0888, 0x0888,
    0x0888, 0x0888, 0x0888, 0x0888, 0x0888, 0x0888, 0x0888, 0x0888,
    0x0888, 0x0888, 0x0888, 0x0888, 0x0888, 0x0888, 0x0888, 0x0888,
    0x0888, 0x0888, 0x0888, 0x0888, 0x0888, 0x0888, 0x0888, 0x0888,
    0x0888, 0x0888, 0x0888, 0x0888, 0x0888, 0x0888, 0x0888, 0x0888,
    0x0888, 0x0888, 0x0888, 0x0888, 0x0888, 0x0888, 0x0888, 0x0888,
    0xF325, 0xF325, 0xF325, 0xF325, 0x0888, 0x0888, 0x0888, 0x0888,
    0x0888, 0x0888, 0x0888, 0x0888, 0x0888, 0x0888, 0x0888, 0x0888,
    0x0888, 0x0888, 0x0888, 0x0888, 0x0888, 0x0888, 0x0888, 0x0888,
    0x0888, 0x0888, 0x0888, 0x0888, 0x0888, 0x0888, 0x0888, 0x0888,
    0x0888, 0x0888, 0x0888, 0x0888, 0x0888, 0x0888, 0x0888, 0x0888,
    0x0888, 0x0888, 0x0888, 0x0888, 0x0888, 0xF347, 0xF347, 0x0888,
    0x0888, 0x0888, 0x0888, 0x0888, 0xF325, 0xF325, 0xF325, 0xF325,
    0xF325, 0xF325, 0xF325, 0x0888, 0x0888, 0x0888, 0x0888, 0x0888,
    0x0888, 0x0888, 0x0888, 0x0888, 0x0888, 0x0888, 0x0888, 0x0888,
    0x0888, 0x0888, 0x0888, 0x0888, 0x0888, 0x0888, 0x0888, 0x0888,
    0x0888, 0x0888, 0x0888, 0x0888, 0x0888, 0x0888, 0x0888, 0x0888,
    0x0888, 0x0888, 0x0888, 0x0888, 0x0888, 0x0888, 0x0888, 0x0888,
    0x0888, 0x0888, 0x0888, 0x0888, 0x0888, 0xF325, 0xF325, 0xF325,
    0xF325, 0xF325, 0xF325, 0xF325, 0xF325, 0xF325, 0x0888, 0x0888,
    0x0888, 0x0888, 0x0888, 0x0888, 0xF347, 0x0888, 0x0888, 0x0888,
    0x0888, 0x0888, 0x0888, 0x0888, 0x0888, 0x0888, 0x0888, 0x0888,
    0x0888, 0x0888, 0x0888, 0x0888, 0x0888, 0x0888, 0x0888, 0x0888,
    0x0888, 0x0888, 0x0888, 0x0888, 0x0888, 0x0888, 0x0888, 0x0888,
    0x0888, 0x0888, 0x0888, 0x0888, 0x0888, 0x0888, 0x0888, 0x0888,
    0x0888, 0x0888, 0x0888, 0x0888, 0x0888, 0x0888, 0x0888, 0x0888,
    0x0888, 0x0888, 0x0888, 0x0888, 0x0888, 0x0888, 0x0888, 0xF347,
    0xF347, 0xF347, 0xF347, 0xF347, 0xF347, 0xF325, 0xF325, 0xF325,
    0xF325, 0xF325, 0xF325, 0xF325, 0xF325, 0x0888, 0x0888, 0x0888,
    0x0888, 0x0888, 0x0888, 0x0888, 0x0888, 0x0888, 0x0888, 0x0888,
    0x0888, 0x0888, 0x0888, 0x0888, 0x0888, 0x0888, 0x0888, 0x0888,
    0x0888, 0x0888, 0x0888, 0x0888, 0x0888, 0x0888, 0x0888, 0x0888,
    0x0888, 0x0888, 0x0888, 0x0888, 0x0888, 0x0888, 0x0888, 0x0888,
    0x0888, 0x0888, 0x0888, 0x0888, 0x0888, 0x0888, 0x0888, 0x0888,
    0x0888, 0x0888, 0x0888, 0x0888, 0x0888, 0x0888, 0x0888, 0x0888,
    0x0888, 0x0888, 0x0888, 0x0888, 0x0888, 0x0888, 0x0888, 0x0888,
    0x0888, 0x0888, 0x0888, 0x0888, 0x0888, 0x0888, 0x0888, 0x0888,
    0x0888, 0x0888, 0x0888, 0x0888, 0x0888, 0x0888, 0x0888, 0x0888,
    0x0888, 0xF325, 0x0888, 0x0888, 0x0888, 0x0888, 0x0888, 0x0888,
    0x0888, 0x0888, 0x0888, 0x0888, 0x0888, 0x0888, 0x0888, 0x0888,
    0x0888, 0x0888, 0x0888, 0x0888, 0x0888, 0x0888, 0x0888, 0x0888,
    0x0888, 0x0888, 0x0888, 0x0888, 0x0888, 0x0888, 0x0888, 0x0888,
    0x0888, 0x0888, 0x0888, 0x0888, 0x0888, 0x0888, 0x0888, 0x0888,
    0x0888, 0x0888, 0x0888, 0x0888, 0x0888, 0xF347, 0xF347, 0x0888,
    0x0888, 0x0888, 0x0888, 0xF325, 0xF325, 0xF325, 0xF325, 0xF325,
    0xF325, 0xF325, 0xF325, 0xF325, 0x0888, 0x0888, 0x0888, 0x0888,
    0x0888, 0x0888, 0x0888, 0x0888, 0x0888, 0x0888, 0x0888, 0x0888,
    0x0888, 0x0888, 0x0888, 0x0888, 0x0888, 0x0888, 0x0888, 0x0888,
    0x0888, 0x0888, 0x0888, 0x0888, 0x0888, 0x0888, 0x0888, 0x0888,
    0x0888, 0x0888, 0x0888, 0x0888, 0x0888, 0x0888, 0x0888, 0x0888,
    0x0888, 0x0888, 0x0888, 0x0888, 0xF325, 0xF325, 0xF325, 0xF325,
    0xF325, 0xF325, 0xF325, 0xF325, 0xF325, 0xF325, 0xF325, 0x0888,
    0x0888, 0x0888, 0x0888, 0x0888, 0x0888, 0x0888, 0x0888, 0x0888,
    0x0888, 0x0888, 0x0888, 0x0888, 0x0888, 0x0888, 0x0888, 0x0888,
    0x0888, 0x0888, 0x0888, 0x0888, 0x0888, 0x0888, 0x0888, 0x0888,
    0x0888, 0x0888, 0x0888, 0x0888, 0x0888, 0x0888, 0x0888, 0x0888,
    0x0888, 0x0888, 0x0888, 0x0888, 0x0888, 0x0888, 0x0888, 0x0888,
    0x0888, 0x0888, 0x0888, 0x0888, 0x0888, 0x0888, 0x0888, 0x0888,
    0x0888, 0x0888, 0x0888, 0x0888, 0x0888, 0x0888, 0xF347, 0xF347,
    0xF347, 0xF347, 0xF347, 0xF347, 0xF347, 0xF347, 0xF325, 0xF325,
    0xF325, 0xF325, 0xF325, 0xF325, 0xF325, 0x0888, 0x0888, 0x0888,
    0x0888, 0x0888, 0x0888, 0x0888, 0x0888, 0x0888, 0x0888, 0x0888,
    0x0888, 0x0888, 0x0888, 0x0888, 0x0888, 0x0888, 0x0888, 0x0888,
    0x0888, 0x0888, 0x0888, 0x0888, 0x0888, 0x0888, 0x0888, 0x0888,
    0x0888, 0x0888, 0x0888, 0x0888, 0x0888, 0x0888, 0x0888, 0x0888,
    0x0888, 0x0888, 0x0888, 0x0888, 0x0888, 0x0888, 0x0888, 0x0888,
    0x0888, 0x0888, 0x0888, 0x0888, 0x0888, 0x0888, 0x0888, 0x0888,
    0x0888, 0x0888, 0x0888, 0x0888, 0x0888, 0x0888, 0x0888, 0x0888,
    0x0888, 0x0888, 0x0888, 0x0888, 0x0888, 0x0888, 0x0888, 0x0888,
    0x0888, 0x0888, 0x0888, 0x0888, 0x0888, 0x0888, 0x0888, 0x0888,
    0x0888, 0x0888, 0x0888, 0x0888, 0x0888, 0x0888, 0x0888, 0x0888,
    0x0888, 0x0888, 0x0888, 0x0888, 0x0888, 0x0888, 0x0888, 0x0888,
    0x0888, 0x0888, 0x0888, 0x0888, 0x0888, 0x0888, 0x0888, 0x0888,
    0x0888, 0x0888, 0x0888, 0x0888, 0x0888, 0x0888, 0x0888, 0x0888,
    0x0888, 0x0888, 0x0888, 0x0888, 0x0888, 0x0888, 0x0888, 0x0888,
    0x0888, 0x0888, 0x0888, 0x0888, 0x0888, 0x0888, 0x0888, 0x0888,
    0x0888, 0x0888, 0x0888, 0xF325, 0xF325, 0xF325, 0xF325, 0xF325,
    0xF325, 0xF325, 0xF325, 0xF325, 0xF325, 0x0888, 0x0888, 0x0888,
    0x0888, 0x0888, 0x0888, 0x0888, 0x0888, 0x0888, 0x0888, 0x0888,
    0x0888, 0x0888, 0x0888, 0x0888, 0x0888, 0x0888, 0x0888, 0x0888,
    0x0888, 0x0888, 0x0888, 0x0888, 0x0888, 0x0888, 0x0888, 0x0888,
    0x0888, 0x0888, 0x0888, 0x0888, 0x0888, 0x0888, 0x0888, 0x0888,
    0x0888, 0x0888, 0x0888, 0x0888, 0xF325, 0xF325, 0xF325, 0xF325,
    0xF325, 0xF325, 0xF325, 0xF325, 0xF325, 0xF325, 0xF325, 0x0888,
    0x0888, 0x0888, 0x0888, 0x0888, 0x0888, 0x0888, 0x0888, 0x0888,
    0x0888, 0x0888, 0x0888, 0x0888, 0x0888, 0x0888, 0x0888, 0x0888,
    0x0888, 0x0888, 0x0888, 0x0888, 0x0888, 0x0888, 0x0888, 0x0888,
    0x0888, 0x0888, 0x0888, 0x0888, 0x0888, 0x0888, 0x0888, 0x0888,
    0x0888, 0x0888, 0x0888, 0x0888, 0x0888, 0x0888, 0x0888, 0x0888,
    0x0888, 0x0888, 0x0888, 0x0888, 0x0888, 0x0888, 0x0888, 0x0888,
    0x0888, 0x0888, 0x0888, 0x0888, 0x0888, 0x0888, 0xF347, 0xF347,
    0xF347, 0xF347, 0xF347, 0xF347, 0xF347, 0xF347, 0xF325, 0xF325,
    0xF325, 0xF325, 0xF325, 0xF325, 0xF325, 0x0888, 0x0888, 0x0888,
    0x0888, 0x0888, 0x0888, 0x0888, 0x0888, 0x0888, 0x0888, 0x0888,
    0x0888, 0x0888, 0x0888, 0x0888, 0x0888, 0x0888, 0x0888, 0x0888,
    0x0888, 0x0888, 0x0888, 0x0888, 0x0888, 0x0888, 0x0888, 0x0888,
    0x0888, 0x0888, 0x0888, 0x0888, 0x0888, 0x0888, 0x0888, 0x0888,
    0x0888, 0x0888, 0x0888, 0x0888, 0x0888, 0x0888, 0x0888, 0x0888,
    0x0888, 0x0888, 0x0888, 0x0888, 0x0888, 0x0888, 0x0888, 0x0888,
    0x0888, 0x0888, 0x0888, 0x0888, 0x0888, 0x0888, 0x0888, 0x0888,
    0x0888, 0x0888, 0x0888, 0x0888, 0x0888, 0x0888, 0x0888, 0x0888,
    0x0888, 0x0888, 0x0888, 0x0888, 0x0888, 0x0888, 0x0888, 0x0888,
    0x0888, 0x0888, 0x0888, 0x0888, 0x0888, 0x0888, 0x0888, 0x0888,
    0x0888, 0x0888, 0x0888, 0x0888, 0x0888, 0x0888, 0x0888, 0x0888,
    0x0888, 0x0888, 0x0888, 0x0888, 0x0888, 0x0888, 0x0888, 0x0888,
    0x0888, 0x0888, 0x0888, 0x0888, 0x0888, 0x0888, 0x0888, 0x0888,
    0x0888, 0x0888, 0x0888, 0x0888, 0x0888, 0x0888, 0x0888, 0x0888,
    0x0888, 0x0888, 0x0888, 0x0888, 0x0888, 0x0888, 0x0888, 0x0888,
    0x0888, 0x0888, 0x0888, 0xF325, 0xF325, 0xF325, 0xF325, 0xF325,
    0xF325, 0xF325, 0xF325, 0xF325, 0xF325, 0x0888, 0x0888, 0x0888,
    0x0888, 0x0888, 0x0888, 0x0888, 0x0888, 0x0888, 0x0888, 0x0888,
    0x0888, 0x0888, 0x0888, 0x0888, 0x0888, 0x0888, 0x0888, 0x0888,
    0x0888, 0x0888, 0x0888, 0x0888, 0x0888, 0x0888, 0x0888, 0x0888,
    0x0888, 0x0888, 0x0888, 0x0888, 0x0888, 0x0888, 0x0888, 0x0888,
    0x0888, 0x0888, 0x0888, 0x0888, 0xF325, 0xF325, 0xF325, 0xF325,
    0xF325, 0xF325, 0xF325, 0xF325, 0xF325, 0xF325, 0xF325, 0x0888,
    0x0888, 0x0888, 0x0888, 0x0888, 0x0888, 0x0888, 0x0888, 0x0888,
    0x0888, 0x0888, 0x0888, 0x0888, 0x0888, 0x0888, 0x0888, 0x0888,
    0x0888, 0x0888, 0x0888, 0x0888, 0x0888, 0x0888, 0x0888, 0x0888,
    0x0888, 0x0888, 0x0888, 0x0888, 0x0888, 0x0888, 0x0888, 0x0888,
    0x0888, 0x0888, 0x0888, 0x0888, 0x0888, 0x0888, 0x0888, 0x0888,
    0x0888, 0x0888, 0x0888, 0x0888, 0x0888, 0x0888, 0x0888, 0x0888,
    0x0888, 0x0888, 0x0888, 0x0888, 0x0888, 0xF347, 0xF347, 0xF347,
    0xF347, 0xF347, 0xF347, 0xF347, 0xF347, 0xF347, 0xF325, 0xF325,
    0xF325, 0xF325, 0xF325, 0xF325, 0xF325, 0x0888, 0x0888, 0x0888,
    0x0888, 0x0888, 0x0888, 0x0888, 0x0888, 0x0888, 0x0888, 0x0888,
    0x0888, 0x0888, 0x0888, 0x0888, 0x0888, 0x0888, 0x0888, 0x0888,
    0x0888, 0x0888, 0x0888, 0x0888, 0x0888, 0x0888, 0x0888, 0x0888,
    0x0888, 0x0888, 0x0888, 0x0888, 0x0888, 0x0888, 0x0888, 0x0888,
    0x0888, 0x0888, 0x0888, 0x0888, 0x0888, 0x0888, 0x0888, 0x0888,
    0x0888, 0x0888, 0x0888, 0x0888, 0x0888, 0x0888, 0x0888, 0x0888,
    0x0888, 0x0888, 0x0888, 0x0888, 0x0888, 0x0888, 0x0888, 0x0888,
    0x0888, 0x0888, 0x0888, 0x0888, 0x0888, 0x0888, 0x0888, 0x0888,
    0x0888, 0x0888, 0x0888, 0x0888, 0x0888, 0x0888, 0x0888, 0x0888,
    0x0888, 0x0888, 0x0888, 0x0888, 0x0888, 0x0888, 0x0888, 0x0888,
    0x0888, 0x0888, 0x0888, 0x0888, 0x0888, 0x0888, 0x0888, 0x0888,
    0x0888, 0x0888, 0x0888, 0x0888, 0x0888, 0x0888, 0x0888, 0x0888,
    0x0888, 0x0888, 0x0888, 0x0888, 0x0888, 0x0888, 0x0888, 0x0888,
    0x0888, 0x0888, 0x0888, 0x0888, 0x0888, 0x0888, 0x0888, 0x0888,
    0x0888, 0x0888, 0x0888, 0x0888, 0x0888, 0x0888, 0x0888, 0x0888,
    0x0888, 0x0888, 0x0888, 0x0888, 0x0888, 0x0888, 0x0888, 0x0888,
    0x0888, 0x0888, 0x0888, 0x0888, 0x0888, 0x0888, 0x0888, 0x0888,
    0x0888, 0x0888, 0x0888, 0x0888, 0x0888, 0x0888, 0x0888, 0x0888,
    0x0888, 0x0888, 0x0888, 0x0888, 0x0888, 0x0888, 0x0888, 0x0888,
    0x0888, 0x0888, 0x0888, 0x0888, 0x0888, 0x0888, 0x0888, 0x0888,
    0x0888, 0x0888, 0x0888, 0x0888, 0x0888, 0x0888, 0x0888, 0x0888,
    0x0888, 0x0888, 0x0888, 0x0888, 0x0888, 0x0888, 0x0888, 0x0888,
    0x0888, 0x0888, 0x0888, 0x0888, 0x0888, 0x0888, 0x0888, 0x0888,
    0x0888, 0x0888, 0x0888, 0x0888, 0x0888, 0x0888, 0x0888, 0x0888,
    0x0888, 0x0888, 0x0888, 0x0888, 0x0888, 0x0888, 0x0888, 0x0888,
    0x0888, 0x0888, 0x0888, 0x0888, 0x0888, 0x0888, 0x0888, 0x0888,
    0x0888, 0x0888, 0x0888, 0x0888, 0x0888, 0x0888, 0x0888, 0x0888,
    0x0888, 0x0888, 0x0888, 0x0888, 0x0888, 0x0888, 0x0888, 0x0888,
    0x0888, 0x0888, 0x0888, 0x0888, 0x0888, 0x0888, 0x0888, 0x0888,
    0x0888, 0x0888, 0x0888, 0x0888, 0x0888, 0x0888, 0x0888, 0x0888,
    0x0888, 0x0888, 0x0888, 0x0888, 0x0888, 0x0888, 0x0888, 0x0888,
    0x0888, 0x0888, 0x0888, 0x0888, 0x0888, 0x0888, 0x0888, 0x0888,
    0x0888, 0x0888, 0x0888, 0x0888, 0x0888, 0x0888, 0x0888, 0x0888,
    0x0888, 0x0888, 0x0888, 0x0888, 0x0888, 0x0888, 0x0888, 0x0888,
    0x0888, 0x0888, 0x0888, 0x0888, 0x0888, 0x0888, 0x0888, 0x0888,
    0x0888, 0x0888, 0x0888, 0x0888, 0x0888, 0x0888, 0x0888, 0x0888,
    0x0888, 0x0888, 0x0888, 0x0888, 0x0888, 0x0888, 0x0888, 0x0888,
    0x0888, 0x0888, 0x0888, 0x0888, 0x0888, 0x0888, 0x0888, 0x0888,
    0x0888, 0x0888, 0x0888, 0x0888, 0x0888, 0x0888, 0x0888, 0x0888,
    0x0888, 0x0888, 0x0888, 0x0888, 0x0888, 0x0888, 0x0888, 0x0888,
    0x0888, 0x0888, 0x0888, 0x0888, 0x0888, 0x0888, 0x0888, 0x0888,
    0x0888, 0x0888, 0x0888, 0x0888, 0x0888, 0x0888, 0x0888, 0x0888,
    0x0888, 0x0888, 0x0888, 0x0888, 0x0888, 0x0888, 0x0888, 0x0888,
    0x0888, 0x0888, 0x0888, 0x0888, 0x0888, 0x0888, 0x0888, 0x0888,
    0x0888, 0x0888, 0x0888, 0x0888, 0x0888, 0x0888, 0x0888, 0x0888,
    0x0888, 0x0888, 0x0888, 0x0888, 0x0888, 0x0888, 0x0888, 0x0888,
    0x0888, 0x0888, 0x0888, 0x0888, 0x0888, 0x0888, 0x0888, 0x0888,
    0x0888, 0x0888, 0x0888, 0x0888, 0x0888, 0x0888, 0x0888, 0x0888,
    0x0888, 0x0888, 0x0888, 0x0888, 0x0888, 0x0888, 0x0888, 0x0888,
    0x0888, 0x0888, 0x0888, 0x0888, 0x0888, 0x0888, 0x0888, 0x0888,
    0x0888, 0x0888, 0x0888, 0x0888, 0x0888, 0x0888, 0x0888, 0x0888,
    0x0888, 0x0888, 0x0888, 0x0888, 0x0888, 0x0888, 0x0888, 0x0888,
    0x0888, 0x0888, 0x0888, 0x0888, 0x0888, 0x0888, 0x0888, 0x0888,
    0x0888, 0x0888, 0x0888, 0x0888, 0x0888, 0x0888, 0x0888, 0x0888,
    0x0888, 0x0888, 0x0888, 0x0888, 0x0888, 0x0888, 0x0888, 0x0888,
    0x0888, 0x0888, 0x0888, 0x0888, 0x0888, 0x0888, 0x0888, 0x0888,
    0x0888, 0x0888, 0x0888, 0x0888, 0x0888, 0x0888, 0x0888, 0x0888,
    0x0888, 0x0888, 0x0888, 0x0888, 0x0888, 0x0888, 0x0888, 0x0888,
    0x0888, 0x0888, 0x0888, 0x0888, 0x0888, 0x0888, 0x0888, 0x0888,
    0x0888, 0x0888, 0x0888, 0x0888, 0x0888, 0x0888, 0x0888, 0x0888,
    0x0888, 0x0888, 0x0888, 0x0888, 0x0888, 0x0888, 0x0888, 0x0888,
    0x0888, 0x0888, 0x0888, 0x0888, 0x0888, 0x0888, 0x0888, 0x0888,
    0x0888, 0x0888, 0x0888, 0x0888, 0x0888, 0x0888, 0x0888, 0x0888,
    0x0888, 0x0888, 0x0888, 0x0888, 0x0888, 0x0888, 0x0888, 0x0888,
    0x0888, 0x0888, 0x0888, 0x0888, 0x0888, 0x0888, 0x0888, 0x0888,
    0x0888, 0x0888, 0x0888, 0x0888, 0x0888, 0x0888, 0x0888, 0x0888,
    0x0888, 0x0888, 0x0888, 0x0888, 0x0888, 0x0888, 0x0888, 0x0888,
    0x0888, 0x0888, 0x0888, 0x0888, 0x0888, 0x0888, 0x0888, 0x0888,
    0x0888, 0x0888, 0x0888, 0x0888, 0x0888, 0x0888, 0x0888, 0x0888,
    0x0888, 0x0888, 0x0888, 0x0888, 0x0888, 0x0888, 0x0888, 0x0888,
    0x0888, 0x0888, 0x0888, 0x0888, 0x0888, 0x0888, 0x0888, 0x0888,
    0x0888, 0x0888, 0x0888, 0x0888, 0x0888, 0x0888, 0x0888, 0x0888,
    0x0888, 0x0888, 0x0888, 0x0888, 0x0888, 0x0888, 0x0888, 0x0888,
    0x0888, 0x0888, 0x0888, 0x0888, 0x0888, 0x0888, 0x0888, 0x0888,
    0x0888, 0x0888, 0x0888, 0x0888, 0x0888, 0x0888, 0x0888, 0x0888,
    0x0888, 0x0888, 0x0888, 0x0888, 0x0888, 0x0888, 0x0888, 0x0888,
    0x0888, 0x0888, 0x0888, 0x0888, 0x0888, 0x0888, 0x0888, 0x0888,
    0x0888, 0x0888, 0x0888, 0x0888, 0x0888, 0x0888, 0x0888, 0x0888,
    0x0888, 0x0888, 0x0888, 0x0888, 0x0888, 0x0888, 0x0888, 0x0888,
    0x0888, 0x0888, 0x0888, 0x0888, 0x0888, 0x0888, 0x0888, 0x0888,
    0x0888, 0x0888, 0x0888, 0x0888, 0x0888, 0x0888, 0x0888, 0x0888,
    0x0888, 0x0888, 0x0888, 0x0888, 0x0888, 0x0888, 0x0888, 0x0888,
    0x0888, 0x0888, 0x0888, 0x0888, 0x0888, 0x0888, 0x0888, 0x0888,
    0x0888, 0x0888, 0x0888, 0x0888, 0x0888, 0x0888, 0x0888, 0x0888,
    0x0888, 0x0888, 0x0888, 0x0888, 0x0888, 0x0888, 0x0888, 0x0888,
    0x0888, 0x0888, 0x0888, 0x0888, 0x0888, 0x0888, 0x0888, 0x0888,
    0x0888, 0x0888, 0x0888, 0x0888, 0x0888, 0x0888, 0x0888, 0x0888,
    0x0888, 0x0888, 0x0888, 0x0888, 0x0888, 0x0888, 0x0888, 0x0888,
    0x0888, 0x0888, 0x0888, 0x0888, 0x0888, 0x0888, 0x0888, 0x0888,
    0x0888, 0x0888, 0x0888, 0x0888, 0x0888, 0x0888, 0x0888, 0x0888,
    0x0888, 0x0888, 0x0888, 0x0888, 0x0888, 0x0888, 0x0888, 0x0888,
    0x0888, 0x0888, 0x0888, 0x0888, 0x0888, 0x0888, 0x0888, 0x0888,
    0x0888, 0x0888, 0x0888, 0x0888, 0x0888, 0x0888, 0x0888, 0x0888,
    0x0888, 0x0888, 0x0888, 0x0888, 0x0888, 0x0888, 0x0888, 0x0888,
    0x0888, 0x0888, 0x0888, 0x0888, 0x0888, 0x0888, 0x0888, 0x0888,
    0x0888, 0x0888, 0x0888, 0x0888, 0x0888, 0x0888, 0x0888, 0x0888,
    0x0888, 0x0888, 0x0888, 0x0888, 0x0888, 0x0888, 0x0888, 0x0888,
    0x0888, 0x0888, 0x0888, 0x0888, 0x0888, 0x0888, 0x0888, 0x0888,
    0x0888, 0x0888, 0x0888, 0x0888, 0x0888, 0x0888, 0x0888, 0x0888,
    0x0888, 0x0888, 0x0888, 0x0888, 0x0888, 0x0888, 0x0888, 0x0888,
    0x0888, 0x0888, 0x0888, 0x0888, 0x0888, 0x0888, 0x0888, 0x0888,
    0x0888, 0x0888, 0x0888, 0x0888, 0x0888, 0x0888, 0x0888, 0x0888,
    0x0888, 0x0888, 0x0888, 0x0888, 0x0888, 0x0888, 0x0888, 0x0888,
    0x0888, 0x0888, 0x0888, 0x0888, 0x0888, 0x0888, 0x0888, 0x0888,
    0x0888, 0x0888, 0x0888, 0x0888, 0x0888, 0x0888, 0x0888, 0x0888,
    0x0888, 0x0888, 0x0888, 0x0888, 0x0888, 0x0888, 0x0888, 0x0888,
    0x0888, 0x0888, 0x0888, 0x0888, 0x0888, 0x0888, 0x0888, 0x0888,
    0x0888, 0x0888, 0x0888, 0x0888, 0x0888, 0x0888, 0x0888, 0x0888,
    0x0888, 0x0888, 0x0888, 0x0888, 0x0888, 0x0888, 0x0888, 0x0888,
    0x0888, 0x0888, 0x0888, 0x0888, 0x0888, 0x0888, 0x0888, 0x0888,
    0x0888, 0x0888, 0x0888, 0x0888, 0x0888, 0x0888, 0x0888, 0x0888,
    0x0888, 0x0888, 0x0888, 0x0888, 0x0888, 0x0888, 0x0888, 0x0888,
    0x0888, 0x0888, 0x0888, 0x0888, 0x0888, 0x0888, 0x0888, 0x0888,
    0x0888, 0x0888, 0x0888, 0x0888, 0x0888, 0x0888, 0x0888, 0x0888,
    0x0888, 0x0888, 0x0888, 0x0888, 0x0888, 0x0888, 0x0888, 0x0888,
    0x0888, 0x0888, 0x0888, 0x0888, 0x0888, 0x0888, 0x0888, 0x0888,
    0x0888, 0x0888, 0x0888, 0x0888, 0x0888, 0x0888, 0x0888, 0x0888,
    0x0888, 0x0888, 0x0888, 0x0888, 0x0888, 0x0888, 0x0888, 0x0888,
    0x0888, 0x0888, 0x0888, 0x0888, 0x0888, 0x0888, 0x0888, 0x0888,
    0x0888, 0x0888, 0x0888, 0x0888, 0x0888, 0x0888, 0x0888, 0x0888,
    0x0888, 0x0888, 0x0888, 0x0888, 0x0888, 0x0888, 0x0888, 0x0888,
    0x0888, 0x0888, 0x0888, 0x0888, 0x0888, 0x0888, 0x0888, 0x0888,
    0x0888, 0x0888, 0x0888, 0x0888, 0x0888, 0x0888, 0x0888, 0x0888,
    0x0888, 0x0888, 0x0888, 0x0888, 0x0888, 0x0888, 0x0888, 0x0888,
    0x0888, 0x0888, 0x0888, 0x0888, 0x0888, 0x0888, 0x0888, 0x0888,
    0x0888, 0x0888, 0x0888, 0x0888, 0x0888, 0x0888, 0x0888, 0x0888,
    0x0888, 0x0888, 0x0888, 0x0888, 0x0888, 0x0888, 0x0888, 0x0888,
    0x0888, 0x0888, 0x0888, 0x0888, 0x0888, 0x0888, 0x0888, 0x0888,
    0x0888, 0x0888, 0x0888, 0x0888, 0x0888, 0x0888, 0x0888, 0x0888,
    0x0888, 0x0888, 0x0888, 0x0888, 0x0888, 0x0888, 0x0888, 0x0888,
    0x0888, 0x0888, 0x0888, 0x0888, 0x0888, 0x0888, 0x0888, 0x0888,
    0x0888, 0x0888, 0x0888, 0x0888, 0x0888, 0x0888, 0x0888, 0x0888,
    0x0888, 0x0888, 0x0888, 0x0888, 0x0888, 0x0888, 0x0888, 0x0888,
    0x0888, 0x0888, 0x0888, 0x0888, 0x0888, 0x0888, 0x0888, 0x0888,
    0x0888, 0x0888, 0x0888, 0x0888, 0x0888, 0x0888, 0x0888, 0x0888,
    0x0888, 0x0888, 0x0888, 0x0888, 0x0888, 0x0888, 0x0888, 0x0888,
    0xFFDA, 0xFDA6, 0x0888, 0x0888, 0x0888, 0x0888, 0x0888, 0x0888,
    0x0888, 0x0888, 0x0888, 0x0888, 0x0888, 0x0888, 0x0888, 0x0888,
    0x0888, 0x0888, 0x0888, 0x0888, 0x0888, 0x0888, 0x0888, 0x0888,
    0x0888, 0x0888, 0x0888, 0x0888, 0x0888, 0x0888, 0x0888, 0x0888,
    0x0888, 0x0888, 0x0888, 0x0888, 0x0888, 0x0888, 0x0888, 0x0888,
    0x0888, 0x0888, 0x0888, 0x0888, 0x0888, 0x0888, 0x0888, 0x0888,
    0x0888, 0x0888, 0x0888, 0x0888, 0x0888, 0x0888, 0x0888, 0x0888,
    0x0888, 0x0888, 0x0888, 0x0888, 0x0888, 0x0888, 0x0888, 0x0888,
    0xFFDA, 0xFDA6, 0x0888, 0x0888, 0x0888, 0x0888, 0x0888, 0x0888,
    0x0888, 0x0888, 0x0888, 0x0888, 0x0888, 0x0888, 0x0888, 0x0888,
    0x0888, 0x0888, 0x0888, 0x0888, 0x0888, 0x0888, 0x0888, 0x0888,
    0x0888, 0x0888, 0x0888, 0x0888, 0x0888, 0x0888, 0x0888, 0x0888,
    0x0888, 0x0888, 0x0888, 0x0888, 0x0888, 0x0888, 0x0888, 0x0888,
    0x0888, 0x0888, 0x0888, 0x0888, 0x0888, 0x0888, 0x0888, 0x0888,
    0x0888, 0x0888, 0x0888, 0x0888, 0x0888, 0xFFDA, 0xFDA6, 0xFDA6,
    0x0888, 0x0888, 0x0888, 0x0888, 0x0888, 0x0888, 0x0888, 0x0888,
    0x0888, 0x0888, 0x0888, 0x0888, 0x0888, 0x0888, 0x0888, 0x0888,
    0x0888, 0x0888, 0x0888, 0x0888, 0x0888, 0x0888, 0x0888, 0x0888,
    0x0888, 0x0888, 0x0888, 0x0888, 0x0888, 0x0888, 0x0888, 0x0888,
    0x0888, 0x0888, 0x0888, 0x0888, 0x0888, 0x0888, 0x0888, 0x0888,
    0x0888, 0x0888, 0x0888, 0x0888, 0x0888, 0x0888, 0x0888, 0x0888,
    0x0888, 0x0888, 0x0888, 0x0888, 0x0888, 0x0888, 0x0888, 0x0888,
    0x0888, 0x0888, 0x0888, 0x0888, 0x0888, 0xFFDA, 0xFDA6, 0xFDA6,
    0x0888, 0x0888, 0x0888, 0x0888, 0x0888, 0x0888, 0x0888, 0x0888,
    0x0888, 0x0888, 0x0888, 0x0888, 0x0888, 0x0888, 0x0888, 0x0888,
    0x0888, 0x0888, 0x0888, 0x0888, 0x0888, 0x0888, 0x0888, 0x0888,
    0x0888, 0x0888, 0x0888, 0x0888, 0x0888, 0x0888, 0x0888, 0x0888,
    0x0888, 0x0888, 0x0888, 0x0888, 0x0888, 0x0888, 0x0888, 0x0888,
    0x0888, 0x0888, 0x0888, 0x0888, 0x0888, 0x0888, 0x0888, 0x0888,
    0x0888, 0x0888, 0x0888, 0x0888, 0x0888, 0x0888, 0x0888, 0x0888,
    0x0888, 0x0888, 0x0888, 0x0888, 0x0888, 0x0888, 0x0888, 0x0888,
    0x0888, 0x0888, 0x0888, 0x0888, 0x0888, 0x0888, 0x0888, 0xFFDA,
    0xFDA6, 0xFFBB, 0xFDA6, 0x0888, 0x0888, 0x0888, 0x0888, 0x0888,
    0x0888, 0x0888, 0x0888, 0x0888, 0x0888, 0x0888, 0x0888, 0x0888,
    0x0888, 0x0888, 0x0888, 0x0888, 0x0888, 0x0888, 0x0888, 0x0888,
    0x0888, 0x0888, 0x0888, 0x0888, 0x0888, 0x0888, 0x0888, 0x0888,
    0x0888, 0x0888, 0x0888, 0x0888, 0x0888, 0x0888, 0x0888, 0x0888,
    0x0888, 0x0888, 0x0888, 0x0888, 0x0888, 0x0888, 0x0888, 0x0888,
    0x0888, 0x0888, 0x0888, 0x0888, 0x0888, 0x0888, 0x0888, 0x0888,
    0x0888, 0x0888, 0x0888, 0x0888, 0x0888, 0x0888, 0x0888, 0xFFDA,
    0xFDA6, 0xFFBB, 0xFDA6, 0x0888, 0x0888, 0x0888, 0x0888, 0x0888,
    0x0888, 0x0888, 0x0888, 0x0888, 0x0888, 0x0888, 0x0888, 0x0888,
    0x0888, 0x0888, 0x0888, 0x0888, 0x0888, 0x0888, 0x0888, 0x0888,
    0x0888, 0x0888, 0x0888, 0x0888, 0x0888, 0x0888, 0x0888, 0x0888,
    0x0888, 0x0888, 0x0888, 0x0888, 0x0888, 0x0888, 0x0888, 0x0888,
    0x0888, 0x0888, 0x0888, 0x0888, 0x0888, 0x0888, 0x0888, 0x0888,
    0x0888, 0x0888, 0x0888, 0x0888, 0xFFDA, 0xFDA6, 0xFDA6, 0xFFBB,
    0xFDA6, 0x0888, 0x0888, 0x0888, 0x0888, 0x0888, 0x0888, 0x0888,
    0x0888, 0x0888, 0x0888, 0x0888, 0x0888, 0x0888, 0x0888, 0x0888,
    0x0888, 0x0888, 0x0888, 0x0888, 0x0888, 0x0888, 0x0888, 0x0888,
    0x0888, 0x0888, 0x0888, 0x0888, 0x0888, 0x0888, 0x0888, 0x0888,
    0x0888, 0x0888, 0x0888, 0x0888, 0x0888, 0x0888, 0x0888, 0x0888,
    0x0888, 0x0888, 0x0888, 0x0888, 0x0888, 0x0888, 0x0888, 0x0888,
    0x0888, 0x0888, 0x0888, 0x0888, 0x0888, 0x0888, 0x0888, 0x0888,
    0x0888, 0x0888, 0x0888, 0x0888, 0xFFDA, 0xFDA6, 0xFDA6, 0xFFBB,
    0xFDA6, 0x0888, 0x0888, 0x0888, 0x0888, 0x0888, 0x0888, 0x0888,
    0x0888, 0x0888, 0x0888, 0x0888, 0x0888, 0x0888, 0x0888, 0x0888,
    0x0888, 0x0888, 0x0888, 0x0888, 0x0888, 0x0888, 0x0888, 0x0888,
    0x0888, 0x0888, 0x0888, 0x0888, 0x0888, 0x0888, 0x0888, 0x0888,
    0x0888, 0x0888, 0x0888, 0x0888, 0x0888, 0x0888, 0x0888, 0x0888,
    0x0888, 0x0888, 0x0888, 0x0888, 0x0888, 0x0888, 0x0888, 0x0888,
    0x0888, 0x0888, 0x0888, 0x0888, 0x0888, 0x0888, 0x0888, 0x0888,
    0x0888, 0x0888, 0x0888, 0x0888, 0x0888, 0x0888, 0x0888, 0x0888,
    0x0888, 0x0888, 0x0888, 0x0888, 0x0888, 0x0888, 0xFFDA, 0xFDA6,
    0xFFBB, 0xFFBB, 0xFFBB, 0xFDA6, 0x0888, 0x0888, 0x0888, 0x0888,
    0x0888, 0x0888, 0x0888, 0x0888, 0x0888, 0x0888, 0x0888, 0x0888,
    0x0888, 0x0888, 0x0888, 0x0888, 0x0888, 0x0888, 0x0888, 0x0888,
    0x0888, 0x0888, 0x0888, 0x0888, 0x0888, 0x0888, 0x0888, 0x0888,
    0x0888, 0x0888, 0x0888, 0x0888, 0x0888, 0x0888, 0x0888, 0x0888,
    0x0888, 0x0888, 0x0888, 0x0888, 0x0888, 0x0888, 0x0888, 0x0888,
    0x0888, 0x0888, 0x0888, 0x0888, 0x0888, 0x0888, 0x0888, 0x0888,
    0x0888, 0x0888, 0x0888, 0x0888, 0x0888, 0x0888, 0xFFDA, 0xFDA6,
    0xFFBB, 0xFFBB, 0xFFBB, 0xFDA6, 0x0888, 0x0888, 0x0888, 0x0888,
    0x0888, 0x0888, 0x0888, 0x0888, 0x0888, 0x0888, 0x0888, 0x0888,
    0x0888, 0x0888, 0x0888, 0x0888, 0x0888, 0x0888, 0x0888, 0x0888,
    0x0888, 0x0888, 0x0888, 0x0888, 0x0888, 0x0888, 0x0888, 0x0888,
    0x0888, 0x0888, 0x0888, 0x0888, 0x0888, 0x0888, 0x0888, 0x0888,
    0x0888, 0x0888, 0x0888, 0x0888, 0x0888, 0x0888, 0x0888, 0x0888,
    0x0888, 0x0888, 0x0888, 0x0888, 0xFFDA, 0xFDA6, 0xFFBB, 0xFFBB,
    0xFFBB, 0xFDA6, 0x0888, 0x0888, 0x0888, 0x0888, 0x0888, 0x0888,
    0x0888, 0x0888, 0x0888, 0x0888, 0xFFDA, 0xFFDA, 0xFFDA, 0x0888,
    0x0888, 0x0888, 0x0888, 0x0888, 0x0888, 0x0888, 0x0888, 0x0888,
    0x0888, 0x0888, 0x0888, 0x0888, 0x0888, 0x0888, 0x0888, 0x0888,
    0x0888, 0x0888, 0x0888, 0x0888, 0x0888, 0x0888, 0x0888, 0x0888,
    0x0888, 0x0888, 0x0888, 0x0888, 0x0888, 0x0888, 0x0888, 0x0888,
    0x0888, 0x0888, 0x0888, 0x0888, 0x0888, 0x0888, 0x0888, 0x0888,
    0x0888, 0x0888, 0x0888, 0x0888, 0xFFDA, 0xFDA6, 0xFFBB, 0xFFBB,
    0xFFBB, 0xFDA6, 0x0888, 0x0888, 0x0888, 0x0888, 0x0888, 0x0888,
    0x0888, 0x0888, 0x0888, 0x0888, 0xFFDA, 0xFFDA, 0xFFDA, 0x0888,
    0x0888, 0x0888, 0x0888, 0x0888, 0x0888, 0x0888, 0x0888, 0x0888,
    0x0888, 0x0888, 0x0888, 0x0888, 0x0888, 0x0888, 0x0888, 0x0888,
    0x0888, 0x0888, 0x0888, 0x0888, 0x0888, 0x0888, 0x0888, 0x0888,
    0x0888, 0x0888, 0x0888, 0x0888, 0x0888, 0x0888, 0x0888, 0x0888,
    0x0888, 0x0888, 0x0888, 0x0888, 0x0888, 0x0888, 0x0888, 0x0888,
    0x0888, 0x0888, 0x0888, 0x0888, 0x0888, 0x0888, 0x0888, 0x0888,
    0x0888, 0x0888, 0x0888, 0x0888, 0x0888, 0xFFDA, 0xFDA6, 0xFDA6,
    0xFFFF, 0xFFBB, 0xFFBB, 0xFDA6, 0x0888, 0x0888, 0x0888, 0x0888,
    0x0888, 0x0888, 0x0888, 0x0888, 0x0888, 0x0888, 0x0888, 0x0888,
    0x0888, 0x0888, 0x0888, 0x0888, 0x0888, 0x0888, 0x0888, 0x0888,
    0x0888, 0x0888, 0x0888, 0x0888, 0x0888, 0x0888, 0x0888, 0x0888,
    0x0888, 0x0888, 0x0888, 0x0888, 0x0888, 0x0888, 0x0888, 0x0888,
    0x0888, 0x0888, 0x0888, 0x0888, 0x0888, 0x0888, 0x0888, 0x0888,
    0x0888, 0x0888, 0x0888, 0x0888, 0x0888, 0x0888, 0x0888, 0x0888,
    0x0888, 0x0888, 0x0888, 0x0888, 0x0888, 0xFFDA, 0xFDA6, 0xFDA6,
    0xFFFF, 0xFFBB, 0xFFBB, 0xFDA6, 0x0888, 0x0888, 0x0888, 0x0888,
    0x0888, 0x0888, 0x0888, 0x0888, 0x0888, 0x0888, 0x0888, 0x0888,
    0x0888, 0x0888, 0x0888, 0x0888, 0x0888, 0x0888, 0x0888, 0x0888,
    0x0888, 0x0888, 0x0888, 0x0888, 0x0888, 0x0888, 0x0888, 0x0888,
    0x0888, 0x0888, 0x0888, 0x0888, 0x0888, 0x0888, 0x0888, 0x0888,
    0x0888, 0x0888, 0x0888, 0x0888, 0x0888, 0x0888, 0x0888, 0x0888,
    0x0888, 0x0888, 0x0888, 0xFFDA, 0xFDA6, 0xFFFF, 0xFFFF, 0xFFBB,
    0xFFBB, 0xFDA6, 0x0888, 0x0888, 0x0888, 0x0888, 0x0888, 0x0888,
    0x0888, 0x0888, 0xFFDA, 0xFFDA, 0xFDA6, 0xFDA6, 0xFDA6, 0x0888,
    0x0888, 0x0888, 0x0888, 0x0888, 0x0888, 0x0888, 0x0888, 0x0888,
    0x0888, 0x0888, 0x0888, 0x0888, 0x0888, 0x0888, 0x0888, 0x0888,
    0x0888, 0x0888, 0x0888, 0x0888, 0x0888, 0x0888, 0x0888, 0x0888,
    0x0888, 0x0888, 0x0888, 0x0888, 0x0888, 0x0888, 0x0888, 0x0888,
    0x0888, 0x0888, 0x0888, 0x0888, 0x0888, 0x0888, 0x0888, 0x0888,
    0x0888, 0x0888, 0x0888, 0xFFDA, 0xFDA6, 0xFFFF, 0xFFFF, 0xFFBB,
    0xFFBB, 0xFDA6, 0x0888, 0x0888, 0x0888, 0x0888, 0x0888, 0x0888,
    0x0888, 0x0888, 0xFFDA, 0xFFDA, 0xFDA6, 0xFDA6, 0xFDA6, 0x0888,
    0x0888, 0x0888, 0x0888, 0x0888, 0x0888, 0x0888, 0x0888, 0x0888,
    0x0888, 0x0888, 0x0888, 0x0888, 0x0888, 0x0888, 0x0888, 0x0888,
    0x0888, 0x0888, 0x0888, 0x0888, 0x0888, 0x0888, 0x0888, 0x0888,
    0x0888, 0x0888, 0x0888, 0x0888, 0x0888, 0x0888, 0x0888, 0x0888,
    0x0888, 0x0888, 0x0888, 0x0888, 0x0888, 0x0888, 0x0888, 0x0888,
    0x0888, 0x0888, 0x0888, 0x0888, 0x0888, 0x0888, 0x0888, 0x0888,
    0x0888, 0x0888, 0x0888, 0x0888, 0x0888, 0xFFDA, 0xFDA6, 0xFFFF,
    0xFFFF, 0xFFBB, 0xFFBB, 0xFFBB, 0xFDA6, 0x0888, 0x0888, 0x0888,
    0x0888, 0x0888, 0x0888, 0xFFDA, 0xFFDA, 0xFFDA, 0xFFDA, 0x0888,
    0x0888, 0x0888, 0x0888, 0x0888, 0x0888, 0x0888, 0x0888, 0x0888,
    0x0888, 0x0888, 0x0888, 0x0888, 0x0888, 0x0888, 0x0888, 0x0888,
    0x0888, 0x0888, 0x0888, 0x0888, 0x0888, 0x0888, 0x0888, 0x0888,
    0x0888, 0x0888, 0x0888, 0x0888, 0x0888, 0x0888, 0x0888, 0x0888,
    0x0888, 0x0888, 0x0888, 0x0888, 0x0888, 0x0888, 0x0888, 0x0888,
    0x0888, 0x0888, 0x0888, 0x0888, 0x0888, 0xFFDA, 0xFDA6, 0xFFFF,
    0xFFFF, 0xFFBB, 0xFFBB, 0xFFBB, 0xFDA6, 0x0888, 0x0888, 0x0888,
    0x0888, 0x0888, 0x0888, 0xFFDA, 0xFFDA, 0xFFDA, 0xFFDA, 0x0888,
    0x0888, 0x0888, 0x0888, 0x0888, 0x0888, 0x0888, 0x0888, 0x0888,
    0x0888, 0x0888, 0x0888, 0x0888, 0x0888, 0x0888, 0x0888, 0x0888,
    0x0888, 0x0888, 0x0888, 0x0888, 0x0888, 0x0888, 0x0888, 0x0888,
    0x0888, 0x0888, 0x0888, 0x0888, 0x0888, 0x0888, 0x0888, 0x0888,
    0x0888, 0x0888, 0x0888, 0xFFDA, 0xFDA6, 0xFFFF, 0xFFFF, 0xFFBB,
    0xFFBB, 0xFDA6, 0x0888, 0x0888, 0x0888, 0x0888, 0x0888, 0x0888,
    0x0888, 0xFFDA, 0xFDA6, 0xFDA6, 0xFFBB, 0xFFBB, 0xFFBB, 0x0888,
    0x0888, 0x0888, 0x0888, 0x0888, 0x0888, 0x0888, 0x0888, 0x0888,
    0x0888, 0x0888, 0x0888, 0x0888, 0x0888, 0x0888, 0x0888, 0x0888,
    0x0888, 0x0888, 0x0888, 0x0888, 0x0888, 0x0888, 0x0888, 0x0888,
    0x0888, 0x0888, 0x0888, 0x0888, 0x0888, 0x0888, 0x0888, 0x0888,
    0x0888, 0x0888, 0x0888, 0x0888, 0x0888, 0x0888, 0x0888, 0x0888,
    0x0888, 0x0888, 0x0888, 0xFFDA, 0xFDA6, 0xFFFF, 0xFFFF, 0xFFBB,
    0xFFBB, 0xFDA6, 0x0888, 0x0888, 0x0888, 0x0888, 0x0888, 0x0888,
    0x0888, 0xFFDA, 0xFDA6, 0xFDA6, 0xFFBB, 0xFFBB, 0xFFBB, 0x0888,
    0x0888, 0x0888, 0x0888, 0x0888, 0x0888, 0x0888, 0x0888, 0x0888,
    0x0888, 0x0888, 0x0888, 0x0888, 0x0888, 0x0888, 0x0888, 0x0888,
    0x0888, 0x0888, 0x0888, 0x0888, 0x0888, 0x0888, 0x0888, 0x0888,
    0x0888, 0x0888, 0x0888, 0x0888, 0x0888, 0x0888, 0x0888, 0x0888,
    0x0888, 0x0888, 0x0888, 0x0888, 0x0888, 0x0888, 0x0888, 0x0888,
    0x0888, 0x0888, 0x0888, 0x0888, 0x0888, 0x0888, 0x0888, 0x0888,
    0x0888, 0x0888, 0x0888, 0x0888, 0xFFDA, 0xFDA6, 0xFDA6, 0xFFFF,
    0xFFFF, 0xFFFF, 0xFFBB, 0xFFBB, 0xFDA6, 0x0888, 0x0888, 0x0888,
    0xFFDA, 0xFFDA, 0xFFDA, 0xFDA6, 0xFDA6, 0xFDA6, 0xFDA6, 0x0888,
    0x0888, 0x0888, 0x0888, 0x0888, 0x0888, 0x0888, 0x0888, 0x0888,
    0x0888, 0x0888, 0x0888, 0x0888, 0x0888, 0x0888, 0x0888, 0x0888,
    0x0888, 0x0888, 0x0888, 0x0888, 0x0888, 0x0888, 0x0888, 0x0888,
    0x0888, 0x0888, 0x0888, 0x0888, 0x0888, 0x0888, 0x0888, 0x0888,
    0x0888, 0x0888, 0x0888, 0x0888, 0x0888, 0x0888, 0x0888, 0x0888,
    0x0888, 0x0888, 0x0888, 0x0888, 0xFFDA, 0xFDA6, 0xFDA6, 0xFFFF,
    0xFFFF, 0xFFFF, 0xFFBB, 0xFFBB, 0xFDA6, 0x0888, 0x0888, 0x0888,
    0xFFDA, 0xFFDA, 0xFFDA, 0xFDA6, 0xFDA6, 0xFDA6, 0xFDA6, 0x0888,
    0x0888, 0x0888, 0x0888, 0x0888, 0x0888, 0x0888, 0x0888, 0x0888,
    0x0888, 0x0888, 0x0888, 0x0888, 0x0888, 0x0888, 0x0888, 0x0888,
    0x0888, 0x0888, 0x0888, 0x0888, 0x0888, 0x0888, 0x0888, 0x0888,
    0x0888, 0x0888, 0x0888, 0x0888, 0x0888, 0x0888, 0x0888, 0x0888,
    0x0888, 0x0888, 0x0888, 0xFFDA, 0xFDA6, 0xFFFF, 0xFFFF, 0xFFFF,
    0xFFBB, 0xFFBB, 0xFDA6, 0x0888, 0x0888, 0x0888, 0x0888, 0x0888,
    0xFFDA, 0xFDA6, 0xFDA6, 0xFFFF, 0xFFFF, 0xFFBB, 0xFFBB, 0xFDA6,
    0x0888, 0x0888, 0x0888, 0x0888, 0x0888, 0x0888, 0x0888, 0x0888,
    0x0888, 0x0888, 0x0888, 0x0888, 0x0888, 0x0888, 0x0888, 0x0888,
    0x0888, 0x0888, 0x0888, 0x0888, 0x0888, 0x0888, 0x0888, 0x0888,
    0x0888, 0x0888, 0x0888, 0x0888, 0x0888, 0x0888, 0x0888, 0x0888,
    0x0888, 0x0888, 0x0888, 0x0888, 0x0888, 0x0888, 0x0888, 0x0888,
    0x0888, 0x0888, 0x0888, 0xFFDA, 0xFDA6, 0xFFFF, 0xFFFF, 0xFFFF,
    0xFFBB, 0xFFBB, 0xFDA6, 0x0888, 0x0888, 0x0888, 0x0888, 0x0888,
    0xFFDA, 0xFDA6, 0xFDA6, 0xFFFF, 0xFFFF, 0xFFBB, 0xFFBB, 0xFDA6,
    0x0888, 0x0888, 0x0888, 0x0888, 0x0888, 0x0888, 0x0888, 0x0888,
    0x0888, 0x0888, 0x0888, 0x0888, 0x0888, 0x0888, 0x0888, 0x0888,
    0x0888, 0x0888, 0x0888, 0x0888, 0x0888, 0x0888, 0x0888, 0x0888,
    0x0888, 0x0888, 0x0888, 0x0888, 0x0888, 0x0888, 0x0888, 0x0888,
    0x0888, 0x0888, 0x0888, 0x0888, 0x0888, 0x0888, 0x0888, 0x0888,
    0x0888, 0x0888, 0x0888, 0x0888, 0x0888, 0x0888, 0x0888, 0x0888,
    0x0888, 0x0888, 0x0888, 0x0888, 0xFFDA, 0xFDA6, 0xFDA6, 0xFFFF,
    0xFFFF, 0xFFFF, 0xFFBB, 0xFFBB, 0xFDA6, 0xFFDA, 0xFFDA, 0xFFDA,
    0xFFDA, 0xFDA6, 0xFDA6, 0xFDA6, 0xFFBB, 0xFFBB, 0xFDA6, 0x0888,
    0x0888, 0x0888, 0x0888, 0x0888, 0x0888, 0x0888, 0x0888, 0x0888,
    0x0888, 0x0888, 0x0888, 0x0888, 0x0888, 0x0888, 0x0888, 0x0888,
    0x0888, 0x0888, 0x0888, 0x0888, 0x0888, 0x0888, 0x0888, 0x0888,
    0x0888, 0x0888, 0x0888, 0x0888, 0x0888, 0x0888, 0x0888, 0x0888,
    0x0888, 0x0888, 0x0888, 0x0888, 0x0888, 0x0888, 0x0888, 0x0888,
    0x0888, 0x0888, 0x0888, 0x0888, 0xFFDA, 0xFDA6, 0xFDA6, 0xFFFF,
    0xFFFF, 0xFFFF, 0xFFBB, 0xFFBB, 0xFDA6, 0xFFDA, 0xFFDA, 0xFFDA,
    0xFFDA, 0xFDA6, 0xFDA6, 0xFDA6, 0xFFBB, 0xFFBB, 0xFDA6, 0x0888,
    0x0888, 0x0888, 0x0888, 0x0888, 0x0888, 0x0888, 0x0888, 0x0888,
    0x0888, 0x0888, 0x0888, 0x0888, 0x0888, 0x0888, 0x0888, 0x0888,
    0x0888, 0x0888, 0x0888, 0x0888, 0x0888, 0x0888, 0x0888, 0x0888,
    0x0888, 0x0888, 0x0888, 0x0888, 0x0888, 0x0888, 0x0888, 0x0888,
    0x0888, 0x0888, 0xFFDA, 0xFDA6, 0xFFFF, 0xFFFF, 0xFFDA, 0xFFDA,
    0xFFDA, 0xFFDA, 0xFFDA, 0xFFDA, 0xFFDA, 0xFFDA, 0xFFDA, 0xFFDA,
    0xFFDA, 0xFFDA, 0xFFFF, 0xFFFF, 0xFFFF, 0xFFBB, 0xFFBB, 0xFDA6,
    0x0888, 0x0888, 0x0888, 0x0888, 0x0888, 0x0888, 0x0888, 0x0888,
    0x0888, 0x0888, 0x0888, 0x0888, 0x0888, 0x0888, 0x0888, 0x0888,
    0x0888, 0x0888, 0x0888, 0x0888, 0x0888, 0x0888, 0x0888, 0x0888,
    0x0888, 0x0888, 0x0888, 0x0888, 0x0888, 0x0888, 0x0888, 0x0888,
    0x0888, 0x0888, 0x0888, 0x0888, 0x0888, 0x0888, 0x0888, 0x0888,
    0x0888, 0x0888, 0xFFDA, 0xFDA6, 0xFFFF, 0xFFFF, 0xFFDA, 0xFFDA,
    0xFFDA, 0xFFDA, 0xFFDA, 0xFFDA, 0xFFDA, 0xFFDA, 0xFFDA, 0xFFDA,
    0xFFDA, 0xFFDA, 0xFFFF, 0xFFFF, 0xFFFF, 0xFFBB, 0xFFBB, 0xFDA6,
    0x0888, 0x0888, 0x0888, 0x0888, 0x0888, 0x0888, 0x0888, 0x0888,
    0x0888, 0x0888, 0x0888, 0x0888, 0x0888, 0x0888, 0x0888, 0x0888,
    0x0888, 0x0888, 0x0888, 0x0888, 0x0888, 0x0888, 0x0888, 0x0888,
    0x0888, 0x0888, 0x0888, 0x0888, 0x0888, 0x0888, 0x0888, 0x0888,
    0x0888, 0x0888, 0x0888, 0x0888, 0x0888, 0x0888, 0x0888, 0x0888,
    0x0888, 0x0888, 0x0888, 0x0888, 0x0888, 0x0888, 0x0888, 0x0888,
    0x0888, 0x0888, 0x0888, 0xFFDA, 0xFDA6, 0xFDA6, 0xFDA6, 0xFDA6,
    0xFDA6, 0xFDA6, 0xFDA6, 0xFDA6, 0xFDA6, 0xFDA6, 0xFDA6, 0xFDA6,
    0xFFDA, 0xFFDA, 0xFFDA, 0xFFFF, 0xFFFF, 0xFFBB, 0xFDA6, 0x0888,
    0x0888, 0x0888, 0x0888, 0x0888, 0x0888, 0x0888, 0x0888, 0x0888,
    0x0888, 0x0888, 0x0888, 0x0888, 0x0888, 0x0888, 0x0888, 0x0888,
    0x0888, 0x0888, 0x0888, 0x0888, 0x0888, 0x0888, 0x0888, 0x0888,
    0x0888, 0x0888, 0x0888, 0x0888, 0x0888, 0x0888, 0x0888, 0x0888,
    0x0888, 0x0888, 0x0888, 0x0888, 0x0888, 0x0888, 0x0888, 0x0888,
    0x0888, 0x0888, 0x0888, 0xFFDA, 0xFDA6, 0xFDA6, 0xFDA6, 0xFDA6,
    0xFDA6, 0xFDA6, 0xFDA6, 0xFDA6, 0xFDA6, 0xFDA6, 0xFDA6, 0xFDA6,
    0xFFDA, 0xFFDA, 0xFFDA, 0xFFFF, 0xFFFF, 0xFFBB, 0xFDA6, 0x0888,
    0x0888, 0x0888, 0x0888, 0x0888, 0x0888, 0x0888, 0x0888, 0x0888,
    0x0888, 0x0888, 0x0888, 0x0888, 0x0888, 0x0888, 0x0888, 0x0888,
    0x0888, 0x0888, 0x0888, 0x0888, 0x0888, 0x0888, 0x0888, 0x0888,
    0x0888, 0x0888, 0x0888, 0x0888, 0x0888, 0x0888, 0x0888, 0x0888,
    0x0888, 0x0888, 0xFFDA, 0xFDA6, 0xFFDA, 0xFFDA, 0xFDA6, 0xFDA6,
    0xFDA6, 0xFDA6, 0xFDA6, 0xFDA6, 0xFDA6, 0xFDA6, 0xFDA6, 0xFDA6,
    0xFDA6, 0xFFDA, 0xFFDA, 0xFFDA, 0xFFFF, 0xFFFF, 0xFFBB, 0xFDA6,
    0x0888, 0x0888, 0x0888, 0x0888, 0x0888, 0x0888, 0x0888, 0x0888,
    0x0888, 0x0888, 0x0888, 0x0888, 0x0888, 0x0888, 0x0888, 0x0888,
    0x0888, 0x0888, 0x0888, 0x0888, 0x0888, 0x0888, 0x0888, 0x0888,
    0x0888, 0x0888, 0x0888, 0x0888, 0x0888, 0x0888, 0x0888, 0x0888,
    0x0888, 0x0888, 0x0888, 0x0888, 0x0888, 0x0888, 0x0888, 0x0888,
    0x0888, 0x0888, 0xFFDA, 0xFDA6, 0xFFDA, 0xFFDA, 0xFDA6, 0xFDA6,
    0xFDA6, 0xFDA6, 0xFDA6, 0xFDA6, 0xFDA6, 0xFDA6, 0xFDA6, 0xFDA6,
    0xFDA6, 0xFFDA, 0xFFDA, 0xFFDA, 0xFFFF, 0xFFFF, 0xFFBB, 0xFDA6,
    0x0888, 0x0888, 0x0888, 0x0888, 0x0888, 0x0888, 0x0888, 0x0888,
    0x0888, 0x0888, 0x0888, 0x0888, 0x0888, 0x0888, 0x0888, 0x0888,
    0x0888, 0x0888, 0x0888, 0x0888, 0x0888, 0x0888, 0x0888, 0x0888,
    0x0888, 0x0888, 0x0888, 0x0888, 0x0888, 0x0888, 0x0888, 0x0888,
    0x0888, 0x0888, 0x0888, 0x0888, 0x0888, 0x0888, 0x0888, 0x0888,
    0x0888, 0x0888, 0x0888, 0x0888, 0x0888, 0x0888, 0x0888, 0x0888,
    0x0888, 0x0888, 0xFFDA, 0xFDA6, 0xFFDA, 0xFDA6, 0xFDA6, 0xFDA6,
    0xFDA6, 0xFDA6, 0xFDA6, 0xFDA6, 0xFDA6, 0xFDA6, 0xFDA6, 0xFDA6,
    0xFDA6, 0xFDA6, 0xFFDA, 0xFFDA, 0xFFFF, 0xFFBB, 0xFDA6, 0x0888,
    0x0888, 0x0888, 0x0888, 0x0888, 0x0888, 0x0888, 0x0888, 0x0888,
    0x0888, 0x0888, 0x0888, 0x0888, 0x0888, 0x0888, 0x0888, 0x0888,
    0x0888, 0x0888, 0x0888, 0x0888, 0x0888, 0x0888, 0x0888, 0x0888,
    0x0888, 0x0888, 0x0888, 0x0888, 0x0888, 0x0888, 0x0888, 0x0888,
    0x0888, 0x0888, 0x0888, 0x0888, 0x0888, 0x0888, 0x0888, 0x0888,
    0x0888, 0xFFDA, 0xFFDA, 0xFDA6, 0xFDA6, 0xFDA6, 0xFDA6, 0xFDA6,
    0xFDA6, 0xFDA6, 0xFDA6, 0xFDA6, 0xFDA6, 0xFDA6, 0xFDA6, 0xFDA6,
    0xFDA6, 0xFDA6, 0xFFDA, 0xFFDA, 0xFFFF, 0xFFBB, 0xFDA6, 0x0888,
    0x0888, 0x0888, 0x0888, 0x0888, 0x0888, 0x0888, 0x0888, 0x0888,
    0x0888, 0x0888, 0x0888, 0x0888, 0x0888, 0x0888, 0x0888, 0x0888,
    0x0888, 0x0888, 0x0888, 0x0888, 0x0888, 0x0888, 0x0888, 0x0888,
    0x0888, 0x0888, 0x0888, 0x0888, 0x0888, 0x0888, 0x0888, 0x0888,
    0x0888, 0xFFDA, 0xFFDA, 0xFFDA, 0xFDA6, 0xFFDA, 0xFFDA, 0xFFDA,
    0xFDA6, 0xFDA6, 0xFDA6, 0xFDA6, 0xFDA6, 0xFDA6, 0xFDA6, 0xFDA6,
    0xFDA6, 0xFDA6, 0xFDA6, 0xFFDA, 0xFFDA, 0xFFFF, 0xFFBB, 0xFDA6,
    0x0888, 0x0888, 0x0888, 0x0888, 0x0888, 0x0888, 0x0888, 0x0888,
    0x0888, 0x0888, 0x0888, 0x0888, 0x0888, 0x0888, 0x0888, 0x0888,
    0x0888, 0x0888, 0x0888, 0x0888, 0x0888, 0x0888, 0x0888, 0x0888,
    0x0888, 0x0888, 0x0888, 0x0888, 0x0888, 0x0888, 0x0888, 0x0888,
    0x0888, 0x0888, 0x0888, 0x0888, 0x0888, 0x0888, 0x0888, 0xFFDA,
    0xFFDA, 0xFFDA, 0xFFDA, 0xFFDA, 0xFFDA, 0xFFDA, 0xFFDA, 0xFFDA,
    0xFFDA, 0xFDA6, 0xFDA6, 0xFDA6, 0xFDA6, 0xFDA6, 0xFDA6, 0xFDA6,
    0xFDA6, 0xFDA6, 0xFDA6, 0xFFDA, 0xFFDA, 0xFFDA, 0xFFBB, 0xFDA6,
    0x0888, 0x0888, 0x0888, 0x0888, 0x0888, 0x0888, 0x0888, 0x0888,
    0x0888, 0x0888, 0x0888, 0x0888, 0x0888, 0x0888, 0x0888, 0x0888,
    0x0888, 0x0888, 0x0888, 0x0888, 0x0888, 0x0888, 0x0888, 0x0888,
    0x0888, 0x0888, 0x0888, 0x0888, 0x0888, 0x0888, 0x0888, 0x0888,
    0x0888, 0x0888, 0x0888, 0x0888, 0x0888, 0x0888, 0x0888, 0x0888,
    0x0888, 0x0888, 0x0888, 0x0888, 0x0888, 0x0888, 0x0888, 0x0888,
    0x0888, 0xFFDA, 0xFFDA, 0xFFDA, 0xFFDA, 0xFFDA, 0xFDA6, 0xFDA6,
    0xFDA6, 0xFDA6, 0xFDA6, 0xFDA6, 0xFDA6, 0xFDA6, 0xFDA6, 0xFDA6,
    0xFDA6, 0xFDA6, 0xFFDA, 0xFFDA, 0xFFDA, 0xFFBB, 0xFDA6, 0x0888,
    0x0888, 0x0888, 0x0888, 0x0888, 0x0888, 0x0888, 0x0888, 0x0888,
    0x0888, 0x0888, 0x0888, 0x0888, 0x0888, 0x0888, 0x0888, 0x0888,
    0x0888, 0x0888, 0x0888, 0x0888, 0x0888, 0x0888, 0x0888, 0x0888,
    0x0888, 0x0888, 0x0888, 0x0888, 0x0888, 0x0888, 0x0888, 0x0888,
    0x0888, 0x0888, 0x0888, 0x0888, 0x0888, 0x0888, 0x0888, 0x0888,
    0xFFDA, 0xFFDA, 0xFFDA, 0xFFDA, 0xFFDA, 0xFFDA, 0xFDA6, 0xFDA6,
    0xFDA6, 0xFDA6, 0xFDA6, 0xFDA6, 0xFDA6, 0xFDA6, 0xFDA6, 0xFDA6,
    0xFFDA, 0xFDA6, 0xFFDA, 0xFFDA, 0xFFDA, 0xFFBB, 0xFDA6, 0x0888,
    0x0888, 0x0888, 0x0888, 0x0888, 0x0888, 0x0888, 0x0888, 0x0888,
    0x0888, 0x0888, 0x0888, 0x0888, 0x0888, 0x0888, 0x0888, 0x0888,
    0x0888, 0x0888, 0x0888, 0x0888, 0x0888, 0x0888, 0x0888, 0x0888,
    0x0888, 0x0888, 0x0888, 0x0888, 0x0888, 0x0888, 0x0888, 0xFFDA,
    0xFFDA, 0xFDA6, 0xFDA6, 0xFFDA, 0xFFDA, 0xFFDA, 0xFFDA, 0xFFDA,
    0xFFDA, 0xFDA6, 0xFFDA, 0xFDA6, 0xFDA6, 0xFDA6, 0xFDA6, 0xFDA6,
    0xFDA6, 0xFDA6, 0xFDA6, 0xFFDA, 0xFFDA, 0xFFDA, 0xFFBB, 0xFDA6,
    0x0888, 0x0888, 0x0888, 0x0888, 0x0888, 0x0888, 0x0888, 0x0888,
    0x0888, 0x0888, 0x0888, 0x0888, 0x0888, 0x0888, 0x0888, 0x0888,
    0x0888, 0x0888, 0x0888, 0x0888, 0x0888, 0x0888, 0x0888, 0x0888,
    0x0888, 0x0888, 0x0888, 0x0888, 0x0888, 0x0888, 0x0888, 0x0888,
    0x0888, 0x0888, 0x0888, 0x0888, 0xFFDA, 0xFFDA, 0xFFDA, 0xFDA6,
    0xFDA6, 0xFDA6, 0xFDA6, 0xFFDA, 0xFFDA, 0xFFDA, 0xFFDA, 0xFFDA,
    0xFFDA, 0xFFDA, 0xFDA6, 0xFDA6, 0xFDA6, 0xFDA6, 0xFDA6, 0xFDA6,
    0xFDA6, 0xFFDA, 0xFFDA, 0xFFDA, 0xFFDA, 0xFFDA, 0xFFDA, 0xFFDA,
    0x0888, 0x0888, 0x0888, 0x0888, 0x0888, 0x0888, 0x0888, 0x0888,
    0x0888, 0x0888, 0x0888, 0x0888, 0x0888, 0x0888, 0x0888, 0x0888,
    0x0888, 0x0888, 0x0888, 0x0888, 0x0888, 0x0888, 0x0888, 0x0888,
    0x0888, 0x0888, 0x0888, 0x0888, 0x0888, 0x0888, 0x0888, 0x0888,
    0x0888, 0x0888, 0x0888, 0x0888, 0x0888, 0x0888, 0x0888, 0x0888,
    0x0888, 0x0888, 0x0888, 0x0888, 0x0888, 0x0888, 0x0888, 0x0888,
    0xFFDA, 0xFDA6, 0xFFDA, 0xFFDA, 0xFFDA, 0xFDA6, 0xF945, 0xFDA6,
    0xFDA6, 0xFDA6, 0xFFDA, 0xFDA6, 0xFDA6, 0xFDA6, 0xFDA6, 0xFDA6,
    0xFFDA, 0xFFDA, 0xFFDA, 0xFFDA, 0xFFDA, 0xFFBB, 0xFDA6, 0x0888,
    0x0888, 0x0888, 0x0888, 0x0888, 0x0888, 0x0888, 0x0888, 0x0888,
    0x0888, 0x0888, 0x0888, 0x0888, 0x0888, 0x0888, 0x0888, 0x0888,
    0x0888, 0x0888, 0x0888, 0x0888, 0x0888, 0x0888, 0x0888, 0x0888,
    0x0888, 0x0888, 0x0888, 0x0888, 0x0888, 0x0888, 0x0888, 0x0888,
    0x0888, 0x0888, 0x0888, 0x0888, 0x0888, 0x0888, 0x0888, 0xFFDA,
    0xFDA6, 0xFDA6, 0xFFDA, 0xFFDA, 0xFFDA, 0xF945, 0xFDA6, 0xFDA6,
    0xFDA6, 0xFDA6, 0xFDA6, 0xFDA6, 0xFFDA, 0xFDA6, 0xFDA6, 0xFDA6,
    0xFFDA, 0xFFDA, 0xFFDA, 0xFFDA, 0xFFDA, 0xFFBB, 0xFDA6, 0x0888,
    0x0888, 0x0888, 0x0888, 0x0888, 0x0888, 0x0888, 0x0888, 0x0888,
    0x0888, 0x0888, 0x0888, 0x0888, 0x0888, 0x0888, 0x0888, 0x0888,
    0x0888, 0x0888, 0x0888, 0x0888, 0x0888, 0x0888, 0x0888, 0x0888,
    0x0888, 0x0888, 0x0888, 0x0888, 0xFFDA, 0xFFDA, 0xFFDA, 0xFDA6,
    0xFDA6, 0xFDA6, 0xFDA6, 0xFDA6, 0xFDA6, 0xFFDA, 0xFFDA, 0xFFDA,
    0xFFDA, 0xFFDA, 0xFFDA, 0xFDA6, 0xFDA6, 0xFFDA, 0xFDA6, 0xFFDA,
    0xFDA6, 0xFFDA, 0xFFDA, 0xFFDA, 0xFFDA, 0xFFDA, 0xFFDA, 0xFDA6,
    0x0888, 0x0888, 0x0888, 0x0888, 0x0888, 0x0888, 0x0888, 0x0888,
    0x0888, 0x0888, 0x0888, 0x0888, 0x0888, 0x0888, 0x0888, 0x0888,
    0x0888, 0x0888, 0x0888, 0x0888, 0x0888, 0x0888, 0x0888, 0x0888,
    0x0888, 0x0888, 0x0888, 0x0888, 0x0888, 0x0888, 0x0888, 0x0888,
    0x0888, 0xFFDA, 0xFFDA, 0xFFDA, 0xFDA6, 0xFDA6, 0xFDA6, 0xFDA6,
    0xFDA6, 0xFDA6, 0xFDA6, 0xFDA6, 0xFFDA, 0xFFDA, 0xFFDA, 0xFDA6,
    0xFFDA, 0xFFDA, 0xFDA6, 0xFDA6, 0xFDA6, 0xFFDA, 0xFDA6, 0xFDA6,
    0xFFDA, 0xFFDA, 0xFFDA, 0xFFDA, 0xFFDA, 0xFFDA, 0xFFDA, 0xFFDA,
    0xFFDA, 0x0888, 0x0888, 0x0888, 0x0888, 0x0888, 0x0888, 0x0888,
    0x0888, 0x0888, 0x0888, 0x0888, 0x0888, 0x0888, 0x0888, 0x0888,
    0x0888, 0x0888, 0x0888, 0x0888, 0x0888, 0x0888, 0x0888, 0x0888,
    0x0888, 0x0888, 0x0888, 0x0888, 0x0888, 0x0888, 0x0888, 0x0888,
    0x0888, 0x0888, 0x0888, 0x0888, 0x0888, 0x0888, 0x0888, 0x0888,
    0x0888, 0x0888, 0x0888, 0x0888, 0x0888, 0x0888, 0x0888, 0xFFDA,
    0xFDA6, 0xFDA6, 0xFFDA, 0xFFDA, 0xFFDA, 0xF945, 0xFDA6, 0xFDA6,
    0xFFDA, 0xFFDA, 0xFFDA, 0xFFDA, 0xFD87, 0xFFDA, 0xFFDA, 0xFFDA,
    0xFFDA, 0xFFDA, 0xFFDA, 0xFDA6, 0xFDA6, 0xFFDA, 0xFDA6, 0x0888,
    0x0888, 0x0888, 0x0888, 0x0888, 0x0888, 0x0888, 0x0888, 0x0888,
    0x0888, 0x0888, 0x0888, 0x0888, 0x0888, 0x0888, 0x0888, 0x0888,
    0x0888, 0x0888, 0x0888, 0x0888, 0x0888, 0x0888, 0x0888, 0x0888,
    0x0888, 0x0888, 0x0888, 0x0888, 0x0888, 0x0888, 0x0888, 0x0888,
    0x0888, 0x0888, 0x0888, 0x0888, 0x0888, 0x0888, 0x0888, 0xFFDA,
    0xFDA6, 0xFDA6, 0xFFDA, 0xFFDA, 0xF945, 0xFDA6, 0xFDA6, 0xFDA6,
    0xFFDA, 0xFFDA, 0xFFDA, 0xFFDA, 0xFD87, 0xFFDA, 0xFFDA, 0xFDA6,
    0xFFDA, 0xFFDA, 0xFFDA, 0xFDA6, 0xFDA6, 0xFFDA, 0xFDA6, 0x0888,
    0x0888, 0x0888, 0x0888, 0x0888, 0x0888, 0x0888, 0x0888, 0x0888,
    0x0888, 0x0888, 0x0888, 0x0888, 0x0888, 0x0888, 0x0888, 0x0888,
    0x0888, 0x0888, 0x0888, 0x0888, 0x0888, 0x0888, 0x0888, 0x0888,
    0x0888, 0xFFDA, 0xFFDA, 0xFFDA, 0xFDA6, 0xFDA6, 0xFDA6, 0xFDA6,
    0xFDA6, 0xFDA6, 0xFDA6, 0xFDA6, 0xFFDA, 0xFFDA, 0xFDA6, 0xFFDA,
    0xFFDA, 0xFFDA, 0xFFDA, 0xFFDA, 0xFFDA, 0xFD87, 0xFFDA, 0xFFDA,
    0xFFDA, 0xFFDA, 0xFFDA, 0xFFDA, 0xFFDA, 0xFDA6, 0xFFDA, 0xFFDA,
    0x0888, 0x0888, 0x0888, 0x0888, 0x0888, 0x0888, 0x0888, 0x0888,
    0x0888, 0x0888, 0x0888, 0x0888, 0x0888, 0x0888, 0x0888, 0x0888,
    0x0888, 0x0888, 0x0888, 0x0888, 0x0888, 0x0888, 0x0888, 0x0888,
    0x0888, 0x0888, 0x0888, 0x0888, 0x0888, 0x0888, 0x0888, 0xFFDA,
    0xFFDA, 0xFDA6, 0xFDA6, 0xFDA6, 0xFDA6, 0xFDA6, 0xFDA6, 0xFDA6,
    0xFDA6, 0xFDA6, 0xFDA6, 0xFDA6, 0xFDA6, 0xFDA6, 0xFDA6, 0xFDA6,
    0xFFDA, 0xFFDA, 0xFFDA, 0xFFDA, 0xFFDA, 0xFD87, 0xFFDA, 0xFFDA,
    0xFDA6, 0xFFDA, 0xFFDA, 0xF945, 0xFFDA, 0xFFDA, 0xFDA6, 0xFDA6,
    0xFFDA, 0xFFDA, 0x0888, 0x0888, 0x0888, 0x0888, 0x0888, 0x0888,
    0x0888, 0x0888, 0x0888, 0x0888, 0x0888, 0x0888, 0x0888, 0x0888,
    0x0888, 0x0888, 0x0888, 0x0888, 0x0888, 0x0888, 0x0888, 0x0888,
    0x0888, 0x0888, 0x0888, 0x0888, 0x0888, 0x0888, 0x0888, 0x0888,
    0x0888, 0x0888, 0x0888, 0x0888, 0x0888, 0x0888, 0x0888, 0x0888,
    0x0888, 0x0888, 0x0888, 0x0888, 0x0888, 0x0888, 0x0888, 0xFFDA,
    0xFDA6, 0xFFDA, 0xFDA6, 0xFDA6, 0xFFDA, 0xF945, 0xFFDA, 0xFFDA,
    0xFFDA, 0xFFDA, 0xFFDA, 0xFFDA, 0xFD87, 0xFFEB, 0xFFDA, 0xFFDA,
    0xFFDA, 0xFD87, 0xF945, 0xFDA6, 0xFDA6, 0xFFDA, 0xFDA6, 0x0888,
    0x0888, 0x0888, 0x0888, 0x0888, 0x0888, 0x0888, 0x0888, 0x0888,
    0x0888, 0x0888, 0x0888, 0x0888, 0x0888, 0x0888, 0x0888, 0x0888,
    0x0888, 0x0888, 0x0888, 0x0888, 0x0888, 0x0888, 0x0888, 0x0888,
    0x0888, 0x0888, 0x0888, 0x0888, 0x0888, 0x0888, 0x0888, 0x0888,
    0x0888, 0x0888, 0x0888, 0x0888, 0x0888, 0x0888, 0xFFDA, 0xFDA6,
    0xFDA6, 0xFDA6, 0xFDA6, 0xFDA6, 0xF945, 0xFDA6, 0xFDA6, 0xFFDA,
    0xFFDA, 0xFFDA, 0xFFDA, 0xFFDA, 0xFD87, 0xFFEB, 0xFFDA, 0xFFDA,
    0xFFDA, 0xFD87, 0xF945, 0xFDA6, 0xFDA6, 0xFFDA, 0xFDA6, 0x0888,
    0x0888, 0x0888, 0x0888, 0x0888, 0x0888, 0x0888, 0x0888, 0x0888,
    0x0888, 0x0888, 0x0888, 0x0888, 0x0888, 0x0888, 0x0888, 0x0888,
    0x0888, 0x0888, 0x0888, 0x0888, 0x0888, 0x0888, 0x0888, 0xFFDA,
    0xFFDA, 0xFDA6, 0xFDA6, 0xFDA6, 0xFDA6, 0xFDA6, 0xFDA6, 0xFDA6,
    0xFDA6, 0xFDA6, 0xFDA6, 0xFDA6, 0xFDA6, 0xFDA6, 0xFDA6, 0xFFDA,
    0xFDA6, 0xFFDA, 0xFFDA, 0xFFDA, 0xFFDA, 0xFD87, 0xFFEB, 0xFFDA,
    0xFFDA, 0xFFDA, 0xFD87, 0xFFDA, 0xFFDA, 0xFDA6, 0xFFDA, 0xFFDA,
    0x0888, 0x0888, 0x0888, 0x0888, 0x0888, 0x0888, 0x0888, 0x0888,
    0x0888, 0x0888, 0x0888, 0x0888, 0x0888, 0x0888, 0x0888, 0x0888,
    0x0888, 0x0888, 0x0888, 0x0888, 0x0888, 0x0888, 0x0888, 0x0888,
    0x0888, 0x0888, 0x0888, 0x0888, 0x0888, 0xFFDA, 0xFFDA, 0xFDA6,
    0xFDA6, 0xFDA6, 0xFDA6, 0xFDA6, 0xFDA6, 0xFDA6, 0xFDA6, 0xFDA6,
    0xFDA6, 0xFDA6, 0xFDA6, 0xFDA6, 0xFDA6, 0xFDA6, 0xFDA6, 0xFFDA,
    0xFDA6, 0xFFDA, 0xFDA6, 0xFFDA, 0xFFDA, 0xFD87, 0xFFEB, 0xFFDA,
    0xFFDA, 0xFFDA, 0xFFDA, 0xF945, 0xFFDA, 0xFFDA, 0xF945, 0xF945,
    0xFDA6, 0xFDA6, 0xFFDA, 0x0888, 0x0888, 0x0888, 0x0888, 0x0888,
    0x0888, 0x0888, 0x0888, 0x0888, 0x0888, 0x0888, 0x0888, 0x0888,
    0x0888, 0x0888, 0x0888, 0x0888, 0x0888, 0x0888, 0x0888, 0x0888,
    0x0888, 0x0888, 0x0888, 0x0888, 0x0888, 0x0888, 0x0888, 0x0888,
    0x0888, 0x0888, 0x0888, 0x0888, 0x0888, 0x0888, 0x0888, 0x0888,
    0x0888, 0x0888, 0x0888, 0x0888, 0x0888, 0x0888, 0xFFDA, 0xFDA6,
    0xFDA6, 0xFDA6, 0xFDA6, 0xFDA6, 0xF945, 0xFDA6, 0xFFDA, 0xFDA6,
    0xFDA6, 0xFFDA, 0xFDA6, 0xFD87, 0xFFEB, 0xFFEB, 0xFDA6, 0xFFDA,
    0xFD87, 0xFFEB, 0xFFEB, 0xF945, 0xFDA6, 0xFDA6, 0xFFDA, 0x0888,
    0x0888, 0x0888, 0x0888, 0x0888, 0x0888, 0x0888, 0x0888, 0x0888,
    0x0888, 0x0888, 0x0888, 0x0888, 0x0888, 0x0888, 0x0888, 0x0888,
    0x0888, 0x0888, 0x0888, 0x0888, 0x0888, 0x0888, 0x0888, 0x0888,
    0x0888, 0x0888, 0x0888, 0x0888, 0x0888, 0x0888, 0x0888, 0x0888,
    0x0888, 0x0888, 0x0888, 0x0888, 0x0888, 0x0888, 0xFFDA, 0xFDA6,
    0xFDA6, 0xFDA6, 0xFDA6, 0xF945, 0xFDA6, 0xFDA6, 0xFDA6, 0xFDA6,
    0xFDA6, 0xFFDA, 0xFDA6, 0xFD87, 0xFFEB, 0xFFEB, 0xFDA6, 0xFFDA,
    0xFFEB, 0xFFEB, 0xFFEB, 0xF945, 0xFDA6, 0xFDA6, 0xFFDA, 0x0888,
    0x0888, 0x0888, 0x0888, 0x0888, 0x0888, 0x0888, 0x0888, 0x0888,
    0x0888, 0x0888, 0x0888, 0x0888, 0x0888, 0x0888, 0x0888, 0x0888,
    0x0888, 0x0888, 0x0888, 0x0888, 0x0888, 0x0888, 0xFFDA, 0xFDA6,
    0xFDA6, 0xFDA6, 0xFDA6, 0xFDA6, 0xFDA6, 0xFDA6, 0xFDA6, 0xFDA6,
    0xFDA6, 0xFDA6, 0xFDA6, 0xFDA6, 0xFDA6, 0xFDA6, 0xFDA6, 0xFDA6,
    0xFDA6, 0xFDA6, 0xFDA6, 0xFDA6, 0xFD87, 0xFFEB, 0xFFEB, 0xFDA6,
    0xFFDA, 0xFD87, 0xFFEB, 0xFFEB, 0xFFDA, 0xFDA6, 0xFDA6, 0xFDA6,
    0xFFDA, 0x0888, 0x0888, 0x0888, 0x0888, 0x0888, 0x0888, 0x0888,
    0x0888, 0x0888, 0x0888, 0x0888, 0x0888, 0x0888, 0x0888, 0x0888,
    0x0888, 0x0888, 0x0888, 0x0888, 0x0888, 0x0888, 0x0888, 0x0888,
    0x0888, 0x0888, 0x0888, 0xFFDA, 0xFFDA, 0xFDA6, 0xFDA6, 0xFDA6,
    0xFDA6, 0xFDA6, 0xFDA6, 0xFDA6, 0xFDA6, 0xFDA6, 0xFDA6, 0xFDA6,
    0xFDA6, 0xFDA6, 0xFDA6, 0xFDA6, 0xFDA6, 0xFDA6, 0xFDA6, 0xFDA6,
    0xFFDA, 0xFFDA, 0xFDA6, 0xF945, 0xFD87, 0xFFEB, 0xFFEB, 0xFDA6,
    0xFFDA, 0xFD87, 0xFFEB, 0xFFEB, 0xF945, 0xFFDA, 0xFFDA, 0xF945,
    0xF945, 0xFDA6, 0xFDA6, 0xFFDA, 0x0888, 0x0888, 0x0888, 0x0888,
    0x0888, 0x0888, 0x0888, 0x0888, 0x0888, 0x0888, 0x0888, 0x0888,
    0x0888, 0x0888, 0x0888, 0x0888, 0x0888, 0x0888, 0x0888, 0x0888,
    0x0888, 0x0888, 0x0888, 0x0888, 0x0888, 0x0888, 0x0888, 0x0888,
    0x0888, 0x0888, 0x0888, 0x0888, 0x0888, 0x0888, 0x0888, 0x0888,
    0x0888, 0x0888, 0x0888, 0x0888, 0x0888, 0xFFDA, 0xFDA6, 0xFDA6,
    0xFDA6, 0xFDA6, 0xFDA6, 0xFDA6, 0xF945, 0xFDA6, 0xFDA6, 0xFDA6,
    0xF945, 0xF000, 0xF000, 0xFFEB, 0xFFEB, 0xFFEB, 0xFDA6, 0xFDA6,
    0xFD87, 0xFFEB, 0xFFEB, 0xF945, 0xF945, 0xFDA6, 0xFFDA, 0x0888,
    0x0888, 0x0888, 0x0888, 0x0888, 0x0888, 0x0888, 0x0888, 0x0888,
    0x0888, 0x0888, 0x0888, 0x0888, 0x0888, 0x0888, 0x0888, 0x0888,
    0x0888, 0x0888, 0x0888, 0x0888, 0x0888, 0x0888, 0x0888, 0x0888,
    0x0888, 0x0888, 0x0888, 0x0888, 0x0888, 0x0888, 0x0888, 0x0888,
    0x0888, 0x0888, 0x0888, 0x0888, 0x0888, 0xFFDA, 0xFDA6, 0xFDA6,
    0xFDA6, 0xFDA6, 0xFDA6, 0xF945, 0xFDA6, 0xFDA6, 0xFDA6, 0xFDA6,
    0xF945, 0xF000, 0xF000, 0xFFEB, 0xFFEB, 0xFDA6, 0xFDA6, 0xFD87,
    0xFFEB, 0xFFEB, 0xFFEB, 0xF945, 0xF945, 0xFDA6, 0xFFDA, 0x0888,
    0x0888, 0x0888, 0x0888, 0x0888, 0x0888, 0x0888, 0x0888, 0x0888,
    0x0888, 0x0888, 0x0888, 0x0888, 0x0888, 0x0888, 0x0888, 0x0888,
    0x0888, 0x0888, 0x0888, 0x0888, 0x0888, 0x0888, 0xFFDA, 0xFDA6,
    0xFDA6, 0xF945, 0xF945, 0xF945, 0xF945, 0xFDA6, 0xFDA6, 0xFDA6,
    0xFDA6, 0xFDA6, 0xFDA6, 0xFDA6, 0xFDA6, 0xFDA6, 0xFDA6, 0xFDA6,
    0xFDA6, 0xFDA6, 0xF945, 0xFFEB, 0xFFEB, 0xFFEB, 0xFFEB, 0xFDA6,
    0xFDA6, 0xFD87, 0xFFEB, 0xFFEB, 0xFFEB, 0xFFDA, 0xF945, 0xFDA6,
    0xFDA6, 0xFFDA, 0x0888, 0x0888, 0x0888, 0x0888, 0x0888, 0x0888,
    0x0888, 0x0888, 0x0888, 0x0888, 0x0888, 0x0888, 0x0888, 0x0888,
    0x0888, 0x0888, 0x0888, 0x0888, 0x0888, 0x0888, 0x0888, 0x0888,
    0x0888, 0x0888, 0xFFDA, 0xF945, 0xF945, 0xF945, 0xF945, 0xF945,
    0xF945, 0xFDA6, 0xFDA6, 0xFDA6, 0xFDA6, 0xFDA6, 0xFDA6, 0xFDA6,
    0xFDA6, 0xFDA6, 0xFDA6, 0xFDA6, 0xFDA6, 0xFDA6, 0xFDA6, 0xFDA6,
    0xFDA6, 0xF945, 0xF945, 0xFFEB, 0xFFEB, 0xFFEB, 0xFFEB, 0xFDA6,
    0xFDA6, 0xFD87, 0xFFEB, 0xFFEB, 0xFFEB, 0xF945, 0xFFDA, 0xF945,
    0xF945, 0xF945, 0xFDA6, 0xFFDA, 0x0888, 0x0888, 0x0888, 0x0888,
    0x0888, 0x0888, 0x0888, 0x0888, 0x0888, 0x0888, 0x0888, 0x0888,
    0x0888, 0x0888, 0x0888, 0x0888, 0x0888, 0x0888, 0x0888, 0x0888,
    0x0888, 0x0888, 0x0888, 0x0888, 0x0888, 0x0888, 0x0888, 0x0888,
    0x0888, 0x0888, 0x0888, 0x0888, 0x0888, 0x0888, 0x0888, 0x0888,
    0x0888, 0x0888, 0x0888, 0x0888, 0x0888, 0xFFDA, 0xFDA6, 0xFDA6,
    0xFDA6, 0xFDA6, 0xFDA6, 0xFDA6, 0xF945, 0xFDA6, 0xFDA6, 0xF945,
    0xFFEB, 0xF000, 0xF000, 0xFFEB, 0xFFEB, 0xFFEB, 0xFDA6, 0xFD87,
    0xFFEB, 0xF000, 0xF000, 0xFFEB, 0xF945, 0xF945, 0xFFDA, 0x0888,
    0x0888, 0x0888, 0x0888, 0x0888, 0x0888, 0x0888, 0x0888, 0x0888,
    0x0888, 0x0888, 0x0888, 0x0888, 0x0888, 0x0888, 0x0888, 0x0888,
    0x0888, 0x0888, 0x0888, 0x0888, 0x0888, 0x0888, 0x0888, 0x0888,
    0x0888, 0x0888, 0x0888, 0x0888, 0x0888, 0x0888, 0x0888, 0x0888,
    0x0888, 0x0888, 0x0888, 0x0888, 0x0888, 0xFFDA, 0xFDA6, 0xFDA6,
    0xFDA6, 0xFDA6, 0xFDA6, 0xF945, 0xFDA6, 0xFDA6, 0xFDA6, 0xF945,
    0xFFEB, 0xF000, 0xF000, 0xFFEB, 0xFFEB, 0xFDA6, 0xFD87, 0xFFEB,
    0xFFEB, 0xF000, 0xF000, 0xFFEB, 0xF945, 0xFDA6, 0xFFDA, 0x0888,
    0x0888, 0x0888, 0x0888, 0x0888, 0x0888, 0x0888, 0x0888, 0x0888,
    0x0888, 0x0888, 0x0888, 0x0888, 0x0888, 0x0888, 0x0888, 0x0888,
    0x0888, 0x0888, 0x0888, 0x0888, 0x0888, 0xFDA6, 0xFDA6, 0xF945,
    0xF945, 0xF945, 0xF945, 0xF945, 0xFDA6, 0xFDA6, 0xFDA6, 0xFDA6,
    0xF945, 0xF945, 0xF945, 0xFDA6, 0xFDA6, 0xFDA6, 0xFDA6, 0xFDA6,
    0xFDA6, 0xF945, 0xF000, 0xF000, 0xFFEB, 0xFFEB, 0xFFEB, 0xFDA6,
    0xFD87, 0xFFEB, 0xFFEB, 0xFFEB, 0xFFEB, 0xFFDA, 0xF945, 0xF945,
    0xFDA6, 0xFFDA, 0x0888, 0x0888, 0x0888, 0x0888, 0x0888, 0x0888,
    0x0888, 0x0888, 0x0888, 0x0888, 0x0888, 0x0888, 0x0888, 0x0888,
    0x0888, 0x0888, 0x0888, 0x0888, 0x0888, 0x0888, 0x0888, 0x0888,
    0x0888, 0x0888, 0x0888, 0x0888, 0x0888, 0x0888, 0x0888, 0x0888,
    0xFDA6, 0xFDA6, 0xFDA6, 0xFDA6, 0xFDA6, 0xFDA6, 0xFDA6, 0xFDA6,
    0xF945, 0xF945, 0xF945, 0xFDA6, 0xFDA6, 0xFDA6, 0xFDA6, 0xFDA6,
    0xF945, 0xFFEB, 0xF000, 0xF000, 0xFFEB, 0xFFEB, 0xFFEB, 0xFDA6,
    0xFD87, 0xFFEB, 0xFFEB, 0xFFEB, 0xFFEB, 0xF945, 0xF945, 0xFDA6,
    0x0888, 0xF945, 0xF945, 0xFDA6, 0xFFDA, 0x0888, 0x0888, 0x0888,
    0x0888, 0x0888, 0x0888, 0x0888, 0x0888, 0x0888, 0x0888, 0x0888,
    0x0888, 0x0888, 0x0888, 0x0888, 0x0888, 0x0888, 0x0888, 0x0888,
    0x0888, 0x0888, 0x0888, 0x0888, 0x0888, 0x0888, 0x0888, 0x0888,
    0x0888, 0x0888, 0x0888, 0x0888, 0x0888, 0x0888, 0x0888, 0x0888,
    0x0888, 0x0888, 0x0888, 0x0888, 0xFFDA, 0xFDA6, 0xFDA6, 0xFDA6,
    0xFDA6, 0xFDA6, 0xFDA6, 0xFDA6, 0xF945, 0xFDA6, 0xF945, 0xFFEB,
    0xFFEB, 0xF000, 0xF000, 0xFFEB, 0xFFEB, 0xFFEB, 0xFD87, 0xFFEB,
    0xFFEB, 0xF000, 0xF000, 0xFFEB, 0xF945, 0xF945, 0xFFDA, 0x0888,
    0x0888, 0x0888, 0x0888, 0x0888, 0x0888, 0x0888, 0x0888, 0x0888,
    0x0888, 0x0888, 0x0888, 0x0888, 0x0888, 0x0888, 0x0888, 0x0888,
    0x0888, 0x0888, 0x0888, 0x0888, 0x0888, 0x0888, 0x0888, 0x0888,
    0x0888, 0x0888, 0x0888, 0x0888, 0x0888, 0x0888, 0x0888, 0x0888,
    0x0888, 0x0888, 0x0888, 0x0888, 0xFFDA, 0xFDA6, 0xFDA6, 0xFDA6,
    0xFDA6, 0xFDA6, 0xFDA6, 0xF945, 0xFDA6, 0xFDA6, 0xF945, 0xFFEB,
    0xFFEB, 0xF000, 0xF000, 0xFFEB, 0xFFEB, 0xFD87, 0xFFEB, 0xFFEB,
    0xFFEB, 0xF000, 0xF000, 0xFFEB, 0xF945, 0xFDA6, 0xFFDA, 0x0888,
    0x0888, 0x0888, 0x0888, 0x0888, 0x0888, 0x0888, 0x0888, 0x0888,
    0x0888, 0x0888, 0x0888, 0x0888, 0x0888, 0x0888, 0x0888, 0x0888,
    0x0888, 0x0888, 0x0888, 0x0888, 0x0888, 0xFFDA, 0xF945, 0xF945,
    0xF945, 0x0888, 0x0888, 0xFDA6, 0xFDA6, 0xFDA6, 0xF945, 0xF945,
    0xF945, 0xF945, 0xF945, 0xFDA6, 0xFDA6, 0xFDA6, 0xFDA6, 0xFDA6,
    0xF945, 0xFFEB, 0xF000, 0xF000, 0xFFEB, 0xFFEB, 0xFFEB, 0xFD87,
    0xFFEB, 0xFFEB, 0xF000, 0xF000, 0xFFEB, 0xF945, 0xF945, 0xF945,
    0xF945, 0xFDA6, 0xFFDA, 0x0888, 0x0888, 0x0888, 0x0888, 0x0888,
    0x0888, 0x0888, 0x0888, 0x0888, 0x0888, 0x0888, 0x0888, 0x0888,
    0x0888, 0x0888, 0x0888, 0x0888, 0x0888, 0x0888, 0x0888, 0x0888,
    0x0888, 0x0888, 0x0888, 0x0888, 0x0888, 0x0888, 0x0888, 0xFDA6,
    0xFDA6, 0xFDA6, 0xFDA6, 0xFDA6, 0xF945, 0xF945, 0xF945, 0xF945,
    0xF945, 0xF945, 0xFDA6, 0xFDA6, 0xFDA6, 0xFDA6, 0xF945, 0xF945,
    0xFFEB, 0xFFEB, 0xF000, 0xF000, 0xFFEB, 0xFFEB, 0xFFEB, 0xFD87,
    0xFFEB, 0xFFEB, 0xF000, 0xF000, 0xFFEB, 0xF945, 0xF945, 0xF945,
    0x0888, 0x0888, 0xF945, 0xFDA6, 0xFFDA, 0x0888, 0x0888, 0x0888,
    0x0888, 0x0888, 0x0888, 0x0888, 0x0888, 0x0888, 0x0888, 0x0888,
    0x0888, 0x0888, 0x0888, 0x0888, 0x0888, 0x0888, 0x0888, 0x0888,
    0x0888, 0x0888, 0x0888, 0x0888, 0x0888, 0x0888, 0x0888, 0x0888,
    0x0888, 0x0888, 0x0888, 0x0888, 0x0888, 0x0888, 0x0888, 0x0888,
    0x0888, 0x0888, 0x0888, 0x0888, 0xFFDA, 0xFDA6, 0xFDA6, 0xFDA6,
    0xFDA6, 0xFDA6, 0xFDA6, 0xF945, 0xF945, 0xF945, 0xF945, 0xFFEB,
    0xFFEB, 0xF000, 0xF000, 0xFFEB, 0xFFEB, 0xFFEB, 0xFFEB, 0xFFEB,
    0xFFEB, 0xF000, 0xF000, 0xFFEB, 0xF945, 0xF945, 0xFFDA, 0x0888,
    0x0888, 0x0888, 0x0888, 0x0888, 0x0888, 0x0888, 0x0888, 0x0888,
    0x0888, 0x0888, 0x0888, 0x0888, 0x0888, 0x0888, 0x0888, 0x0888,
    0x0888, 0x0888, 0x0888, 0x0888, 0x0888, 0x0888, 0x0888, 0x0888,
    0x0888, 0x0888, 0x0888, 0x0888, 0x0888, 0x0888, 0x0888, 0x0888,
    0x0888, 0x0888, 0x0888, 0xFFDA, 0xFDA6, 0xFDA6, 0xFDA6, 0xFDA6,
    0xFDA6, 0xFDA6, 0xFDA6, 0xF945, 0xFDA6, 0xF945, 0xF945, 0xFFEB,
    0xFFEB, 0xF000, 0xF000, 0xFFEB, 0xFFEB, 0xFFEB, 0xFFEB, 0xFFEB,
    0xFFEB, 0xF000, 0xF000, 0xFFEB, 0xF945, 0xFDA6, 0xFFDA, 0x0888,
    0x0888, 0x0888, 0x0888, 0x0888, 0x0888, 0x0888, 0x0888, 0x0888,
    0x0888, 0x0888, 0x0888, 0x0888, 0x0888, 0x0888, 0x0888, 0x0888,
    0x0888, 0x0888, 0x0888, 0x0888, 0x0888, 0xFDA6, 0xF945, 0x0888,
    0x0888, 0x0888, 0xFDA6, 0xFDA6, 0xF945, 0xF945, 0xF945, 0xF945,
    0xF945, 0xF945, 0xFDA6, 0xFDA6, 0xFDA6, 0xFDA6, 0xFDA6, 0xFDA6,
    0xF945, 0xFFEB, 0xF000, 0xF000, 0xFFEB, 0xFFEB, 0xFFEB, 0xFFEB,
    0xFFEB, 0xFFEB, 0xF000, 0xF000, 0xFFEB, 0xF945, 0xF945, 0xF945,
    0xF945, 0xFDA6, 0xFFDA, 0x0888, 0x0888, 0x0888, 0x0888, 0x0888,
    0x0888, 0x0888, 0x0888, 0x0888, 0x0888, 0x0888, 0x0888, 0x0888,
    0x0888, 0x0888, 0x0888, 0x0888, 0x0888, 0x0888, 0x0888, 0x0888,
    0x0888, 0x0888, 0x0888, 0x0888, 0x0888, 0x0888, 0x0888, 0xFDA6,
    0xFDA6, 0xF945, 0xF945, 0xF945, 0xF945, 0xF945, 0xF945, 0xF945,
    0xF945, 0xFDA6, 0xFDA6, 0xFDA6, 0xFDA6, 0xFDA6, 0xF945, 0xFFEB,
    0xFFEB, 0xFFEB, 0xF000, 0xF000, 0xFFEB, 0xFFEB, 0xFFEB, 0xFFEB,
    0xFFEB, 0xFFEB, 0xF000, 0xF000, 0xFFEB, 0xF945, 0xF945, 0xF945,
    0x0888, 0x0888, 0x0888, 0xF945, 0xFDA6, 0xFFDA, 0x0888, 0x0888,
    0x0888, 0x0888, 0x0888, 0x0888, 0x0888, 0x0888, 0x0888, 0x0888,
    0x0888, 0x0888, 0x0888, 0x0888, 0x0888, 0x0888, 0x0888, 0x0888,
    0x0888, 0x0888, 0x0888, 0x0888, 0x0888, 0x0888, 0x0888, 0x0888,
    0x0888, 0x0888, 0x0888, 0x0888, 0x0888, 0x0888, 0x0888, 0x0888,
    0x0888, 0x0888, 0x0888, 0x0888, 0xFFDA, 0xFDA6, 0xFDA6, 0xFDA6,
    0xFDA6, 0xFDA6, 0xFDA6, 0xF945, 0xF945, 0xF945, 0xFFEB, 0xFFEB,
    0xFFEB, 0xF000, 0xF000, 0xFFEB, 0xFFEB, 0xFFEB, 0xFFEB, 0xFFEB,
    0xFFEB, 0xF000, 0xF000, 0xFFEB, 0xF945, 0xF945, 0xFDA6, 0x0888,
    0x0888, 0x0888, 0x0888, 0x0888, 0x0888, 0x0888, 0x0888, 0x0888,
    0x0888, 0x0888, 0x0888, 0x0888, 0x0888, 0x0888, 0x0888, 0x0888,
    0x0888, 0x0888, 0x0888, 0x0888, 0x0888, 0x0888, 0x0888, 0x0888,
    0x0888, 0x0888, 0x0888, 0x0888, 0x0888, 0x0888, 0x0888, 0x0888,
    0x0888, 0x0888, 0xFFDA, 0xFDA6, 0xFDA6, 0xFDA6, 0xFDA6, 0xFDA6,
    0xFDA6, 0xFDA6, 0xFDA6, 0xF945, 0xF945, 0xF945, 0xFFEB, 0xFFEB,
    0xFFEB, 0xF000, 0xF000, 0xFFEB, 0xFFEB, 0xFFEB, 0xFFEB, 0xFFEB,
    0xFFEB, 0xF000, 0xF000, 0xFFEB, 0xF945, 0xFDA6, 0x0888, 0x0888,
    0x0888, 0x0888, 0x0888, 0x0888, 0x0888, 0x0888, 0x0888, 0x0888,
    0x0888, 0x0888, 0x0888, 0x0888, 0x0888, 0x0888, 0x0888, 0x0888,
    0x0888, 0x0888, 0x0888, 0x0888, 0x0888, 0x0888, 0x0888, 0x0888,
    0x0888, 0x0888, 0xFDA6, 0xF945, 0xF945, 0xFFEB, 0xFFEB, 0xFFEB,
    0xFFEB, 0xF945, 0xFDA6, 0xFDA6, 0xFDA6, 0xFDA6, 0xFDA6, 0xF945,
    0xFFEB, 0xFFEB, 0xF000, 0xF000, 0xFFEB, 0xFFEB, 0xFFEB, 0xFFEB,
    0xFFEB, 0xFFEB, 0xF000, 0xF000, 0xFFEB, 0xF945, 0xF945, 0xF945,
    0xFD87, 0xFD87, 0xFD87, 0xFD87, 0x0888, 0x0888, 0x0888, 0x0888,
    0x0888, 0x0888, 0x0888, 0x0888, 0x0888, 0x0888, 0x0888, 0x0888,
    0x0888, 0x0888, 0x0888, 0x0888, 0x0888, 0x0888, 0x0888, 0x0888,
    0x0888, 0x0888, 0x0888, 0x0888, 0x0888, 0x0888, 0xFDA6, 0xFDA6,
    0xF945, 0x0888, 0x0888, 0xF945, 0xF945, 0xFFEB, 0xFFEB, 0xFFEB,
    0xFFEB, 0xFDA6, 0xFDA6, 0xFDA6, 0xFDA6, 0xF945, 0xFD87, 0xFFEB,
    0xFFEB, 0xFFEB, 0xF000, 0xF000, 0xFFEB, 0xFFEB, 0xFFEB, 0xFFEB,
    0xFFEB, 0xFFEB, 0xF000, 0xF000, 0xFFEB, 0xF945, 0xF945, 0xF945,
    0xFD87, 0xFD87, 0xFD87, 0xFD87, 0xFDA6, 0xFFDA, 0x0888, 0x0888,
    0x0888, 0x0888, 0x0888, 0x0888, 0x0888, 0x0888, 0x0888, 0x0888,
    0x0888, 0x0888, 0x0888, 0x0888, 0x0888, 0x0888, 0x0888, 0x0888,
    0x0888, 0x0888, 0x0888, 0x0888, 0x0888, 0x0888, 0x0888, 0x0888,
    0x0888, 0x0888, 0x0888, 0x0888, 0x0888, 0x0888, 0x0888, 0x0888,
    0x0888, 0x0888, 0x0888, 0xFFDA, 0xFDA6, 0xFDA6, 0xFDA6, 0xFDA6,
    0xF945, 0xFDA6, 0xFDA6, 0xF945, 0xF945, 0xF945, 0xFFEB, 0xFFBB,
    0xFFBB, 0xFFEB, 0xFFEB, 0xFFEB, 0xFFEB, 0xFFEB, 0xFFEB, 0xFFEB,
    0xFFEB, 0xF000, 0xF000, 0xFFEB, 0xF945, 0xF945, 0xFDA6, 0x0888,
    0x0888, 0x0888, 0x0888, 0x0888, 0x0888, 0x0888, 0x0888, 0x0888,
    0x0888, 0x0888, 0x0888, 0x0888, 0x0888, 0x0888, 0x0888, 0x0888,
    0x0888, 0x0888, 0x0888, 0x0888, 0x0888, 0x0888, 0x0888, 0x0888,
    0x0888, 0x0888, 0x0888, 0x0888, 0x0888, 0x0888, 0x0888, 0x0888,
    0x0888, 0xFFDA, 0xFDA6, 0xFDA6, 0xFDA6, 0xFDA6, 0xFDA6, 0xFDA6,
    0xFDA6, 0xFDA6, 0xFDA6, 0xF945, 0xF945, 0xF945, 0xFFEB, 0xFFBB,
    0xFFBB, 0xFFEB, 0xFFEB, 0xFFEB, 0xFFEB, 0xFFEB, 0xFFEB, 0xFFEB,
    0xFFEB, 0xF000, 0xF000, 0xFFEB, 0xF945, 0xFDA6, 0x0888, 0x0888,
    0x0888, 0x0888, 0x0888, 0x0888, 0x0888, 0x0888, 0x0888, 0x0888,
    0x0888, 0x0888, 0x0888, 0x0888, 0x0888, 0x0888, 0x0888, 0x0888,
    0x0888, 0x0888, 0x0888, 0x0888, 0x0888, 0x0888, 0x0888, 0x0888,
    0x0888, 0xFDA6, 0xFDA6, 0xFFEB, 0xFFEB, 0xFFEB, 0xFFEB, 0xFFEB,
    0xFFEB, 0xFFEB, 0xFFEB, 0xFDA6, 0xFDA6, 0xFDA6, 0xF945, 0xFFEB,
    0xFFBB, 0xFFBB, 0xF000, 0xF000, 0xFFEB, 0xFFEB, 0xFFEB, 0xFFEB,
    0xFFEB, 0xFFEB, 0xF000, 0xF000, 0xFFEB, 0xF945, 0xF945, 0xFD87,
    0xFD87, 0xFD87, 0xFFDA, 0x0888, 0x0888, 0x0888, 0x0888, 0x0888,
    0x0888, 0x0888, 0x0888, 0x0888, 0x0888, 0x0888, 0x0888, 0x0888,
    0x0888, 0x0888, 0x0888, 0x0888, 0x0888, 0x0888, 0x0888, 0x0888,
    0x0888, 0x0888, 0x0888, 0x0888, 0x0888, 0x0888, 0xFDA6, 0xF945,
    0x0888, 0x0888, 0x0888, 0xFFEB, 0xFFEB, 0xFFEB, 0xFFEB, 0xFFEB,
    0xFFEB, 0xFFEB, 0xFFEB, 0xFDA6, 0xF945, 0xFD87, 0xFD87, 0xFFEB,
    0xFFBB, 0xFFBB, 0xF000, 0xF000, 0xFFEB, 0xFFEB, 0xFFEB, 0xFFEB,
    0xFFEB, 0xFFEB, 0xF000, 0xF000, 0xFFEB, 0xF945, 0xF945, 0xFD87,
    0xFD87, 0xFD87, 0x0888, 0x0888, 0x0888, 0x0888, 0x0888, 0x0888,
    0x0888, 0x0888, 0x0888, 0x0888, 0x0888, 0x0888, 0x0888, 0x0888,
    0x0888, 0x0888, 0x0888, 0x0888, 0x0888, 0x0888, 0x0888, 0x0888,
    0x0888, 0x0888, 0x0888, 0x0888, 0x0888, 0x0888, 0x0888, 0x0888,
    0x0888, 0x0888, 0x0888, 0x0888, 0x0888, 0x0888, 0x0888, 0x0888,
    0x0888, 0x0888, 0x0888, 0xFFDA, 0xFDA6, 0xFDA6, 0xFDA6, 0xF945,
    0xF945, 0xFDA6, 0xFDA6, 0xF945, 0xF945, 0xF945, 0xFFBB, 0xFFBB,
    0xFFBB, 0xFFBB, 0xFFEB, 0xFFEB, 0xFFEB, 0xFFEB, 0xFFEB, 0xFFEB,
    0xFFEB, 0xFFEB, 0xFFEB, 0xFFBB, 0xF945, 0xF945, 0xFDA6, 0x0888,
    0x0888, 0x0888, 0x0888, 0x0888, 0x0888, 0x0888, 0x0888, 0x0888,
    0x0888, 0x0888, 0x0888, 0x0888, 0x0888, 0x0888, 0x0888, 0x0888,
    0x0888, 0x0888, 0x0888, 0x0888, 0x0888, 0x0888, 0x0888, 0x0888,
    0x0888, 0x0888, 0x0888, 0x0888, 0x0888, 0x0888, 0x0888, 0x0888,
    0xFFDA, 0xFDA6, 0xFDA6, 0xFDA6, 0xFDA6, 0xFDA6, 0xF945, 0xF945,
    0xFDA6, 0xFDA6, 0xFDA6, 0xF945, 0xF945, 0xF945, 0xFFBB, 0xFFBB,
    0xFFBB, 0xFFBB, 0xFFEB, 0xFFEB, 0xFFEB, 0xFFEB, 0xFFEB, 0xFFEB,
    0xFFEB, 0xFFEB, 0xFFEB, 0xFFBB, 0xF945, 0xFDA6, 0x0888, 0x0888,
    0x0888, 0x0888, 0x0888, 0x0888, 0x0888, 0x0888, 0x0888, 0x0888,
    0x0888, 0x0888, 0x0888, 0x0888, 0x0888, 0x0888, 0x0888, 0x0888,
    0x0888, 0x0888, 0x0888, 0x0888, 0x0888, 0x0888, 0x0888, 0x0888,
    0x0888, 0xFDA6, 0xF945, 0xFD87, 0xFD87, 0xFD87, 0xFFEB, 0xFD87,
    0xFD87, 0xFFEB, 0xFFEB, 0xFDA6, 0xFDA6, 0xFDA6, 0xF945, 0xFFBB,
    0xFFBB, 0xFFBB, 0xFFEB, 0xFFEB, 0xFFEB, 0xFFEB, 0xFFEB, 0xFFEB,
    0xFFEB, 0xFFEB, 0xF000, 0xF000, 0xFFEB, 0xF945, 0xFD87, 0xFD87,
    0xFD87, 0xFD87, 0xFFDA, 0xFD87, 0x0888, 0x0888, 0x0888, 0x0888,
    0x0888, 0x0888, 0x0888, 0x0888, 0x0888, 0x0888, 0x0888, 0x0888,
    0x0888, 0x0888, 0x0888, 0x0888, 0x0888, 0x0888, 0x0888, 0x0888,
    0x0888, 0x0888, 0x0888, 0x0888, 0x0888, 0x0888, 0xFDA6, 0x0888,
    0x0888, 0x0888, 0x0888, 0xFD87, 0xFD87, 0xFD87, 0xFFEB, 0xFD87,
    0xFD87, 0xFFEB, 0xFFEB, 0xFDA6, 0xF945, 0xFD87, 0xFD87, 0xFFBB,
    0xFFBB, 0xFFBB, 0xFFEB, 0xFFEB, 0xFFEB, 0xFFEB, 0xFFEB, 0xFFEB,
    0xFFEB, 0xFFEB, 0xF000, 0xF000, 0xFFEB, 0xF945, 0xFD87, 0xFD87,
    0xFD87, 0xFD87, 0x0888, 0xFD87, 0x0888, 0x0888, 0x0888, 0x0888,
    0x0888, 0x0888, 0x0888, 0x0888, 0x0888, 0x0888, 0x0888, 0x0888,
    0x0888, 0x0888, 0x0888, 0x0888, 0x0888, 0x0888, 0x0888, 0x0888,
    0x0888, 0x0888, 0x0888, 0x0888, 0x0888, 0x0888, 0x0888, 0x0888,
    0x0888, 0x0888, 0x0888, 0x0888, 0x0888, 0x0888, 0x0888, 0x0888,
    0x0888, 0x0888, 0x0888, 0xFFDA, 0xFDA6, 0xFDA6, 0xF945, 0xF945,
    0xF945, 0xFDA6, 0xFDA6, 0xF945, 0xF945, 0xF945, 0xFFBB, 0xFFBB,
    0xFFBB, 0xFFBB, 0xFFEB, 0xFFEB, 0xFFEB, 0xFFEB, 0xFD87, 0xFFEB,
    0xFFEB, 0xFFEB, 0xFFBB, 0xF945, 0xF945, 0xF945, 0xFDA6, 0x0888,
    0x0888, 0x0888, 0x0888, 0x0888, 0x0888, 0x0888, 0x0888, 0x0888,
    0x0888, 0x0888, 0x0888, 0x0888, 0x0888, 0x0888, 0x0888, 0x0888,
    0x0888, 0x0888, 0x0888, 0x0888, 0x0888, 0x0888, 0x0888, 0x0888,
    0x0888, 0x0888, 0x0888, 0x0888, 0x0888, 0x0888, 0xFFDA, 0xFFDA,
    0xFDA6, 0xFDA6, 0xFDA6, 0xFDA6, 0xFDA6, 0xF945, 0xF945, 0xF945,
    0xFDA6, 0xFDA6, 0xF945, 0xF945, 0xF945, 0xF945, 0xFFBB, 0xFFBB,
    0xFFBB, 0xFFBB, 0xFFEB, 0xFFEB, 0xFFEB, 0xFFEB, 0xFD87, 0xFFEB,
    0xFFEB, 0xFFEB, 0xFFBB, 0xF945, 0xF945, 0xFDA6, 0x0888, 0x0888,
    0x0888, 0x0888, 0x0888, 0x0888, 0x0888, 0x0888, 0x0888, 0x0888,
    0x0888, 0x0888, 0x0888, 0x0888, 0x0888, 0x0888, 0x0888, 0x0888,
    0x0888, 0x0888, 0x0888, 0x0888, 0x0888, 0x0888, 0x0888, 0x0888,
    0x0888, 0xFDA6, 0xF945, 0x0888, 0x0888, 0xFD87, 0xFFEB, 0xFFEB,
    0xFD87, 0xFFEB, 0xFFEB, 0xFDA6, 0xFDA6, 0xF945, 0xFFBB, 0xFFBB,
    0xFFBB, 0xFFBB, 0xFFBB, 0xFFEB, 0xFFEB, 0xFFEB, 0xFD87, 0xFD87,
    0xFFEB, 0xFFEB, 0xFFEB, 0xFFEB, 0xFFEB, 0xF945, 0xFD87, 0xFD87,
    0xFD87, 0xFD87, 0xFD87, 0xFD87, 0x0888, 0x0888, 0x0888, 0x0888,
    0x0888, 0x0888, 0x0888, 0x0888, 0x0888, 0x0888, 0x0888, 0x0888,
    0x0888, 0x0888, 0x0888, 0x0888, 0xFFDA, 0xFFDA, 0xFFDA, 0xFFDA,
    0xFFDA, 0x0888, 0x0888, 0x0888, 0x0888, 0x0888, 0x0888, 0x0888,
    0x0888, 0x0888, 0x0888, 0x0888, 0x0888, 0xFD87, 0xFFEB, 0xFFEB,
    0xFD87, 0xFFEB, 0xFFEB, 0xF945, 0xF945, 0xF945, 0xFD87, 0xFFBB,
    0xFFBB, 0xFFBB, 0xFFBB, 0xFFEB, 0xFFEB, 0xFFEB, 0xFD87, 0xFD87,
    0xFFEB, 0xFFEB, 0xFFEB, 0xFFEB, 0xFFEB, 0xF945, 0xFD87, 0xFD87,
    0xFD87, 0xFD87, 0xFD87, 0xFD87, 0x0888, 0x0888, 0x0888, 0x0888,
    0x0888, 0x0888, 0x0888, 0x0888, 0x0888, 0x0888, 0x0888, 0x0888,
    0x0888, 0x0888, 0x0888, 0x0888, 0x0888, 0x0888, 0x0888, 0x0888,
    0x0888, 0x0888, 0x0888, 0x0888, 0x0888, 0x0888, 0x0888, 0x0888,
    0x0888, 0x0888, 0x0888, 0x0888, 0x0888, 0x0888, 0x0888, 0x0888,
    0x0888, 0x0888, 0x0888, 0xFFDA, 0xFDA6, 0xFDA6, 0xF945, 0xF945,
    0x0888, 0xFDA6, 0xFDA6, 0xF945, 0xF945, 0xF945, 0xFFBB, 0xFFBB,
    0xFFBB, 0xFFEB, 0xFFEB, 0xFFEB, 0xFFEB, 0xFD87, 0xFFEB, 0xFFEB,
    0xFFEB, 0xFFEB, 0xF945, 0xF945, 0xF945, 0xF945, 0xFDA6, 0x0888,
    0x0888, 0x0888, 0x0888, 0x0888, 0x0888, 0x0888, 0x0888, 0x0888,
    0x0888, 0x0888, 0x0888, 0x0888, 0x0888, 0x0888, 0x0888, 0x0888,
    0x0888, 0x0888, 0x0888, 0x0888, 0x0888, 0x0888, 0x0888, 0x0888,
    0x0888, 0x0888, 0x0888, 0x0888, 0x0888, 0x0888, 0x0888, 0x0888,
    0x0888, 0xF945, 0xF945, 0xF945, 0xF945, 0x0888, 0x0888, 0xF945,
    0xFDA6, 0xFDA6, 0xF945, 0xF945, 0xF945, 0xF945, 0xFFBB, 0xFFBB,
    0xFFBB, 0xFFEB, 0xFFEB, 0xFFEB, 0xFFEB, 0xFD87, 0xFFEB, 0xFFEB,
    0xFFEB, 0xFFEB, 0xF945, 0xF945, 0xF945, 0xFDA6, 0x0888, 0x0888,
    0x0888, 0x0888, 0x0888, 0x0888, 0x0888, 0x0888, 0x0888, 0x0888,
    0x0888, 0x0888, 0x0888, 0x0888, 0x0888, 0x0888, 0x0888, 0x0888,
    0x0888, 0x0888, 0x0888, 0x0888, 0x0888, 0x0888, 0x0888, 0x0888,
    0x0888, 0xF945, 0x0888, 0x0888, 0x0888, 0xFD87, 0xFFEB, 0xFFEB,
    0xFFEB, 0xFFEB, 0x0888, 0xFDA6, 0xFDA6, 0xF945, 0x0888, 0xFFBB,
    0xFFBB, 0xFFBB, 0xFFEB, 0xFFEB, 0xFFEB, 0xFFEB, 0xFD87, 0xFD87,
    0xFFEB, 0xFFEB, 0xFFEB, 0xFFEB, 0xF945, 0xF945, 0xFD87, 0xFD87,
    0xFD87, 0xFD87, 0xFD87, 0xFD87, 0x0888, 0x0888, 0x0888, 0x0888,
    0x0888, 0x0888, 0x0888, 0x0888, 0x0888, 0x0888, 0x0888, 0x0888,
    0x0888, 0xFFDA, 0xFFDA, 0xFFDA, 0xFDA6, 0xFDA6, 0xFDA6, 0xFDA6,
    0xFDA6, 0xFFDA, 0xFFDA, 0xFFDA, 0xFFDA, 0xFFDA, 0x0888, 0x0888,
    0x0888, 0x0888, 0x0888, 0x0888, 0x0888, 0xFD87, 0xFFEB, 0xFFEB,
    0xFFEB, 0xFFEB, 0xF945, 0xF945, 0xF945, 0xF945, 0xF945, 0xFFBB,
    0xFFBB, 0xFFBB, 0xFFEB, 0xFFEB, 0xFFEB, 0xFFEB, 0xFD87, 0xFD87,
    0xFFEB, 0xFFEB, 0xFFEB, 0xFFEB, 0xF945, 0xF945, 0xFD87, 0xFD87,
    0xFD87, 0xFD87, 0xFD87, 0xFD87, 0x0888, 0x0888, 0x0888, 0x0888,
    0x0888, 0x0888, 0x0888, 0x0888, 0x0888, 0x0888, 0x0888, 0x0888,
    0x0888, 0x0888, 0x0888, 0x0888, 0x0888, 0x0888, 0x0888, 0x0888,
    0x0888, 0x0888, 0x0888, 0x0888, 0x0888, 0x0888, 0x0888, 0x0888,
    0x0888, 0x0888, 0x0888, 0x0888, 0x0888, 0x0888, 0x0888, 0x0888,
    0x0888, 0x0888, 0x0888, 0xFFDA, 0xFDA6, 0xF945, 0x0888, 0x0888,
    0x0888, 0xFDA6, 0xFDA6, 0xFDA6, 0xF945, 0xF347, 0xF347, 0xFD87,
    0xFFEB, 0xFFEB, 0xFFEB, 0xFFEB, 0xFFEB, 0xFFEB, 0xFFEB, 0xFFEB,
    0xF945, 0xF945, 0xF945, 0xF945, 0xF945, 0xFDA6, 0x0888, 0x0888,
    0x0888, 0x0888, 0x0888, 0x0888, 0x0888, 0x0888, 0x0888, 0x0888,
    0x0888, 0x0888, 0x0888, 0x0888, 0x0888, 0x0888, 0x0888, 0x0888,
    0x0888, 0x0888, 0x0888, 0x0888, 0x0888, 0x0888, 0x0888, 0x0888,
    0x0888, 0x0888, 0x0888, 0x0888, 0x0888, 0x0888, 0x0888, 0x0888,
    0x0888, 0x0888, 0x0888, 0x0888, 0x0888, 0x0888, 0x0888, 0x0888,
    0xFDA6, 0xFDA6, 0xF945, 0xFDA6, 0xF347, 0xF347, 0xF347, 0xFD87,
    0xFFEB, 0xFFEB, 0xFFEB, 0xFFEB, 0xFFEB, 0xFFEB, 0xFFEB, 0xFFEB,
    0xF945, 0xF945, 0xF945, 0xF945, 0xFDA6, 0x0888, 0x0888, 0x0888,
    0x0888, 0x0888, 0x0888, 0x0888, 0x0888, 0x0888, 0x0888, 0x0888,
    0x0888, 0x0888, 0x0888, 0x0888, 0xFFDA, 0xFFDA, 0xFFDA, 0xFFDA,
    0xFFDA, 0xFFDA, 0xFFDA, 0xFFDA, 0xFFDA, 0xFFDA, 0x0888, 0x0888,
    0x0888, 0x0888, 0x0888, 0x0888, 0x0888, 0xFD87, 0xFFEB, 0xFFEB,
    0xFFEB, 0xFFEB, 0x0888, 0xFDA6, 0xFDA6, 0xF945, 0xF347, 0xF347,
    0xF347, 0xFFEB, 0xFFEB, 0xFFEB, 0xFFEB, 0xFFEB, 0xFFEB, 0xFFEB,
    0xFFEB, 0xFFEB, 0xF945, 0xF945, 0xF945, 0x0888, 0xFD87, 0xFD87,
    0xFD87, 0xFD87, 0xFD87, 0x0888, 0x0888, 0x0888, 0x0888, 0x0888,
    0x0888, 0x0888, 0x0888, 0x0888, 0x0888, 0x0888, 0x0888, 0x0888,
    0xFDA6, 0xFDA6, 0xFDA6, 0xFDA6, 0xFDA6, 0xFDA6, 0xFDA6, 0xFDA6,
    0xFDA6, 0xFDA6, 0xFDA6, 0xFDA6, 0xFDA6, 0xFDA6, 0xFFDA, 0xFFDA,
    0xFFDA, 0x0888, 0x0888, 0x0888, 0x0888, 0xFD87, 0xFFEB, 0xFFEB,
    0xFFEB, 0xFFEB, 0xF945, 0xF945, 0xF945, 0xF945, 0xF347, 0xF347,
    0xF347, 0xFFEB, 0xFFEB, 0xFFEB, 0xFFEB, 0xFFEB, 0xFFEB, 0xFFEB,
    0xFFEB, 0xFFEB, 0xF945, 0xF945, 0xF945, 0x0888, 0xFD87, 0xFD87,
    0xFD87, 0xFD87, 0xFD87, 0x0888, 0x0888, 0x0888, 0x0888, 0x0888,
    0x0888, 0x0888, 0x0888, 0x0888, 0x0888, 0x0888, 0x0888, 0x0888,
    0x0888, 0x0888, 0x0888, 0x0888, 0x0888, 0x0888, 0x0888, 0x0888,
    0x0888, 0x0888, 0x0888, 0x0888, 0x0888, 0x0888, 0x0888, 0x0888,
    0x0888, 0x0888, 0x0888, 0x0888, 0x0888, 0x0888, 0x0888, 0x0888,
    0x0888, 0x0888, 0x0888, 0x0888, 0xFDA6, 0x0888, 0x0888, 0x0888,
    0x0888, 0xFDA6, 0xFDA6, 0xFDA6, 0xF945, 0xF347, 0xF347, 0xF347,
    0xFD87, 0xFD87, 0xFD87, 0xF347, 0xF347, 0xF945, 0xF945, 0xF945,
    0xF945, 0xF945, 0x0888, 0xF945, 0xF945, 0xFDA6, 0x0888, 0x0888,
    0x0888, 0x0888, 0x0888, 0x0888, 0x0888, 0x0888, 0x0888, 0x0888,
    0x0888, 0x0888, 0x0888, 0x0888, 0x0888, 0x0888, 0x0888, 0x0888,
    0x0888, 0x0888, 0x0888, 0x0888, 0x0888, 0x0888, 0x0888, 0x0888,
    0x0888, 0x0888, 0x0888, 0x0888, 0x0888, 0x0888, 0x0888, 0x0888,
    0x0888, 0x0888, 0x0888, 0x0888, 0x0888, 0x0888, 0x0888, 0x0888,
    0xFDA6, 0xFDA6, 0xF945, 0xFFFF, 0xF347, 0xF347, 0xF347, 0xF347,
    0xFD87, 0xFD87, 0xFD87, 0xF347, 0xF347, 0xF945, 0xF945, 0xF945,
    0xF945, 0x0888, 0xF945, 0xF945, 0xFDA6, 0x0888, 0x0888, 0x0888,
    0x0888, 0x0888, 0x0888, 0x0888, 0x0888, 0x0888, 0x0888, 0x0888,
    0x0888, 0xFFDA, 0xFFDA, 0xFFDA, 0xFDA6, 0xFDA6, 0xFDA6, 0xFDA6,
    0xFDA6, 0xFDA6, 0xFDA6, 0xFDA6, 0xFDA6, 0xFDA6, 0xFFDA, 0xFFDA,
    0xFFDA, 0x0888, 0x0888, 0x0888, 0x0888, 0xFFEB, 0xFFEB, 0xFFEB,
    0xFFEB, 0xFFEB, 0xFFFF, 0xFFFF, 0xFFFF, 0xF945, 0xFFFF, 0xFFFF,
    0xF347, 0xF347, 0xF347, 0xFD87, 0xFD87, 0xFD87, 0xF347, 0xF347,
    0xF347, 0xF347, 0xF347, 0xF945, 0xF945, 0x0888, 0xFD87, 0xFD87,
    0xFD87, 0xFD87, 0xFD87, 0x0888, 0x0888, 0x0888, 0x0888, 0x0888,
    0x0888, 0x0888, 0x0888, 0x0888, 0x0888, 0x0888, 0x0888, 0x0888,
    0xFDA6, 0xFDA6, 0xFDA6, 0xFDA6, 0xFDA6, 0xFDA6, 0xFDA6, 0xFDA6,
    0xFDA6, 0xFDA6, 0xFDA6, 0xFDA6, 0xFDA6, 0xFDA6, 0xFDA6, 0xFDA6,
    0xFDA6, 0xFFDA, 0xFFDA, 0x0888, 0x0888, 0xFFEB, 0xFFEB, 0xFFEB,
    0xFFEB, 0xFFEB, 0xFFFF, 0xFFFF, 0xFFFF, 0xFFFF, 0xFFFF, 0xFFFF,
    0xF347, 0xF347, 0xF347, 0xFD87, 0xFD87, 0xFD87, 0xF347, 0xF347,
    0xF347, 0xF347, 0xF347, 0xFF79, 0xFF79, 0xFF79, 0xFF79, 0xFF79,
    0xFD87, 0xFD87, 0xFD87, 0x0888, 0x0888, 0x0888, 0x0888, 0x0888,
    0x0888, 0x0888, 0x0888, 0x0888, 0x0888, 0x0888, 0x0888, 0x0888,
    0x0888, 0x0888, 0x0888, 0x0888, 0x0888, 0x0888, 0x0888, 0x0888,
    0x0888, 0x0888, 0x0888, 0x0888, 0x0888, 0x0888, 0x0888, 0x0888,
    0x0888, 0x0888, 0x0888, 0x0888, 0x0888, 0x0888, 0x0888, 0x0888,
    0x0888, 0x0888, 0x0888, 0x0888, 0xFDA6, 0x0888, 0x0888, 0x0888,
    0xFFFF, 0xFFFF, 0xFDA6, 0xFDA6, 0xF945, 0xF347, 0xF347, 0xF347,
    0xF347, 0xFD87, 0xF347, 0xF347, 0xF347, 0xF347, 0xF945, 0xF945,
    0xF945, 0xF945, 0x0888, 0xF945, 0xFDA6, 0x0888, 0x0888, 0x0888,
    0x0888, 0x0888, 0x0888, 0x0888, 0x0888, 0x0888, 0x0888, 0x0888,
    0x0888, 0x0888, 0x0888, 0x0888, 0x0888, 0x0888, 0x0888, 0x0888,
    0x0888, 0x0888, 0x0888, 0x0888, 0x0888, 0x0888, 0x0888, 0x0888,
    0x0888, 0x0888, 0x0888, 0x0888, 0x0888, 0x0888, 0x0888, 0x0888,
    0x0888, 0x0888, 0x0888, 0x0888, 0x0888, 0x0888, 0x0888, 0x0888,
    0xFDA6, 0xFDA6, 0xF945, 0xFFFF, 0xFFFF, 0xF347, 0xF347, 0xF347,
    0xF347, 0xFD87, 0xF347, 0xF347, 0xF347, 0xF347, 0xF945, 0xF945,
    0x0888, 0xF945, 0xF945, 0xFDA6, 0x0888, 0x0888, 0x0888, 0x0888,
    0x0888, 0x0888, 0x0888, 0x0888, 0x0888, 0x0888, 0x0888, 0x0888,
    0xFDA6, 0xFDA6, 0xFDA6, 0xFDA6, 0xFDA6, 0xFDA6, 0xFDA6, 0xFDA6,
    0xFDA6, 0xFDA6, 0xFDA6, 0xFDA6, 0xFDA6, 0xFDA6, 0xFDA6, 0xFDA6,
    0xFDA6, 0xFFDA, 0xFFDA, 0x0888, 0x0888, 0x0888, 0xFFEB, 0xFFEB,
    0xFFEB, 0xFFEB, 0xFD87, 0xFD87, 0xFFFF, 0xFFFF, 0xFFFF, 0xFFFF,
    0xFFFF, 0xFFFF, 0xFF79, 0xF347, 0xF347, 0xF347, 0xF347, 0xF347,
    0xF347, 0xF9CE, 0xF9CE, 0xF9CE, 0xF9CE, 0xFD87, 0xFD87, 0xFD87,
    0xFD87, 0xFD87, 0xFD87, 0x0888, 0x0888, 0x0888, 0x0888, 0x0888,
    0x0888, 0x0888, 0x0888, 0x0888, 0x0888, 0x0888, 0x0888, 0x0888,
    0xF945, 0xFDA6, 0xFDA6, 0xFDA6, 0xF945, 0xF945, 0xF945, 0xF945,
    0xF945, 0xFDA6, 0xFDA6, 0xFDA6, 0xFDA6, 0xFDA6, 0xFDA6, 0xFDA6,
    0xFDA6, 0xFDA6, 0xFDA6, 0xFFDA, 0x0888, 0x0888, 0xFFEB, 0xFFEB,
    0xFFEB, 0xFFEB, 0xFD87, 0xFD87, 0xFFFF, 0xFFFF, 0xFFFF, 0xFFFF,
    0xFFFF, 0xFFFF, 0xFF79, 0xF347, 0xF347, 0xF347, 0xF347, 0xFF79,
    0xFF79, 0xFF79, 0xFF79, 0xFF79, 0xFF79, 0xFF79, 0xFF79, 0xF945,
    0xFD87, 0xFD87, 0xFD87, 0x0888, 0x0888, 0x0888, 0x0888, 0x0888,
    0x0888, 0x0888, 0x0888, 0x0888, 0x0888, 0x0888, 0x0888, 0x0888,
    0x0888, 0x0888, 0x0888, 0x0888, 0x0888, 0x0888, 0x0888, 0x0888,
    0x0888, 0x0888, 0x0888, 0x0888, 0x0888, 0x0888, 0x0888, 0x0888,
    0x0888, 0x0888, 0x0888, 0x0888, 0x0888, 0x0888, 0x0888, 0x0888,
    0x0888, 0x0888, 0x0888, 0x0888, 0x0888, 0x0888, 0xFFFF, 0xFFFF,
    0xFFFF, 0xFFFF, 0xFDA6, 0xFDA6, 0xF945, 0xFFFF, 0xF347, 0xF347,
    0xF347, 0xF347, 0xF347, 0xF347, 0xF347, 0xFFEB, 0xFFEB, 0xF945,
    0xF945, 0x0888, 0xF945, 0xFDA6, 0x0888, 0x0888, 0x0888, 0x0888,
    0x0888, 0x0888, 0x0888, 0x0888, 0x0888, 0x0888, 0x0888, 0x0888,
    0x0888, 0x0888, 0x0888, 0x0888, 0x0888, 0x0888, 0x0888, 0x0888,
    0x0888, 0x0888, 0x0888, 0x0888, 0x0888, 0x0888, 0x0888, 0x0888,
    0x0888, 0x0888, 0x0888, 0x0888, 0x0888, 0x0888, 0x0888, 0x0888,
    0x0888, 0x0888, 0x0888, 0x0888, 0x0888, 0x0888, 0xFFFF, 0xFFFF,
    0xFDA6, 0xFDA6, 0xF945, 0xFFFF, 0xFFFF, 0xFFFF, 0xF347, 0xF347,
    0xF347, 0xF347, 0xF347, 0xF347, 0xF347, 0xFFEB, 0xFFEB, 0xF945,
    0x0888, 0xF945, 0xFDA6, 0x0888, 0x0888, 0x0888, 0x0888, 0x0888,
    0x0888, 0x0888, 0x0888, 0x0888, 0x0888, 0x0888, 0x0888, 0x0888,
    0xFDA6, 0xFDA6, 0xFDA6, 0xFDA6, 0xFDA6, 0xFDA6, 0xFDA6, 0xFDA6,
    0xFDA6, 0xFDA6, 0xFDA6, 0xFDA6, 0xFDA6, 0xFDA6, 0xFDA6, 0xFDA6,
    0xFDA6, 0xFDA6, 0xFDA6, 0xFFDA, 0xFFDA, 0x0888, 0xFFEB, 0xFFEB,
    0xFFEB, 0xFFEB, 0xFFEB, 0xFFEB, 0xFD87, 0xFFFF, 0xFFFF, 0xFFFF,
    0xFFFF, 0xFFFF, 0xFFFF, 0xFF79, 0xFF79, 0xFF79, 0xFF79, 0xFF79,
    0xFF79, 0xFF79, 0xFF79, 0xFF79, 0xFF79, 0xFF79, 0xFF79, 0xFF79,
    0xFD87, 0xFD87, 0xFD87, 0x0888, 0x0888, 0x0888, 0x0888, 0x0888,
    0x0888, 0x0888, 0x0888, 0x0888, 0x0888, 0x0888, 0x0888, 0x0888,
    0x0888, 0xF945, 0xF945, 0xF945, 0x0888, 0x0888, 0x0888, 0x0888,
    0x0888, 0xF945, 0xF945, 0xF945, 0xF945, 0xF945, 0xFDA6, 0xFDA6,
    0xFDA6, 0xFDA6, 0xFDA6, 0xFDA6, 0xFFDA, 0x0888, 0xFFEB, 0xFFEB,
    0xFFEB, 0xFFEB, 0xFFEB, 0xFFEB, 0xFD87, 0xFFFF, 0xFFFF, 0xFFFF,
    0xFFFF, 0xFFFF, 0xFFFF, 0xFF79, 0xFF79, 0xFF79, 0xFF79, 0xFF79,
    0xFF79, 0xFF79, 0xFF79, 0xFF79, 0xF945, 0xF945, 0xF945, 0xFD87,
    0xFD87, 0xFD87, 0xFD87, 0x0888, 0x0888, 0x0888, 0x0888, 0x0888,
    0x0888, 0x0888, 0x0888, 0x0888, 0x0888, 0x0888, 0x0888, 0x0888,
    0x0888, 0x0888, 0x0888, 0x0888, 0x0888, 0x0888, 0x0888, 0x0888,
    0x0888, 0x0888, 0x0888, 0x0888, 0x0888, 0x0888, 0x0888, 0x0888,
    0x0888, 0x0888, 0x0888, 0x0888, 0x0888, 0x0888, 0x0888, 0x0888,
    0x0888, 0x0888, 0x0888, 0x0888, 0x0888, 0xFFEB, 0xFD87, 0xFFFF,
    0xFFFF, 0xFFFF, 0xFFFF, 0xFDA6, 0xF945, 0xFFFF, 0xF800, 0xF347,
    0xF347, 0xF347, 0xF347, 0xFFFF, 0xFFFF, 0xFFEB, 0xFFEB, 0xFFEB,
    0x0888, 0x0888, 0xF945, 0x0888, 0x0888, 0x0888, 0x0888, 0x0888,
    0x0888, 0x0888, 0x0888, 0x0888, 0x0888, 0x0888, 0x0888, 0x0888,
    0x0888, 0x0888, 0x0888, 0x0888, 0x0888, 0x0888, 0x0888, 0x0888,
    0x0888, 0x0888, 0x0888, 0x0888, 0x0888, 0x0888, 0x0888, 0x0888,
    0x0888, 0x0888, 0x0888, 0x0888, 0x0888, 0x0888, 0x0888, 0x0888,
    0x0888, 0x0888, 0x0888, 0x0888, 0x0888, 0xFFEB, 0xFD87, 0xFFFF,
    0xFFFF, 0xFDA6, 0xF945, 0xFFFF, 0xFFFF, 0xFFFF, 0xFFFF, 0xF347,
    0xF347, 0xF347, 0xF347, 0xFFFF, 0xFFFF, 0xFFEB, 0xFFEB, 0xFFEB,
    0x0888, 0xFDA6, 0x0888, 0x0888, 0x0888, 0x0888, 0x0888, 0x0888,
    0x0888, 0x0888, 0x0888, 0x0888, 0x0888, 0x0888, 0x0888, 0x0888,
    0xF945, 0xFDA6, 0xFDA6, 0xFDA6, 0xF945, 0xF945, 0xF945, 0xF945,
    0xF945, 0xF945, 0xF945, 0xF945, 0xF945, 0xF945, 0xFDA6, 0xFDA6,
    0xFDA6, 0xFDA6, 0xFDA6, 0xFDA6, 0xFDA6, 0xFFDA, 0x0888, 0xFFEB,
    0xFFEB, 0xFFEB, 0xFFEB, 0xFFEB, 0xFFEB, 0xFD87, 0xFFFF, 0xFFFF,
    0xFFFF, 0xFFFF, 0xFFFF, 0xFFFF, 0xFFFF, 0xF9CE, 0xF945, 0xF945,
    0xFF79, 0xFF79, 0xFF79, 0xFF79, 0xFF79, 0xFF79, 0xFF79, 0xF945,
    0xFD87, 0xFD87, 0xFD87, 0x0888, 0x0888, 0x0888, 0x0888, 0x0888,
    0x0888, 0x0888, 0x0888, 0x0888, 0x0888, 0x0888, 0x0888, 0x0888,
    0x0888, 0x0888, 0x0888, 0x0888, 0x0888, 0x0888, 0x0888, 0x0888,
    0x0888, 0x0888, 0x0888, 0x0888, 0x0888, 0x0888, 0xF945, 0xF945,
    0xF945, 0xFDA6, 0xFDA6, 0xFDA6, 0xFDA6, 0xFFDA, 0x0888, 0xFFEB,
    0xFFEB, 0xFFEB, 0xFFEB, 0xFFEB, 0xFFEB, 0xFD87, 0xFFFF, 0xFFFF,
    0xFFFF, 0xFFFF, 0xFFFF, 0xFFFF, 0xFFFF, 0xF9CE, 0xF945, 0xF945,
    0xF945, 0xF945, 0xF945, 0xF945, 0xF9CE, 0xF9CE, 0xFF79, 0xFD87,
    0xFD87, 0xFD87, 0xFD87, 0x0888, 0x0888, 0x0888, 0x0888, 0x0888,
    0x0888, 0x0888, 0x0888, 0x0888, 0x0888, 0x0888, 0x0888, 0x0888,
    0x0888, 0x0888, 0x0888, 0x0888, 0x0888, 0x0888, 0x0888, 0x0888,
    0x0888, 0x0888, 0x0888, 0x0888, 0x0888, 0x0888, 0x0888, 0x0888,
    0x0888, 0x0888, 0x0888, 0x0888, 0x0888, 0x0888, 0x0888, 0x0888,
    0x0888, 0x0888, 0x0888, 0xFFEB, 0xFFEB, 0xFFEB, 0xFFEB, 0xFD87,
    0xFFFF, 0xFFFF, 0xFFFF, 0xF9CE, 0xFFFF, 0xFFFF, 0xF800, 0xFF79,
    0xF347, 0xFF79, 0xFFFF, 0xFFFF, 0xFFEB, 0xFFEB, 0xFFEB, 0xFFEB,
    0xFFEB, 0x0888, 0x0888, 0x0888, 0x0888, 0x0888, 0x0888, 0x0888,
    0x0888, 0x0888, 0x0888, 0x0888, 0x0888, 0x0888, 0x0888, 0x0888,
    0x0888, 0x0888, 0x0888, 0x0888, 0x0888, 0x0888, 0x0888, 0x0888,
    0x0888, 0x0888, 0x0888, 0x0888, 0x0888, 0x0888, 0x0888, 0x0888,
    0x0888, 0x0888, 0x0888, 0x0888, 0x0888, 0x0888, 0x0888, 0x0888,
    0x0888, 0x0888, 0x0888, 0xFFEB, 0xFFEB, 0xFFEB, 0xFFEB, 0xFD87,
    0xFFFF, 0xFFFF, 0xFFFF, 0xF9CE, 0xFFFF, 0xFFFF, 0xFFFF, 0xF800,
    0xF347, 0xFF79, 0xFFFF, 0xFFFF, 0xFFEB, 0xFFEB, 0xFFEB, 0xFFEB,
    0xFFEB, 0x0888, 0x0888, 0x0888, 0x0888, 0x0888, 0x0888, 0x0888,
    0x0888, 0x0888, 0x0888, 0x0888, 0x0888, 0x0888, 0x0888, 0x0888,
    0x0888, 0xF945, 0xF945, 0xF945, 0x0888, 0x0888, 0x0888, 0x0888,
    0x0888, 0x0888, 0x0888, 0x0888, 0x0888, 0x0888, 0xF945, 0xF945,
    0xF945, 0xFDA6, 0xFDA6, 0xFDA6, 0xFDA6, 0xFDA6, 0xFFDA, 0xFFEB,
    0xFFEB, 0xFFEB, 0xFFEB, 0xFFEB, 0xFFEB, 0xFD87, 0xFFFF, 0xFFFF,
    0xFFFF, 0xFFFF, 0xFFFF, 0xFFFF, 0xFFFF, 0xFFFF, 0xF9CE, 0xF9CE,
    0xF945, 0xF945, 0xF945, 0xF945, 0xF945, 0xF945, 0xF945, 0xFD87,
    0xFD87, 0xFD87, 0xFD87, 0x0888, 0x0888, 0x0888, 0x0888, 0x0888,
    0x0888, 0x0888, 0x0888, 0x0888, 0x0888, 0x0888, 0x0888, 0x0888,
    0x0888, 0x0888, 0x0888, 0x0888, 0x0888, 0x0888, 0x0888, 0x0888,
    0x0888, 0x0888, 0x0888, 0x0888, 0x0888, 0x0888, 0x0888, 0x0888,
    0x0888, 0xF945, 0xFDA6, 0xFDA6, 0xFDA6, 0xFDA6, 0xFFDA, 0xFFEB,
    0xFFEB, 0xFFEB, 0xFFEB, 0xFFEB, 0xFFEB, 0xFD87, 0xFFFF, 0xFFFF,
    0xFFFF, 0xFFFF, 0xFFFF, 0xFFFF, 0xFFFF, 0xFFFF, 0xFFFF, 0xF9CE,
    0xF9CE, 0xF9CE, 0xF9CE, 0xF9CE, 0xF9CE, 0xF9CE, 0xFD87, 0xFD87,
    0xFD87, 0xFD87, 0xFD87, 0x0888, 0x0888, 0x0888, 0x0888, 0x0888,
    0x0888, 0x0888, 0x0888, 0x0888, 0x0888, 0x0888, 0x0888, 0x0888,
    0x0888, 0x0888, 0x0888, 0x0888, 0x0888, 0x0888, 0x0888, 0x0888,
    0x0888, 0x0888, 0x0888, 0x0888, 0x0888, 0x0888, 0x0888, 0x0888,
    0x0888, 0x0888, 0x0888, 0x0888, 0x0888, 0x0888, 0x0888, 0x0888,
    0x0888, 0x0888, 0xFFEB, 0xFFEB, 0xFFEB, 0xFFEB, 0xFFEB, 0xFD87,
    0xFFFF, 0xFFFF, 0xF9CE, 0xFFFF, 0xFFFF, 0xFFFF, 0xFFFF, 0xF800,
    0xFF79, 0xFF79, 0xFF79, 0xFFFF, 0xFFEB, 0xFFEB, 0xFFEB, 0xFFEB,
    0xFFEB, 0xFD87, 0x0888, 0x0888, 0x0888, 0x0888, 0x0888, 0x0888,
    0x0888, 0x0888, 0x0888, 0x0888, 0x0888, 0x0888, 0x0888, 0x0888,
    0x0888, 0x0888, 0x0888, 0x0888, 0x0888, 0x0888, 0x0888, 0x0888,
    0x0888, 0x0888, 0x0888, 0x0888, 0x0888, 0x0888, 0x0888, 0x0888,
    0x0888, 0x0888, 0x0888, 0x0888, 0x0888, 0x0888, 0x0888, 0x0888,
    0x0888, 0x0888, 0xFFEB, 0xFFEB, 0xFFEB, 0xFFEB, 0xFFEB, 0xFD87,
    0xFFFF, 0xFFFF, 0xF9CE, 0xFFFF, 0xFFFF, 0xFFFF, 0xF800, 0xFF79,
    0xFF79, 0xFF79, 0xFFFF, 0xFFFF, 0xFFEB, 0xFFEB, 0xFFEB, 0xFFEB,
    0xFFEB, 0xFD87, 0x0888, 0x0888, 0x0888, 0x0888, 0x0888, 0x0888,
    0x0888, 0x0888, 0x0888, 0x0888, 0x0888, 0x0888, 0x0888, 0x0888,
    0x0888, 0x0888, 0x0888, 0x0888, 0x0888, 0x0888, 0x0888, 0x0888,
    0x0888, 0x0888, 0x0888, 0x0888, 0x0888, 0x0888, 0x0888, 0x0888,
    0x0888, 0xF945, 0xF945, 0xFDA6, 0xFDA6, 0xFDA6, 0xFDA6, 0xFDA6,
    0xFFEB, 0xFFEB, 0xFFEB, 0xFFEB, 0xFFEB, 0xFD87, 0xFFFF, 0xFFFF,
    0xFFFF, 0xFFFF, 0xFFFF, 0xFFFF, 0xFFFF, 0xFFFF, 0xFFFF, 0xFFFF,
    0xF9CE, 0xF9CE, 0xF9CE, 0xF9CE, 0xF9CE, 0xF9CE, 0xFD87, 0xFD87,
    0xFD87, 0xFD87, 0x0888, 0x0888, 0x0888, 0x0888, 0x0888, 0x0888,
    0x0888, 0x0888, 0x0888, 0x0888, 0x0888, 0x0888, 0x0888, 0x0888,
    0x0888, 0x0888, 0x0888, 0x0888, 0x0888, 0x0888, 0x0888, 0x0888,
    0x0888, 0x0888, 0x0888, 0x0888, 0x0888, 0x0888, 0x0888, 0x0888,
    0x0888, 0x0888, 0xF945, 0xFDA6, 0xFDA6, 0xFDA6, 0xFDA6, 0xFDA6,
    0xFFEB, 0xFFEB, 0xFFEB, 0xFFEB, 0xFFEB, 0xFD87, 0xFFFF, 0xFFFF,
    0xFFFF, 0xFFFF, 0xFFFF, 0xFFFF, 0xFFFF, 0xFFFF, 0xFFFF, 0xFFFF,
    0xFFFF, 0xFFFF, 0xFFFF, 0xFFFF, 0xF9CE, 0xF9CE, 0xFD87, 0xFD87,
    0xFD87, 0xFD87, 0x0888, 0x0888, 0x0888, 0x0888, 0x0888, 0x0888,
    0x0888, 0x0888, 0x0888, 0x0888, 0x0888, 0x0888, 0x0888, 0x0888,
    0x0888, 0x0888, 0x0888, 0x0888, 0x0888, 0x0888, 0x0888, 0x0888,
    0x0888, 0x0888, 0x0888, 0x0888, 0x0888, 0x0888, 0x0888, 0x0888,
    0x0888, 0x0888, 0x0888, 0x0888, 0x0888, 0x0888, 0x0888, 0x0888,
    0xFFEB, 0xFFEB, 0xFFEB, 0xFFEB, 0xFFEB, 0xFFEB, 0xFFEB, 0xFFEB,
    0xFFFF, 0xF9CE, 0xF9CE, 0xFFFF, 0xFFFF, 0xFFFF, 0xFFFF, 0xF800,
    0xFF79, 0xFF79, 0xFF79, 0xFFFF, 0xFFEB, 0xFFEB, 0xFFEB, 0xFFEB,
    0xFFEB, 0xFD87, 0x0888, 0x0888, 0x0888, 0x0888, 0x0888, 0x0888,
    0x0888, 0x0888, 0x0888, 0x0888, 0x0888, 0x0888, 0x0888, 0x0888,
    0x0888, 0x0888, 0x0888, 0x0888, 0x0888, 0x0888, 0x0888, 0x0888,
    0x0888, 0x0888, 0x0888, 0x0888, 0x0888, 0x0888, 0x0888, 0x0888,
    0x0888, 0x0888, 0x0888, 0x0888, 0x0888, 0x0888, 0x0888, 0x0888,
    0xFFEB, 0xFFEB, 0xFFEB, 0xFFEB, 0xFFEB, 0xFFEB, 0xFFEB, 0xFFEB,
    0xFFFF, 0xF9CE, 0xF9CE, 0xFFFF, 0xFFFF, 0xFFFF, 0xF800, 0xFF79,
    0xFF79, 0xFF79, 0xFFFF, 0xFFFF, 0xFFEB, 0xFFEB, 0xFFEB, 0xFFEB,
    0xFFEB, 0xFD87, 0x0888, 0x0888, 0x0888, 0x0888, 0x0888, 0x0888,
    0x0888, 0x0888, 0x0888, 0x0888, 0x0888, 0x0888, 0x0888, 0x0888,
    0x0888, 0x0888, 0x0888, 0x0888, 0x0888, 0x0888, 0x0888, 0x0888,
    0x0888, 0x0888, 0x0888, 0x0888, 0x0888, 0x0888, 0x0888, 0x0888,
    0x0888, 0x0888, 0x0888, 0xF945, 0xFDA6, 0xFDA6, 0xFDA6, 0xFDA6,
    0xFFEB, 0xFFEB, 0xFFEB, 0xFFEB, 0xFFEB, 0xFD87, 0xFFFF, 0xFFFF,
    0xFFFF, 0xFFFF, 0xFFFF, 0xFFFF, 0xFFFF, 0xFFFF, 0xFFFF, 0xFFFF,
    0xFFFF, 0xF9CE, 0xF9CE, 0xF9CE, 0xF9CE, 0xF9CE, 0x0888, 0x0888,
    0x0888, 0x0888, 0x0888, 0x0888, 0x0888, 0x0888, 0x0888, 0x0888,
    0x0888, 0x0888, 0x0888, 0x0888, 0x0888, 0x0888, 0x0888, 0x0888,
    0x0888, 0x0888, 0x0888, 0x0888, 0x0888, 0x0888, 0x0888, 0x0888,
    0x0888, 0x0888, 0x0888, 0x0888, 0x0888, 0x0888, 0x0888, 0x0888,
    0x0888, 0x0888, 0x0888, 0xF945, 0xFDA6, 0xFDA6, 0xFDA6, 0xFDA6,
    0xFFEB, 0xFFEB, 0xFFEB, 0xFFEB, 0xFFEB, 0xFD87, 0xFFFF, 0xFFFF,
    0xFFFF, 0xFFFF, 0xFFFF, 0xFFFF, 0xFFFF, 0xFFFF, 0xFFFF, 0xFFFF,
    0xFFFF, 0xFFFF, 0xFFFF, 0xFFFF, 0xF9CE, 0xF9CE, 0x0888, 0x0888,
    0x0888, 0x0888, 0x0888, 0x0888, 0x0888, 0x0888, 0x0888, 0x0888,
    0x0888, 0x0888, 0x0888, 0x0888, 0x0888, 0x0888, 0x0888, 0x0888,
    0x0888, 0x0888, 0x0888, 0x0888, 0x0888, 0x0888, 0x0888, 0x0888,
    0x0888, 0x0888, 0x0888, 0x0888, 0x0888, 0x0888, 0x0888, 0x0888,
    0x0888, 0x0888, 0x0888, 0x0888, 0x0888, 0x0888, 0xFFEB, 0xFFEB,
    0xFFEB, 0xFFEB, 0xFFEB, 0xFFEB, 0xFFEB, 0xFFEB, 0xF325, 0xF325,
    0xF9CE, 0xF9CE, 0xFFFF, 0xFFFF, 0xFFFF, 0xFFFF, 0xFFFF, 0xF800,
    0xFF79, 0xFF79, 0xFF79, 0xFFFF, 0xFD87, 0xFFEB, 0xFFEB, 0xFFEB,
    0xFD87, 0xFD87, 0x0888, 0x0888, 0x0888, 0x0888, 0x0888, 0x0888,
    0x0888, 0x0888, 0x0888, 0x0888, 0x0888, 0x0888, 0x0888, 0x0888,
    0x0888, 0x0888, 0x0888, 0x0888, 0x0888, 0x0888, 0x0888, 0x0888,
    0x0888, 0x0888, 0x0888, 0x0888, 0x0888, 0x0888, 0x0888, 0x0888,
    0x0888, 0x0888, 0x0888, 0x0888, 0x0888, 0x0888, 0xFFEB, 0xFFEB,
    0xFFEB, 0xFFEB, 0xFFEB, 0xFFEB, 0xFFEB, 0xFFEB, 0xF325, 0xF325,
    0xF9CE, 0xF9CE, 0xFFFF, 0xFFFF, 0xFFFF, 0xFFFF, 0xF800, 0xFF79,
    0xFF79, 0xFF79, 0xFFFF, 0xFFFF, 0xFD87, 0xFFEB, 0xFFEB, 0xFFEB,
    0xFD87, 0xFD87, 0x0888, 0x0888, 0x0888, 0x0888, 0x0888, 0x0888,
    0x0888, 0x0888, 0x0888, 0x0888, 0x0888, 0x0888, 0x0888, 0x0888,
    0x0888, 0x0888, 0x0888, 0x0888, 0x0888, 0x0888, 0x0888, 0x0888,
    0x0888, 0x0888, 0x0888, 0x0888, 0x0888, 0x0888, 0x0888, 0x0888,
    0x0888, 0x0888, 0x0888, 0x0888, 0xF945, 0xFDA6, 0xFDA6, 0xFDA6,
    0xF945, 0xFFEB, 0xFFEB, 0xFFEB, 0xFFEB, 0x0888, 0x0888, 0x0888,
    0x0888, 0xFFFF, 0xFFFF, 0xFFFF, 0xFFFF, 0xFFFF, 0xFFFF, 0xFFFF,
    0xFFFF, 0xFFFF, 0xFFFF, 0xFFFF, 0xFFFF, 0x0888, 0x0888, 0x0888,
    0x0888, 0x0888, 0x0888, 0x0888, 0x0888, 0x0888, 0x0888, 0x0888,
    0x0888, 0x0888, 0x0888, 0x0888, 0x0888, 0x0888, 0x0888, 0x0888,
    0x0888, 0x0888, 0x0888, 0x0888, 0x0888, 0x0888, 0x0888, 0x0888,
    0x0888, 0x0888, 0x0888, 0x0888, 0x0888, 0x0888, 0x0888, 0x0888,
    0x0888, 0x0888, 0x0888, 0x0888, 0xF945, 0xFDA6, 0xFDA6, 0xFDA6,
    0xF945, 0xFFEB, 0xFFEB, 0xFFEB, 0xFFEB, 0x0888, 0x0888, 0x0888,
    0x0888, 0xFFFF, 0xFFFF, 0xFFFF, 0xFFFF, 0xFFFF, 0xFFFF, 0xFFFF,
    0xFFFF, 0xFFFF, 0xFFFF, 0xFFFF, 0xFFFF, 0x0888, 0x0888, 0x0888,
    0x0888, 0x0888, 0x0888, 0x0888, 0x0888, 0x0888, 0x0888, 0x0888,
    0x0888, 0x0888, 0x0888, 0x0888, 0x0888, 0x0888, 0x0888, 0x0888,
    0x0888, 0x0888, 0x0888, 0x0888, 0x0888, 0x0888, 0x0888, 0x0888,
    0x0888, 0x0888, 0x0888, 0x0888, 0x0888, 0x0888, 0x0888, 0x0888,
    0x0888, 0x0888, 0x0888, 0xFFEB, 0xFFEB, 0xFFEB, 0xFFEB, 0xFFEB,
    0xFFEB, 0xFFEB, 0xFFEB, 0xFFEB, 0xFFEB, 0xF325, 0xF347, 0xF347,
    0xF325, 0xF9CE, 0xFFFF, 0xFFFF, 0xFFFF, 0xFFFF, 0xFFFF, 0xF800,
    0xFF79, 0xFF79, 0xFF79, 0xFFFF, 0x0888, 0xFD87, 0xFD87, 0xFD87,
    0xFD87, 0xFD87, 0x0888, 0x0888, 0x0888, 0x0888, 0x0888, 0x0888,
    0x0888, 0x0888, 0x0888, 0x0888, 0x0888, 0x0888, 0x0888, 0x0888,
    0x0888, 0x0888, 0x0888, 0x0888, 0x0888, 0x0888, 0x0888, 0x0888,
    0x0888, 0x0888, 0x0888, 0x0888, 0x0888, 0x0888, 0x0888, 0x0888,
    0x0888, 0x0888, 0x0888, 0xFFEB, 0xFFEB, 0xFFEB, 0xFFEB, 0xFFEB,
    0xFFEB, 0xFFEB, 0xFFEB, 0xFFEB, 0xFFEB, 0xF325, 0xF325, 0xF325,
    0xF325, 0xF9CE, 0xFFFF, 0xFFFF, 0xFFFF, 0xFFFF, 0xF800, 0xFF79,
    0xFF79, 0xFFFF, 0xFFFF, 0xFFFF, 0x0888, 0xFD87, 0xFD87, 0xFD87,
    0xFD87, 0xFD87, 0x0888, 0x0888, 0x0888, 0x0888, 0x0888, 0x0888,
    0x0888, 0x0888, 0x0888, 0x0888, 0x0888, 0x0888, 0x0888, 0x0888,
    0x0888, 0x0888, 0x0888, 0x0888, 0x0888, 0x0888, 0x0888, 0x0888,
    0x0888, 0x0888, 0x0888, 0x0888, 0x0888, 0x0888, 0x0888, 0x0888,
    0x0888, 0x0888, 0x0888, 0x0888, 0x0888, 0xF945, 0xFDA6, 0xFDA6,
    0xF945, 0xF945, 0xF945, 0x0888, 0x0888, 0x0888, 0x0888, 0x0888,
    0x0888, 0x0888, 0xFFFF, 0xFFFF, 0xFFFF, 0xFFFF, 0xFFFF, 0xFFFF,
    0xFFFF, 0xFFFF, 0xFFFF, 0xFFFF, 0xFFFF, 0x0888, 0x0888, 0x0888,
    0x0888, 0x0888, 0x0888, 0x0888, 0x0888, 0x0888, 0x0888, 0x0888,
    0x0888, 0x0888, 0x0888, 0x0888, 0x0888, 0x0888, 0x0888, 0x0888,
    0x0888, 0x0888, 0x0888, 0x0888, 0x0888, 0x0888, 0x0888, 0x0888,
    0x0888, 0x0888, 0x0888, 0x0888, 0x0888, 0x0888, 0x0888, 0x0888,
    0x0888, 0x0888, 0x0888, 0x0888, 0x0888, 0xF945, 0xFDA6, 0xFDA6,
    0xF945, 0xF945, 0xF945, 0x0888, 0x0888, 0x0888, 0x0888, 0x0888,
    0x0888, 0x0888, 0xFFFF, 0xFFFF, 0xFFFF, 0xFFFF, 0xFFFF, 0xFFFF,
    0xFFFF, 0xFFFF, 0xFFFF, 0xFFFF, 0xFFFF, 0x0888, 0x0888, 0x0888,
    0x0888, 0x0888, 0x0888, 0x0888, 0x0888, 0x0888, 0x0888, 0x0888,
    0x0888, 0x0888, 0x0888, 0x0888, 0x0888, 0x0888, 0x0888, 0x0888,
    0x0888, 0x0888, 0x0888, 0x0888, 0x0888, 0x0888, 0x0888, 0x0888,
    0x0888, 0x0888, 0x0888, 0x0888, 0x0888, 0x0888, 0x0888, 0x0888,
    0x0888, 0x0888, 0x0888, 0xFD87, 0xFFEB, 0xFFEB, 0xFFEB, 0xFFEB,
    0xFFEB, 0xFFEB, 0xFFEB, 0xFFEB, 0xF325, 0xF347, 0xF347, 0xF347,
    0xF347, 0xF325, 0xF325, 0xFFFF, 0xFFFF, 0xFFFF, 0xFFFF, 0xFFFF,
    0xFF79, 0xFF79, 0xFFFF, 0xFFFF, 0x0888, 0x0888, 0xFD87, 0xFD87,
    0xFD87, 0x0888, 0x0888, 0x0888, 0x0888, 0x0888, 0x0888, 0x0888,
    0x0888, 0x0888, 0x0888, 0x0888, 0x0888, 0x0888, 0x0888, 0x0888,
    0x0888, 0x0888, 0x0888, 0x0888, 0x0888, 0x0888, 0x0888, 0x0888,
    0x0888, 0x0888, 0x0888, 0x0888, 0x0888, 0x0888, 0x0888, 0x0888,
    0x0888, 0x0888, 0x0888, 0xFD87, 0xFFEB, 0xFFEB, 0xFFEB, 0xFFEB,
    0xFFEB, 0xFFEB, 0xFFEB, 0xFFEB, 0xF325, 0xF325, 0xF325, 0xF347,
    0xF347, 0xF325, 0xF325, 0xFFFF, 0xFFFF, 0xFFFF, 0xF800, 0xFF79,
    0xFF79, 0xFFFF, 0xFFFF, 0xFFFF, 0x0888, 0x0888, 0xFD87, 0xFD87,
    0xFD87, 0x0888, 0x0888, 0x0888, 0x0888, 0x0888, 0x0888, 0x0888,
    0x0888, 0x0888, 0x0888, 0x0888, 0x0888, 0x0888, 0x0888, 0x0888,
    0x0888, 0x0888, 0x0888, 0x0888, 0x0888, 0x0888, 0x0888, 0x0888,
    0x0888, 0x0888, 0x0888, 0x0888, 0x0888, 0x0888, 0x0888, 0x0888,
    0x0888, 0x0888, 0x0888, 0x0888, 0x0888, 0x0888, 0xF945, 0xFDA6,
    0xF945, 0xF945, 0xF945, 0xF945, 0xF945, 0x0888, 0x0888, 0x0888,
    0x0888, 0x0888, 0xFFFF, 0xFFFF, 0xFFFF, 0xFFFF, 0xFFFF, 0xFFFF,
    0xFFFF, 0xFFFF, 0xFFFF, 0xFFFF, 0xFFFF, 0xFFFF, 0x0888, 0x0888,
    0x0888, 0x0888, 0x0888, 0x0888, 0x0888, 0x0888, 0x0888, 0x0888,
    0x0888, 0x0888, 0x0888, 0x0888, 0x0888, 0x0888, 0x0888, 0x0888,
    0x0888, 0x0888, 0x0888, 0x0888, 0x0888, 0x0888, 0x0888, 0x0888,
    0x0888, 0x0888, 0x0888, 0x0888, 0x0888, 0x0888, 0x0888, 0x0888,
    0x0888, 0x0888, 0x0888, 0x0888, 0x0888, 0x0888, 0xF945, 0xFDA6,
    0xF945, 0xF945, 0xF945, 0xF945, 0xF945, 0x0888, 0x0888, 0x0888,
    0x0888, 0xFFFF, 0xFFFF, 0xFFFF, 0xF9CE, 0xF9CE, 0xF9CE, 0xF9CE,
    0xF9CE, 0xF9CE, 0xF9CE, 0xF9CE, 0xF9CE, 0xF9CE, 0x0888, 0x0888,
    0x0888, 0x0888, 0x0888, 0x0888, 0x0888, 0x0888, 0x0888, 0x0888,
    0x0888, 0x0888, 0x0888, 0x0888, 0x0888, 0x0888, 0x0888, 0x0888,
    0x0888, 0x0888, 0x0888, 0x0888, 0x0888, 0x0888, 0x0888, 0x0888,
    0x0888, 0x0888, 0x0888, 0x0888, 0x0888, 0x0888, 0x0888, 0x0888,
    0x0888, 0x0888, 0x0888, 0xF945, 0xFD87, 0xFD87, 0xFFEB, 0xFFEB,
    0xFFEB, 0xFFEB, 0xFFEB, 0xF347, 0xF347, 0xF347, 0xF347, 0xF347,
    0xF325, 0xF325, 0xF325, 0xF325, 0xF325, 0xFFFF, 0xFFFF, 0xFFFF,
    0xFFFF, 0xFFFF, 0xFFFF, 0x0888, 0x0888, 0x0888, 0x0888, 0x0888,
    0x0888, 0x0888, 0x0888, 0x0888, 0x0888, 0x0888, 0x0888, 0x0888,
    0x0888, 0x0888, 0x0888, 0x0888, 0x0888, 0x0888, 0x0888, 0x0888,
    0x0888, 0x0888, 0x0888, 0x0888, 0x0888, 0x0888, 0x0888, 0x0888,
    0x0888, 0x0888, 0x0888, 0x0888, 0x0888, 0x0888, 0x0888, 0x0888,
    0x0888, 0x0888, 0x0888, 0xF945, 0xFD87, 0xFD87, 0xFFEB, 0xFFEB,
    0xFFEB, 0xFFEB, 0xFFEB, 0xF347, 0xF325, 0xF347, 0xF347, 0xF347,
    0xF347, 0xF347, 0xF325, 0xF325, 0xF325, 0xFFFF, 0xFFFF, 0xFFFF,
    0xFFFF, 0xFFFF, 0xFFFF, 0x0888, 0x0888, 0x0888, 0x0888, 0x0888,
    0x0888, 0x0888, 0x0888, 0x0888, 0x0888, 0x0888, 0x0888, 0x0888,
    0x0888, 0x0888, 0x0888, 0x0888, 0x0888, 0x0888, 0x0888, 0x0888,
    0x0888, 0x0888, 0x0888, 0x0888, 0x0888, 0x0888, 0x0888, 0x0888,
    0x0888, 0x0888, 0x0888, 0x0888, 0x0888, 0x0888, 0x0888, 0x0888,
    0x0888, 0x0888, 0x0888, 0x0888, 0x0888, 0x0888, 0x0888, 0xF945,
    0xF945, 0xF945, 0xF945, 0xF945, 0xF945, 0xF945, 0xF945, 0xF945,
    0xF945, 0xFFFF, 0xFFFF, 0xFFFF, 0xFFFF, 0xFFFF, 0xFFFF, 0xFFFF,
    0xFFFF, 0xFFFF, 0xFFFF, 0xFFFF, 0xFFFF, 0xFFFF, 0xF325, 0x0888,
    0x0888, 0x0888, 0x0888, 0x0888, 0x0888, 0x0888, 0x0888, 0x0888,
    0x0888, 0x0888, 0x0888, 0x0888, 0x0888, 0x0888, 0x0888, 0x0888,
    0x0888, 0x0888, 0x0888, 0x0888, 0x0888, 0x0888, 0x0888, 0x0888,
    0x0888, 0x0888, 0x0888, 0x0888, 0x0888, 0x0888, 0x0888, 0x0888,
    0x0888, 0x0888, 0x0888, 0x0888, 0x0888, 0x0888, 0x0888, 0xF945,
    0xF945, 0xF945, 0xF945, 0xF945, 0xF945, 0xF945, 0xF945, 0x0888,
    0xFFFF, 0xFFFF, 0xF9CE, 0xF9CE, 0xF9CE, 0xF325, 0xF325, 0xF325,
    0xF325, 0xF325, 0xF325, 0xF325, 0xF325, 0xF325, 0xF325, 0x0888,
    0x0888, 0x0888, 0x0888, 0x0888, 0x0888, 0x0888, 0x0888, 0x0888,
    0x0888, 0x0888, 0x0888, 0x0888, 0x0888, 0x0888, 0x0888, 0x0888,
    0x0888, 0x0888, 0x0888, 0x0888, 0x0888, 0x0888, 0x0888, 0x0888,
    0x0888, 0x0888, 0x0888, 0x0888, 0x0888, 0x0888, 0x0888, 0x0888,
    0xFFDA, 0xFFDA, 0xFFDA, 0xFDA6, 0xF945, 0xF945, 0xFD87, 0xFD87,
    0xFD87, 0xFFEB, 0xFFEB, 0xF347, 0xF347, 0xF347, 0xF347, 0xF347,
    0xF325, 0xF325, 0xF325, 0xF325, 0xF347, 0xF325, 0xF325, 0xF325,
    0xF325, 0xF325, 0xF325, 0xF347, 0x0888, 0x0888, 0x0888, 0x0888,
    0x0888, 0x0888, 0x0888, 0x0888, 0x0888, 0x0888, 0x0888, 0x0888,
    0x0888, 0x0888, 0x0888, 0x0888, 0x0888, 0x0888, 0x0888, 0x0888,
    0x0888, 0x0888, 0x0888, 0x0888, 0x0888, 0x0888, 0x0888, 0x0888,
    0x0888, 0x0888, 0x0888, 0x0888, 0x0888, 0x0888, 0x0888, 0xFFDA,
    0xFFDA, 0xFFDA, 0xFFDA, 0xFDA6, 0xF945, 0xF945, 0xFD87, 0xFD87,
    0xFD87, 0xFFEB, 0xFFEB, 0xF347, 0xF347, 0xF347, 0xF347, 0xF347,
    0xF347, 0xF325, 0xF325, 0xF325, 0xF325, 0xF325, 0xF325, 0xF325,
    0xF325, 0xF325, 0xF325, 0xF347, 0x0888, 0x0888, 0x0888, 0x0888,
    0x0888, 0x0888, 0x0888, 0x0888, 0x0888, 0x0888, 0x0888, 0x0888,
    0x0888, 0x0888, 0x0888, 0x0888, 0x0888, 0x0888, 0x0888, 0x0888,
    0x0888, 0x0888, 0x0888, 0x0888, 0x0888, 0x0888, 0x0888, 0x0888,
    0x0888, 0x0888, 0x0888, 0x0888, 0x0888, 0x0888, 0x0888, 0x0888,
    0x0888, 0x0888, 0x0888, 0x0888, 0x0888, 0x0888, 0x0888, 0x0888,
    0xF945, 0xF945, 0xF945, 0xF945, 0xF945, 0xF945, 0xF945, 0xF945,
    0xF945, 0xFFFF, 0xFFFF, 0xFFFF, 0xFFFF, 0xFFFF, 0xFFFF, 0xFFFF,
    0xFFFF, 0xFFFF, 0xF325, 0xF325, 0xF347, 0xF347, 0xF347, 0xF347,
    0xF347, 0xF347, 0xF347, 0xF347, 0xF347, 0x0888, 0x0888, 0x0888,
    0x0888, 0x0888, 0x0888, 0x0888, 0x0888, 0x0888, 0x0888, 0x0888,
    0x0888, 0x0888, 0x0888, 0x0888, 0x0888, 0x0888, 0x0888, 0x0888,
    0x0888, 0x0888, 0x0888, 0x0888, 0x0888, 0x0888, 0x0888, 0x0888,
    0x0888, 0x0888, 0x0888, 0x0888, 0x0888, 0x0888, 0x0888, 0x0888,
    0xF945, 0xF945, 0xF945, 0xF945, 0xF945, 0xF945, 0xF945, 0xF347,
    0xF325, 0xF325, 0xF325, 0xF325, 0xF325, 0xF347, 0xF325, 0xF325,
    0xF325, 0xF325, 0xF325, 0xF347, 0xF347, 0xF347, 0xF347, 0xF347,
    0xF347, 0x0888, 0x0888, 0x0888, 0x0888, 0x0888, 0x0888, 0x0888,
    0x0888, 0x0888, 0x0888, 0x0888, 0x0888, 0x0888, 0x0888, 0x0888,
    0x0888, 0x0888, 0x0888, 0x0888, 0x0888, 0x0888, 0x0888, 0x0888,
    0x0888, 0x0888, 0x0888, 0x0888, 0x0888, 0x0888, 0xFFDA, 0xFFDA,
    0xFDA6, 0xFDA6, 0xFDA6, 0xFDA6, 0xFDA6, 0xF945, 0xF945, 0xF945,
    0xF945, 0xFFEB, 0xFD87, 0xF347, 0xF347, 0xF347, 0xF347, 0xF325,
    0xF325, 0xF325, 0xF325, 0xF325, 0xF347, 0xF347, 0xF347, 0xF347,
    0xF347, 0xF347, 0xF347, 0xFD87, 0xFD87, 0x0888, 0x0888, 0x0888,
    0x0888, 0x0888, 0x0888, 0x0888, 0x0888, 0x0888, 0x0888, 0x0888,
    0x0888, 0x0888, 0x0888, 0x0888, 0x0888, 0x0888, 0x0888, 0x0888,
    0x0888, 0x0888, 0x0888, 0x0888, 0x0888, 0x0888, 0x0888, 0x0888,
    0x0888, 0x0888, 0x0888, 0x0888, 0xFFDA, 0xFFDA, 0xFFDA, 0xFDA6,
    0xFDA6, 0xFDA6, 0xFDA6, 0xFDA6, 0xFDA6, 0xF945, 0xF945, 0xF945,
    0xF945, 0xFFEB, 0xFD87, 0xF347, 0xF347, 0xF347, 0xF347, 0xF347,
    0xF325, 0xF325, 0xF325, 0xF325, 0xF325, 0xF347, 0xF347, 0xF347,
    0xF347, 0xF347, 0xF347, 0xF347, 0xFD87, 0x0888, 0x0888, 0x0888,
    0x0888, 0x0888, 0x0888, 0x0888, 0x0888, 0x0888, 0x0888, 0x0888,
    0x0888, 0x0888, 0x0888, 0x0888, 0x0888, 0x0888, 0x0888, 0x0888,
    0x0888, 0x0888, 0x0888, 0x0888, 0x0888, 0x0888, 0x0888, 0x0888,
    0x0888, 0x0888, 0x0888, 0x0888, 0x0888, 0x0888, 0x0888, 0x0888,
    0x0888, 0x0888, 0x0888, 0x0888, 0x0888, 0x0888, 0x0888, 0x0888,
    0x0888, 0x0888, 0xF945, 0xF945, 0xF945, 0xF945, 0xF945, 0xF347,
    0xF347, 0xF347, 0xF325, 0xF325, 0xF325, 0xF325, 0xF325, 0xF325,
    0xF347, 0xF347, 0xF347, 0xF347, 0xF347, 0xF347, 0xF347, 0xF347,
    0xF347, 0xF347, 0xF347, 0xF347, 0xF347, 0xF347, 0xF347, 0x0888,
    0x0888, 0x0888, 0x0888, 0x0888, 0x0888, 0x0888, 0x0888, 0x0888,
    0x0888, 0x0888, 0x0888, 0x0888, 0x0888, 0x0888, 0x0888, 0x0888,
    0x0888, 0x0888, 0x0888, 0x0888, 0x0888, 0x0888, 0x0888, 0x0888,
    0x0888, 0x0888, 0x0888, 0x0888, 0x0888, 0x0888, 0x0888, 0x0888,
    0x0888, 0x0888, 0xF945, 0xF945, 0xF945, 0xF347, 0xF347, 0xF347,
    0xF347, 0xF347, 0xF347, 0xF347, 0xF347, 0xF347, 0xF347, 0xF347,
    0xF325, 0xF325, 0xF325, 0xF325, 0xF347, 0xF347, 0xF347, 0xF347,
    0xF347, 0xF347, 0xF347, 0xF347, 0xF347, 0x0888, 0x0888, 0x0888,
    0x0888, 0x0888, 0x0888, 0x0888, 0x0888, 0x0888, 0x0888, 0x0888,
    0x0888, 0x0888, 0x0888, 0x0888, 0x0888, 0x0888, 0x0888, 0x0888,
    0x0888, 0x0888, 0x0888, 0x0888, 0xFFDA, 0xFFDA, 0xFDA6, 0xFDA6,
    0xFDA6, 0xFDA6, 0xFDA6, 0xFDA6, 0xF945, 0xF945, 0xF945, 0xF945,
    0xF945, 0xFD87, 0xF945, 0xF347, 0xF347, 0xF347, 0xF325, 0xF325,
    0xF325, 0xF325, 0xF325, 0xF325, 0xF347, 0xF347, 0xF347, 0xF347,
    0xF347, 0xF347, 0xFD87, 0xFD87, 0xFD87, 0x0888, 0x0888, 0x0888,
    0x0888, 0x0888, 0x0888, 0x0888, 0x0888, 0x0888, 0x0888, 0x0888,
    0x0888, 0x0888, 0x0888, 0x0888, 0x0888, 0x0888, 0x0888, 0x0888,
    0x0888, 0x0888, 0x0888, 0x0888, 0x0888, 0x0888, 0x0888, 0x0888,
    0x0888, 0x0888, 0xFFDA, 0xFFDA, 0xFDA6, 0xFDA6, 0xFDA6, 0xFDA6,
    0xFDA6, 0xFDA6, 0xFDA6, 0xFDA6, 0xF945, 0xF945, 0xF945, 0xF945,
    0xF945, 0xFD87, 0xF945, 0xF347, 0xF347, 0xF347, 0xF347, 0xF347,
    0xF325, 0xF325, 0xF325, 0xF325, 0xF347, 0xF347, 0xF347, 0xF347,
    0xF347, 0xF347, 0xFD87, 0xFD87, 0xFD87, 0x0888, 0x0888, 0x0888,
    0x0888, 0x0888, 0x0888, 0x0888, 0x0888, 0x0888, 0x0888, 0x0888,
    0x0888, 0x0888, 0x0888, 0x0888, 0x0888, 0x0888, 0x0888, 0x0888,
    0x0888, 0x0888, 0x0888, 0x0888, 0x0888, 0x0888, 0x0888, 0x0888,
    0x0888, 0x0888, 0x0888, 0x0888, 0x0888, 0x0888, 0x0888, 0x0888,
    0x0888, 0x0888, 0x0888, 0x0888, 0x0888, 0x0888, 0x0888, 0x0888,
    0x0888, 0x0888, 0x0888, 0x0888, 0xF347, 0xF347, 0xF347, 0xF347,
    0xF325, 0xF325, 0xF325, 0xF325, 0xF347, 0xF347, 0xF347, 0xF347,
    0xF347, 0xF347, 0xF347, 0xF347, 0xF347, 0xF347, 0xF347, 0xF347,
    0xF347, 0xF9CE, 0xF9CE, 0xF9CE, 0xF9CE, 0xF9CE, 0xF347, 0xF347,
    0x0888, 0x0888, 0x0888, 0x0888, 0x0888, 0x0888, 0x0888, 0x0888,
    0x0888, 0x0888, 0x0888, 0x0888, 0x0888, 0x0888, 0x0888, 0x0888,
    0x0888, 0x0888, 0x0888, 0x0888, 0x0888, 0x0888, 0x0888, 0x0888,
    0x0888, 0x0888, 0x0888, 0x0888, 0x0888, 0x0888, 0x0888, 0x0888,
    0x0888, 0x0888, 0x0888, 0xF347, 0xF347, 0xF347, 0xF347, 0xF347,
    0xF347, 0xF347, 0xF347, 0xF347, 0xF347, 0xF347, 0xF347, 0xF347,
    0xF347, 0xF347, 0xF325, 0xF325, 0xF325, 0xF347, 0xF347, 0xF347,
    0xF347, 0xF347, 0xF347, 0xF347, 0xF347, 0xF347, 0xF347, 0x0888,
    0x0888, 0x0888, 0x0888, 0x0888, 0x0888, 0x0888, 0x0888, 0x0888,
    0x0888, 0x0888, 0x0888, 0x0888, 0x0888, 0x0888, 0x0888, 0x0888,
    0x0888, 0x0888, 0x0888, 0xFFDA, 0xFDA6, 0xFDA6, 0xFDA6, 0xFDA6,
    0xFDA6, 0xFDA6, 0xF945, 0xF945, 0x0888, 0x0888, 0x0888, 0x0888,
    0x0888, 0x0888, 0x0888, 0xF347, 0xF347, 0xF325, 0xF325, 0xF325,
    0xF325, 0xF325, 0xF347, 0xF347, 0xF347, 0xF347, 0xF347, 0xF347,
    0xF347, 0xFD87, 0xFD87, 0xFD87, 0xFD87, 0x0888, 0x0888, 0x0888,
    0x0888, 0x0888, 0x0888, 0x0888, 0x0888, 0x0888, 0x0888, 0x0888,
    0x0888, 0x0888, 0x0888, 0x0888, 0x0888, 0x0888, 0x0888, 0x0888,
    0x0888, 0x0888, 0x0888, 0x0888, 0x0888, 0x0888, 0x0888, 0x0888,
    0xFFDA, 0xFFDA, 0xFDA6, 0xFDA6, 0xFDA6, 0xFDA6, 0xFDA6, 0xFDA6,
    0xFDA6, 0xF945, 0xF945, 0xF945, 0x0888, 0x0888, 0x0888, 0x0888,
    0x0888, 0x0888, 0x0888, 0x0888, 0xF347, 0xF347, 0xF347, 0xF325,
    0xF325, 0xF325, 0xF325, 0xF325, 0xF347, 0xF347, 0xF347, 0xF347,
    0xF347, 0xF347, 0xFD87, 0xFD87, 0xFD87, 0x0888, 0x0888, 0x0888,
    0x0888, 0x0888, 0x0888, 0x0888, 0x0888, 0x0888, 0x0888, 0x0888,
    0x0888, 0x0888, 0x0888, 0x0888, 0x0888, 0x0888, 0x0888, 0x0888,
    0x0888, 0x0888, 0x0888, 0x0888, 0x0888, 0x0888, 0x0888, 0x0888,
    0x0888, 0x0888, 0x0888, 0x0888, 0x0888, 0x0888, 0x0888, 0x0888,
    0x0888, 0x0888, 0x0888, 0x0888, 0x0888, 0x0888, 0x0888, 0x0888,
    0x0888, 0x0888, 0xF347, 0xF347, 0xF347, 0xF347, 0xF325, 0xF325,
    0xF325, 0xF325, 0xF347, 0xF347, 0xF347, 0xF347, 0xF347, 0xF347,
    0xF347, 0xF347, 0xF347, 0xF347, 0xF347, 0xFD87, 0xFD87, 0xFD87,
    0xFD87, 0xF9CE, 0xF9CE, 0xF9CE, 0xF9CE, 0xF9CE, 0xF9CE, 0xF325,
    0x0888, 0x0888, 0x0888, 0x0888, 0x0888, 0x0888, 0x0888, 0x0888,
    0x0888, 0x0888, 0x0888, 0x0888, 0x0888, 0x0888, 0x0888, 0x0888,
    0x0888, 0x0888, 0x0888, 0x0888, 0x0888, 0x0888, 0x0888, 0x0888,
    0x0888, 0x0888, 0x0888, 0x0888, 0x0888, 0x0888, 0x0888, 0x0888,
    0x0888, 0x0888, 0xF347, 0xF347, 0xF347, 0xF347, 0xF347, 0xF347,
    0xF347, 0xF9CE, 0xF9CE, 0xF9CE, 0xF9CE, 0xF347, 0xF347, 0xF347,
    0xF347, 0xF347, 0xF347, 0xF325, 0xF325, 0xF347, 0xF347, 0xF347,
    0xF347, 0xF347, 0xF347, 0xF347, 0xF347, 0xF347, 0xF347, 0xF347,
    0x0888, 0x0888, 0x0888, 0x0888, 0x0888, 0x0888, 0x0888, 0x0888,
    0x0888, 0x0888, 0x0888, 0x0888, 0x0888, 0x0888, 0x0888, 0x0888,
    0x0888, 0xFFDA, 0xFFDA, 0xFDA6, 0xFDA6, 0xFDA6, 0xFDA6, 0xFDA6,
    0xF945, 0xF945, 0x0888, 0x0888, 0x0888, 0x0888, 0x0888, 0x0888,
    0x0888, 0x0888, 0x0888, 0x0888, 0xFD87, 0xF325, 0xF325, 0xF325,
    0xF325, 0xF325, 0xF347, 0xF347, 0xF347, 0xF347, 0xF347, 0xFD87,
    0xFD87, 0xFD87, 0xFD87, 0xFD87, 0x0888, 0x0888, 0x0888, 0x0888,
    0x0888, 0x0888, 0x0888, 0x0888, 0x0888, 0x0888, 0x0888, 0x0888,
    0x0888, 0x0888, 0x0888, 0x0888, 0x0888, 0x0888, 0x0888, 0x0888,
    0x0888, 0x0888, 0x0888, 0x0888, 0x0888, 0x0888, 0xFFDA, 0xFFDA,
    0xFDA6, 0xFDA6, 0xFDA6, 0xFDA6, 0xFDA6, 0xFDA6, 0xF945, 0xF945,
    0xF945, 0x0888, 0x0888, 0x0888, 0x0888, 0x0888, 0x0888, 0x0888,
    0x0888, 0x0888, 0x0888, 0x0888, 0xFD87, 0xFD87, 0xF347, 0xF325,
    0xF325, 0xF325, 0xF325, 0xF325, 0xF347, 0xF347, 0xF347, 0xF347,
    0xFD87, 0xFD87, 0xFD87, 0xFD87, 0x0888, 0x0888, 0x0888, 0x0888,
    0x0888, 0x0888, 0x0888, 0x0888, 0x0888, 0x0888, 0x0888, 0x0888,
    0x0888, 0x0888, 0x0888, 0x0888, 0x0888, 0x0888, 0x0888, 0x0888,
    0x0888, 0x0888, 0x0888, 0x0888, 0x0888, 0x0888, 0x0888, 0x0888,
    0x0888, 0x0888, 0x0888, 0x0888, 0x0888, 0x0888, 0x0888, 0x0888,
    0x0888, 0x0888, 0x0888, 0x0888, 0x0888, 0x0888, 0x0888, 0x0888,
    0x0888, 0x0888, 0x0888, 0xF347, 0xF347, 0xF325, 0xF325, 0xF347,
    0xF347, 0xF347, 0xF347, 0xF347, 0xF347, 0xF347, 0xF347, 0xF347,
    0xF347, 0xF347, 0xFD87, 0xFD87, 0xFD87, 0xFD87, 0xFD87, 0xFD87,
    0xFD87, 0xF9CE, 0xF9CE, 0xF9CE, 0xF9CE, 0xF325, 0xF325, 0x0888,
    0x0888, 0x0888, 0x0888, 0x0888, 0x0888, 0x0888, 0x0888, 0x0888,
    0x0888, 0x0888, 0x0888, 0x0888, 0x0888, 0x0888, 0x0888, 0x0888,
    0x0888, 0x0888, 0x0888, 0x0888, 0x0888, 0x0888, 0x0888, 0x0888,
    0x0888, 0x0888, 0x0888, 0x0888, 0x0888, 0x0888, 0x0888, 0x0888,
    0x0888, 0xF347, 0xF347, 0xF347, 0xF347, 0xF9CE, 0xF9CE, 0xF9CE,
    0xF9CE, 0xF9CE, 0xF9CE, 0xF9CE, 0xF9CE, 0xF9CE, 0xF9CE, 0xF9CE,
    0xF9CE, 0xF9CE, 0xF347, 0xF347, 0xF347, 0xF347, 0xF347, 0xF347,
    0xF347, 0xF347, 0xF347, 0xF347, 0xF347, 0xF347, 0x0888, 0x0888,
    0x0888, 0x0888, 0x0888, 0x0888, 0x0888, 0x0888, 0x0888, 0x0888,
    0x0888, 0x0888, 0x0888, 0x0888, 0x0888, 0x0888, 0x0888, 0x0888,
    0xFFDA, 0xFDA6, 0xFDA6, 0xFDA6, 0xFDA6, 0xFDA6, 0xF945, 0xF945,
    0x0888, 0x0888, 0x0888, 0x0888, 0x0888, 0x0888, 0x0888, 0x0888,
    0x0888, 0x0888, 0x0888, 0x0888, 0xFFEB, 0xFD87, 0xFD87, 0xFD87,
    0xF325, 0xF347, 0xF347, 0xF347, 0xF347, 0xFD87, 0xFD87, 0xFD87,
    0xFD87, 0xFD87, 0xFD87, 0xFD87, 0x0888, 0x0888, 0x0888, 0x0888,
    0x0888, 0x0888, 0x0888, 0x0888, 0x0888, 0x0888, 0x0888, 0x0888,
    0x0888, 0x0888, 0x0888, 0x0888, 0x0888, 0x0888, 0x0888, 0x0888,
    0x0888, 0x0888, 0x0888, 0x0888, 0xFFDA, 0xFFDA, 0xFDA6, 0xFDA6,
    0xFDA6, 0xFDA6, 0xFDA6, 0xFDA6, 0xF945, 0xF945, 0x0888, 0x0888,
    0x0888, 0x0888, 0x0888, 0x0888, 0x0888, 0x0888, 0x0888, 0x0888,
    0x0888, 0x0888, 0x0888, 0x0888, 0xFFEB, 0xFFEB, 0xFD87, 0xFD87,
    0xF325, 0xF325, 0xF325, 0xF347, 0xF347, 0xF347, 0xFD87, 0xFD87,
    0xFD87, 0xFD87, 0xFD87, 0xFD87, 0x0888, 0x0888, 0x0888, 0x0888,
    0x0888, 0x0888, 0x0888, 0x0888, 0x0888, 0x0888, 0x0888, 0x0888,
    0x0888, 0x0888, 0x0888, 0x0888, 0x0888, 0x0888, 0x0888, 0x0888,
    0x0888, 0x0888, 0x0888, 0x0888, 0x0888, 0x0888, 0x0888, 0x0888,
    0x0888, 0x0888, 0x0888, 0x0888, 0x0888, 0x0888, 0x0888, 0x0888,
    0x0888, 0x0888, 0x0888, 0x0888, 0x0888, 0x0888, 0x0888, 0x0888,
    0x0888, 0x0888, 0x0888, 0x0888, 0x0888, 0xF347, 0xF347, 0xF347,
    0xF347, 0xF347, 0xF347, 0xF347, 0xF347, 0xF347, 0xF347, 0xF347,
    0xFD87, 0xFD87, 0xFD87, 0xFD87, 0xFD87, 0xFFEB, 0xFFEB, 0xFFEB,
    0xFFEB, 0xFFEB, 0xF325, 0xF325, 0xF325, 0x0888, 0x0888, 0x0888,
    0x0888, 0x0888, 0x0888, 0x0888, 0x0888, 0x0888, 0x0888, 0x0888,
    0x0888, 0x0888, 0x0888, 0x0888, 0x0888, 0x0888, 0x0888, 0x0888,
    0x0888, 0x0888, 0x0888, 0x0888, 0x0888, 0x0888, 0x0888, 0x0888,
    0x0888, 0x0888, 0x0888, 0x0888, 0x0888, 0x0888, 0x0888, 0x0888,
    0x0888, 0x0888, 0xF325, 0xF325, 0xF9CE, 0xF9CE, 0xF9CE, 0xF9CE,
    0xF9CE, 0xF9CE, 0xF9CE, 0xF9CE, 0xF9CE, 0xF9CE, 0xF9CE, 0xF9CE,
    0xF9CE, 0xF9CE, 0xF9CE, 0xF9CE, 0xF347, 0xF347, 0xF347, 0xF347,
    0xF347, 0xF347, 0xF347, 0xF347, 0x0888, 0x0888, 0x0888, 0x0888,
    0x0888, 0x0888, 0x0888, 0x0888, 0x0888, 0x0888, 0x0888, 0x0888,
    0x0888, 0x0888, 0x0888, 0x0888, 0x0888, 0x0888, 0x0888, 0xFFDA,
    0xFDA6, 0xFDA6, 0xFDA6, 0xFDA6, 0xFDA6, 0xF945, 0x0888, 0x0888,
    0x0888, 0x0888, 0x0888, 0x0888, 0x0888, 0x0888, 0x0888, 0x0888,
    0x0888, 0x0888, 0x0888, 0xFFEB, 0xFFEB, 0xFFEB, 0xFFEB, 0xFFEB,
    0xFD87, 0xFD87, 0x0888, 0xF325, 0xF325, 0xF325, 0xF325, 0xFD87,
    0xFD87, 0xFD87, 0x0888, 0x0888, 0x0888, 0x0888, 0x0888, 0x0888,
    0x0888, 0x0888, 0x0888, 0x0888, 0x0888, 0x0888, 0x0888, 0x0888,
    0x0888, 0x0888, 0x0888, 0x0888, 0x0888, 0x0888, 0x0888, 0x0888,
    0x0888, 0x0888, 0x0888, 0xFFDA, 0xFDA6, 0xFDA6, 0xFDA6, 0xFDA6,
    0xFDA6, 0xF945, 0xF945, 0xF945, 0x0888, 0x0888, 0x0888, 0x0888,
    0x0888, 0x0888, 0x0888, 0x0888, 0x0888, 0x0888, 0x0888, 0x0888,
    0x0888, 0x0888, 0x0888, 0xFFEB, 0xFFEB, 0xFFEB, 0xFFEB, 0xFFEB,
    0xFD87, 0xFD87, 0x0888, 0xF325, 0xF325, 0xF325, 0xF325, 0xFD87,
    0xFD87, 0xFD87, 0x0888, 0x0888, 0x0888, 0x0888, 0x0888, 0x0888,
    0x0888, 0x0888, 0x0888, 0x0888, 0x0888, 0x0888, 0x0888, 0x0888,
    0x0888, 0x0888, 0x0888, 0x0888, 0x0888, 0x0888, 0x0888, 0x0888,
    0x0888, 0x0888, 0x0888, 0x0888, 0x0888, 0x0888, 0x0888, 0x0888,
    0x0888, 0x0888, 0x0888, 0x0888, 0x0888, 0x0888, 0x0888, 0x0888,
    0x0888, 0x0888, 0x0888, 0x0888, 0x0888, 0x0888, 0x0888, 0x0888,
    0x0888, 0x0888, 0x0888, 0x0888, 0x0888, 0x0888, 0x0888, 0xF347,
    0xF347, 0xF347, 0xF347, 0xF347, 0xF347, 0xF347, 0xF347, 0xF325,
    0xF325, 0xF325, 0xF325, 0xFD87, 0xFFEB, 0xFFEB, 0xFFEB, 0xFFEB,
    0xFFEB, 0xFFEB, 0x0888, 0x0888, 0x0888, 0x0888, 0x0888, 0x0888,
    0x0888, 0x0888, 0x0888, 0x0888, 0x0888, 0x0888, 0x0888, 0x0888,
    0x0888, 0x0888, 0x0888, 0x0888, 0x0888, 0x0888, 0x0888, 0x0888,
    0x0888, 0x0888, 0x0888, 0x0888, 0x0888, 0x0888, 0x0888, 0x0888,
    0x0888, 0x0888, 0x0888, 0x0888, 0x0888, 0x0888, 0x0888, 0x0888,
    0x0888, 0x0888, 0x0888, 0xF325, 0xF325, 0xF325, 0xF9CE, 0xF9CE,
    0xF9CE, 0xF9CE, 0xF9CE, 0xF9CE, 0xF9CE, 0xF9CE, 0xF9CE, 0xF9CE,
    0xF9CE, 0xF9CE, 0xF9CE, 0xFD87, 0xFFEB, 0xFFEB, 0xFFEB, 0xFFEB,
    0xFFEB, 0xFFEB, 0x0888, 0x0888, 0x0888, 0x0888, 0x0888, 0x0888,
    0x0888, 0x0888, 0x0888, 0x0888, 0x0888, 0x0888, 0x0888, 0x0888,
    0x0888, 0x0888, 0x0888, 0x0888, 0x0888, 0x0888, 0xFFDA, 0xFDA6,
    0xFDA6, 0xFDA6, 0xFDA6, 0xFDA6, 0xF945, 0x0888, 0x0888, 0x0888,
    0x0888, 0x0888, 0x0888, 0x0888, 0x0888, 0x0888, 0x0888, 0x0888,
    0x0888, 0x0888, 0x0888, 0xFFEB, 0xFFEB, 0xFFEB, 0xFFEB, 0xFFEB,
    0xFFEB, 0x0888, 0xF325, 0xF325, 0xF325, 0xF325, 0xF325, 0xF325,
    0xF325, 0xF325, 0x0888, 0x0888, 0x0888, 0x0888, 0x0888, 0x0888,
    0x0888, 0x0888, 0x0888, 0x0888, 0x0888, 0x0888, 0x0888, 0x0888,
    0x0888, 0x0888, 0x0888, 0x0888, 0x0888, 0x0888, 0x0888, 0x0888,
    0x0888, 0xFFDA, 0xFFDA, 0xFDA6, 0xFDA6, 0xFDA6, 0xFDA6, 0xF945,
    0xF945, 0x0888, 0x0888, 0x0888, 0x0888, 0x0888, 0x0888, 0x0888,
    0x0888, 0x0888, 0x0888, 0x0888, 0x0888, 0x0888, 0x0888, 0x0888,
    0x0888, 0x0888, 0x0888, 0xFFEB, 0xFFEB, 0xFFEB, 0xFFEB, 0xFFEB,
    0xFFEB, 0x0888, 0xF325, 0xF325, 0xF325, 0xF325, 0xF325, 0xF325,
    0xF325, 0xF325, 0x0888, 0x0888, 0x0888, 0x0888, 0x0888, 0x0888,
    0x0888, 0x0888, 0x0888, 0x0888, 0x0888, 0x0888, 0x0888, 0x0888,
    0x0888, 0x0888, 0x0888, 0x0888, 0x0888, 0x0888, 0x0888, 0x0888,
    0x0888, 0x0888, 0x0888, 0x0888, 0x0888, 0x0888, 0x0888, 0x0888,
    0x0888, 0x0888, 0x0888, 0x0888, 0x0888, 0x0888, 0x0888, 0x0888,
    0x0888, 0x0888, 0x0888, 0x0888, 0x0888, 0x0888, 0x0888, 0x0888,
    0x0888, 0x0888, 0x0888, 0x0888, 0x0888, 0x0888, 0x0888, 0x0888,
    0x0888, 0xF325, 0xF325, 0xF325, 0xF325, 0xF325, 0xF325, 0xF325,
    0xF325, 0xF325, 0xF325, 0xFFEB, 0xFFEB, 0xFFEB, 0xFFEB, 0xFFEB,
    0xFFEB, 0xFFEB, 0x0888, 0x0888, 0x0888, 0x0888, 0x0888, 0x0888,
    0x0888, 0x0888, 0x0888, 0x0888, 0x0888, 0x0888, 0x0888, 0x0888,
    0x0888, 0x0888, 0x0888, 0x0888, 0x0888, 0x0888, 0x0888, 0x0888,
    0x0888, 0x0888, 0x0888, 0x0888, 0x0888, 0x0888, 0x0888, 0x0888,
    0x0888, 0x0888, 0x0888, 0x0888, 0x0888, 0x0888, 0x0888, 0x0888,
    0x0888, 0x0888, 0x0888, 0x0888, 0x0888, 0xF325, 0xF325, 0xF325,
    0xF9CE, 0xF9CE, 0xF9CE, 0xF9CE, 0xF9CE, 0xF9CE, 0xF325, 0xF325,
    0xF325, 0xF325, 0xF325, 0xFFEB, 0xFFEB, 0xFFEB, 0xFFEB, 0xFFEB,
    0xFFEB, 0xFFEB, 0x0888, 0x0888, 0x0888, 0x0888, 0x0888, 0x0888,
    0x0888, 0x0888, 0x0888, 0x0888, 0x0888, 0x0888, 0x0888, 0x0888,
    0x0888, 0x0888, 0x0888, 0x0888, 0x0888, 0xFFDA, 0xFDA6, 0xFDA6,
    0xFDA6, 0xFDA6, 0xFDA6, 0xF945, 0x0888, 0x0888, 0x0888, 0x0888,
    0x0888, 0x0888, 0x0888, 0x0888, 0x0888, 0x0888, 0x0888, 0x0888,
    0x0888, 0x0888, 0xF347, 0xFFEB, 0xFFEB, 0xFFEB, 0xFFEB, 0xFFEB,
    0xFFEB, 0x0888, 0xF325, 0xF325, 0xF325, 0xF325, 0xF325, 0xF325,
    0xF325, 0x0888, 0x0888, 0x0888, 0x0888, 0x0888, 0x0888, 0x0888,
    0x0888, 0x0888, 0x0888, 0x0888, 0x0888, 0x0888, 0x0888, 0x0888,
    0x0888, 0x0888, 0x0888, 0x0888, 0x0888, 0x0888, 0x0888, 0x0888,
    0xFFDA, 0xFDA6, 0xFDA6, 0xFDA6, 0xFDA6, 0xFDA6, 0xF945, 0x0888,
    0x0888, 0x0888, 0x0888, 0x0888, 0x0888, 0x0888, 0x0888, 0x0888,
    0x0888, 0x0888, 0x0888, 0x0888, 0x0888, 0x0888, 0x0888, 0x0888,
    0x0888, 0x0888, 0xF347, 0xFFEB, 0xFFEB, 0xFFEB, 0xFFEB, 0xFFEB,
    0xFFEB, 0x0888, 0xF325, 0xF325, 0xF325, 0xF325, 0xF325, 0xF325,
    0xF325, 0x0888, 0x0888, 0x0888, 0x0888, 0x0888, 0x0888, 0x0888,
    0x0888, 0x0888, 0x0888, 0x0888, 0x0888, 0x0888, 0x0888, 0x0888,
    0x0888, 0x0888, 0x0888, 0x0888, 0x0888, 0x0888, 0x0888, 0x0888,
    0x0888, 0x0888, 0x0888, 0x0888, 0x0888, 0x0888, 0x0888, 0x0888,
    0x0888, 0x0888, 0x0888, 0x0888, 0x0888, 0x0888, 0x0888, 0x0888,
    0x0888, 0x0888, 0x0888, 0x0888, 0x0888, 0x0888, 0x0888, 0x0888,
    0x0888, 0x0888, 0x0888, 0x0888, 0x0888, 0x0888, 0x0888, 0x0888,
    0x0888, 0x0888, 0x0888, 0x0888, 0x0888, 0x0888, 0x0888, 0xF325,
    0xF347, 0xF347, 0xF347, 0xFFEB, 0xFFEB, 0xFFEB, 0xFFEB, 0xFFEB,
    0xFFEB, 0xFFEB, 0x0888, 0x0888, 0x0888, 0x0888, 0x0888, 0x0888,
    0x0888, 0x0888, 0x0888, 0x0888, 0x0888, 0x0888, 0x0888, 0x0888,
    0x0888, 0x0888, 0x0888, 0x0888, 0x0888, 0x0888, 0x0888, 0x0888,
    0x0888, 0x0888, 0x0888, 0x0888, 0x0888, 0x0888, 0x0888, 0x0888,
    0x0888, 0x0888, 0x0888, 0x0888, 0x0888, 0x0888, 0x0888, 0x0888,
    0x0888, 0x0888, 0x0888, 0x0888, 0x0888, 0x0888, 0x0888, 0xF325,
    0xF325, 0xF325, 0xF325, 0xF325, 0xF325, 0xF325, 0xF325, 0xF325,
    0xF347, 0xF347, 0xF347, 0xFFEB, 0xFFEB, 0xFFEB, 0xFFEB, 0xFFEB,
    0xFFEB, 0xFFEB, 0x0888, 0x0888, 0x0888, 0x0888, 0x0888, 0x0888,
    0x0888, 0x0888, 0x0888, 0x0888, 0x0888, 0x0888, 0x0888, 0x0888,
    0x0888, 0x0888, 0x0888, 0x0888, 0xFFDA, 0xFDA6, 0xFDA6, 0xFDA6,
    0xFDA6, 0xF945, 0xF945, 0x0888, 0x0888, 0x0888, 0x0888, 0x0888,
    0x0888, 0x0888, 0x0888, 0x0888, 0x0888, 0x0888, 0x0888, 0x0888,
    0x0888, 0x0888, 0xF347, 0xF347, 0xFFEB, 0xFFEB, 0xFFEB, 0xFFEB,
    0x0888, 0xF325, 0xF325, 0xF325, 0xF325, 0xF325, 0xF325, 0xF325,
    0x0888, 0x0888, 0x0888, 0x0888, 0x0888, 0x0888, 0x0888, 0x0888,
    0x0888, 0x0888, 0x0888, 0x0888, 0x0888, 0x0888, 0x0888, 0x0888,
    0x0888, 0x0888, 0x0888, 0x0888, 0x0888, 0x0888, 0x0888, 0xFFDA,
    0xFDA6, 0xFDA6, 0xFDA6, 0xFDA6, 0xF945, 0xF945, 0x0888, 0x0888,
    0x0888, 0x0888, 0x0888, 0x0888, 0x0888, 0x0888, 0x0888, 0x0888,
    0x0888, 0x0888, 0x0888, 0x0888, 0x0888, 0x0888, 0x0888, 0x0888,
    0x0888, 0x0888, 0xF347, 0xF347, 0xFFEB, 0xFFEB, 0xFFEB, 0xFFEB,
    0x0888, 0xF325, 0xF325, 0xF325, 0xF325, 0xF325, 0xF325, 0xF325,
    0x0888, 0x0888, 0x0888, 0x0888, 0x0888, 0x0888, 0x0888, 0x0888,
    0x0888, 0x0888, 0x0888, 0x0888, 0x0888, 0x0888, 0x0888, 0x0888,
    0x0888, 0x0888, 0x0888, 0x0888, 0x0888, 0x0888, 0x0888, 0x0888,
    0x0888, 0x0888, 0x0888, 0x0888, 0x0888, 0x0888, 0x0888, 0x0888,
    0x0888, 0x0888, 0x0888, 0x0888, 0x0888, 0x0888, 0x0888, 0x0888,
    0x0888, 0x0888, 0x0888, 0x0888, 0x0888, 0x0888, 0x0888, 0x0888,
    0x0888, 0x0888, 0x0888, 0x0888, 0x0888, 0x0888, 0x0888, 0x0888,
    0x0888, 0x0888, 0x0888, 0x0888, 0x0888, 0x0888, 0x0888, 0xF347,
    0xF347, 0xF347, 0xF347, 0xF347, 0xFFEB, 0xFFEB, 0xFFEB, 0xFFEB,
    0xFFEB, 0xFD87, 0x0888, 0x0888, 0x0888, 0x0888, 0x0888, 0x0888,
    0x0888, 0x0888, 0x0888, 0x0888, 0x0888, 0x0888, 0x0888, 0x0888,
    0x0888, 0x0888, 0x0888, 0x0888, 0x0888, 0x0888, 0x0888, 0x0888,
    0x0888, 0x0888, 0x0888, 0x0888, 0x0888, 0x0888, 0x0888, 0x0888,
    0x0888, 0x0888, 0x0888, 0x0888, 0x0888, 0x0888, 0x0888, 0x0888,
    0x0888, 0x0888, 0x0888, 0x0888, 0x0888, 0x0888, 0x0888, 0x0888,
    0x0888, 0x0888, 0x0888, 0x0888, 0x0888, 0x0888, 0x0888, 0xF347,
    0xF347, 0xF347, 0xF347, 0xF347, 0xFFEB, 0xFFEB, 0xFFEB, 0xFFEB,
    0xFFEB, 0xFD87, 0x0888, 0x0888, 0x0888, 0x0888, 0x0888, 0x0888,
    0x0888, 0x0888, 0x0888, 0x0888, 0x0888, 0x0888, 0x0888, 0x0888,
    0x0888, 0x0888, 0x0888, 0xFFDA, 0xFDA6, 0xFDA6, 0xFDA6, 0xFDA6,
    0xF945, 0x0888, 0x0888, 0x0888, 0x0888, 0x0888, 0x0888, 0x0888,
    0x0888, 0x0888, 0x0888, 0x0888, 0x0888, 0x0888, 0x0888, 0x0888,
    0x0888, 0xF347, 0xF347, 0xF347, 0xF347, 0xF347, 0xFFEB, 0xFFEB,
    0xF347, 0xF325, 0xF325, 0xF325, 0xF325, 0xF325, 0xF325, 0xF325,
    0x0888, 0x0888, 0x0888, 0x0888, 0x0888, 0x0888, 0x0888, 0x0888,
    0x0888, 0x0888, 0x0888, 0x0888, 0x0888, 0x0888, 0x0888, 0x0888,
    0x0888, 0x0888, 0x0888, 0x0888, 0x0888, 0x0888, 0xFFDA, 0xFDA6,
    0xFDA6, 0xFDA6, 0xFDA6, 0xF945, 0x0888, 0x0888, 0x0888, 0x0888,
    0x0888, 0x0888, 0x0888, 0x0888, 0x0888, 0x0888, 0x0888, 0x0888,
    0x0888, 0x0888, 0x0888, 0x0888, 0x0888, 0x0888, 0x0888, 0x0888,
    0x0888, 0xF347, 0xF347, 0xF347, 0xF347, 0xF347, 0xFFEB, 0xFFEB,
    0xF347, 0xF325, 0xF325, 0xF325, 0xF325, 0xF325, 0xF325, 0xF325,
    0x0888, 0x0888, 0x0888, 0x0888, 0x0888, 0x0888, 0x0888, 0x0888,
    0x0888, 0x0888, 0x0888, 0x0888, 0x0888, 0x0888, 0x0888, 0x0888,
    0x0888, 0x0888, 0x0888, 0x0888, 0x0888, 0x0888, 0x0888, 0x0888,
    0x0888, 0x0888, 0x0888, 0x0888, 0x0888, 0x0888, 0x0888, 0x0888,
    0x0888, 0x0888, 0x0888, 0x0888, 0x0888, 0x0888, 0x0888, 0x0888,
    0x0888, 0x0888, 0x0888, 0x0888, 0x0888, 0x0888, 0x0888, 0x0888,
    0x0888, 0x0888, 0x0888, 0x0888, 0x0888, 0x0888, 0x0888, 0x0888,
    0x0888, 0x0888, 0x0888, 0x0888, 0x0888, 0x0888, 0xF347, 0xF347,
    0xF347, 0xF347, 0xF347, 0xF347, 0xF347, 0xFFEB, 0xFFEB, 0xFFEB,
    0xFD87, 0xFD87, 0x0888, 0x0888, 0x0888, 0x0888, 0x0888, 0x0888,
    0x0888, 0x0888, 0x0888, 0x0888, 0x0888, 0x0888, 0x0888, 0x0888,
    0x0888, 0x0888, 0x0888, 0x0888, 0x0888, 0x0888, 0x0888, 0x0888,
    0x0888, 0x0888, 0x0888, 0x0888, 0x0888, 0x0888, 0x0888, 0x0888,
    0x0888, 0x0888, 0x0888, 0x0888, 0x0888, 0x0888, 0x0888, 0x0888,
    0x0888, 0x0888, 0x0888, 0x0888, 0x0888, 0x0888, 0x0888, 0x0888,
    0x0888, 0x0888, 0x0888, 0x0888, 0x0888, 0x0888, 0xF347, 0xF347,
    0xF347, 0xF347, 0xF347, 0xF347, 0xF347, 0xFFEB, 0xFFEB, 0xFFEB,
    0xFD87, 0xFD87, 0x0888, 0x0888, 0x0888, 0x0888, 0x0888, 0x0888,
    0x0888, 0x0888, 0x0888, 0x0888, 0x0888, 0x0888, 0x0888, 0x0888,
    0x0888, 0x0888, 0x0888, 0xFFDA, 0xFDA6, 0xFDA6, 0xFDA6, 0xF945,
    0x0888, 0x0888, 0x0888, 0x0888, 0x0888, 0x0888, 0x0888, 0x0888,
    0x0888, 0x0888, 0x0888, 0x0888, 0x0888, 0x0888, 0x0888, 0x0888,
    0x0888, 0xF347, 0xF347, 0xF347, 0xF347, 0xF347, 0xF347, 0xF347,
    0x0888, 0xF325, 0xF325, 0xF325, 0xF325, 0xF325, 0xF325, 0xF325,
    0x0888, 0x0888, 0x0888, 0x0888, 0x0888, 0x0888, 0x0888, 0x0888,
    0x0888, 0x0888, 0x0888, 0x0888, 0x0888, 0x0888, 0x0888, 0x0888,
    0x0888, 0x0888, 0x0888, 0x0888, 0x0888, 0x0888, 0xFFDA, 0xFDA6,
    0xFDA6, 0xFDA6, 0xF945, 0x0888, 0x0888, 0x0888, 0x0888, 0x0888,
    0x0888, 0x0888, 0x0888, 0x0888, 0x0888, 0x0888, 0x0888, 0x0888,
    0x0888, 0x0888, 0x0888, 0x0888, 0x0888, 0x0888, 0x0888, 0x0888,
    0x0888, 0xF347, 0xF347, 0xF347, 0xF347, 0xF347, 0xF347, 0xF347,
    0x0888, 0xF325, 0xF325, 0xF325, 0xF325, 0xF325, 0xF325, 0xF325,
    0x0888, 0x0888, 0x0888, 0x0888, 0x0888, 0x0888, 0x0888, 0x0888,
    0x0888, 0x0888, 0x0888, 0x0888, 0x0888, 0x0888, 0x0888, 0x0888,
    0x0888, 0x0888, 0x0888, 0x0888, 0x0888, 0x0888, 0x0888, 0x0888,
    0x0888, 0x0888, 0x0888, 0x0888, 0x0888, 0x0888, 0x0888, 0x0888,
    0x0888, 0x0888, 0x0888, 0x0888, 0x0888, 0x0888, 0x0888, 0x0888,
    0x0888, 0x0888, 0x0888, 0x0888, 0x0888, 0x0888, 0x0888, 0x0888,
    0x0888, 0x0888, 0x0888, 0x0888, 0x0888, 0x0888, 0x0888, 0x0888,
    0x0888, 0x0888, 0x0888, 0x0888, 0x0888, 0xF347, 0xF347, 0xF347,
    0xF347, 0xF347, 0xF347, 0xF347, 0xF347, 0xF347, 0xF347, 0xF347,
    0xFD87, 0xFD87, 0x0888, 0x0888, 0x0888, 0x0888, 0x0888, 0x0888,
    0x0888, 0x0888, 0x0888, 0x0888, 0x0888, 0x0888, 0x0888, 0x0888,
    0x0888, 0x0888, 0x0888, 0x0888, 0x0888, 0x0888, 0x0888, 0x0888,
    0x0888, 0x0888, 0x0888, 0x0888, 0x0888, 0x0888, 0x0888, 0x0888,
    0x0888, 0x0888, 0x0888, 0x0888, 0x0888, 0x0888, 0x0888, 0x0888,
    0x0888, 0x0888, 0x0888, 0x0888, 0x0888, 0x0888, 0x0888, 0x0888,
    0x0888, 0x0888, 0x0888, 0x0888, 0x0888, 0xF347, 0xF347, 0xF347,
    0xF347, 0xF347, 0xF347, 0xF347, 0xF347, 0xF347, 0xF347, 0xF347,
    0xFD87, 0xFD87, 0x0888, 0x0888, 0x0888, 0x0888, 0x0888, 0x0888,
    0x0888, 0x0888, 0x0888, 0x0888, 0x0888, 0x0888, 0x0888, 0x0888,
    0x0888, 0x0888, 0xFFDA, 0xFDA6, 0xFDA6, 0xFDA6, 0xF945, 0x0888,
    0x0888, 0x0888, 0x0888, 0x0888, 0x0888, 0x0888, 0x0888, 0x0888,
    0x0888, 0x0888, 0x0888, 0x0888, 0x0888, 0x0888, 0x0888, 0x0888,
    0xF347, 0xF347, 0xF347, 0xF347, 0xF347, 0xF347, 0xF347, 0xF347,
    0x0888, 0x0888, 0xF325, 0xF325, 0xF325, 0xF325, 0xF325, 0xF325,
    0x0888, 0x0888, 0x0888, 0x0888, 0x0888, 0x0888, 0x0888, 0x0888,
    0x0888, 0x0888, 0x0888, 0x0888, 0x0888, 0x0888, 0x0888, 0x0888,
    0x0888, 0x0888, 0x0888, 0x0888, 0x0888, 0xFFDA, 0xFDA6, 0xFDA6,
    0xFDA6, 0xFDA6, 0xF945, 0x0888, 0x0888, 0x0888, 0x0888, 0x0888,
    0x0888, 0x0888, 0x0888, 0x0888, 0x0888, 0x0888, 0x0888, 0x0888,
    0x0888, 0x0888, 0x0888, 0x0888, 0x0888, 0x0888, 0x0888, 0x0888,
    0xF347, 0xF347, 0xF347, 0xF347, 0xF347, 0xF347, 0xF347, 0xF347,
    0x0888, 0x0888, 0xF325, 0xF325, 0xF325, 0xF325, 0xF325, 0xF325,
    0x0888, 0x0888, 0x0888, 0x0888, 0x0888, 0x0888, 0x0888, 0x0888,
    0x0888, 0x0888, 0x0888, 0x0888, 0x0888, 0x0888, 0x0888, 0x0888,
    0x0888, 0x0888, 0x0888, 0x0888, 0x0888, 0x0888, 0x0888, 0x0888,
    0x0888, 0x0888, 0x0888, 0x0888, 0x0888, 0x0888, 0x0888, 0x0888,
    0x0888, 0x0888, 0x0888, 0x0888, 0x0888, 0x0888, 0x0888, 0x0888,
    0x0888, 0x0888, 0x0888, 0x0888, 0x0888, 0x0888, 0x0888, 0x0888,
    0x0888, 0x0888, 0x0888, 0x0888, 0x0888, 0x0888, 0x0888, 0x0888,
    0x0888, 0x0888, 0x0888, 0x0888, 0x0888, 0xF347, 0xF347, 0xF347,
    0xF347, 0xF347, 0xF347, 0xF347, 0xF347, 0xF347, 0xF347, 0xF325,
    0xF325, 0xF325, 0x0888, 0x0888, 0x0888, 0x0888, 0x0888, 0x0888,
    0x0888, 0x0888, 0x0888, 0x0888, 0x0888, 0x0888, 0x0888, 0x0888,
    0x0888, 0x0888, 0x0888, 0x0888, 0x0888, 0x0888, 0x0888, 0x0888,
    0x0888, 0x0888, 0x0888, 0x0888, 0x0888, 0x0888, 0x0888, 0x0888,
    0x0888, 0x0888, 0x0888, 0x0888, 0x0888, 0x0888, 0x0888, 0x0888,
    0x0888, 0x0888, 0x0888, 0x0888, 0x0888, 0x0888, 0x0888, 0x0888,
    0x0888, 0x0888, 0x0888, 0x0888, 0x0888, 0xF347, 0xF347, 0xF347,
    0xF347, 0xF347, 0xF347, 0xF347, 0xF347, 0xF347, 0xF347, 0xF325,
    0xF325, 0xF325, 0x0888, 0x0888, 0x0888, 0x0888, 0x0888, 0x0888,
    0x0888, 0x0888, 0x0888, 0x0888, 0x0888, 0x0888, 0x0888, 0x0888,
    0x0888, 0xFFDA, 0xFDA6, 0xFDA6, 0xFDA6, 0xFDA6, 0xF945, 0x0888,
    0x0888, 0x0888, 0x0888, 0x0888, 0x0888, 0x0888, 0x0888, 0x0888,
    0x0888, 0x0888, 0x0888, 0x0888, 0x0888, 0x0888, 0x0888, 0x0888,
    0xF347, 0xF347, 0xF347, 0xF347, 0xF347, 0xF347, 0xF347, 0xF347,
    0x0888, 0x0888, 0x0888, 0xF325, 0xF325, 0xF325, 0xF325, 0xF325,
    0x0888, 0x0888, 0x0888, 0x0888, 0x0888, 0x0888, 0x0888, 0x0888,
    0x0888, 0x0888, 0x0888, 0x0888, 0x0888, 0x0888, 0x0888, 0x0888,
    0x0888, 0x0888, 0x0888, 0x0888, 0x0888, 0xFFDA, 0xFDA6, 0xFDA6,
    0xFDA6, 0xF945, 0x0888, 0x0888, 0x0888, 0x0888, 0x0888, 0x0888,
    0x0888, 0x0888, 0x0888, 0x0888, 0x0888, 0x0888, 0x0888, 0x0888,
    0x0888, 0x0888, 0x0888, 0x0888, 0x0888, 0x0888, 0x0888, 0x0888,
    0xF347, 0xF347, 0xF347, 0xF347, 0xF347, 0xF347, 0xF347, 0xF347,
    0x0888, 0x0888, 0x0888, 0xF325, 0xF325, 0xF325, 0xF325, 0xF325,
    0x0888, 0x0888, 0x0888, 0x0888, 0x0888, 0x0888, 0x0888, 0x0888,
    0x0888, 0x0888, 0x0888, 0x0888, 0x0888, 0x0888, 0x0888, 0x0888,
    0x0888, 0x0888, 0x0888, 0x0888, 0x0888, 0x0888, 0x0888, 0x0888,
    0x0888, 0x0888, 0x0888, 0x0888, 0x0888, 0x0888, 0x0888, 0x0888,
    0x0888, 0x0888, 0x0888, 0x0888, 0x0888, 0x0888, 0x0888, 0x0888,
    0x0888, 0x0888, 0x0888, 0x0888, 0x0888, 0x0888, 0x0888, 0x0888,
    0x0888, 0x0888, 0x0888, 0x0888, 0x0888, 0x0888, 0x0888, 0x0888,
    0x0888, 0x0888, 0x0888, 0x0888, 0x0888, 0xF347, 0xF347, 0xF347,
    0xF347, 0xF347, 0xF347, 0xF347, 0xF347, 0xF347, 0xF325, 0xF325,
    0xF325, 0xF325, 0x0888, 0x0888, 0x0888, 0x0888, 0x0888, 0x0888,
    0x0888, 0x0888, 0x0888, 0x0888, 0x0888, 0x0888, 0x0888, 0x0888,
    0x0888, 0x0888, 0x0888, 0x0888, 0x0888, 0x0888, 0x0888, 0x0888,
    0x0888, 0x0888, 0x0888, 0x0888, 0x0888, 0x0888, 0x0888, 0x0888,
    0x0888, 0x0888, 0x0888, 0x0888, 0x0888, 0x0888, 0x0888, 0x0888,
    0x0888, 0x0888, 0x0888, 0x0888, 0x0888, 0x0888, 0x0888, 0x0888,
    0x0888, 0x0888, 0x0888, 0x0888, 0x0888, 0xF347, 0xF347, 0xF347,
    0xF347, 0xF347, 0xF347, 0xF347, 0xF347, 0xF347, 0xF325, 0xF325,
    0xF325, 0xF325, 0x0888, 0x0888, 0x0888, 0x0888, 0x0888, 0x0888,
    0x0888, 0x0888, 0x0888, 0x0888, 0x0888, 0x0888, 0x0888, 0x0888,
    0x0888, 0xFFDA, 0xFDA6, 0xFDA6, 0xFDA6, 0xF945, 0x0888, 0x0888,
    0x0888, 0x0888, 0x0888, 0x0888, 0x0888, 0x0888, 0x0888, 0x0888,
    0x0888, 0x0888, 0x0888, 0x0888, 0x0888, 0x0888, 0x0888, 0x0888,
    0xF347, 0xF347, 0xF347, 0xF347, 0xF347, 0xF347, 0xF347, 0x0888,
    0x0888, 0x0888, 0x0888, 0x0888, 0xF325, 0xF325, 0xF325, 0x0888,
    0x0888, 0x0888, 0x0888, 0x0888, 0x0888, 0x0888, 0x0888, 0x0888,
    0x0888, 0x0888, 0x0888, 0x0888, 0x0888, 0x0888, 0x0888, 0x0888,
    0x0888, 0x0888, 0x0888, 0x0888, 0x0888, 0xFFDA, 0xFDA6, 0xFDA6,
    0xFDA6, 0xF945, 0x0888, 0x0888, 0x0888, 0x0888, 0x0888, 0x0888,
    0x0888, 0x0888, 0x0888, 0x0888, 0x0888, 0x0888, 0x0888, 0x0888,
    0x0888, 0x0888, 0x0888, 0x0888, 0x0888, 0x0888, 0x0888, 0x0888,
    0xF347, 0xF347, 0xF347, 0xF347, 0xF347, 0xF347, 0xF347, 0x0888,
    0x0888, 0x0888, 0x0888, 0x0888, 0xF325, 0xF325, 0xF325, 0x0888,
    0x0888, 0x0888, 0x0888, 0x0888, 0x0888, 0x0888, 0x0888, 0x0888,
    0x0888, 0x0888, 0x0888, 0x0888, 0x0888, 0x0888, 0x0888, 0x0888,
    0x0888, 0x0888, 0x0888, 0x0888, 0x0888, 0x0888, 0x0888, 0x0888,
    0x0888, 0x0888, 0x0888, 0x0888, 0x0888, 0x0888, 0x0888, 0x0888,
    0x0888, 0x0888, 0x0888, 0x0888, 0x0888, 0x0888, 0x0888, 0x0888,
    0x0888, 0x0888, 0x0888, 0x0888, 0x0888, 0x0888, 0x0888, 0x0888,
    0x0888, 0x0888, 0x0888, 0x0888, 0x0888, 0x0888, 0x0888, 0x0888,
    0x0888, 0x0888, 0x0888, 0x0888, 0x0888, 0x0888, 0xF347, 0xF347,
    0xF347, 0xF347, 0xF347, 0xF347, 0xF347, 0xF325, 0xF325, 0xF325,
    0xF325, 0xF325, 0x0888, 0x0888, 0x0888, 0x0888, 0x0888, 0x0888,
    0x0888, 0x0888, 0x0888, 0x0888, 0x0888, 0x0888, 0x0888, 0x0888,
    0x0888, 0x0888, 0x0888, 0x0888, 0x0888, 0x0888, 0x0888, 0x0888,
    0x0888, 0x0888, 0x0888, 0x0888, 0x0888, 0x0888, 0x0888, 0x0888,
    0x0888, 0x0888, 0x0888, 0x0888, 0x0888, 0x0888, 0x0888, 0x0888,
    0x0888, 0x0888, 0x0888, 0x0888, 0x0888, 0x0888, 0x0888, 0x0888,
    0x0888, 0x0888, 0x0888, 0x0888, 0x0888, 0x0888, 0xF347, 0xF347,
    0xF347, 0xF347, 0xF347, 0xF347, 0xF347, 0xF325, 0xF325, 0xF325,
    0xF325, 0xF325, 0x0888, 0x0888, 0x0888, 0x0888, 0x0888, 0x0888,
    0x0888, 0x0888, 0x0888, 0x0888, 0x0888, 0x0888, 0x0888, 0x0888,
    0xFFDA, 0xFDA6, 0xFDA6, 0xFDA6, 0xF945, 0x0888, 0x0888, 0x0888,
    0x0888, 0x0888, 0x0888, 0x0888, 0x0888, 0x0888, 0x0888, 0x0888,
    0x0888, 0x0888, 0x0888, 0x0888, 0x0888, 0x0888, 0x0888, 0xF347,
    0xF347, 0xF347, 0xF347, 0xF347, 0xF347, 0xF347, 0xF347, 0x0888,
    0x0888, 0x0888, 0x0888, 0x0888, 0x0888, 0x0888, 0x0888, 0x0888,
    0x0888, 0x0888, 0x0888, 0x0888, 0x0888, 0x0888, 0x0888, 0x0888,
    0x0888, 0x0888, 0x0888, 0x0888, 0x0888, 0x0888, 0x0888, 0x0888,
    0x0888, 0x0888, 0x0888, 0x0888, 0x0888, 0x0888, 0xF945, 0xF945,
    0xF945, 0x0888, 0x0888, 0x0888, 0x0888, 0x0888, 0x0888, 0x0888,
    0x0888, 0x0888, 0x0888, 0x0888, 0x0888, 0x0888, 0x0888, 0x0888,
    0x0888, 0x0888, 0x0888, 0x0888, 0x0888, 0x0888, 0x0888, 0xF347,
    0xF347, 0xF347, 0xF347, 0xF347, 0xF347, 0xF347, 0xF347, 0x0888,
    0x0888, 0x0888, 0x0888, 0x0888, 0x0888, 0x0888, 0x0888, 0x0888,
    0x0888, 0x0888, 0x0888, 0x0888, 0x0888, 0x0888, 0x0888, 0x0888,
    0x0888, 0x0888, 0x0888, 0x0888, 0x0888, 0x0888, 0x0888, 0x0888,
    0x0888, 0x0888, 0x0888, 0x0888, 0x0888, 0x0888, 0x0888, 0x0888,
    0x0888, 0x0888, 0x0888, 0x0888, 0x0888, 0x0888, 0x0888, 0x0888,
    0x0888, 0x0888, 0x0888, 0x0888, 0x0888, 0x0888, 0x0888, 0x0888,
    0x0888, 0x0888, 0x0888, 0x0888, 0x0888, 0x0888, 0x0888, 0x0888,
    0x0888, 0x0888, 0x0888, 0x0888, 0x0888, 0x0888, 0x0888, 0x0888,
    0x0888, 0x0888, 0x0888, 0x0888, 0x0888, 0x0888, 0xF347, 0xF347,
    0xF347, 0xF347, 0xF347, 0xF347, 0xF347, 0xF325, 0xF325, 0xF325,
    0xF325, 0xF325, 0x0888, 0x0888, 0x0888, 0x0888, 0x0888, 0x0888,
    0x0888, 0x0888, 0x0888, 0x0888, 0x0888, 0x0888, 0x0888, 0x0888,
    0x0888, 0x0888, 0x0888, 0x0888, 0x0888, 0x0888, 0x0888, 0x0888,
    0x0888, 0x0888, 0x0888, 0x0888, 0x0888, 0x0888, 0x0888, 0x0888,
    0x0888, 0x0888, 0x0888, 0x0888, 0x0888, 0x0888, 0x0888, 0x0888,
    0x0888, 0x0888, 0x0888, 0x0888, 0x0888, 0x0888, 0x0888, 0x0888,
    0x0888, 0x0888, 0x0888, 0x0888, 0x0888, 0x0888, 0xF347, 0xF347,
    0xF347, 0xF347, 0xF347, 0xF347, 0xF347, 0xF325, 0xF325, 0xF325,
    0xF325, 0xF325, 0x0888, 0x0888, 0x0888, 0x0888, 0x0888, 0x0888,
    0x0888, 0x0888, 0x0888, 0x0888, 0x0888, 0x0888, 0x0888, 0x0888,
    0xFFDA, 0xFDA6, 0xFDA6, 0xFDA6, 0xF945, 0x0888, 0x0888, 0x0888,
    0x0888, 0x0888, 0x0888, 0x0888, 0x0888, 0x0888, 0x0888, 0x0888,
    0x0888, 0x0888, 0x0888, 0x0888, 0x0888, 0x0888, 0x0888, 0xF347,
    0xF347, 0xF347, 0xF347, 0xF347, 0xF347, 0xF347, 0xF347, 0x0888,
    0x0888, 0x0888, 0x0888, 0x0888, 0x0888, 0x0888, 0x0888, 0x0888,
    0x0888, 0x0888, 0x0888, 0x0888, 0x0888, 0x0888, 0x0888, 0x0888,
    0x0888, 0x0888, 0x0888, 0x0888, 0x0888, 0x0888, 0x0888, 0x0888,
    0x0888, 0x0888, 0x0888, 0x0888, 0x0888, 0x0888, 0x0888, 0x0888,
    0x0888, 0x0888, 0x0888, 0x0888, 0x0888, 0x0888, 0x0888, 0x0888,
    0x0888, 0x0888, 0x0888, 0x0888, 0x0888, 0x0888, 0x0888, 0x0888,
    0x0888, 0x0888, 0x0888, 0x0888, 0x0888, 0x0888, 0x0888, 0xF347,
    0xF347, 0xF347, 0xF347, 0xF347, 0xF347, 0xF347, 0xF347, 0x0888,
    0x0888, 0x0888, 0x0888, 0x0888, 0x0888, 0x0888, 0x0888, 0x0888,
    0x0888, 0x0888, 0x0888, 0x0888, 0x0888, 0x0888, 0x0888, 0x0888,
    0x0888, 0x0888, 0x0888, 0x0888, 0x0888, 0x0888, 0x0888, 0x0888,
    0x0888, 0x0888, 0x0888, 0x0888, 0x0888, 0x0888, 0x0888, 0x0888,
    0x0888, 0x0888, 0x0888, 0x0888, 0x0888, 0x0888, 0x0888, 0x0888,
    0x0888, 0x0888, 0x0888, 0x0888, 0x0888, 0x0888, 0x0888, 0x0888,
    0x0888, 0x0888, 0x0888, 0x0888, 0x0888, 0x0888, 0x0888, 0x0888,
    0x0888, 0x0888, 0x0888, 0x0888, 0x0888, 0x0888, 0x0888, 0x0888,
    0x0888, 0x0888, 0x0888, 0x0888, 0x0888, 0x0888, 0x0888, 0xF347,
    0xF347, 0xF347, 0xF347, 0xF347, 0xF325, 0xF325, 0xF325, 0xF325,
    0xF325, 0xF325, 0x0888, 0x0888, 0x0888, 0x0888, 0x0888, 0x0888,
    0x0888, 0x0888, 0x0888, 0x0888, 0x0888, 0x0888, 0x0888, 0x0888,
    0x0888, 0x0888, 0x0888, 0x0888, 0x0888, 0x0888, 0x0888, 0x0888,
    0x0888, 0x0888, 0x0888, 0x0888, 0x0888, 0x0888, 0x0888, 0x0888,
    0x0888, 0x0888, 0x0888, 0x0888, 0x0888, 0x0888, 0x0888, 0x0888,
    0x0888, 0x0888, 0x0888, 0x0888, 0x0888, 0x0888, 0x0888, 0x0888,
    0x0888, 0x0888, 0x0888, 0x0888, 0x0888, 0x0888, 0x0888, 0xF347,
    0xF347, 0xF347, 0xF347, 0xF347, 0xF325, 0xF325, 0xF325, 0xF325,
    0xF325, 0xF325, 0x0888, 0x0888, 0x0888, 0x0888, 0x0888, 0x0888,
    0x0888, 0x0888, 0x0888, 0x0888, 0x0888, 0x0888, 0x0888, 0x0888,
    0xFFDA, 0xFDA6, 0xFDA6, 0xFDA6, 0xF945, 0x0888, 0x0888, 0x0888,
    0x0888, 0x0888, 0x0888, 0x0888, 0x0888, 0x0888, 0x0888, 0x0888,
    0x0888, 0x0888, 0x0888, 0x0888, 0x0888, 0x0888, 0x0888, 0xF347,
    0xF347, 0xF347, 0xF347, 0xF347, 0xF347, 0xF347, 0xF347, 0x0888,
    0x0888, 0x0888, 0x0888, 0x0888, 0x0888, 0x0888, 0x0888, 0x0888,
    0x0888, 0x0888, 0x0888, 0x0888, 0x0888, 0x0888, 0x0888, 0x0888,
    0x0888, 0x0888, 0x0888, 0x0888, 0x0888, 0x0888, 0x0888, 0x0888,
    0x0888, 0x0888, 0x0888, 0x0888, 0x0888, 0x0888, 0x0888, 0x0888,
    0x0888, 0x0888, 0x0888, 0x0888, 0x0888, 0x0888, 0x0888, 0x0888,
    0x0888, 0x0888, 0x0888, 0x0888, 0x0888, 0x0888, 0x0888, 0x0888,
    0x0888, 0x0888, 0x0888, 0x0888, 0x0888, 0x0888, 0x0888, 0xF347,
    0xF347, 0xF347, 0xF347, 0xF347, 0xF347, 0xF347, 0xF347, 0x0888,
    0x0888, 0x0888, 0x0888, 0x0888, 0x0888, 0x0888, 0x0888, 0x0888,
    0x0888, 0x0888, 0x0888, 0x0888, 0x0888, 0x0888, 0x0888, 0x0888,
    0x0888, 0x0888, 0x0888, 0x0888, 0x0888, 0x0888, 0x0888, 0x0888,
    0x0888, 0x0888, 0x0888, 0x0888, 0x0888, 0x0888, 0x0888, 0x0888,
    0x0888, 0x0888, 0x0888, 0x0888, 0x0888, 0x0888, 0x0888, 0x0888,
    0x0888, 0x0888, 0x0888, 0x0888, 0x0888, 0x0888, 0x0888, 0x0888,
    0x0888, 0x0888, 0x0888, 0x0888, 0x0888, 0x0888, 0x0888, 0x0888,
    0x0888, 0x0888, 0x0888, 0x0888, 0x0888, 0x0888, 0x0888, 0x0888,
    0x0888, 0x0888, 0x0888, 0x0888, 0x0888, 0x0888, 0x0888, 0x0888,
    0xF347, 0xF347, 0xF347, 0xF347, 0xF325, 0xF325, 0xF325, 0xF325,
    0xF325, 0xF325, 0x0888, 0x0888, 0x0888, 0x0888, 0x0888, 0x0888,
    0x0888, 0x0888, 0x0888, 0x0888, 0x0888, 0x0888, 0x0888, 0x0888,
    0x0888, 0x0888, 0x0888, 0x0888, 0x0888, 0x0888, 0x0888, 0x0888,
    0x0888, 0x0888, 0x0888, 0x0888, 0x0888, 0x0888, 0x0888, 0x0888,
    0x0888, 0x0888, 0x0888, 0x0888, 0x0888, 0x0888, 0x0888, 0x0888,
    0x0888, 0x0888, 0x0888, 0x0888, 0x0888, 0x0888, 0x0888, 0x0888,
    0x0888, 0x0888, 0x0888, 0x0888, 0x0888, 0x0888, 0x0888, 0x0888,
    0xF347, 0xF347, 0xF347, 0xF347, 0xF325, 0xF325, 0xF325, 0xF325,
    0xF325, 0xF325, 0x0888, 0x0888, 0x0888, 0x0888, 0x0888, 0x0888,
    0x0888, 0x0888, 0x0888, 0x0888, 0x0888, 0x0888, 0x0888, 0x0888,
    0x0888, 0xF945, 0xF945, 0xF945, 0x0888, 0x0888, 0x0888, 0x0888,
    0x0888, 0x0888, 0x0888, 0x0888, 0x0888, 0x0888, 0x0888, 0x0888,
    0x0888, 0x0888, 0x0888, 0x0888, 0x0888, 0x0888, 0x0888, 0xF347,
    0xF347, 0xF347, 0xF347, 0xF347, 0xF347, 0xF347, 0x0888, 0x0888,
    0x0888, 0x0888, 0x0888, 0x0888, 0x0888, 0x0888, 0x0888, 0x0888,
    0x0888, 0x0888, 0x0888, 0x0888, 0x0888, 0x0888, 0x0888, 0x0888,
    0x0888, 0x0888, 0x0888, 0x0888, 0x0888, 0x0888, 0x0888, 0x0888,
    0x0888, 0x0888, 0x0888, 0x0888, 0x0888, 0x0888, 0x0888, 0x0888,
    0x0888, 0x0888, 0x0888, 0x0888, 0x0888, 0x0888, 0x0888, 0x0888,
    0x0888, 0x0888, 0x0888, 0x0888, 0x0888, 0x0888, 0x0888, 0x0888,
    0x0888, 0x0888, 0x0888, 0x0888, 0x0888, 0x0888, 0x0888, 0xF347,
    0xF347, 0xF347, 0xF347, 0xF347, 0xF347, 0xF347, 0x0888, 0x0888,
    0x0888, 0x0888, 0x0888, 0x0888, 0x0888, 0x0888, 0x0888, 0x0888,
    0x0888, 0x0888, 0x0888, 0x0888, 0x0888, 0x0888, 0x0888, 0x0888,
    0x0888, 0x0888, 0x0888, 0x0888, 0x0888, 0x0888, 0x0888, 0x0888,
    0x0888, 0x0888, 0x0888, 0x0888, 0x0888, 0x0888, 0x0888, 0x0888,
    0x0888, 0x0888, 0x0888, 0x0888, 0x0888, 0x0888, 0x0888, 0x0888,
    0x0888, 0x0888, 0x0888, 0x0888, 0x0888, 0x0888, 0x0888, 0x0888,
    0x0888, 0x0888, 0x0888, 0x0888, 0x0888, 0x0888, 0x0888, 0x0888,
    0x0888, 0x0888, 0x0888, 0x0888, 0x0888, 0x0888, 0x0888, 0x0888,
    0x0888, 0x0888, 0x0888, 0x0888, 0x0888, 0x0888, 0x0888, 0x0888,
    0xF347, 0xF347, 0xF347, 0xF325, 0xF325, 0xF325, 0xF325, 0xF325,
    0xF325, 0xF325, 0x0888, 0x0888, 0x0888, 0x0888, 0x0888, 0x0888,
    0x0888, 0x0888, 0x0888, 0x0888, 0x0888, 0x0888, 0x0888, 0x0888,
    0x0888, 0x0888, 0x0888, 0x0888, 0x0888, 0x0888, 0x0888, 0x0888,
    0x0888, 0x0888, 0x0888, 0x0888, 0x0888, 0x0888, 0x0888, 0x0888,
    0x0888, 0x0888, 0x0888, 0x0888, 0x0888, 0x0888, 0x0888, 0x0888,
    0x0888, 0x0888, 0x0888, 0x0888, 0x0888, 0x0888, 0x0888, 0x0888,
    0x0888, 0x0888, 0x0888, 0x0888, 0x0888, 0x0888, 0x0888, 0x0888,
    0xF347, 0xF347, 0xF347, 0xF325, 0xF325, 0xF325, 0xF325, 0xF325,
    0xF325, 0xF325, 0x0888, 0x0888, 0x0888, 0x0888, 0x0888, 0x0888,
    0x0888, 0x0888, 0x0888, 0x0888, 0x0888, 0x0888, 0x0888, 0x0888,
    0x0888, 0x0888, 0x0888, 0x0888, 0x0888, 0x0888, 0x0888, 0x0888,
    0x0888, 0x0888, 0x0888, 0x0888, 0x0888, 0x0888, 0x0888, 0x0888,
    0x0888, 0x0888, 0x0888, 0x0888, 0x0888, 0x0888, 0x0888, 0xF347,
    0xF347, 0xF347, 0xF347, 0xF347, 0xF347, 0xF347, 0x0888, 0x0888,
    0x0888, 0x0888, 0x0888, 0x0888, 0x0888, 0x0888, 0x0888, 0x0888,
    0x0888, 0x0888, 0x0888, 0x0888, 0x0888, 0x0888, 0x0888, 0x0888,
    0x0888, 0x0888, 0x0888, 0x0888, 0x0888, 0x0888, 0x0888, 0x0888,
    0x0888, 0x0888, 0x0888, 0x0888, 0x0888, 0x0888, 0x0888, 0x0888,
    0x0888, 0x0888, 0x0888, 0x0888, 0x0888, 0x0888, 0x0888, 0x0888,
    0x0888, 0x0888, 0x0888, 0x0888, 0x0888, 0x0888, 0x0888, 0x0888,
    0x0888, 0x0888, 0x0888, 0x0888, 0x0888, 0x0888, 0x0888, 0xF347,
    0xF347, 0xF347, 0xF347, 0xF347, 0xF347, 0xF347, 0x0888, 0x0888,
    0x0888, 0x0888, 0x0888, 0x0888, 0x0888, 0x0888, 0x0888, 0x0888,
    0x0888, 0x0888, 0x0888, 0x0888, 0x0888, 0x0888, 0x0888, 0x0888,
    0x0888, 0x0888, 0x0888, 0x0888, 0x0888, 0x0888, 0x0888, 0x0888,
    0x0888, 0x0888, 0x0888, 0x0888, 0x0888, 0x0888, 0x0888, 0x0888,
    0x0888, 0x0888, 0x0888, 0x0888, 0x0888, 0x0888, 0x0888, 0x0888,
    0x0888, 0x0888, 0x0888, 0x0888, 0x0888, 0x0888, 0x0888, 0x0888,
    0x0888, 0x0888, 0x0888, 0x0888, 0x0888, 0x0888, 0x0888, 0x0888,
    0x0888, 0x0888, 0x0888, 0x0888, 0x0888, 0x0888, 0x0888, 0x0888,
    0x0888, 0x0888, 0x0888, 0x0888, 0x0888, 0x0888, 0x0888, 0x0888,
    0x0888, 0x0888, 0x0888, 0xF325, 0xF325, 0xF325, 0xF325, 0xF325,
    0xF325, 0xF325, 0x0888, 0x0888, 0x0888, 0x0888, 0x0888, 0x0888,
    0x0888, 0x0888, 0x0888, 0x0888, 0x0888, 0x0888, 0x0888, 0x0888,
    0x0888, 0x0888, 0x0888, 0x0888, 0x0888, 0x0888, 0x0888, 0x0888,
    0x0888, 0x0888, 0x0888, 0x0888, 0x0888, 0x0888, 0x0888, 0x0888,
    0x0888, 0x0888, 0x0888, 0x0888, 0x0888, 0x0888, 0x0888, 0x0888,
    0x0888, 0x0888, 0x0888, 0x0888, 0x0888, 0x0888, 0x0888, 0x0888,
    0x0888, 0x0888, 0x0888, 0x0888, 0x0888, 0x0888, 0x0888, 0x0888,
    0x0888, 0x0888, 0x0888, 0xF325, 0xF325, 0xF325, 0xF325, 0xF325,
    0xF325, 0xF325, 0x0888, 0x0888, 0x0888, 0x0888, 0x0888, 0x0888,
    0x0888, 0x0888, 0x0888, 0x0888, 0x0888, 0x0888, 0x0888, 0x0888,
    0x0888, 0x0888, 0x0888, 0x0888, 0x0888, 0x0888, 0x0888, 0x0888,
    0x0888, 0x0888, 0x0888, 0x0888, 0x0888, 0x0888, 0x0888, 0x0888,
    0x0888, 0x0888, 0x0888, 0x0888, 0x0888, 0x0888, 0x0888, 0xF347,
    0xF347, 0xF347, 0xF347, 0xF347, 0xF347, 0xF347, 0x0888, 0x0888,
    0x0888, 0x0888, 0x0888, 0x0888, 0x0888, 0x0888, 0x0888, 0x0888,
    0x0888, 0x0888, 0x0888, 0x0888, 0x0888, 0x0888, 0x0888, 0x0888,
    0x0888, 0x0888, 0x0888, 0x0888, 0x0888, 0x0888, 0x0888, 0x0888,
    0x0888, 0x0888, 0x0888, 0x0888, 0x0888, 0x0888, 0x0888, 0x0888,
    0x0888, 0x0888, 0x0888, 0x0888, 0x0888, 0x0888, 0x0888, 0x0888,
    0x0888, 0x0888, 0x0888, 0x0888, 0x0888, 0x0888, 0x0888, 0x0888,
    0x0888, 0x0888, 0x0888, 0x0888, 0x0888, 0x0888, 0x0888, 0xF347,
    0xF347, 0xF347, 0xF347, 0xF347, 0xF347, 0xF347, 0x0888, 0x0888,
    0x0888, 0x0888, 0x0888, 0x0888, 0x0888, 0x0888, 0x0888, 0x0888,
    0x0888, 0x0888, 0x0888, 0x0888, 0x0888, 0x0888, 0x0888, 0x0888,
    0x0888, 0x0888, 0x0888, 0x0888, 0x0888, 0x0888, 0x0888, 0x0888,
    0x0888, 0x0888, 0x0888, 0x0888, 0x0888, 0x0888, 0x0888, 0x0888,
    0x0888, 0x0888, 0x0888, 0x0888, 0x0888, 0x0888, 0x0888, 0x0888,
    0x0888, 0x0888, 0x0888, 0x0888, 0x0888, 0x0888, 0x0888, 0x0888,
    0x0888, 0x0888, 0x0888, 0x0888, 0x0888, 0x0888, 0x0888, 0x0888,
    0x0888, 0x0888, 0x0888, 0x0888, 0x0888, 0x0888, 0x0888, 0x0888,
    0x0888, 0x0888, 0x0888, 0x0888, 0x0888, 0x0888, 0x0888, 0x0888,
    0x0888, 0x0888, 0x0888, 0xF325, 0xF325, 0xF325, 0xF325, 0xF325,
    0xF325, 0xF325, 0x0888, 0x0888, 0x0888, 0x0888, 0x0888, 0x0888,
    0x0888, 0x0888, 0x0888, 0x0888, 0x0888, 0x0888, 0x0888, 0x0888,
    0x0888, 0x0888, 0x0888, 0x0888, 0x0888, 0x0888, 0x0888, 0x0888,
    0x0888, 0x0888, 0x0888, 0x0888, 0x0888, 0x0888, 0x0888, 0x0888,
    0x0888, 0x0888, 0x0888, 0x0888, 0x0888, 0x0888, 0x0888, 0x0888,
    0x0888, 0x0888, 0x0888, 0x0888, 0x0888, 0x0888, 0x0888, 0x0888,
    0x0888, 0x0888, 0x0888, 0x0888, 0x0888, 0x0888, 0x0888, 0x0888,
    0x0888, 0x0888, 0x0888, 0xF325, 0xF325, 0xF325, 0xF325, 0xF325,
    0xF325, 0xF325, 0x0888, 0x0888, 0x0888, 0x0888, 0x0888, 0x0888,
    0x0888, 0x0888, 0x0888, 0x0888, 0x0888, 0x0888, 0x0888, 0x0888,
    0x0888, 0x0888, 0x0888, 0x0888, 0x0888, 0x0888, 0x0888, 0x0888,
    0x0888, 0x0888, 0x0888, 0x0888, 0x0888, 0x0888, 0x0888, 0x0888,
    0x0888, 0x0888, 0x0888, 0x0888, 0x0888, 0x0888, 0x0888, 0xF347,
    0xF347, 0xF347, 0xF347, 0xF347, 0xF347, 0xF347, 0x0888, 0x0888,
    0x0888, 0x0888, 0x0888, 0x0888, 0x0888, 0x0888, 0x0888, 0x0888,
    0x0888, 0x0888, 0x0888, 0x0888, 0x0888, 0x0888, 0x0888, 0x0888,
    0x0888, 0x0888, 0x0888, 0x0888, 0x0888, 0x0888, 0x0888, 0x0888,
    0x0888, 0x0888, 0x0888, 0x0888, 0x0888, 0x0888, 0x0888, 0x0888,
    0x0888, 0x0888, 0x0888, 0x0888, 0x0888, 0x0888, 0x0888, 0x0888,
    0x0888, 0x0888, 0x0888, 0x0888, 0x0888, 0x0888, 0x0888, 0x0888,
    0x0888, 0x0888, 0x0888, 0x0888, 0x0888, 0x0888, 0x0888, 0xF347,
    0xF347, 0xF347, 0xF347, 0xF347, 0xF347, 0xF347, 0x0888, 0x0888,
    0x0888, 0x0888, 0x0888, 0x0888, 0x0888, 0x0888, 0x0888, 0x0888,
    0x0888, 0x0888, 0x0888, 0x0888, 0x0888, 0x0888, 0x0888, 0x0888,
    0x0888, 0x0888, 0x0888, 0x0888, 0x0888, 0x0888, 0x0888, 0x0888,
    0x0888, 0x0888, 0x0888, 0x0888, 0x0888, 0x0888, 0x0888, 0x0888,
    0x0888, 0x0888, 0x0888, 0x0888, 0x0888, 0x0888, 0x0888, 0x0888,
    0x0888, 0x0888, 0x0888, 0x0888, 0x0888, 0x0888, 0x0888, 0x0888,
    0x0888, 0x0888, 0x0888, 0x0888, 0x0888, 0x0888, 0x0888, 0x0888,
    0x0888, 0x0888, 0x0888, 0x0888, 0x0888, 0x0888, 0x0888, 0x0888,
    0x0888, 0x0888, 0x0888, 0x0888, 0x0888, 0x0888, 0x0888, 0x0888,
    0x0888, 0x0888, 0x0888, 0xF325, 0xF325, 0xF325, 0xF325, 0xF325,
    0xF325, 0xF325, 0x0888, 0x0888, 0x0888, 0x0888, 0x0888, 0x0888,
    0x0888, 0x0888, 0x0888, 0x0888, 0x0888, 0x0888, 0x0888, 0x0888,
    0x0888, 0x0888, 0x0888, 0x0888, 0x0888, 0x0888, 0x0888, 0x0888,
    0x0888, 0x0888, 0x0888, 0x0888, 0x0888, 0x0888, 0x0888, 0x0888,
    0x0888, 0x0888, 0x0888, 0x0888, 0x0888, 0x0888, 0x0888, 0x0888,
    0x0888, 0x0888, 0x0888, 0x0888, 0x0888, 0x0888, 0x0888, 0x0888,
    0x0888, 0x0888, 0x0888, 0x0888, 0x0888, 0x0888, 0x0888, 0x0888,
    0x0888, 0x0888, 0x0888, 0xF325, 0xF325, 0xF325, 0xF325, 0xF325,
    0xF325, 0xF325, 0x0888, 0x0888, 0x0888, 0x0888, 0x0888, 0x0888,
    0x0888, 0x0888, 0x0888, 0x0888, 0x0888, 0x0888, 0x0888, 0x0888,
    0x0888, 0x0888, 0x0888, 0x0888, 0x0888, 0x0888, 0x0888, 0x0888,
    0x0888, 0x0888, 0x0888, 0x0888, 0x0888, 0x0888, 0x0888, 0x0888,
    0x0888, 0x0888, 0x0888, 0x0888, 0x0888, 0x0888, 0x0888, 0xF347,
    0xF347, 0xF347, 0xF347, 0xF347, 0xF347, 0xF347, 0x0888, 0x0888,
    0x0888, 0x0888, 0x0888, 0x0888, 0x0888, 0x0888, 0x0888, 0x0888,
    0x0888, 0x0888, 0x0888, 0x0888, 0x0888, 0x0888, 0x0888, 0x0888,
    0x0888, 0x0888, 0x0888, 0x0888, 0x0888, 0x0888, 0x0888, 0x0888,
    0x0888, 0x0888, 0x0888, 0x0888, 0x0888, 0x0888, 0x0888, 0x0888,
    0x0888, 0x0888, 0x0888, 0x0888, 0x0888, 0x0888, 0x0888, 0x0888,
    0x0888, 0x0888, 0x0888, 0x0888, 0x0888, 0x0888, 0x0888, 0x0888,
    0x0888, 0x0888, 0x0888, 0x0888, 0x0888, 0x0888, 0x0888, 0xF347,
    0xF347, 0xF347, 0xF347, 0xF347, 0xF347, 0xF347, 0x0888, 0x0888,
    0x0888, 0x0888, 0x0888, 0x0888, 0x0888, 0x0888, 0x0888, 0x0888,
    0x0888, 0x0888, 0x0888, 0x0888, 0x0888, 0x0888, 0x0888, 0x0888,
    0x0888, 0x0888, 0x0888, 0x0888, 0x0888, 0x0888, 0x0888, 0x0888,
    0x0888, 0x0888, 0x0888, 0x0888, 0x0888, 0x0888, 0x0888, 0x0888,
    0x0888, 0x0888, 0x0888, 0x0888, 0x0888, 0x0888, 0x0888, 0x0888,
    0x0888, 0x0888, 0x0888, 0x0888, 0x0888, 0x0888, 0x0888, 0x0888,
    0x0888, 0x0888, 0x0888, 0x0888, 0x0888, 0x0888, 0x0888, 0x0888,
    0x0888, 0x0888, 0x0888, 0x0888, 0x0888, 0x0888, 0x0888, 0x0888,
    0x0888, 0x0888, 0x0888, 0x0888, 0x0888, 0x0888, 0x0888, 0x0888,
    0x0888, 0x0888, 0x0888, 0x0888, 0xF325, 0xF325, 0xF325, 0xF325,
    0xF325, 0xF325, 0x0888, 0x0888, 0x0888, 0x0888, 0x0888, 0x0888,
    0x0888, 0x0888, 0x0888, 0x0888, 0x0888, 0x0888, 0x0888, 0x0888,
    0x0888, 0x0888, 0x0888, 0x0888, 0x0888, 0x0888, 0x0888, 0x0888,
    0x0888, 0x0888, 0x0888, 0x0888, 0x0888, 0x0888, 0x0888, 0x0888,
    0x0888, 0x0888, 0x0888, 0x0888, 0x0888, 0x0888, 0x0888, 0x0888,
    0x0888, 0x0888, 0x0888, 0x0888, 0x0888, 0x0888, 0x0888, 0x0888,
    0x0888, 0x0888, 0x0888, 0x0888, 0x0888, 0x0888, 0x0888, 0x0888,
    0x0888, 0x0888, 0x0888, 0x0888, 0xF325, 0xF325, 0xF325, 0xF325,
    0xF325, 0xF325, 0x0888, 0x0888, 0x0888, 0x0888, 0x0888, 0x0888,
    0x0888, 0x0888, 0x0888, 0x0888, 0x0888, 0x0888, 0x0888, 0x0888,
    0x0888, 0x0888, 0x0888, 0x0888, 0x0888, 0x0888, 0x0888, 0x0888,
    0x0888, 0x0888, 0x0888, 0x0888, 0x0888, 0x0888, 0x0888, 0x0888,
    0x0888, 0x0888, 0x0888, 0x0888, 0x0888, 0x0888, 0x0888, 0x0888,
    0xF347, 0xF347, 0xF347, 0xF347, 0xF347, 0x0888, 0x0888, 0x0888,
    0x0888, 0x0888, 0x0888, 0x0888, 0x0888, 0x0888, 0x0888, 0x0888,
    0x0888, 0x0888, 0x0888, 0x0888, 0x0888, 0x0888, 0x0888, 0x0888,
    0x0888, 0x0888, 0x0888, 0x0888, 0x0888, 0x0888, 0x0888, 0x0888,
    0x0888, 0x0888, 0x0888, 0x0888, 0x0888, 0x0888, 0x0888, 0x0888,
    0x0888, 0x0888, 0x0888, 0x0888, 0x0888, 0x0888, 0x0888, 0x0888,
    0x0888, 0x0888, 0x0888, 0x0888, 0x0888, 0x0888, 0x0888, 0x0888,
    0x0888, 0x0888, 0x0888, 0x0888, 0x0888, 0x0888, 0x0888, 0x0888,
    0xF347, 0xF347, 0xF347, 0xF347, 0xF347, 0x0888, 0x0888, 0x0888,
    0x0888, 0x0888, 0x0888, 0x0888, 0x0888, 0x0888, 0x0888, 0x0888,
    0x0888, 0x0888, 0x0888, 0x0888, 0x0888, 0x0888, 0x0888, 0x0888,
    0x0888, 0x0888, 0x0888, 0x0888, 0x0888, 0x0888, 0x0888, 0x0888,
    0x0888, 0x0888, 0x0888, 0x0888, 0x0888, 0x0888, 0x0888, 0x0888,
    0x0888, 0x0888, 0x0888, 0x0888, 0x0888, 0x0888, 0x0888, 0x0888,
    0x0888, 0x0888, 0x0888, 0x0888, 0x0888, 0x0888, 0x0888, 0x0888,
    0x0888, 0x0888, 0x0888, 0x0888, 0x0888, 0x0888, 0x0888, 0x0888,
    0x0888, 0x0888, 0x0888, 0x0888, 0x0888, 0x0888, 0x0888, 0x0888,
    0x0888, 0x0888, 0x0888, 0x0888, 0x0888, 0x0888, 0x0888, 0x0888,
    0x0888, 0x0888, 0x0888, 0x0888, 0xF325, 0xF325, 0xF325, 0xF325,
    0xF325, 0xF325, 0x0888, 0x0888, 0x0888, 0x0888, 0x0888, 0x0888,
    0x0888, 0x0888, 0x0888, 0x0888, 0x0888, 0x0888, 0x0888, 0x0888,
    0x0888, 0x0888, 0x0888, 0x0888, 0x0888, 0x0888, 0x0888, 0x0888,
    0x0888, 0x0888, 0x0888, 0x0888, 0x0888, 0x0888, 0x0888, 0x0888,
    0x0888, 0x0888, 0x0888, 0x0888, 0x0888, 0x0888, 0x0888, 0x0888,
    0x0888, 0x0888, 0x0888, 0x0888, 0x0888, 0x0888, 0x0888, 0x0888,
    0x0888, 0x0888, 0x0888, 0x0888, 0x0888, 0x0888, 0x0888, 0x0888,
    0x0888, 0x0888, 0x0888, 0x0888, 0xF325, 0xF325, 0xF325, 0xF325,
    0xF325, 0xF325, 0x0888, 0x0888, 0x0888, 0x0888, 0x0888, 0x0888,
    0x0888, 0x0888, 0x0888, 0x0888, 0x0888, 0x0888, 0x0888, 0x0888,
    0x0888, 0x0888, 0x0888, 0x0888, 0x0888, 0x0888, 0x0888, 0x0888,
    0x0888, 0x0888, 0x0888, 0x0888, 0x0888, 0x0888, 0x0888, 0x0888,
    0x0888, 0x0888, 0x0888, 0x0888, 0x0888, 0x0888, 0x0888, 0x0888,
    0x0888, 0x0888, 0xF347, 0xF347, 0xF347, 0x0888, 0x0888, 0x0888,
    0x0888, 0x0888, 0x0888, 0x0888, 0x0888, 0x0888, 0x0888, 0x0888,
    0x0888, 0x0888, 0x0888, 0x0888, 0x0888, 0x0888, 0x0888, 0x0888,
    0x0888, 0x0888, 0x0888, 0x0888, 0x0888, 0x0888, 0x0888, 0x0888,
    0x0888, 0x0888, 0x0888, 0x0888, 0x0888, 0x0888, 0x0888, 0x0888,
    0x0888, 0x0888, 0x0888, 0x0888, 0x0888, 0x0888, 0x0888, 0x0888,
    0x0888, 0x0888, 0x0888, 0x0888, 0x0888, 0x0888, 0x0888, 0x0888,
    0x0888, 0x0888, 0x0888, 0x0888, 0x0888, 0x0888, 0x0888, 0x0888,
    0x0888, 0x0888, 0xF347, 0xF347, 0xF347, 0x0888, 0x0888, 0x0888,
    0x0888, 0x0888, 0x0888, 0x0888, 0x0888, 0x0888, 0x0888, 0x0888,
    0x0888, 0x0888, 0x0888, 0x0888, 0x0888, 0x0888, 0x0888, 0x0888,
    0x0888, 0x0888, 0x0888, 0x0888, 0x0888, 0x0888, 0x0888, 0x0888,
    0x0888, 0x0888, 0x0888, 0x0888, 0x0888, 0x0888, 0x0888, 0x0888,
    0x0888, 0x0888, 0x0888, 0x0888, 0x0888, 0x0888, 0x0888, 0x0888,
    0x0888, 0x0888, 0x0888, 0x0888, 0x0888, 0x0888, 0x0888, 0x0888,
    0x0888, 0x0888, 0x0888, 0x0888, 0x0888, 0x0888, 0x0888, 0x0888,
    0x0888, 0x0888, 0x0888, 0x0888, 0x0888, 0x0888, 0x0888, 0x0888,
    0x0888, 0x0888, 0x0888, 0x0888, 0x0888, 0x0888, 0x0888, 0x0888,
    0x0888, 0x0888, 0x0888, 0x0888, 0x0888, 0xF325, 0xF325, 0xF325,
    0xF325, 0x0888, 0x0888, 0x0888, 0x0888, 0x0888, 0x0888, 0x0888,
    0x0888, 0x0888, 0x0888, 0x0888, 0x0888, 0x0888, 0x0888, 0x0888,
    0x0888, 0x0888, 0x0888, 0x0888, 0x0888, 0x0888, 0x0888, 0x0888,
    0x0888, 0x0888, 0x0888, 0x0888, 0x0888, 0x0888, 0x0888, 0x0888,
    0x0888, 0x0888, 0x0888, 0x0888, 0x0888, 0x0888, 0x0888, 0x0888,
    0x0888, 0x0888, 0x0888, 0x0888, 0x0888, 0x0888, 0x0888, 0x0888,
    0x0888, 0x0888, 0x0888, 0x0888, 0x0888, 0x0888, 0x0888, 0x0888,
    0x0888, 0x0888, 0x0888, 0x0888, 0x0888, 0xF325, 0xF325, 0xF325,
    0xF325, 0x0888, 0x0888, 0x0888, 0x0888, 0x0888, 0x0888, 0x0888,
    0x0888, 0x0888, 0x0888, 0x0888, 0x0888, 0x0888, 0x0888, 0x0888,
    0x0888, 0x0888, 0x0888, 0x0888, 0x0888, 0x0888, 0x0888, 0x0888,
    0x0888, 0x0888, 0x0888, 0x0888, 0x0888, 0x0888, 0x0888, 0x0888,
    0x0888, 0x0888, 0x0888, 0x0888, 0x0888, 0x0888, 0x0888, 0x0888,
    0x0888, 0x0888, 0x0888, 0x0888, 0x0888, 0x0888, 0x0888, 0x0888,
    0x0888, 0x0888, 0x0888, 0x0888, 0x0888, 0x0888, 0x0888, 0x0888,
    0x0888, 0x0888, 0x0888, 0x0888, 0x0888, 0x0888, 0x0888, 0x0888,
    0x0888, 0x0888, 0x0888, 0x0888, 0x0888, 0x0888, 0x0888, 0x0888,
    0x0888, 0x0888, 0x0888, 0x0888, 0x0888, 0x0888, 0x0888, 0x0888,
    0x0888, 0x0888, 0x0888, 0x0888, 0x0888, 0x0888, 0x0888, 0x0888,
    0x0888, 0x0888, 0x0888, 0x0888, 0x0888, 0x0888, 0x0888, 0x0888,
    0x0888, 0x0888, 0x0888, 0x0888, 0x0888, 0x0888, 0x0888, 0x0888,
    0x0888, 0x0888, 0x0888, 0x0888, 0x0888, 0x0888, 0x0888, 0x0888,
    0x0888, 0x0888, 0x0888, 0x0888, 0x0888, 0x0888, 0x0888, 0x0888,
    0x0888, 0x0888, 0x0888, 0x0888, 0x0888, 0x0888, 0x0888, 0x0888,
    0x0888, 0x0888, 0x0888, 0x0888, 0x0888, 0x0888, 0x0888, 0x0888,
    0x0888, 0x0888, 0x0888, 0x0888, 0x0888, 0x0888, 0x0888, 0x0888,
    0x0888, 0x0888, 0x0888, 0x0888, 0x0888, 0x0888, 0x0888, 0x0888,
    0x0888, 0x0888, 0x0888, 0x0888, 0x0888, 0x0888, 0x0888, 0x0888,
    0x0888, 0x0888, 0x0888, 0x0888, 0x0888, 0x0888, 0x0888, 0x0888,
    0x0888, 0x0888, 0x0888, 0x0888, 0x0888, 0x0888, 0x0888, 0x0888,
    0x0888, 0x0888, 0x0888, 0x0888, 0x0888, 0x0888, 0x0888, 0x0888,
    0x0888, 0x0888, 0x0888, 0x0888, 0x0888, 0x0888, 0x0888, 0x0888,
    0x0888, 0x0888, 0x0888, 0x0888, 0x0888, 0x0888, 0x0888, 0x0888,
    0x0888, 0x0888, 0x0888, 0x0888, 0x0888, 0x0888, 0x0888, 0x0888,
    0x0888, 0x0888, 0x0888, 0x0888, 0x0888, 0x0888, 0x0888, 0x0888,
    0x0888, 0x0888, 0x0888, 0x0888, 0x0888, 0x0888, 0x0888, 0x0888,
    0x0888, 0x0888, 0x0888, 0x0888, 0x0888, 0x0888, 0x0888, 0x0888,
    0x0888, 0x0888, 0x0888, 0x0888, 0x0888, 0x0888, 0x0888, 0x0888,
    0x0888, 0x0888, 0x0888, 0x0888, 0x0888, 0x0888, 0x0888, 0x0888,
    0x0888, 0x0888, 0x0888, 0x0888, 0x0888, 0x0888, 0x0888, 0x0888,
    0x0888, 0x0888, 0x0888, 0x0888, 0x0888, 0x0888, 0x0888, 0x0888,
    0x0888, 0x0888, 0x0888, 0x0888, 0x0888, 0x0888, 0x0888, 0x0888,
    0x0888, 0x0888, 0x0888, 0x0888, 0x0888, 0x0888, 0x0888, 0x0888,
    0x0888, 0x0888, 0x0888, 0x0888, 0x0888, 0x0888, 0x0888, 0x0888,
    0x0888, 0x0888, 0x0888, 0x0888, 0x0888, 0x0888, 0x0888, 0x0888,
    0x0888, 0x0888, 0x0888, 0x0888, 0x0888, 0x0888, 0x0888, 0x0888,
    0x0888, 0x0888, 0x0888, 0x0888, 0x0888, 0x0888, 0x0888, 0x0888,
    0x0888, 0x0888, 0x0888, 0x0888, 0x0888, 0x0888, 0x0888, 0x0888,
    0x0888, 0x0888, 0x0888, 0x0888, 0x0888, 0x0888, 0x0888, 0x0888,
    0x0888, 0x0888, 0x0888, 0x0888, 0x0888, 0x0888, 0x0888, 0x0888,
    0x0888, 0x0888, 0x0888, 0x0888, 0x0888, 0x0888, 0x0888, 0x0888,
    0x0888, 0x0888, 0x0888, 0x0888, 0x0888, 0x0888, 0x0888, 0x0888,
    0x0888, 0x0888, 0x0888, 0x0888, 0x0888, 0x0888, 0x0888, 0x0888,
    0x0888, 0x0888, 0x0888, 0x0888, 0x0888, 0x0888, 0x0888, 0x0888,
    0x0888, 0x0888, 0x0888, 0x0888, 0x0888, 0x0888, 0x0888, 0x0888,
    0x0888, 0x0888, 0x0888, 0x0888, 0x0888, 0x0888, 0x0888, 0x0888,
    0x0888, 0x0888, 0x0888, 0x0888, 0x0888, 0x0888, 0x0888, 0x0888,
    0x0888, 0x0888, 0x0888, 0x0888, 0x0888, 0x0888, 0x0888, 0x0888,
    0x0888, 0x0888, 0x0888, 0x0888, 0x0888, 0x0888, 0x0888, 0x0888,
    0x0888, 0x0888, 0x0888, 0x0888, 0x0888, 0x0888, 0x0888, 0x0888,
    0x0888, 0x0888, 0x0888, 0x0888, 0x0888, 0x0888, 0x0888, 0x0888,
    0x0888, 0x0888, 0x0888, 0x0888, 0x0888, 0x0888, 0x0888, 0x0888,
    0x0888, 0x0888, 0x0888, 0x0888, 0x0888, 0x0888, 0x0888, 0x0888,
    0x0888, 0x0888, 0x0888, 0x0888, 0x0888, 0x0888, 0x0888, 0x0888,
    0x0888, 0x0888, 0x0888, 0x0888, 0x0888, 0x0888, 0x0888, 0x0888,
    0x0888, 0x0888, 0x0888, 0x0888, 0x0888, 0x0888, 0x0888, 0x0888,
    0x0888, 0x0888, 0x0888, 0x0888, 0x0888, 0x0888, 0x0888, 0x0888,
    0x0888, 0x0888, 0x0888, 0x0888, 0x0888, 0x0888, 0x0888, 0x0888,
    0x0888, 0x0888, 0x0888, 0x0888, 0x0888, 0x0888, 0x0888, 0x0888,
    0x0888, 0x0888, 0x0888, 0x0888, 0x0888, 0x0888, 0x0888, 0x0888,
    0x0888, 0x0888, 0x0888, 0x0888, 0x0888, 0x0888, 0x0888, 0x0888,
    0x0888, 0x0888, 0x0888, 0x0888, 0x0888, 0x0888, 0x0888, 0x0888,
    0x0888, 0x0888, 0x0888, 0x0888, 0x0888, 0x0888, 0x0888, 0x0888,
    0x0888, 0x0888, 0x0888, 0x0888, 0x0888, 0x0888, 0x0888, 0x0888,
    0x0888, 0x0888, 0x0888, 0x0888, 0x0888, 0x0888, 0x0888, 0x0888,
    0x0888, 0x0888, 0x0888, 0x0888, 0x0888, 0x0888, 0x0888, 0x0888,
    0x0888, 0x0888, 0x0888, 0x0888, 0x0888, 0x0888, 0x0888, 0x0888,
    0x0888, 0x0888, 0x0888, 0x0888, 0x0888, 0x0888, 0x0888, 0x0888,
    0x0888, 0x0888, 0x0888, 0x0888, 0x0888, 0x0888, 0x0888, 0x0888,
    0x0888, 0x0888, 0x0888, 0x0888, 0x0888, 0x0888, 0x0888, 0x0888,
    0x0888, 0x0888, 0x0888, 0x0888, 0x0888, 0x0888, 0x0888, 0x0888,
    0x0888, 0x0888, 0x0888, 0x0888, 0x0888, 0x0888, 0x0888, 0x0888,
    0x0888, 0x0888, 0x0888, 0x0888, 0x0888, 0x0888, 0x0888, 0x0888,
    0x0888, 0x0888, 0x0888, 0x0888, 0x0888, 0x0888, 0x0888, 0x0888,
    0x0888, 0x0888, 0x0888, 0x0888, 0x0888, 0x0888, 0x0888, 0x0888,
    0x0888, 0x0888, 0x0888, 0x0888, 0x0888, 0x0888, 0x0888, 0x0888,
    0x0888, 0x0888, 0x0888, 0x0888, 0x0888, 0x0888, 0x0888, 0x0888,
    0x0888, 0x0888, 0x0888, 0x0888, 0x0888, 0x0888, 0x0888, 0x0888,
    0x0888, 0x0888, 0x0888, 0x0888, 0x0888, 0x0888, 0x0888, 0x0888,
    0x0888, 0x0888, 0x0888, 0x0888, 0x0888, 0x0888, 0x0888, 0x0888,
    0x0888, 0x0888, 0x0888, 0x0888, 0x0888, 0x0888, 0x0888, 0x0888,
    0x0888, 0x0888, 0x0888, 0x0888, 0x0888, 0x0888, 0x0888, 0x0888,
    0x0888, 0x0888, 0x0888, 0x0888, 0x0888, 0x0888, 0x0888, 0x0888,
    0x0888, 0x0888, 0x0888, 0x0888, 0x0888, 0x0888, 0x0888, 0x0888,
    0x0888, 0x0888, 0x0888, 0x0888, 0x0888, 0x0888, 0x0888, 0x0888,
    0x0888, 0x0888, 0x0888, 0x0888, 0x0888, 0x0888, 0x0888, 0x0888,
    0x0888, 0x0888, 0x0888, 0x0888, 0x0888, 0x0888, 0x0888, 0x0888,
    0x0888, 0x0888, 0x0888, 0x0888, 0x0888, 0x0888, 0x0888, 0x0888,
    0x0888, 0x0888, 0x0888, 0x0888, 0x0888, 0x0888, 0x0888, 0x0888,
    0x0888, 0x0888, 0x0888, 0x0888, 0x0888, 0x0888, 0x0888, 0x0888,
    0x0888, 0x0888, 0x0888, 0x0888, 0x0888, 0x0888, 0x0888, 0x0888,
    0x0888, 0x0888, 0x0888, 0x0888, 0x0888, 0x0888, 0x0888, 0x0888,
    0x0888, 0x0888, 0x0888, 0x0888, 0x0888, 0x0888, 0x0888, 0x0888,
    0x0888, 0x0888, 0x0888, 0x0888, 0x0888, 0x0888, 0x0888, 0x0888,
    0x0888, 0x0888, 0x0888, 0x0888, 0x0888, 0x0888, 0x0888, 0x0888,
    0x0888, 0x0888, 0x0888, 0x0888, 0x0888, 0x0888, 0x0888, 0x0888,
    0x0888, 0x0888, 0x0888, 0x0888, 0x0888, 0x0888, 0x0888, 0x0888,
    0x0888, 0x0888, 0x0888, 0x0888, 0x0888, 0x0888, 0x0888, 0x0888,
    0x0888, 0x0888, 0x0888, 0x0888, 0x0888, 0x0888, 0x0888, 0x0888,
    0x0888, 0x0888, 0x0888, 0x0888, 0x0888, 0x0888, 0x0888, 0x0888,
    0x0888, 0x0888, 0x0888, 0x0888, 0x0888, 0x0888, 0x0888, 0x0888,
    0x0888, 0x0888, 0x0888, 0x0888, 0x0888, 0x0888, 0x0888, 0x0888,
    0x0888, 0x0888, 0x0888, 0x0888, 0x0888, 0x0888, 0x0888, 0x0888,
    0x0888, 0x0888, 0x0888, 0x0888, 0x0888, 0x0888, 0x0888, 0x0888,
    0x0888, 0x0888, 0x0888, 0x0888, 0x0888, 0x0888, 0x0888, 0x0888,
    0x0888, 0x0888, 0x0888, 0x0888, 0x0888, 0x0888, 0x0888, 0x0888,
    0x0888, 0x0888, 0x0888, 0x0888, 0x0888, 0x0888, 0x0888, 0x0888,
    0x0888, 0x0888, 0x0888, 0x0888, 0x0888, 0x0888, 0x0888, 0x0888,
    0x0888, 0x0888, 0x0888, 0x0888, 0x0888, 0x0888, 0x0888, 0x0888,
    0x0888, 0x0888, 0x0888, 0x0888, 0x0888, 0x0888, 0x0888, 0x0888,
    0x0888, 0x0888, 0x0888, 0x0888, 0x0888, 0x0888, 0x0888, 0x0888,
    0x0888, 0x0888, 0x0888, 0x0888, 0x0888, 0x0888, 0x0888, 0x0888,
    0x0888, 0x0888, 0x0888, 0x0888, 0x0888, 0x0888, 0x0888, 0x0888,
    0x0888, 0x0888, 0x0888, 0x0888, 0x0888, 0x0888, 0x0888, 0x0888,
    0x0888, 0x0888, 0x0888, 0x0888, 0x0888, 0x0888, 0x0888, 0x0888,
    0x0888, 0x0888, 0x0888, 0x0888, 0x0888, 0x0888, 0x0888, 0x0888,
    0x0888, 0x0888, 0x0888, 0x0888, 0x0888, 0x0888, 0x0888, 0x0888,
    0x0888, 0x0888, 0x0888, 0x0888, 0x0888, 0x0888, 0x0888, 0x0888,
    0x0888, 0x0888, 0x0888, 0x0888, 0x0888, 0x0888, 0x0888, 0x0888,
    0x0888, 0x0888, 0x0888, 0x0888, 0x0888, 0x0888, 0x0888, 0x0888,
    0x0888, 0x0888, 0x0888, 0x0888, 0x0888, 0x0888, 0x0888, 0x0888,
    0x0888, 0x0888, 0x0888, 0x0888, 0x0888, 0x0888, 0x0888, 0x0888,
    0x0888, 0x0888, 0x0888, 0x0888, 0x0888, 0x0888, 0x0888, 0x0888,
    0x0888, 0x0888, 0x0888, 0x0888, 0x0888, 0x0888, 0x0888, 0x0888,
    0x0888, 0x0888, 0x0888, 0x0888, 0x0888, 0x0888, 0x0888, 0x0888,
    0x0888, 0x0888, 0x0888, 0x0888, 0x0888, 0x0888, 0x0888, 0x0888,
    0x0888, 0x0888, 0x0888, 0x0888, 0x0888, 0x0888, 0x0888, 0x0888,
    0x0888, 0x0888, 0x0888, 0x0888, 0x0888, 0x0888, 0x0888, 0x0888,
    0x0888, 0x0888, 0x0888, 0x0888, 0x0888, 0x0888, 0x0888, 0x0888,
    0x0888, 0x0888, 0x0888, 0x0888, 0x0888, 0x0888, 0x0888, 0x0888,
    0x0888, 0x0888, 0x0888, 0x0888, 0x0888, 0x0888, 0x0888, 0x0888,
    0x0888, 0x0888, 0x0888, 0x0888, 0x0888, 0x0888, 0x0888, 0x0888,
    0x0888, 0x0888, 0x0888, 0x0888, 0x0888, 0x0888, 0x0888, 0x0888,
    0x0888, 0x0888, 0x0888, 0x0888, 0x0888, 0x0888, 0x0888, 0x0888,
    0x0888, 0x0888, 0x0888, 0x0888, 0x0888, 0x0888, 0x0888, 0x0888,
    0x0888, 0x0888, 0x0888, 0x0888, 0x0888, 0x0888, 0x0888, 0x0888,
    0x0888, 0x0888, 0x0888, 0x0888, 0x0888, 0x0888, 0x0888, 0x0888,
    0x0888, 0x0888, 0x0888, 0x0888, 0x0888, 0x0888, 0x0888, 0x0888,
    0x0888, 0x0888, 0x0888, 0x0888, 0x0888, 0x0888, 0x0888, 0x0888,
    0x0888, 0x0888, 0x0888, 0x0888, 0x0888, 0x0888, 0x0888, 0x0888,
    0x0888, 0x0888, 0x0888, 0x0888, 0x0888, 0x0888, 0x0888, 0x0888,
    0x0888, 0x0888, 0x0888, 0x0888, 0x0888, 0x0888, 0x0888, 0x0888,
    0x0888, 0x0888, 0x0888, 0x0888, 0x0888, 0x0888, 0x0888, 0x0888,
    0x0888, 0x0888, 0x0888, 0x0888, 0x0888, 0x0888, 0x0888, 0x0888,
    0x0888, 0x0888, 0x0888, 0x0888, 0x0888, 0x0888, 0x0888, 0x0888,
    0x0888, 0x0888, 0x0888, 0x0888, 0x0888, 0x0888, 0x0888, 0x0888,
    0x0888, 0x0888, 0x0888, 0x0888, 0x0888, 0x0888, 0x0888, 0x0888,
    0x0888, 0x0888, 0x0888, 0x0888, 0x0888, 0x0888, 0x0888, 0x0888,
    0x0888, 0x0888, 0x0888, 0x0888, 0x0888, 0x0888, 0x0888, 0x0888,
    0x0888, 0x0888, 0x0888, 0x0888, 0x0888, 0x0888, 0x0888, 0x0888,
    0x0888, 0x0888, 0x0888, 0x0888, 0x0888, 0x0888, 0x0888, 0x0888,
    0x0888, 0x0888, 0x0888, 0x0888, 0x0888, 0x0888, 0x0888, 0x0888,
    0x0888, 0x0888, 0x0888, 0x0888, 0x0888, 0x0888, 0x0888, 0x0888,
    0x0888, 0x0888, 0x0888, 0x0888, 0x0888, 0x0888, 0x0888, 0x0888,
    0x0888, 0x0888, 0x0888, 0x0888, 0x0888, 0x0888, 0x0888, 0x0888,
    0x0888, 0x0888, 0x0888, 0x0888, 0x0888, 0x0888, 0x0888, 0x0888,
    0x0888, 0x0888, 0x0888, 0x0888, 0x0888, 0x0888, 0x0888, 0x0888,
    0x0888, 0x0888, 0x0888, 0x0888, 0x0888, 0x0888, 0x0888, 0x0888,
    0x0888, 0x0888, 0x0888, 0x0888, 0x0888, 0x0888, 0x0888, 0x0888,
    0x0888, 0x0888, 0x0888, 0x0888, 0x0888, 0x0888, 0x0888, 0x0888,
    0x0888, 0x0888, 0x0888, 0x0888, 0x0888, 0x0888, 0x0888, 0x0888,
    0x0888, 0x0888, 0x0888, 0x0888, 0x0888, 0x0888, 0x0888, 0x0888,
    0x0888, 0x0888, 0x0888, 0x0888, 0x0888, 0x0888, 0x0888, 0x0888,
    0x0888, 0x0888, 0x0888, 0x0888, 0x0888, 0x0888, 0x0888, 0x0888,
    0x0888, 0x0888, 0x0888, 0x0888, 0x0888, 0x0888, 0x0888, 0x0888,
    0x0888, 0x0888, 0x0888, 0x0888, 0x0888, 0x0888, 0x0888, 0x0888,
    0x0888, 0x0888, 0x0888, 0x0888, 0x0888, 0x0888, 0x0888, 0x0888,
    0x0888, 0x0888, 0x0888, 0x0888, 0x0888, 0x0888, 0x0888, 0x0888,
    0x0888, 0x0888, 0x0888, 0x0888, 0x0888, 0x0888, 0x0888, 0x0888,
    0x0888, 0x0888, 0x0888, 0x0888, 0x0888, 0x0888, 0x0888, 0x0888,
    0x0888, 0x0888, 0x0888, 0x0888, 0x0888, 0x0888, 0x0888, 0x0888,
    0x0888, 0x0888, 0x0888, 0x0888, 0x0888, 0x0888, 0x0888, 0x0888,
    0x0888, 0x0888, 0x0888, 0x0888, 0x0888, 0x0888, 0x0888, 0x0888,
    0x0888, 0x0888, 0x0888, 0x0888, 0x0888, 0x0888, 0x0888, 0x0888,
    0x0888, 0x0888, 0x0888, 0x0888, 0x0888, 0x0888, 0x0888, 0x0888,
    0x0888, 0x0888, 0x0888, 0x0888, 0x0888, 0x0888, 0x0888, 0x0888,
    0x0888, 0x0888, 0x0888, 0x0888, 0x0888, 0x0888, 0x0888, 0x0888,
    0x0888, 0x0888, 0x0888, 0x0888, 0x0888, 0x0888, 0x0888, 0x0888,
    0x0888, 0x0888, 0x0888, 0x0888, 0x0888, 0x0888, 0x0888, 0x0888,
    0x0888, 0x0888, 0x0888, 0x0888, 0x0888, 0x0888, 0x0888, 0x0888,
    0x0888, 0x0888, 0x0888, 0x0888, 0x0888, 0x0888, 0x0888, 0x0888,
    0x0888, 0x0888, 0x0888, 0x0888, 0x0888, 0x0888, 0x0888, 0x0888,
    0x0888, 0x0888, 0x0888, 0x0888, 0x0888, 0x0888, 0x0888, 0x0888,
    0x0888, 0x0888, 0x0888, 0x0888, 0x0888, 0x0888, 0x0888, 0x0888,
    0x0888, 0x0888, 0x0888, 0x0888, 0x0888, 0x0888, 0x0888, 0x0888,
    0x0888, 0x0888, 0x0888, 0x0888, 0x0888, 0x0888, 0x0888, 0x0888,
    0x0888, 0x0888, 0x0888, 0x0888, 0x0888, 0x0888, 0x0888, 0x0888,
    0x0888, 0x0888, 0x0888, 0x0888, 0x0888, 0x0888, 0x0888, 0x0888,
    0x0888, 0x0888, 0x0888, 0x0888, 0x0888, 0x0888, 0x0888, 0x0888,
    0x0888, 0x0888, 0x0888, 0x0888, 0x0888, 0x0888, 0x0888, 0x0888,
    0x0888, 0x0888, 0x0888, 0x0888, 0x0888, 0x0888, 0x0888, 0x0888,
    0x0888, 0x0888, 0x0888, 0x0888, 0x0888, 0x0888, 0x0888, 0x0888,
    0x0888, 0x0888, 0x0888, 0x0888, 0x0888, 0x0888, 0x0888, 0x0888,
    0x0888, 0x0888, 0x0888, 0x0888, 0x0888, 0x0888, 0x0888, 0x0888,
    0x0888, 0x0888, 0x0888, 0x0888, 0x0888, 0x0888, 0x0888, 0x0888,
    0x0888, 0x0888, 0x0888, 0x0888, 0x0888, 0x0888, 0x0888, 0x0888,
    0x0888, 0x0888, 0x0888, 0x0888, 0x0888, 0x0888, 0x0888, 0x0888,
    0x0888, 0x0888, 0x0888, 0x0888, 0x0888, 0x0888, 0x0888, 0x0888,
    0x0888, 0x0888, 0x0888, 0x0888, 0x0888, 0x0888, 0x0888, 0x0888,
    0x0888, 0x0888, 0x0888, 0x0888, 0x0888, 0x0888, 0x0888, 0x0888,
    0x0888, 0x0888, 0x0888, 0x0888, 0x0888, 0x0888, 0x0888, 0x0888,
    0x0888, 0x0888, 0x0888, 0x0888, 0x0888, 0x0888, 0x0888, 0x0888,
    0x0888, 0x0888, 0x0888, 0x0888, 0x0888, 0x0888, 0x0888, 0x0888,
    0x0888, 0x0888, 0x0888, 0x0888, 0x0888, 0x0888, 0x0888, 0x0888,
    0x0888, 0x0888, 0x0888, 0x0888, 0x0888, 0x0888, 0x0888, 0x0888,
    0x0888, 0x0888, 0x0888, 0x0888, 0x0888, 0x0888, 0x0888, 0x0888,
    0x0888, 0x0888, 0x0888, 0x0888, 0x0888, 0x0888, 0x0888, 0x0888,
    0x0888, 0x0888, 0x0888, 0x0888, 0x0888, 0x0888, 0x0888, 0x0888,
    0x0888, 0x0888, 0x0888, 0x0888, 0x0888, 0x0888, 0x0888, 0x0888,
    0x0888, 0x0888, 0x0888, 0x0888, 0x0888, 0x0888, 0x0888, 0x0888,
    0x0888, 0x0888, 0x0888, 0x0888, 0x0888, 0x0888, 0x0888, 0x0888,
    0x0888, 0x0888, 0x0888, 0x0888, 0x0888, 0x0888, 0x0888, 0x0888,
    0x0888, 0x0888, 0x0888, 0x0888, 0x0888, 0x0888, 0x0888, 0x0888,
    0x0888, 0x0888, 0x0888, 0x0888, 0x0888, 0x0888, 0x0888, 0x0888,
    0x0888, 0x0888, 0x0888, 0x0888, 0x0888, 0x0888, 0x0888, 0x0888,
    0x0888, 0x0888, 0x0888, 0x0888, 0x0888, 0x0888, 0x0888, 0x0888,
    0x0888, 0x0888, 0x0888, 0x0888, 0x0888, 0x0888, 0x0888, 0x0888,
    0x0888, 0x0888, 0x0888, 0x0888, 0x0888, 0x0888, 0x0888, 0x0888,
    0x0888, 0x0888, 0x0888, 0x0888, 0x0888, 0x0888, 0x0888, 0x0888,
    0x0888, 0x0888, 0x0888, 0x0888, 0x0888, 0x0888, 0x0888, 0x0888,
    0x0888, 0x0888, 0x0888, 0x0888, 0x0888, 0x0888, 0x0888, 0x0888,
    0x0888, 0x0888, 0x0888, 0x0888, 0x0888, 0x0888, 0x0888, 0x0888,
    0x0888, 0x0888, 0x0888, 0x0888, 0x0888, 0x0888, 0x0888, 0x0888,
    0x0888, 0x0888, 0x0888, 0x0888, 0x0888, 0x0888, 0x0888, 0x0888,
    0x0888, 0x0888, 0x0888, 0x0888, 0x0888, 0x0888, 0x0888, 0x0888,
    0x0888, 0x0888, 0x0888, 0x0888, 0x0888, 0x0888, 0x0888, 0x0888,
    0x0888, 0x0888, 0x0888, 0x0888, 0x0888, 0x0888, 0x0888, 0x0888,
    0x0888, 0x0888, 0x0888, 0x0888, 0xFFDA, 0xFDA6, 0xFDA6, 0x0888,
    0x0888, 0x0888, 0x0888, 0x0888, 0x0888, 0x0888, 0x0888, 0x0888,
    0x0888, 0x0888, 0x0888, 0x0888, 0x0888, 0x0888, 0x0888, 0x0888,
    0x0888, 0x0888, 0x0888, 0x0888, 0x0888, 0x0888, 0x0888, 0x0888,
    0x0888, 0x0888, 0x0888, 0x0888, 0x0888, 0x0888, 0x0888, 0x0888,
    0x0888, 0x0888, 0x0888, 0x0888, 0x0888, 0x0888, 0x0888, 0x0888,
    0x0888, 0x0888, 0x0888, 0x0888, 0x0888, 0x0888, 0x0888, 0x0888,
    0x0888, 0x0888, 0x0888, 0x0888, 0x0888, 0x0888, 0x0888, 0x0888,
    0x0888, 0x0888, 0x0888, 0x0888, 0x0888, 0x0888, 0x0888, 0x0888,
    0x0888, 0x0888, 0x0888, 0x0888, 0x0888, 0x0888, 0x0888, 0x0888,
    0x0888, 0x0888, 0x0888, 0x0888, 0x0888, 0x0888, 0x0888, 0x0888,
    0x0888, 0x0888, 0x0888, 0x0888, 0x0888, 0x0888, 0x0888, 0x0888,
    0x0888, 0x0888, 0x0888, 0x0888, 0x0888, 0x0888, 0x0888, 0x0888,
    0x0888, 0x0888, 0x0888, 0x0888, 0x0888, 0x0888, 0x0888, 0x0888,
    0x0888, 0x0888, 0x0888, 0x0888, 0x0888, 0x0888, 0x0888, 0x0888,
    0x0888, 0x0888, 0x0888, 0x0888, 0x0888, 0x0888, 0x0888, 0x0888,
    0x0888, 0x0888, 0x0888, 0x0888, 0x0888, 0x0888, 0x0888, 0x0888,
    0x0888, 0x0888, 0x0888, 0x0888, 0x0888, 0x0888, 0x0888, 0x0888,
    0x0888, 0x0888, 0x0888, 0x0888, 0x0888, 0x0888, 0x0888, 0x0888,
    0x0888, 0x0888, 0x0888, 0x0888, 0x0888, 0x0888, 0x0888, 0x0888,
    0x0888, 0x0888, 0x0888, 0x0888, 0x0888, 0x0888, 0x0888, 0x0888,
    0x0888, 0x0888, 0x0888, 0x0888, 0x0888, 0x0888, 0x0888, 0x0888,
    0x0888, 0x0888, 0x0888, 0x0888, 0x0888, 0x0888, 0x0888, 0x0888,
    0x0888, 0x0888, 0x0888, 0x0888, 0x0888, 0x0888, 0x0888, 0x0888,
    0x0888, 0x0888, 0x0888, 0x0888, 0x0888, 0x0888, 0x0888, 0x0888,
    0x0888, 0x0888, 0x0888, 0x0888, 0x0888, 0x0888, 0x0888, 0x0888,
    0x0888, 0x0888, 0x0888, 0x0888, 0x0888, 0x0888, 0x0888, 0x0888,
    0x0888, 0x0888, 0x0888, 0x0888, 0x0888, 0x0888, 0x0888, 0x0888,
    0x0888, 0x0888, 0x0888, 0x0888, 0x0888, 0x0888, 0x0888, 0x0888,
    0x0888, 0x0888, 0x0888, 0x0888, 0x0888, 0x0888, 0x0888, 0x0888,
    0x0888, 0x0888, 0x0888, 0x0888, 0x0888, 0x0888, 0x0888, 0x0888,
    0x0888, 0x0888, 0x0888, 0x0888, 0x0888, 0x0888, 0x0888, 0x0888,
    0x0888, 0x0888, 0x0888, 0xFFDA, 0xFDA6, 0xFDA6, 0xFFBB, 0xFDA6,
    0x0888, 0x0888, 0x0888, 0x0888, 0x0888, 0x0888, 0x0888, 0x0888,
    0x0888, 0x0888, 0x0888, 0x0888, 0x0888, 0x0888, 0x0888, 0x0888,
    0x0888, 0x0888, 0x0888, 0x0888, 0x0888, 0x0888, 0x0888, 0x0888,
    0x0888, 0x0888, 0x0888, 0x0888, 0x0888, 0x0888, 0x0888, 0x0888,
    0x0888, 0x0888, 0x0888, 0x0888, 0x0888, 0x0888, 0x0888, 0x0888,
    0x0888, 0x0888, 0x0888, 0x0888, 0x0888, 0x0888, 0x0888, 0x0888,
    0x0888, 0x0888, 0x0888, 0x0888, 0x0888, 0x0888, 0x0888, 0x0888,
    0x0888, 0x0888, 0x0888, 0x0888, 0x0888, 0x0888, 0x0888, 0x0888,
    0x0888, 0x0888, 0x0888, 0x0888, 0x0888, 0x0888, 0x0888, 0x0888,
    0x0888, 0x0888, 0x0888, 0x0888, 0x0888, 0x0888, 0x0888, 0x0888,
    0x0888, 0x0888, 0x0888, 0x0888, 0x0888, 0x0888, 0x0888, 0x0888,
    0x0888, 0x0888, 0x0888, 0x0888, 0x0888, 0x0888, 0x0888, 0x0888,
    0x0888, 0x0888, 0x0888, 0x0888, 0x0888, 0x0888, 0x0888, 0x0888,
    0x0888, 0x0888, 0x0888, 0x0888, 0x0888, 0x0888, 0x0888, 0x0888,
    0x0888, 0x0888, 0x0888, 0x0888, 0x0888, 0x0888, 0x0888, 0x0888,
    0x0888, 0x0888, 0x0888, 0x0888, 0x0888, 0x0888, 0x0888, 0x0888,
    0x0888, 0x0888, 0x0888, 0x0888, 0x0888, 0x0888, 0x0888, 0x0888,
    0x0888, 0x0888, 0x0888, 0x0888, 0x0888, 0x0888, 0x0888, 0x0888,
    0x0888, 0x0888, 0x0888, 0x0888, 0x0888, 0x0888, 0x0888, 0x0888,
    0x0888, 0x0888, 0x0888, 0x0888, 0x0888, 0x0888, 0x0888, 0x0888,
    0x0888, 0x0888, 0x0888, 0x0888, 0x0888, 0x0888, 0x0888, 0x0888,
    0x0888, 0x0888, 0x0888, 0x0888, 0x0888, 0x0888, 0x0888, 0x0888,
    0x0888, 0x0888, 0x0888, 0x0888, 0x0888, 0x0888, 0x0888, 0x0888,
    0x0888, 0x0888, 0x0888, 0x0888, 0x0888, 0x0888, 0x0888, 0x0888,
    0x0888, 0x0888, 0x0888, 0x0888, 0x0888, 0x0888, 0x0888, 0x0888,
    0x0888, 0x0888, 0x0888, 0x0888, 0x0888, 0x0888, 0x0888, 0x0888,
    0x0888, 0x0888, 0x0888, 0x0888, 0x0888, 0x0888, 0x0888, 0x0888,
    0x0888, 0x0888, 0x0888, 0x0888, 0x0888, 0x0888, 0x0888, 0x0888,
    0x0888, 0x0888, 0x0888, 0x0888, 0x0888, 0x0888, 0x0888, 0x0888,
    0x0888, 0x0888, 0x0888, 0x0888, 0x0888, 0x0888, 0x0888, 0x0888,
    0x0888, 0x0888, 0x0888, 0x0888, 0x0888, 0x0888, 0x0888, 0x0888,
    0x0888, 0x0888, 0x0888, 0xFFDA, 0xFDA6, 0xFFBB, 0xFFBB, 0xFFBB,
    0xFDA6, 0x0888, 0x0888, 0x0888, 0x0888, 0x0888, 0x0888, 0x0888,
    0x0888, 0x0888, 0x0888, 0xFFDA, 0xFFDA, 0xFFDA, 0x0888, 0x0888,
    0x0888, 0x0888, 0x0888, 0x0888, 0x0888, 0x0888, 0x0888, 0x0888,
    0x0888, 0x0888, 0x0888, 0x0888, 0x0888, 0x0888, 0x0888, 0x0888,
    0x0888, 0x0888, 0x0888, 0x0888, 0x0888, 0x0888, 0x0888, 0x0888,
    0x0888, 0x0888, 0x0888, 0x0888, 0x0888, 0x0888, 0x0888, 0x0888,
    0x0888, 0x0888, 0x0888, 0x0888, 0x0888, 0x0888, 0x0888, 0x0888,
    0x0888, 0x0888, 0x0888, 0x0888, 0x0888, 0x0888, 0x0888, 0x0888,
    0x0888, 0x0888, 0x0888, 0x0888, 0x0888, 0x0888, 0x0888, 0x0888,
    0x0888, 0x0888, 0x0888, 0x0888, 0x0888, 0x0888, 0x0888, 0x0888,
    0x0888, 0x0888, 0x0888, 0x0888, 0x0888, 0x0888, 0x0888, 0x0888,
    0x0888, 0x0888, 0x0888, 0x0888, 0x0888, 0x0888, 0x0888, 0x0888,
    0x0888, 0x0888, 0x0888, 0x0888, 0x0888, 0x0888, 0x0888, 0x0888,
    0x0888, 0x0888, 0x0888, 0x0888, 0x0888, 0x0888, 0x0888, 0x0888,
    0x0888, 0x0888, 0x0888, 0x0888, 0x0888, 0x0888, 0x0888, 0x0888,
    0x0888, 0x0888, 0x0888, 0x0888, 0x0888, 0x0888, 0x0888, 0x0888,
    0x0888, 0x0888, 0x0888, 0x0888, 0x0888, 0x0888, 0x0888, 0x0888,
    0x0888, 0x0888, 0x0888, 0x0888, 0x0888, 0x0888, 0x0888, 0x0888,
    0x0888, 0x0888, 0x0888, 0x0888, 0x0888, 0x0888, 0x0888, 0x0888,
    0x0888, 0x0888, 0x0888, 0x0888, 0x0888, 0x0888, 0x0888, 0x0888,
    0x0888, 0x0888, 0x0888, 0x0888, 0x0888, 0x0888, 0x0888, 0x0888,
    0x0888, 0x0888, 0x0888, 0x0888, 0x0888, 0x0888, 0x0888, 0x0888,
    0x0888, 0x0888, 0x0888, 0x0888, 0x0888, 0x0888, 0x0888, 0x0888,
    0x0888, 0x0888, 0x0888, 0x0888, 0x0888, 0x0888, 0x0888, 0x0888,
    0x0888, 0x0888, 0x0888, 0x0888, 0x0888, 0x0888, 0x0888, 0x0888,
    0x0888, 0x0888, 0x0888, 0x0888, 0x0888, 0x0888, 0x0888, 0x0888,
    0x0888, 0x0888, 0x0888, 0x0888, 0x0888, 0x0888, 0x0888, 0x0888,
    0x0888, 0x0888, 0x0888, 0x0888, 0x0888, 0x0888, 0x0888, 0x0888,
    0x0888, 0x0888, 0x0888, 0x0888, 0x0888, 0x0888, 0x0888, 0x0888,
    0x0888, 0x0888, 0x0888, 0x0888, 0x0888, 0x0888, 0x0888, 0x0888,
    0x0888, 0x0888, 0x0888, 0x0888, 0x0888, 0x0888, 0x0888, 0x0888,
    0x0888, 0x0888, 0xFFDA, 0xFDA6, 0xFFFF, 0xFFFF, 0xFFBB, 0xFFBB,
    0xFDA6, 0x0888, 0x0888, 0x0888, 0x0888, 0x0888, 0x0888, 0x0888,
    0x0888, 0xFFDA, 0xFFDA, 0xFDA6, 0xFDA6, 0xFDA6, 0x0888, 0x0888,
    0x0888, 0x0888, 0x0888, 0x0888, 0x0888, 0x0888, 0x0888, 0x0888,
    0x0888, 0x0888, 0x0888, 0x0888, 0x0888, 0x0888, 0x0888, 0x0888,
    0x0888, 0x0888, 0x0888, 0x0888, 0x0888, 0x0888, 0x0888, 0x0888,
    0x0888, 0x0888, 0x0888, 0x0888, 0x0888, 0x0888, 0x0888, 0x0888,
    0x0888, 0x0888, 0x0888, 0x0888, 0x0888, 0x0888, 0x0888, 0x0888,
    0x0888, 0x0888, 0x0888, 0x0888, 0x0888, 0x0888, 0x0888, 0x0888,
    0x0888, 0x0888, 0x0888, 0x0888, 0x0888, 0x0888, 0x0888, 0x0888,
    0x0888, 0x0888, 0x0888, 0x0888, 0x0888, 0x0888, 0x0888, 0x0888,
    0x0888, 0x0888, 0x0888, 0x0888, 0x0888, 0x0888, 0x0888, 0x0888,
    0x0888, 0x0888, 0x0888, 0x0888, 0x0888, 0x0888, 0x0888, 0x0888,
    0x0888, 0x0888, 0x0888, 0x0888, 0x0888, 0x0888, 0x0888, 0x0888,
    0x0888, 0x0888, 0x0888, 0x0888, 0x0888, 0x0888, 0x0888, 0x0888,
    0x0888, 0x0888, 0x0888, 0x0888, 0x0888, 0x0888, 0x0888, 0x0888,
    0x0888, 0x0888, 0x0888, 0x0888, 0x0888, 0x0888, 0x0888, 0x0888,
    0x0888, 0x0888, 0x0888, 0x0888, 0x0888, 0x0888, 0x0888, 0x0888,
    0x0888, 0x0888, 0x0888, 0x0888, 0x0888, 0x0888, 0x0888, 0x0888,
    0x0888, 0x0888, 0x0888, 0x0888, 0x0888, 0x0888, 0x0888, 0x0888,
    0x0888, 0x0888, 0x0888, 0x0888, 0x0888, 0x0888, 0x0888, 0x0888,
    0x0888, 0x0888, 0x0888, 0x0888, 0x0888, 0x0888, 0x0888, 0x0888,
    0x0888, 0x0888, 0x0888, 0x0888, 0x0888, 0x0888, 0x0888, 0x0888,
    0x0888, 0x0888, 0x0888, 0x0888, 0x0888, 0x0888, 0x0888, 0x0888,
    0x0888, 0x0888, 0x0888, 0x0888, 0x0888, 0x0888, 0x0888, 0x0888,
    0x0888, 0x0888, 0x0888, 0x0888, 0x0888, 0x0888, 0x0888, 0x0888,
    0x0888, 0x0888, 0x0888, 0x0888, 0x0888, 0x0888, 0x0888, 0x0888,
    0x0888, 0x0888, 0x0888, 0x0888, 0x0888, 0x0888, 0x0888, 0x0888,
    0x0888, 0x0888, 0x0888, 0x0888, 0x0888, 0x0888, 0x0888, 0x0888,
    0x0888, 0x0888, 0x0888, 0x0888, 0x0888, 0x0888, 0x0888, 0x0888,
    0x0888, 0x0888, 0x0888, 0x0888, 0x0888, 0x0888, 0x0888, 0x0888,
    0x0888, 0x0888, 0x0888, 0x0888, 0x0888, 0x0888, 0x0888, 0x0888,
    0x0888, 0x0888, 0xFFDA, 0xFDA6, 0xFFFF, 0xFFFF, 0xFFBB, 0xFFBB,
    0xFDA6, 0x0888, 0x0888, 0x0888, 0x0888, 0x0888, 0x0888, 0x0888,
    0xFFDA, 0xFDA6, 0xFDA6, 0xFFBB, 0xFFBB, 0xFFBB, 0x0888, 0x0888,
    0x0888, 0x0888, 0x0888, 0x0888, 0x0888, 0x0888, 0x0888, 0x0888,
    0x0888, 0x0888, 0x0888, 0x0888, 0x0888, 0x0888, 0x0888, 0x0888,
    0x0888, 0x0888, 0x0888, 0x0888, 0x0888, 0x0888, 0x0888, 0x0888,
    0x0888, 0x0888, 0x0888, 0x0888, 0x0888, 0x0888, 0x0888, 0x0888,
    0x0888, 0x0888, 0x0888, 0x0888, 0x0888, 0x0888, 0x0888, 0x0888,
    0x0888, 0x0888, 0x0888, 0x0888, 0x0888, 0x0888, 0x0888, 0x0888,
    0x0888, 0x0888, 0x0888, 0x0888, 0x0888, 0x0888, 0x0888, 0x0888,
    0x0888, 0x0888, 0x0888, 0x0888, 0x0888, 0x0888, 0x0888, 0x0888,
    0x0888, 0x0888, 0x0888, 0x0888, 0x0888, 0x0888, 0x0888, 0x0888,
    0x0888, 0x0888, 0x0888, 0x0888, 0x0888, 0x0888, 0x0888, 0x0888,
    0x0888, 0x0888, 0x0888, 0x0888, 0x0888, 0x0888, 0x0888, 0x0888,
    0x0888, 0x0888, 0x0888, 0x0888, 0x0888, 0x0888, 0x0888, 0x0888,
    0x0888, 0x0888, 0x0888, 0x0888, 0x0888, 0x0888, 0x0888, 0x0888,
    0x0888, 0x0888, 0x0888, 0x0888, 0x0888, 0x0888, 0x0888, 0x0888,
    0x0888, 0x0888, 0x0888, 0x0888, 0x0888, 0x0888, 0x0888, 0x0888,
    0x0888, 0x0888, 0x0888, 0x0888, 0x0888, 0x0888, 0x0888, 0x0888,
    0x0888, 0x0888, 0x0888, 0x0888, 0x0888, 0x0888, 0x0888, 0x0888,
    0x0888, 0x0888, 0x0888, 0x0888, 0x0888, 0x0888, 0x0888, 0x0888,
    0x0888, 0x0888, 0x0888, 0x0888, 0x0888, 0x0888, 0x0888, 0x0888,
    0x0888, 0x0888, 0x0888, 0x0888, 0x0888, 0x0888, 0x0888, 0x0888,
    0x0888, 0x0888, 0x0888, 0x0888, 0x0888, 0x0888, 0x0888, 0x0888,
    0x0888, 0x0888, 0x0888, 0x0888, 0x0888, 0x0888, 0x0888, 0x0888,
    0x0888, 0x0888, 0x0888, 0x0888, 0x0888, 0x0888, 0x0888, 0x0888,
    0x0888, 0x0888, 0x0888, 0x0888, 0x0888, 0x0888, 0x0888, 0x0888,
    0x0888, 0x0888, 0x0888, 0x0888, 0x0888, 0x0888, 0x0888, 0x0888,
    0x0888, 0x0888, 0x0888, 0x0888, 0x0888, 0x0888, 0x0888, 0x0888,
    0x0888, 0x0888, 0x0888, 0x0888, 0x0888, 0x0888, 0x0888, 0x0888,
    0x0888, 0x0888, 0x0888, 0x0888, 0x0888, 0x0888, 0x0888, 0x0888,
    0x0888, 0x0888, 0x0888, 0x0888, 0x0888, 0x0888, 0x0888, 0x0888,
    0x0888, 0x0888, 0xFFDA, 0xFDA6, 0xFFFF, 0xFFFF, 0xFFFF, 0xFFBB,
    0xFFBB, 0xFDA6, 0x0888, 0x0888, 0x0888, 0x0888, 0x0888, 0xFFDA,
    0xFDA6, 0xFDA6, 0xFFFF, 0xFFFF, 0xFFBB, 0xFFBB, 0xFDA6, 0x0888,
    0x0888, 0x0888, 0x0888, 0x0888, 0x0888, 0x0888, 0x0888, 0x0888,
    0x0888, 0x0888, 0x0888, 0x0888, 0x0888, 0x0888, 0x0888, 0x0888,
    0x0888, 0x0888, 0x0888, 0x0888, 0x0888, 0x0888, 0x0888, 0x0888,
    0x0888, 0x0888, 0x0888, 0x0888, 0x0888, 0x0888, 0x0888, 0x0888,
    0x0888, 0x0888, 0x0888, 0x0888, 0x0888, 0x0888, 0x0888, 0x0888,
    0x0888, 0x0888, 0x0888, 0x0888, 0x0888, 0x0888, 0x0888, 0x0888,
    0x0888, 0x0888, 0x0888, 0x0888, 0x0888, 0x0888, 0x0888, 0x0888,
    0x0888, 0x0888, 0x0888, 0x0888, 0x0888, 0x0888, 0x0888, 0x0888,
    0x0888, 0x0888, 0x0888, 0x0888, 0x0888, 0x0888, 0x0888, 0x0888,
    0x0888, 0x0888, 0x0888, 0x0888, 0x0888, 0x0888, 0x0888, 0x0888,
    0x0888, 0x0888, 0x0888, 0x0888, 0x0888, 0x0888, 0x0888, 0x0888,
    0x0888, 0x0888, 0x0888, 0x0888, 0x0888, 0x0888, 0x0888, 0x0888,
    0x0888, 0x0888, 0x0888, 0x0888, 0x0888, 0x0888, 0x0888, 0x0888,
    0x0888, 0x0888, 0x0888, 0x0888, 0x0888, 0x0888, 0x0888, 0x0888,
    0x0888, 0x0888, 0x0888, 0x0888, 0x0888, 0x0888, 0x0888, 0x0888,
    0x0888, 0x0888, 0x0888, 0x0888, 0x0888, 0x0888, 0x0888, 0x0888,
    0x0888, 0x0888, 0x0888, 0x0888, 0x0888, 0x0888, 0x0888, 0x0888,
    0x0888, 0x0888, 0x0888, 0x0888, 0x0888, 0x0888, 0x0888, 0x0888,
    0x0888, 0x0888, 0x0888, 0x0888, 0x0888, 0x0888, 0x0888, 0x0888,
    0x0888, 0x0888, 0x0888, 0x0888, 0x0888, 0x0888, 0x0888, 0x0888,
    0x0888, 0x0888, 0x0888, 0x0888, 0x0888, 0x0888, 0x0888, 0x0888,
    0x0888, 0x0888, 0x0888, 0x0888, 0x0888, 0x0888, 0x0888, 0x0888,
    0x0888, 0x0888, 0x0888, 0x0888, 0x0888, 0x0888, 0x0888, 0x0888,
    0x0888, 0x0888, 0x0888, 0x0888, 0x0888, 0x0888, 0x0888, 0x0888,
    0x0888, 0x0888, 0x0888, 0x0888, 0x0888, 0x0888, 0x0888, 0x0888,
    0x0888, 0x0888, 0x0888, 0x0888, 0x0888, 0x0888, 0x0888, 0x0888,
    0x0888, 0x0888, 0x0888, 0x0888, 0x0888, 0x0888, 0x0888, 0x0888,
    0x0888, 0x0888, 0x0888, 0x0888, 0x0888, 0x0888, 0x0888, 0x0888,
    0x0888, 0x0888, 0x0888, 0x0888, 0x0888, 0x0888, 0x0888, 0x0888,
    0x0888, 0xFFDA, 0xFDA6, 0xFFFF, 0xFFFF, 0xFFDA, 0xFFDA, 0xFFDA,
    0xFFDA, 0xFFDA, 0xFFDA, 0xFFDA, 0xFFDA, 0xFFDA, 0xFFDA, 0xFFDA,
    0xFFDA, 0xFFFF, 0xFFFF, 0xFFFF, 0xFFBB, 0xFFBB, 0xFDA6, 0x0888,
    0x0888, 0x0888, 0x0888, 0x0888, 0x0888, 0x0888, 0x0888, 0x0888,
    0x0888, 0x0888, 0x0888, 0x0888, 0x0888, 0x0888, 0x0888, 0x0888,
    0x0888, 0x0888, 0x0888, 0x0888, 0x0888, 0x0888, 0x0888, 0x0888,
    0x0888, 0x0888, 0x0888, 0x0888, 0x0888, 0x0888, 0x0888, 0x0888,
    0x0888, 0x0888, 0x0888, 0x0888, 0x0888, 0x0888, 0x0888, 0x0888,
    0x0888, 0x0888, 0x0888, 0x0888, 0x0888, 0x0888, 0x0888, 0x0888,
    0x0888, 0x0888, 0x0888, 0x0888, 0x0888, 0x0888, 0x0888, 0x0888,
    0x0888, 0x0888, 0x0888, 0x0888, 0x0888, 0x0888, 0x0888, 0x0888,
    0x0888, 0x0888, 0x0888, 0x0888, 0x0888, 0x0888, 0x0888, 0x0888,
    0x0888, 0x0888, 0x0888, 0x0888, 0x0888, 0x0888, 0x0888, 0x0888,
    0x0888, 0x0888, 0x0888, 0x0888, 0x0888, 0x0888, 0x0888, 0x0888,
    0x0888, 0x0888, 0x0888, 0x0888, 0x0888, 0x0888, 0x0888, 0x0888,
    0x0888, 0x0888, 0x0888, 0x0888, 0x0888, 0x0888, 0x0888, 0x0888,
    0x0888, 0x0888, 0x0888, 0x0888, 0x0888, 0x0888, 0x0888, 0x0888,
    0x0888, 0x0888, 0x0888, 0x0888, 0x0888, 0x0888, 0x0888, 0x0888,
    0x0888, 0x0888, 0x0888, 0x0888, 0x0888, 0x0888, 0x0888, 0x0888,
    0x0888, 0x0888, 0x0888, 0x0888, 0x0888, 0x0888, 0x0888, 0x0888,
    0x0888, 0x0888, 0x0888, 0x0888, 0x0888, 0x0888, 0x0888, 0x0888,
    0x0888, 0x0888, 0x0888, 0x0888, 0x0888, 0x0888, 0x0888, 0x0888,
    0x0888, 0x0888, 0x0888, 0x0888, 0x0888, 0x0888, 0x0888, 0x0888,
    0x0888, 0x0888, 0x0888, 0x0888, 0x0888, 0x0888, 0x0888, 0x0888,
    0x0888, 0x0888, 0x0888, 0x0888, 0x0888, 0x0888, 0x0888, 0x0888,
    0x0888, 0x0888, 0x0888, 0x0888, 0x0888, 0x0888, 0x0888, 0x0888,
    0x0888, 0x0888, 0x0888, 0x0888, 0x0888, 0x0888, 0x0888, 0x0888,
    0x0888, 0x0888, 0x0888, 0x0888, 0x0888, 0x0888, 0x0888, 0x0888,
    0x0888, 0x0888, 0x0888, 0x0888, 0x0888, 0x0888, 0x0888, 0x0888,
    0x0888, 0x0888, 0x0888, 0x0888, 0x0888, 0x0888, 0x0888, 0x0888,
    0x0888, 0x0888, 0x0888, 0x0888, 0x0888, 0x0888, 0x0888, 0x0888,
    0x0888, 0x0888, 0x0888, 0x0888, 0x0888, 0x0888, 0x0888, 0x0888,
    0x0888, 0xFFDA, 0xFDA6, 0xFFDA, 0xFFDA, 0xFDA6, 0xFDA6, 0xFDA6,
    0xFDA6, 0xFDA6, 0xFDA6, 0xFDA6, 0xFDA6, 0xFDA6, 0xFDA6, 0xFDA6,
    0xFFDA, 0xFFDA, 0xFFDA, 0xFFFF, 0xFFFF, 0xFFBB, 0xFDA6, 0x0888,
    0x0888, 0x0888, 0x0888, 0x0888, 0x0888, 0x0888, 0x0888, 0x0888,
    0x0888, 0x0888, 0x0888, 0x0888, 0x0888, 0x0888, 0x0888, 0x0888,
    0x0888, 0x0888, 0x0888, 0x0888, 0x0888, 0x0888, 0x0888, 0x0888,
    0x0888, 0x0888, 0x0888, 0x0888, 0x0888, 0x0888, 0x0888, 0x0888,
    0x0888, 0x0888, 0x0888, 0x0888, 0x0888, 0x0888, 0x0888, 0x0888,
    0x0888, 0x0888, 0x0888, 0x0888, 0x0888, 0x0888, 0x0888, 0x0888,
    0x0888, 0x0888, 0x0888, 0x0888, 0x0888, 0x0888, 0x0888, 0x0888,
    0x0888, 0x0888, 0x0888, 0x0888, 0x0888, 0x0888, 0x0888, 0x0888,
    0x0888, 0x0888, 0x0888, 0x0888, 0x0888, 0x0888, 0x0888, 0x0888,
    0x0888, 0x0888, 0x0888, 0x0888, 0x0888, 0x0888, 0x0888, 0x0888,
    0x0888, 0x0888, 0x0888, 0x0888, 0x0888, 0x0888, 0x0888, 0x0888,
    0x0888, 0x0888, 0x0888, 0x0888, 0x0888, 0x0888, 0x0888, 0x0888,
    0x0888, 0x0888, 0x0888, 0x0888, 0x0888, 0x0888, 0x0888, 0x0888,
    0x0888, 0x0888, 0x0888, 0x0888, 0x0888, 0x0888, 0x0888, 0x0888,
    0x0888, 0x0888, 0x0888, 0x0888, 0x0888, 0x0888, 0x0888, 0x0888,
    0x0888, 0x0888, 0x0888, 0x0888, 0x0888, 0x0888, 0x0888, 0x0888,
    0x0888, 0x0888, 0x0888, 0x0888, 0x0888, 0x0888, 0x0888, 0x0888,
    0x0888, 0x0888, 0x0888, 0x0888, 0x0888, 0x0888, 0x0888, 0x0888,
    0x0888, 0x0888, 0x0888, 0x0888, 0x0888, 0x0888, 0x0888, 0x0888,
    0x0888, 0x0888, 0x0888, 0x0888, 0x0888, 0x0888, 0x0888, 0x0888,
    0x0888, 0x0888, 0x0888, 0x0888, 0x0888, 0x0888, 0x0888, 0x0888,
    0x0888, 0x0888, 0x0888, 0x0888, 0x0888, 0x0888, 0x0888, 0x0888,
    0x0888, 0x0888, 0x0888, 0x0888, 0x0888, 0x0888, 0x0888, 0x0888,
    0x0888, 0x0888, 0x0888, 0x0888, 0x0888, 0x0888, 0x0888, 0x0888,
    0x0888, 0x0888, 0x0888, 0x0888, 0x0888, 0x0888, 0x0888, 0x0888,
    0x0888, 0x0888, 0x0888, 0x0888, 0x0888, 0x0888, 0x0888, 0x0888,
    0x0888, 0x0888, 0x0888, 0x0888, 0x0888, 0x0888, 0x0888, 0x0888,
    0x0888, 0x0888, 0x0888, 0x0888, 0x0888, 0x0888, 0x0888, 0x0888,
    0x0888, 0x0888, 0x0888, 0x0888, 0x0888, 0x0888, 0x0888, 0x0888,
    0xFFDA, 0xFFDA, 0xFFDA, 0xFDA6, 0xFFDA, 0xFFDA, 0xFFDA, 0xFDA6,
    0xFDA6, 0xFDA6, 0xFDA6, 0xFDA6, 0xFDA6, 0xFDA6, 0xFDA6, 0xFDA6,
    0xFDA6, 0xFDA6, 0xFFDA, 0xFFDA, 0xFFFF, 0xFFBB, 0xFDA6, 0x0888,
    0x0888, 0x0888, 0x0888, 0x0888, 0x0888, 0x0888, 0x0888, 0x0888,
    0x0888, 0x0888, 0x0888, 0x0888, 0x0888, 0x0888, 0x0888, 0x0888,
    0x0888, 0x0888, 0x0888, 0x0888, 0x0888, 0x0888, 0x0888, 0x0888,
    0x0888, 0x0888, 0x0888, 0x0888, 0x0888, 0x0888, 0x0888, 0x0888,
    0x0888, 0x0888, 0x0888, 0x0888, 0x0888, 0x0888, 0x0888, 0x0888,
    0x0888, 0x0888, 0x0888, 0x0888, 0x0888, 0x0888, 0x0888, 0x0888,
    0x0888, 0x0888, 0x0888, 0x0888, 0x0888, 0x0888, 0x0888, 0x0888,
    0x0888, 0x0888, 0x0888, 0x0888, 0x0888, 0x0888, 0x0888, 0x0888,
    0x0888, 0x0888, 0x0888, 0x0888, 0x0888, 0x0888, 0x0888, 0x0888,
    0x0888, 0x0888, 0x0888, 0x0888, 0x0888, 0x0888, 0x0888, 0x0888,
    0x0888, 0x0888, 0x0888, 0x0888, 0x0888, 0x0888, 0x0888, 0x0888,
    0x0888, 0x0888, 0x0888, 0x0888, 0x0888, 0x0888, 0x0888, 0x0888,
    0x0888, 0x0888, 0x0888, 0x0888, 0x0888, 0x0888, 0x0888, 0x0888,
    0x0888, 0x0888, 0x0888, 0x0888, 0x0888, 0x0888, 0x0888, 0x0888,
    0x0888, 0x0888, 0x0888, 0x0888, 0x0888, 0x0888, 0x0888, 0x0888,
    0x0888, 0x0888, 0x0888, 0x0888, 0x0888, 0x0888, 0x0888, 0x0888,
    0x0888, 0x0888, 0x0888, 0x0888, 0x0888, 0x0888, 0x0888, 0x0888,
    0x0888, 0x0888, 0x0888, 0x0888, 0x0888, 0x0888, 0x0888, 0x0888,
    0x0888, 0x0888, 0x0888, 0x0888, 0x0888, 0x0888, 0x0888, 0x0888,
    0x0888, 0x0888, 0x0888, 0x0888, 0x0888, 0x0888, 0x0888, 0x0888,
    0x0888, 0x0888, 0x0888, 0x0888, 0x0888, 0x0888, 0x0888, 0x0888,
    0x0888, 0x0888, 0x0888, 0x0888, 0x0888, 0x0888, 0x0888, 0x0888,
    0x0888, 0x0888, 0x0888, 0x0888, 0x0888, 0x0888, 0x0888, 0x0888,
    0x0888, 0x0888, 0x0888, 0x0888, 0x0888, 0x0888, 0x0888, 0x0888,
    0x0888, 0x0888, 0x0888, 0x0888, 0x0888, 0x0888, 0x0888, 0x0888,
    0x0888, 0x0888, 0x0888, 0x0888, 0x0888, 0x0888, 0x0888, 0x0888,
    0x0888, 0x0888, 0x0888, 0x0888, 0x0888, 0x0888, 0x0888, 0x0888,
    0x0888, 0x0888, 0x0888, 0x0888, 0x0888, 0x0888, 0x0888, 0x0888,
    0x0888, 0x0888, 0x0888, 0x0888, 0x0888, 0x0888, 0xFFDA, 0xFFDA,
    0xFDA6, 0xFDA6, 0xFFDA, 0xFFDA, 0xFFDA, 0xFFDA, 0xFFDA, 0xFFDA,
    0xFDA6, 0xFFDA, 0xFDA6, 0xFDA6, 0xFDA6, 0xFDA6, 0xFDA6, 0xFDA6,
    0xFDA6, 0xFDA6, 0xFFDA, 0xFFDA, 0xFFDA, 0xFFBB, 0xFDA6, 0x0888,
    0x0888, 0x0888, 0x0888, 0x0888, 0x0888, 0x0888, 0x0888, 0x0888,
    0x0888, 0x0888, 0x0888, 0x0888, 0x0888, 0x0888, 0x0888, 0x0888,
    0x0888, 0x0888, 0x0888, 0x0888, 0x0888, 0x0888, 0x0888, 0x0888,
    0x0888, 0x0888, 0x0888, 0x0888, 0x0888, 0x0888, 0x0888, 0x0888,
    0x0888, 0x0888, 0x0888, 0x0888, 0x0888, 0x0888, 0x0888, 0x0888,
    0x0888, 0x0888, 0x0888, 0x0888, 0x0888, 0x0888, 0x0888, 0x0888,
    0x0888, 0x0888, 0x0888, 0x0888, 0x0888, 0x0888, 0x0888, 0x0888,
    0x0888, 0x0888, 0x0888, 0x0888, 0x0888, 0x0888, 0x0888, 0x0888,
    0x0888, 0x0888, 0x0888, 0x0888, 0x0888, 0x0888, 0x0888, 0x0888,
    0x0888, 0x0888, 0x0888, 0x0888, 0x0888, 0x0888, 0x0888, 0x0888,
    0x0888, 0x0888, 0x0888, 0x0888, 0x0888, 0x0888, 0x0888, 0x0888,
    0x0888, 0x0888, 0x0888, 0x0888, 0x0888, 0x0888, 0x0888, 0x0888,
    0x0888, 0x0888, 0x0888, 0x0888, 0x0888, 0x0888, 0x0888, 0x0888,
    0x0888, 0x0888, 0x0888, 0x0888, 0x0888, 0x0888, 0x0888, 0x0888,
    0x0888, 0x0888, 0x0888, 0x0888, 0x0888, 0x0888, 0x0888, 0x0888,
    0x0888, 0x0888, 0x0888, 0x0888, 0x0888, 0x0888, 0x0888, 0x0888,
    0x0888, 0x0888, 0x0888, 0x0888, 0x0888, 0x0888, 0x0888, 0x0888,
    0x0888, 0x0888, 0x0888, 0x0888, 0x0888, 0x0888, 0x0888, 0x0888,
    0x0888, 0x0888, 0x0888, 0x0888, 0x0888, 0x0888, 0x0888, 0x0888,
    0x0888, 0x0888, 0x0888, 0x0888, 0x0888, 0x0888, 0x0888, 0x0888,
    0x0888, 0x0888, 0x0888, 0x0888, 0x0888, 0x0888, 0x0888, 0x0888,
    0x0888, 0x0888, 0x0888, 0x0888, 0x0888, 0x0888, 0x0888, 0x0888,
    0x0888, 0x0888, 0x0888, 0x0888, 0x0888, 0x0888, 0x0888, 0x0888,
    0x0888, 0x0888, 0x0888, 0x0888, 0x0888, 0x0888, 0x0888, 0x0888,
    0x0888, 0x0888, 0x0888, 0x0888, 0x0888, 0x0888, 0x0888, 0x0888,
    0x0888, 0x0888, 0x0888, 0x0888, 0x0888, 0x0888, 0x0888, 0x0888,
    0x0888, 0x0888, 0x0888, 0x0888, 0x0888, 0x0888, 0x0888, 0x0888,
    0x0888, 0x0888, 0x0888, 0x0888, 0x0888, 0x0888, 0x0888, 0x0888,
    0x0888, 0x0888, 0x0888, 0xFFDA, 0xFFDA, 0xFFDA, 0xFDA6, 0xFDA6,
    0xFDA6, 0xFDA6, 0xFDA6, 0xFDA6, 0xFFDA, 0xFFDA, 0xFFDA, 0xFFDA,
    0xFFDA, 0xFFDA, 0xFDA6, 0xFDA6, 0xFFDA, 0xFDA6, 0xFFDA, 0xFDA6,
    0xFFDA, 0xFFDA, 0xFFDA, 0xFFDA, 0xFFDA, 0xFFDA, 0xFDA6, 0x0888,
    0x0888, 0x0888, 0x0888, 0x0888, 0x0888, 0x0888, 0x0888, 0x0888,
    0x0888, 0x0888, 0x0888, 0x0888, 0x0888, 0x0888, 0x0888, 0x0888,
    0x0888, 0x0888, 0x0888, 0x0888, 0x0888, 0x0888, 0x0888, 0x0888,
    0x0888, 0x0888, 0x0888, 0x0888, 0x0888, 0x0888, 0x0888, 0x0888,
    0x0888, 0x0888, 0x0888, 0x0888, 0x0888, 0x0888, 0x0888, 0x0888,
    0x0888, 0x0888, 0x0888, 0x0888, 0x0888, 0x0888, 0x0888, 0x0888,
    0x0888, 0x0888, 0x0888, 0x0888, 0x0888, 0x0888, 0x0888, 0x0888,
    0x0888, 0x0888, 0x0888, 0x0888, 0x0888, 0x0888, 0x0888, 0x0888,
    0x0888, 0x0888, 0x0888, 0x0888, 0x0888, 0x0888, 0x0888, 0x0888,
    0x0888, 0x0888, 0x0888, 0x0888, 0x0888, 0x0888, 0x0888, 0x0888,
    0x0888, 0x0888, 0x0888, 0x0888, 0x0888, 0x0888, 0x0888, 0x0888,
    0x0888, 0x0888, 0x0888, 0x0888, 0x0888, 0x0888, 0x0888, 0x0888,
    0x0888, 0x0888, 0x0888, 0x0888, 0x0888, 0x0888, 0x0888, 0x0888,
    0x0888, 0x0888, 0x0888, 0x0888, 0x0888, 0x0888, 0x0888, 0x0888,
    0x0888, 0x0888, 0x0888, 0x0888, 0x0888, 0x0888, 0x0888, 0x0888,
    0x0888, 0x0888, 0x0888, 0x0888, 0x0888, 0x0888, 0x0888, 0x0888,
    0x0888, 0x0888, 0x0888, 0x0888, 0x0888, 0x0888, 0x0888, 0x0888,
    0x0888, 0x0888, 0x0888, 0x0888, 0x0888, 0x0888, 0x0888, 0x0888,
    0x0888, 0x0888, 0x0888, 0x0888, 0x0888, 0x0888, 0x0888, 0x0888,
    0x0888, 0x0888, 0x0888, 0x0888, 0x0888, 0x0888, 0x0888, 0x0888,
    0x0888, 0x0888, 0x0888, 0x0888, 0x0888, 0x0888, 0x0888, 0x0888,
    0x0888, 0x0888, 0x0888, 0x0888, 0x0888, 0x0888, 0x0888, 0x0888,
    0x0888, 0x0888, 0x0888, 0x0888, 0x0888, 0x0888, 0x0888, 0x0888,
    0x0888, 0x0888, 0x0888, 0x0888, 0x0888, 0x0888, 0x0888, 0x0888,
    0x0888, 0x0888, 0x0888, 0x0888, 0x0888, 0x0888, 0x0888, 0x0888,
    0x0888, 0x0888, 0x0888, 0x0888, 0x0888, 0x0888, 0x0888, 0x0888,
    0x0888, 0x0888, 0x0888, 0x0888, 0x0888, 0x0888, 0x0888, 0x0888,
    0x0888, 0x0888, 0x0888, 0x0888, 0x0888, 0x0888, 0x0888, 0x0888,
    0xFFDA, 0xFFDA, 0xFFDA, 0xFDA6, 0xFDA6, 0xFDA6, 0xFDA6, 0xFDA6,
    0xFDA6, 0xFDA6, 0xFDA6, 0xFFDA, 0xFFDA, 0xFDA6, 0xFFDA, 0xFFDA,
    0xFFDA, 0xFFDA, 0xFFDA, 0xFFDA, 0xFD87, 0xFFDA, 0xFFDA, 0xFFDA,
    0xFFDA, 0xFFDA, 0xFFDA, 0xFFDA, 0xFDA6, 0xFFDA, 0xFFDA, 0x0888,
    0x0888, 0x0888, 0x0888, 0x0888, 0x0888, 0x0888, 0x0888, 0x0888,
    0x0888, 0x0888, 0x0888, 0x0888, 0x0888, 0x0888, 0x0888, 0x0888,
    0x0888, 0x0888, 0x0888, 0x0888, 0x0888, 0x0888, 0x0888, 0x0888,
    0x0888, 0x0888, 0x0888, 0x0888, 0x0888, 0x0888, 0x0888, 0x0888,
    0x0888, 0x0888, 0x0888, 0x0888, 0x0888, 0x0888, 0x0888, 0x0888,
    0x0888, 0x0888, 0x0888, 0x0888, 0x0888, 0x0888, 0x0888, 0x0888,
    0x0888, 0x0888, 0x0888, 0x0888, 0x0888, 0x0888, 0x0888, 0x0888,
    0x0888, 0x0888, 0x0888, 0x0888, 0x0888, 0x0888, 0x0888, 0x0888,
    0x0888, 0x0888, 0x0888, 0x0888, 0x0888, 0x0888, 0x0888, 0x0888,
    0x0888, 0x0888, 0x0888, 0x0888, 0x0888, 0x0888, 0x0888, 0x0888,
    0x0888, 0x0888, 0x0888, 0x0888, 0x0888, 0x0888, 0x0888, 0x0888,
    0x0888, 0x0888, 0x0888, 0x0888, 0x0888, 0x0888, 0x0888, 0x0888,
    0x0888, 0x0888, 0x0888, 0x0888, 0x0888, 0x0888, 0x0888, 0x0888,
    0x0888, 0x0888, 0x0888, 0x0888, 0x0888, 0x0888, 0x0888, 0x0888,
    0x0888, 0x0888, 0x0888, 0x0888, 0x0888, 0x0888, 0x0888, 0x0888,
    0x0888, 0x0888, 0x0888, 0x0888, 0x0888, 0x0888, 0x0888, 0x0888,
    0x0888, 0x0888, 0x0888, 0x0888, 0x0888, 0x0888, 0x0888, 0x0888,
    0x0888, 0x0888, 0x0888, 0x0888, 0x0888, 0x0888, 0x0888, 0x0888,
    0x0888, 0x0888, 0x0888, 0x0888, 0x0888, 0x0888, 0x0888, 0x0888,
    0x0888, 0x0888, 0x0888, 0x0888, 0x0888, 0x0888, 0x0888, 0x0888,
    0x0888, 0x0888, 0x0888, 0x0888, 0x0888, 0x0888, 0x0888, 0x0888,
    0x0888, 0x0888, 0x0888, 0x0888, 0x0888, 0x0888, 0x0888, 0x0888,
    0x0888, 0x0888, 0x0888, 0x0888, 0x0888, 0x0888, 0x0888, 0x0888,
    0x0888, 0x0888, 0x0888, 0x0888, 0x0888, 0x0888, 0x0888, 0x0888,
    0x0888, 0x0888, 0x0888, 0x0888, 0x0888, 0x0888, 0x0888, 0x0888,
    0x0888, 0x0888, 0x0888, 0x0888, 0x0888, 0x0888, 0x0888, 0x0888,
    0x0888, 0x0888, 0x0888, 0x0888, 0x0888, 0x0888, 0x0888, 0x0888,
    0x0888, 0x0888, 0x0888, 0x0888, 0x0888, 0x0888, 0xFFDA, 0xFFDA,
    0xFDA6, 0xFDA6, 0xFDA6, 0xFDA6, 0xFDA6, 0xFDA6, 0xFDA6, 0xFDA6,
    0xFDA6, 0xFDA6, 0xFDA6, 0xFDA6, 0xFDA6, 0xFDA6, 0xFFDA, 0xFDA6,
    0xFFDA, 0xFFDA, 0xFFDA, 0xFFDA, 0xFD87, 0xFD87, 0xFFDA, 0xFFDA,
    0xFFDA, 0xFD87, 0xFFDA, 0xFFDA, 0xFDA6, 0xFFDA, 0xFFDA, 0x0888,
    0x0888, 0x0888, 0x0888, 0x0888, 0x0888, 0x0888, 0x0888, 0x0888,
    0x0888, 0x0888, 0x0888, 0x0888, 0x0888, 0x0888, 0x0888, 0x0888,
    0x0888, 0x0888, 0x0888, 0x0888, 0x0888, 0x0888, 0x0888, 0x0888,
    0x0888, 0x0888, 0x0888, 0x0888, 0x0888, 0x0888, 0x0888, 0x0888,
    0x0888, 0x0888, 0x0888, 0x0888, 0x0888, 0x0888, 0x0888, 0x0888,
    0x0888, 0x0888, 0x0888, 0x0888, 0x0888, 0x0888, 0x0888, 0x0888,
    0x0888, 0x0888, 0x0888, 0x0888, 0x0888, 0x0888, 0x0888, 0x0888,
    0x0888, 0x0888, 0x0888, 0x0888, 0x0888, 0x0888, 0x0888, 0x0888,
    0x0888, 0x0888, 0x0888, 0x0888, 0x0888, 0x0888, 0x0888, 0x0888,
    0x0888, 0x0888, 0x0888, 0x0888, 0x0888, 0x0888, 0x0888, 0x0888,
    0x0888, 0x0888, 0x0888, 0x0888, 0x0888, 0x0888, 0x0888, 0x0888,
    0x0888, 0x0888, 0x0888, 0x0888, 0x0888, 0x0888, 0x0888, 0x0888,
    0x0888, 0x0888, 0x0888, 0x0888, 0x0888, 0x0888, 0x0888, 0x0888,
    0x0888, 0x0888, 0x0888, 0x0888, 0x0888, 0x0888, 0x0888, 0x0888,
    0x0888, 0x0888, 0x0888, 0x0888, 0x0888, 0x0888, 0x0888, 0x0888,
    0x0888, 0x0888, 0x0888, 0x0888, 0x0888, 0x0888, 0x0888, 0x0888,
    0x0888, 0x0888, 0x0888, 0x0888, 0x0888, 0x0888, 0x0888, 0x0888,
    0x0888, 0x0888, 0x0888, 0x0888, 0x0888, 0x0888, 0x0888, 0x0888,
    0x0888, 0x0888, 0x0888, 0x0888, 0x0888, 0x0888, 0x0888, 0x0888,
    0x0888, 0x0888, 0x0888, 0x0888, 0x0888, 0x0888, 0x0888, 0x0888,
    0x0888, 0x0888, 0x0888, 0x0888, 0x0888, 0x0888, 0x0888, 0x0888,
    0x0888, 0x0888, 0x0888, 0x0888, 0x0888, 0x0888, 0x0888, 0x0888,
    0x0888, 0x0888, 0x0888, 0x0888, 0x0888, 0x0888, 0x0888, 0x0888,
    0x0888, 0x0888, 0x0888, 0x0888, 0x0888, 0x0888, 0x0888, 0x0888,
    0x0888, 0x0888, 0x0888, 0x0888, 0x0888, 0x0888, 0x0888, 0x0888,
    0x0888, 0x0888, 0x0888, 0x0888, 0x0888, 0x0888, 0x0888, 0x0888,
    0x0888, 0x0888, 0x0888, 0x0888, 0x0888, 0x0888, 0x0888, 0x0888,
    0x0888, 0x0888, 0x0888, 0x0888, 0x0888, 0xFFDA, 0xFDA6, 0xFDA6,
    0xFDA6, 0xFDA6, 0xFDA6, 0xFDA6, 0xFDA6, 0xFDA6, 0xFDA6, 0xFDA6,
    0xFDA6, 0xFDA6, 0xFDA6, 0xFDA6, 0xFDA6, 0xFDA6, 0xFDA6, 0xFDA6,
    0xFDA6, 0xFDA6, 0xFDA6, 0xFD87, 0xFFEB, 0xFFEB, 0xFDA6, 0xFFDA,
    0xFD87, 0xFFEB, 0xFD87, 0xFFDA, 0xFDA6, 0xFDA6, 0xFDA6, 0xFFDA,
    0x0888, 0x0888, 0x0888, 0x0888, 0x0888, 0x0888, 0x0888, 0x0888,
    0x0888, 0x0888, 0x0888, 0x0888, 0x0888, 0x0888, 0x0888, 0x0888,
    0x0888, 0x0888, 0x0888, 0x0888, 0x0888, 0x0888, 0x0888, 0x0888,
    0x0888, 0x0888, 0x0888, 0x0888, 0x0888, 0x0888, 0x0888, 0x0888,
    0x0888, 0x0888, 0x0888, 0x0888, 0x0888, 0x0888, 0x0888, 0x0888,
    0x0888, 0x0888, 0x0888, 0x0888, 0x0888, 0x0888, 0x0888, 0x0888,
    0x0888, 0x0888, 0x0888, 0x0888, 0x0888, 0x0888, 0x0888, 0x0888,
    0x0888, 0x0888, 0x0888, 0x0888, 0x0888, 0x0888, 0x0888, 0x0888,
    0x0888, 0x0888, 0x0888, 0x0888, 0x0888, 0x0888, 0x0888, 0x0888,
    0x0888, 0x0888, 0x0888, 0x0888, 0x0888, 0x0888, 0x0888, 0x0888,
    0x0888, 0x0888, 0x0888, 0x0888, 0x0888, 0x0888, 0x0888, 0x0888,
    0x0888, 0x0888, 0x0888, 0x0888, 0x0888, 0x0888, 0x0888, 0x0888,
    0x0888, 0x0888, 0x0888, 0x0888, 0x0888, 0x0888, 0x0888, 0x0888,
    0x0888, 0x0888, 0x0888, 0x0888, 0x0888, 0x0888, 0x0888, 0x0888,
    0x0888, 0x0888, 0x0888, 0x0888, 0x0888, 0x0888, 0x0888, 0x0888,
    0x0888, 0x0888, 0x0888, 0x0888, 0x0888, 0x0888, 0x0888, 0x0888,
    0x0888, 0x0888, 0x0888, 0x0888, 0x0888, 0x0888, 0x0888, 0x0888,
    0x0888, 0x0888, 0x0888, 0x0888, 0x0888, 0x0888, 0x0888, 0x0888,
    0x0888, 0x0888, 0x0888, 0x0888, 0x0888, 0x0888, 0x0888, 0x0888,
    0x0888, 0x0888, 0x0888, 0x0888, 0x0888, 0x0888, 0x0888, 0x0888,
    0x0888, 0x0888, 0x0888, 0x0888, 0x0888, 0x0888, 0x0888, 0x0888,
    0x0888, 0x0888, 0x0888, 0x0888, 0x0888, 0x0888, 0x0888, 0x0888,
    0x0888, 0x0888, 0x0888, 0x0888, 0x0888, 0x0888, 0x0888, 0x0888,
    0x0888, 0x0888, 0x0888, 0x0888, 0x0888, 0x0888, 0x0888, 0x0888,
    0x0888, 0x0888, 0x0888, 0x0888, 0x0888, 0x0888, 0x0888, 0x0888,
    0x0888, 0x0888, 0x0888, 0x0888, 0x0888, 0x0888, 0x0888, 0x0888,
    0x0888, 0x0888, 0x0888, 0x0888, 0x0888, 0x0888, 0x0888, 0x0888,
    0x0888, 0x0888, 0x0888, 0x0888, 0x0888, 0xFFDA, 0xFDA6, 0xFDA6,
    0xF945, 0xF945, 0xF945, 0xF945, 0xFDA6, 0xFDA6, 0xFDA6, 0xFDA6,
    0xFDA6, 0xFDA6, 0xFDA6, 0xFDA6, 0xFDA6, 0xFDA6, 0xFDA6, 0xFDA6,
    0xFDA6, 0xF945, 0xFFEB, 0xFFEB, 0xFFEB, 0xFFEB, 0xFDA6, 0xFDA6,
    0xFD87, 0xFFEB, 0xFFEB, 0xFD87, 0xFD87, 0xFDA6, 0xFDA6, 0xFDA6,
    0xFFDA, 0x0888, 0x0888, 0x0888, 0x0888, 0x0888, 0x0888, 0x0888,
    0x0888, 0x0888, 0x0888, 0x0888, 0x0888, 0x0888, 0x0888, 0x0888,
    0x0888, 0x0888, 0x0888, 0x0888, 0x0888, 0x0888, 0x0888, 0x0888,
    0x0888, 0x0888, 0x0888, 0x0888, 0x0888, 0x0888, 0x0888, 0x0888,
    0x0888, 0x0888, 0x0888, 0x0888, 0x0888, 0x0888, 0x0888, 0x0888,
    0x0888, 0x0888, 0x0888, 0x0888, 0x0888, 0x0888, 0x0888, 0x0888,
    0x0888, 0x0888, 0x0888, 0x0888, 0x0888, 0x0888, 0x0888, 0x0888,
    0x0888, 0x0888, 0x0888, 0x0888, 0x0888, 0x0888, 0x0888, 0x0888,
    0x0888, 0x0888, 0x0888, 0x0888, 0x0888, 0x0888, 0x0888, 0x0888,
    0x0888, 0x0888, 0x0888, 0x0888, 0x0888, 0x0888, 0x0888, 0x0888,
    0x0888, 0x0888, 0x0888, 0x0888, 0x0888, 0x0888, 0x0888, 0x0888,
    0x0888, 0x0888, 0x0888, 0x0888, 0x0888, 0x0888, 0x0888, 0x0888,
    0x0888, 0x0888, 0x0888, 0x0888, 0x0888, 0x0888, 0x0888, 0x0888,
    0x0888, 0x0888, 0x0888, 0x0888, 0x0888, 0x0888, 0x0888, 0x0888,
    0x0888, 0x0888, 0x0888, 0x0888, 0x0888, 0x0888, 0x0888, 0x0888,
    0x0888, 0x0888, 0x0888, 0x0888, 0x0888, 0x0888, 0x0888, 0x0888,
    0x0888, 0x0888, 0x0888, 0x0888, 0x0888, 0x0888, 0x0888, 0x0888,
    0x0888, 0x0888, 0x0888, 0x0888, 0x0888, 0x0888, 0x0888, 0x0888,
    0x0888, 0x0888, 0x0888, 0x0888, 0x0888, 0x0888, 0x0888, 0x0888,
    0x0888, 0x0888, 0x0888, 0x0888, 0x0888, 0x0888, 0x0888, 0x0888,
    0x0888, 0x0888, 0x0888, 0x0888, 0x0888, 0x0888, 0x0888, 0x0888,
    0x0888, 0x0888, 0x0888, 0x0888, 0x0888, 0x0888, 0x0888, 0x0888,
    0x0888, 0x0888, 0x0888, 0x0888, 0x0888, 0x0888, 0x0888, 0x0888,
    0x0888, 0x0888, 0x0888, 0x0888, 0x0888, 0x0888, 0x0888, 0x0888,
    0x0888, 0x0888, 0x0888, 0x0888, 0x0888, 0x0888, 0x0888, 0x0888,
    0x0888, 0x0888, 0x0888, 0x0888, 0x0888, 0x0888, 0x0888, 0x0888,
    0x0888, 0x0888, 0x0888, 0x0888, 0x0888, 0x0888, 0x0888, 0x0888,
    0x0888, 0x0888, 0x0888, 0x0888, 0xFDA6, 0xFDA6, 0xF945, 0xF945,
    0xF945, 0xF945, 0xF945, 0xFDA6, 0xFDA6, 0xFDA6, 0xFDA6, 0xF945,
    0xF945, 0xF945, 0xFDA6, 0xFDA6, 0xFDA6, 0xFDA6, 0xFDA6, 0xFDA6,
    0xF945, 0xF000, 0xFFEB, 0xFFEB, 0xFFEB, 0xFFEB, 0xFDA6, 0xFD87,
    0xFFEB, 0xFFEB, 0xFFEB, 0xFFEB, 0xF000, 0xF945, 0xFDA6, 0xFDA6,
    0xFFDA, 0x0888, 0x0888, 0x0888, 0x0888, 0x0888, 0x0888, 0x0888,
    0x0888, 0x0888, 0x0888, 0x0888, 0x0888, 0x0888, 0x0888, 0x0888,
    0x0888, 0x0888, 0x0888, 0x0888, 0x0888, 0x0888, 0x0888, 0x0888,
    0x0888, 0x0888, 0x0888, 0x0888, 0x0888, 0x0888, 0x0888, 0x0888,
    0x0888, 0x0888, 0x0888, 0x0888, 0x0888, 0x0888, 0x0888, 0x0888,
    0x0888, 0x0888, 0x0888, 0x0888, 0x0888, 0x0888, 0x0888, 0x0888,
    0x0888, 0x0888, 0x0888, 0x0888, 0x0888, 0x0888, 0x0888, 0x0888,
    0x0888, 0x0888, 0x0888, 0x0888, 0x0888, 0x0888, 0x0888, 0x0888,
    0x0888, 0x0888, 0x0888, 0x0888, 0x0888, 0x0888, 0x0888, 0x0888,
    0x0888, 0x0888, 0x0888, 0x0888, 0x0888, 0x0888, 0x0888, 0x0888,
    0x0888, 0x0888, 0x0888, 0x0888, 0x0888, 0x0888, 0x0888, 0x0888,
    0x0888, 0x0888, 0x0888, 0x0888, 0x0888, 0x0888, 0x0888, 0x0888,
    0x0888, 0x0888, 0x0888, 0x0888, 0x0888, 0x0888, 0x0888, 0x0888,
    0x0888, 0x0888, 0x0888, 0x0888, 0x0888, 0x0888, 0x0888, 0x0888,
    0x0888, 0x0888, 0x0888, 0x0888, 0x0888, 0x0888, 0x0888, 0x0888,
    0x0888, 0x0888, 0x0888, 0x0888, 0x0888, 0x0888, 0x0888, 0x0888,
    0x0888, 0x0888, 0x0888, 0x0888, 0x0888, 0x0888, 0x0888, 0x0888,
    0x0888, 0x0888, 0x0888, 0x0888, 0x0888, 0x0888, 0x0888, 0x0888,
    0x0888, 0x0888, 0x0888, 0x0888, 0x0888, 0x0888, 0x0888, 0x0888,
    0x0888, 0x0888, 0x0888, 0x0888, 0x0888, 0x0888, 0x0888, 0x0888,
    0x0888, 0x0888, 0x0888, 0x0888, 0x0888, 0x0888, 0x0888, 0x0888,
    0x0888, 0x0888, 0x0888, 0x0888, 0x0888, 0x0888, 0x0888, 0x0888,
    0x0888, 0x0888, 0x0888, 0x0888, 0x0888, 0x0888, 0x0888, 0x0888,
    0x0888, 0x0888, 0x0888, 0x0888, 0x0888, 0x0888, 0x0888, 0x0888,
    0x0888, 0x0888, 0x0888, 0x0888, 0x0888, 0x0888, 0x0888, 0x0888,
    0x0888, 0x0888, 0x0888, 0x0888, 0x0888, 0x0888, 0x0888, 0x0888,
    0x0888, 0x0888, 0x0888, 0x0888, 0x0888, 0x0888, 0x0888, 0x0888,
    0x0888, 0x0888, 0x0888, 0x0888, 0xFFDA, 0xF945, 0xF945, 0xF945,
    0x0888, 0x0888, 0xFDA6, 0xFDA6, 0xFDA6, 0xF945, 0xF945, 0xF945,
    0xF945, 0xF945, 0xFDA6, 0xFDA6, 0xFDA6, 0xFDA6, 0xFDA6, 0xF945,
    0xFFEB, 0xF000, 0xF000, 0xFFEB, 0xFFEB, 0xFFEB, 0xFD87, 0xFFEB,
    0xFFEB, 0xFFEB, 0xFFEB, 0xF000, 0xF000, 0xF945, 0xF945, 0xFDA6,
    0xFDA6, 0xFFDA, 0x0888, 0x0888, 0x0888, 0x0888, 0x0888, 0x0888,
    0x0888, 0x0888, 0x0888, 0x0888, 0x0888, 0x0888, 0x0888, 0x0888,
    0x0888, 0x0888, 0x0888, 0x0888, 0x0888, 0x0888, 0x0888, 0x0888,
    0x0888, 0x0888, 0x0888, 0x0888, 0x0888, 0x0888, 0x0888, 0x0888,
    0x0888, 0x0888, 0x0888, 0x0888, 0x0888, 0x0888, 0x0888, 0x0888,
    0x0888, 0x0888, 0x0888, 0x0888, 0x0888, 0x0888, 0x0888, 0x0888,
    0x0888, 0x0888, 0x0888, 0x0888, 0x0888, 0x0888, 0x0888, 0x0888,
    0x0888, 0x0888, 0x0888, 0x0888, 0x0888, 0x0888, 0x0888, 0x0888,
    0x0888, 0x0888, 0x0888, 0x0888, 0x0888, 0x0888, 0x0888, 0x0888,
    0x0888, 0x0888, 0x0888, 0x0888, 0x0888, 0x0888, 0x0888, 0x0888,
    0x0888, 0x0888, 0x0888, 0x0888, 0x0888, 0x0888, 0x0888, 0x0888,
    0x0888, 0x0888, 0x0888, 0x0888, 0x0888, 0x0888, 0x0888, 0x0888,
    0x0888, 0x0888, 0x0888, 0x0888, 0x0888, 0x0888, 0x0888, 0x0888,
    0x0888, 0x0888, 0x0888, 0x0888, 0x0888, 0x0888, 0x0888, 0x0888,
    0x0888, 0x0888, 0x0888, 0x0888, 0x0888, 0x0888, 0x0888, 0x0888,
    0x0888, 0x0888, 0x0888, 0x0888, 0x0888, 0x0888, 0x0888, 0x0888,
    0x0888, 0x0888, 0x0888, 0x0888, 0x0888, 0x0888, 0x0888, 0x0888,
    0x0888, 0x0888, 0x0888, 0x0888, 0x0888, 0x0888, 0x0888, 0x0888,
    0x0888, 0x0888, 0x0888, 0x0888, 0x0888, 0x0888, 0x0888, 0x0888,
    0x0888, 0x0888, 0x0888, 0x0888, 0x0888, 0x0888, 0x0888, 0x0888,
    0x0888, 0x0888, 0x0888, 0x0888, 0x0888, 0x0888, 0x0888, 0x0888,
    0x0888, 0x0888, 0x0888, 0x0888, 0x0888, 0x0888, 0x0888, 0x0888,
    0x0888, 0x0888, 0x0888, 0x0888, 0x0888, 0x0888, 0x0888, 0x0888,
    0x0888, 0x0888, 0x0888, 0x0888, 0x0888, 0x0888, 0x0888, 0x0888,
    0x0888, 0x0888, 0x0888, 0x0888, 0x0888, 0x0888, 0x0888, 0x0888,
    0x0888, 0x0888, 0x0888, 0x0888, 0x0888, 0x0888, 0x0888, 0x0888,
    0x0888, 0x0888, 0x0888, 0xFFDA, 0xFFDA, 0x0888, 0x0888, 0x0888,
    0x0888, 0x0888, 0x0888, 0x0888, 0xFDA6, 0xF945, 0x0888, 0x0888,
    0x0888, 0xFDA6, 0xFDA6, 0xF945, 0xF945, 0xF945, 0xF945, 0xF945,
    0xF945, 0xFDA6, 0xFDA6, 0xFDA6, 0xFDA6, 0xFDA6, 0xFDA6, 0xF945,
    0xFFEB, 0xFFEB, 0xF000, 0xF000, 0xFFEB, 0xFFEB, 0xFFEB, 0xFFEB,
    0xFFEB, 0xFFEB, 0xF000, 0xF000, 0xF945, 0xF945, 0xF945, 0xF945,
    0xFDA6, 0xFFDA, 0x0888, 0x0888, 0x0888, 0x0888, 0x0888, 0x0888,
    0x0888, 0x0888, 0x0888, 0x0888, 0x0888, 0x0888, 0x0888, 0x0888,
    0x0888, 0x0888, 0x0888, 0x0888, 0x0888, 0x0888, 0x0888, 0x0888,
    0x0888, 0x0888, 0x0888, 0x0888, 0x0888, 0x0888, 0x0888, 0x0888,
    0x0888, 0x0888, 0x0888, 0x0888, 0x0888, 0x0888, 0x0888, 0x0888,
    0x0888, 0x0888, 0x0888, 0x0888, 0x0888, 0x0888, 0x0888, 0x0888,
    0x0888, 0x0888, 0x0888, 0x0888, 0x0888, 0x0888, 0x0888, 0x0888,
    0x0888, 0x0888, 0x0888, 0x0888, 0x0888, 0x0888, 0x0888, 0x0888,
    0x0888, 0x0888, 0x0888, 0x0888, 0x0888, 0x0888, 0x0888, 0x0888,
    0x0888, 0x0888, 0x0888, 0x0888, 0x0888, 0x0888, 0x0888, 0x0888,
    0x0888, 0x0888, 0x0888, 0x0888, 0x0888, 0x0888, 0x0888, 0x0888,
    0x0888, 0x0888, 0x0888, 0x0888, 0x0888, 0x0888, 0x0888, 0x0888,
    0x0888, 0x0888, 0x0888, 0x0888, 0x0888, 0x0888, 0x0888, 0x0888,
    0x0888, 0x0888, 0x0888, 0x0888, 0x0888, 0x0888, 0x0888, 0x0888,
    0x0888, 0x0888, 0x0888, 0x0888, 0x0888, 0x0888, 0x0888, 0x0888,
    0x0888, 0x0888, 0x0888, 0x0888, 0x0888, 0x0888, 0x0888, 0x0888,
    0x0888, 0x0888, 0x0888, 0x0888, 0x0888, 0x0888, 0x0888, 0x0888,
    0x0888, 0x0888, 0x0888, 0x0888, 0x0888, 0x0888, 0x0888, 0x0888,
    0x0888, 0x0888, 0x0888, 0x0888, 0x0888, 0x0888, 0x0888, 0x0888,
    0x0888, 0x0888, 0x0888, 0x0888, 0x0888, 0x0888, 0x0888, 0x0888,
    0x0888, 0x0888, 0x0888, 0x0888, 0x0888, 0x0888, 0x0888, 0x0888,
    0x0888, 0x0888, 0x0888, 0x0888, 0x0888, 0x0888, 0x0888, 0x0888,
    0x0888, 0x0888, 0x0888, 0x0888, 0x0888, 0x0888, 0x0888, 0x0888,
    0x0888, 0x0888, 0x0888, 0x0888, 0x0888, 0x0888, 0x0888, 0x0888,
    0x0888, 0x0888, 0x0888, 0x0888, 0x0888, 0x0888, 0x0888, 0x0888,
    0x0888, 0x0888, 0x0888, 0x0888, 0x0888, 0x0888, 0x0888, 0x0888,
    0x0888, 0x0888, 0xFFDA, 0xFDA6, 0xFDA6, 0xFFDA, 0xFFDA, 0x0888,
    0x0888, 0x0888, 0x0888, 0x0888, 0x0888, 0x0888, 0x0888, 0x0888,
    0x0888, 0xFDA6, 0xF945, 0xF945, 0xF945, 0xF945, 0xF945, 0xF945,
    0xF945, 0xFDA6, 0xFDA6, 0xFDA6, 0xFDA6, 0xFDA6, 0xF945, 0xFFEB,
    0xFFEB, 0xFFEB, 0xFFEB, 0xF000, 0xF000, 0xFFEB, 0xFFEB, 0xFFEB,
    0xFFEB, 0xF000, 0xF000, 0xFFEB, 0xF945, 0xF945, 0xF945, 0xF945,
    0xFDA6, 0xFFDA, 0x0888, 0x0888, 0x0888, 0x0888, 0x0888, 0x0888,
    0x0888, 0x0888, 0x0888, 0x0888, 0x0888, 0x0888, 0x0888, 0x0888,
    0x0888, 0x0888, 0x0888, 0x0888, 0x0888, 0x0888, 0x0888, 0x0888,
    0x0888, 0x0888, 0x0888, 0x0888, 0x0888, 0x0888, 0x0888, 0x0888,
    0x0888, 0x0888, 0x0888, 0x0888, 0x0888, 0x0888, 0x0888, 0x0888,
    0x0888, 0x0888, 0x0888, 0x0888, 0x0888, 0x0888, 0x0888, 0x0888,
    0x0888, 0x0888, 0x0888, 0x0888, 0x0888, 0x0888, 0x0888, 0x0888,
    0x0888, 0x0888, 0x0888, 0x0888, 0x0888, 0x0888, 0x0888, 0x0888,
    0x0888, 0x0888, 0x0888, 0x0888, 0x0888, 0x0888, 0x0888, 0x0888,
    0x0888, 0x0888, 0x0888, 0x0888, 0x0888, 0x0888, 0x0888, 0x0888,
    0x0888, 0x0888, 0x0888, 0x0888, 0x0888, 0x0888, 0x0888, 0x0888,
    0x0888, 0x0888, 0x0888, 0x0888, 0x0888, 0x0888, 0x0888, 0x0888,
    0x0888, 0x0888, 0x0888, 0x0888, 0x0888, 0x0888, 0x0888, 0x0888,
    0x0888, 0x0888, 0x0888, 0x0888, 0x0888, 0x0888, 0x0888, 0x0888,
    0x0888, 0x0888, 0x0888, 0x0888, 0x0888, 0x0888, 0x0888, 0x0888,
    0x0888, 0x0888, 0x0888, 0x0888, 0x0888, 0x0888, 0x0888, 0x0888,
    0x0888, 0x0888, 0x0888, 0x0888, 0x0888, 0x0888, 0x0888, 0x0888,
    0x0888, 0x0888, 0x0888, 0x0888, 0x0888, 0x0888, 0x0888, 0x0888,
    0x0888, 0x0888, 0x0888, 0x0888, 0x0888, 0x0888, 0x0888, 0x0888,
    0x0888, 0x0888, 0x0888, 0x0888, 0x0888, 0x0888, 0x0888, 0x0888,
    0x0888, 0x0888, 0x0888, 0x0888, 0x0888, 0x0888, 0x0888, 0x0888,
    0x0888, 0x0888, 0x0888, 0x0888, 0x0888, 0x0888, 0x0888, 0x0888,
    0x0888, 0x0888, 0x0888, 0x0888, 0x0888, 0x0888, 0x0888, 0x0888,
    0x0888, 0x0888, 0x0888, 0x0888, 0x0888, 0x0888, 0x0888, 0x0888,
    0x0888, 0x0888, 0x0888, 0x0888, 0x0888, 0x0888, 0x0888, 0x0888,
    0x0888, 0x0888, 0x0888, 0x0888, 0x0888, 0x0888, 0x0888, 0x0888,
    0x0888, 0x0888, 0xFDA6, 0xFDA6, 0xFDA6, 0xFDA6, 0xFDA6, 0xFFDA,
    0xFFDA, 0x0888, 0x0888, 0x0888, 0x0888, 0x0888, 0x0888, 0x0888,
    0xFDA6, 0xFDA6, 0xF945, 0xF945, 0xF945, 0xF945, 0xF945, 0xF945,
    0xF945, 0xFDA6, 0xFDA6, 0xFDA6, 0xFDA6, 0xF945, 0xFFEB, 0xFFBB,
    0xFFBB, 0xFFEB, 0xF000, 0xF000, 0xF000, 0xFFEB, 0xFFEB, 0xFFEB,
    0xFFEB, 0xF000, 0xF000, 0xF000, 0xF945, 0xF945, 0xF945, 0xF945,
    0xFDA6, 0xFFDA, 0x0888, 0x0888, 0x0888, 0x0888, 0x0888, 0x0888,
    0x0888, 0x0888, 0x0888, 0x0888, 0x0888, 0x0888, 0x0888, 0x0888,
    0x0888, 0x0888, 0x0888, 0x0888, 0x0888, 0x0888, 0x0888, 0x0888,
    0x0888, 0x0888, 0x0888, 0x0888, 0x0888, 0x0888, 0x0888, 0x0888,
    0x0888, 0x0888, 0x0888, 0x0888, 0x0888, 0x0888, 0x0888, 0x0888,
    0x0888, 0x0888, 0x0888, 0x0888, 0x0888, 0x0888, 0x0888, 0x0888,
    0x0888, 0x0888, 0x0888, 0x0888, 0x0888, 0x0888, 0x0888, 0x0888,
    0x0888, 0x0888, 0x0888, 0x0888, 0x0888, 0x0888, 0x0888, 0x0888,
    0x0888, 0x0888, 0x0888, 0x0888, 0x0888, 0x0888, 0x0888, 0x0888,
    0x0888, 0x0888, 0x0888, 0x0888, 0x0888, 0x0888, 0x0888, 0x0888,
    0x0888, 0x0888, 0x0888, 0x0888, 0x0888, 0x0888, 0x0888, 0x0888,
    0x0888, 0x0888, 0x0888, 0x0888, 0x0888, 0x0888, 0x0888, 0x0888,
    0x0888, 0x0888, 0x0888, 0x0888, 0x0888, 0x0888, 0x0888, 0x0888,
    0x0888, 0x0888, 0x0888, 0x0888, 0x0888, 0x0888, 0x0888, 0x0888,
    0x0888, 0x0888, 0x0888, 0x0888, 0x0888, 0x0888, 0x0888, 0x0888,
    0x0888, 0x0888, 0x0888, 0x0888, 0x0888, 0x0888, 0x0888, 0x0888,
    0x0888, 0x0888, 0x0888, 0x0888, 0x0888, 0x0888, 0x0888, 0x0888,
    0x0888, 0x0888, 0x0888, 0x0888, 0x0888, 0x0888, 0x0888, 0x0888,
    0x0888, 0x0888, 0x0888, 0x0888, 0x0888, 0x0888, 0x0888, 0x0888,
    0x0888, 0x0888, 0x0888, 0x0888, 0x0888, 0x0888, 0x0888, 0x0888,
    0x0888, 0x0888, 0x0888, 0x0888, 0x0888, 0x0888, 0x0888, 0x0888,
    0x0888, 0x0888, 0x0888, 0x0888, 0x0888, 0x0888, 0x0888, 0x0888,
    0x0888, 0x0888, 0x0888, 0x0888, 0x0888, 0x0888, 0x0888, 0x0888,
    0x0888, 0x0888, 0x0888, 0x0888, 0x0888, 0x0888, 0x0888, 0x0888,
    0x0888, 0x0888, 0x0888, 0x0888, 0x0888, 0x0888, 0x0888, 0x0888,
    0x0888, 0x0888, 0x0888, 0x0888, 0x0888, 0x0888, 0x0888, 0x0888,
    0x0888, 0x0888, 0xF945, 0xFDA6, 0xFDA6, 0xFDA6, 0xFDA6, 0xFDA6,
    0xFDA6, 0xFFDA, 0xFFDA, 0x0888, 0x0888, 0x0888, 0x0888, 0x0888,
    0xFDA6, 0xF945, 0xF945, 0x0888, 0x0888, 0xF945, 0xF945, 0xF945,
    0xF945, 0xFDA6, 0xFDA6, 0xFDA6, 0xFDA6, 0xF945, 0xFFBB, 0xFFBB,
    0xF000, 0xF000, 0xF000, 0xFFEB, 0xFFEB, 0xFFEB, 0xFFEB, 0xFFEB,
    0xFFEB, 0xFFEB, 0xFFEB, 0xF000, 0xF000, 0xF945, 0x0888, 0xF945,
    0xFDA6, 0xFFDA, 0x0888, 0x0888, 0x0888, 0x0888, 0x0888, 0x0888,
    0x0888, 0x0888, 0x0888, 0x0888, 0x0888, 0x0888, 0x0888, 0x0888,
    0x0888, 0x0888, 0x0888, 0x0888, 0x0888, 0x0888, 0x0888, 0x0888,
    0x0888, 0x0888, 0x0888, 0x0888, 0x0888, 0x0888, 0x0888, 0x0888,
    0x0888, 0x0888, 0x0888, 0x0888, 0x0888, 0x0888, 0x0888, 0x0888,
    0x0888, 0x0888, 0x0888, 0x0888, 0x0888, 0x0888, 0x0888, 0x0888,
    0x0888, 0x0888, 0x0888, 0x0888, 0x0888, 0x0888, 0x0888, 0x0888,
    0x0888, 0x0888, 0x0888, 0x0888, 0x0888, 0x0888, 0x0888, 0x0888,
    0x0888, 0x0888, 0x0888, 0x0888, 0x0888, 0x0888, 0x0888, 0x0888,
    0x0888, 0x0888, 0x0888, 0x0888, 0x0888, 0x0888, 0x0888, 0x0888,
    0x0888, 0x0888, 0x0888, 0x0888, 0x0888, 0x0888, 0x0888, 0x0888,
    0x0888, 0x0888, 0x0888, 0x0888, 0x0888, 0x0888, 0x0888, 0x0888,
    0x0888, 0x0888, 0x0888, 0x0888, 0x0888, 0x0888, 0x0888, 0x0888,
    0x0888, 0x0888, 0x0888, 0x0888, 0x0888, 0x0888, 0x0888, 0x0888,
    0x0888, 0x0888, 0x0888, 0x0888, 0x0888, 0x0888, 0x0888, 0x0888,
    0x0888, 0x0888, 0x0888, 0x0888, 0x0888, 0x0888, 0x0888, 0x0888,
    0x0888, 0x0888, 0x0888, 0x0888, 0x0888, 0x0888, 0x0888, 0x0888,
    0x0888, 0x0888, 0x0888, 0x0888, 0x0888, 0x0888, 0x0888, 0x0888,
    0x0888, 0x0888, 0x0888, 0x0888, 0x0888, 0x0888, 0x0888, 0x0888,
    0x0888, 0x0888, 0x0888, 0x0888, 0x0888, 0x0888, 0x0888, 0x0888,
    0x0888, 0x0888, 0x0888, 0x0888, 0x0888, 0x0888, 0x0888, 0x0888,
    0x0888, 0x0888, 0x0888, 0x0888, 0x0888, 0x0888, 0x0888, 0x0888,
    0x0888, 0x0888, 0x0888, 0x0888, 0x0888, 0x0888, 0x0888, 0x0888,
    0x0888, 0x0888, 0x0888, 0x0888, 0x0888, 0x0888, 0x0888, 0x0888,
    0x0888, 0x0888, 0x0888, 0x0888, 0x0888, 0x0888, 0x0888, 0x0888,
    0x0888, 0x0888, 0x0888, 0x0888, 0x0888, 0x0888, 0x0888, 0x0888,
    0x0888, 0x0888, 0x0888, 0xF945, 0xF945, 0xFDA6, 0xFDA6, 0xFDA6,
    0xFDA6, 0xFDA6, 0xFDA6, 0xFFDA, 0xFFDA, 0x0888, 0x0888, 0x0888,
    0xFDA6, 0xF945, 0x0888, 0x0888, 0x0888, 0xF945, 0xF945, 0xF945,
    0xF945, 0xFDA6, 0xFDA6, 0xFDA6, 0xF945, 0xFFBB, 0xFFBB, 0xFFBB,
    0xFFBB, 0xFFBB, 0xFFEB, 0xFFEB, 0xFFEB, 0xFD87, 0xFD87, 0xFFEB,
    0xFFEB, 0xFFEB, 0xFFEB, 0xFFEB, 0xF945, 0xF945, 0x0888, 0x0888,
    0xFDA6, 0x0888, 0x0888, 0x0888, 0x0888, 0x0888, 0x0888, 0x0888,
    0x0888, 0x0888, 0x0888, 0x0888, 0x0888, 0x0888, 0x0888, 0x0888,
    0x0888, 0x0888, 0x0888, 0x0888, 0x0888, 0x0888, 0x0888, 0x0888,
    0x0888, 0x0888, 0x0888, 0x0888, 0x0888, 0x0888, 0x0888, 0x0888,
    0x0888, 0x0888, 0x0888, 0x0888, 0x0888, 0x0888, 0x0888, 0x0888,
    0x0888, 0x0888, 0x0888, 0x0888, 0x0888, 0x0888, 0x0888, 0x0888,
    0x0888, 0x0888, 0x0888, 0x0888, 0x0888, 0x0888, 0x0888, 0x0888,
    0x0888, 0x0888, 0x0888, 0x0888, 0x0888, 0x0888, 0x0888, 0x0888,
    0x0888, 0x0888, 0x0888, 0x0888, 0x0888, 0x0888, 0x0888, 0x0888,
    0x0888, 0x0888, 0x0888, 0x0888, 0x0888, 0x0888, 0x0888, 0x0888,
    0x0888, 0x0888, 0x0888, 0x0888, 0x0888, 0x0888, 0x0888, 0x0888,
    0x0888, 0x0888, 0x0888, 0x0888, 0x0888, 0x0888, 0x0888, 0x0888,
    0x0888, 0x0888, 0x0888, 0x0888, 0x0888, 0x0888, 0x0888, 0x0888,
    0x0888, 0x0888, 0x0888, 0x0888, 0x0888, 0x0888, 0x0888, 0x0888,
    0x0888, 0x0888, 0x0888, 0x0888, 0x0888, 0x0888, 0x0888, 0x0888,
    0x0888, 0x0888, 0x0888, 0x0888, 0x0888, 0x0888, 0x0888, 0x0888,
    0x0888, 0x0888, 0x0888, 0x0888, 0x0888, 0x0888, 0x0888, 0x0888,
    0x0888, 0x0888, 0x0888, 0x0888, 0x0888, 0x0888, 0x0888, 0x0888,
    0x0888, 0x0888, 0x0888, 0x0888, 0x0888, 0x0888, 0x0888, 0x0888,
    0x0888, 0x0888, 0x0888, 0x0888, 0x0888, 0x0888, 0x0888, 0x0888,
    0x0888, 0x0888, 0x0888, 0x0888, 0x0888, 0x0888, 0x0888, 0x0888,
    0x0888, 0x0888, 0x0888, 0x0888, 0x0888, 0x0888, 0x0888, 0x0888,
    0x0888, 0x0888, 0x0888, 0x0888, 0x0888, 0x0888, 0x0888, 0x0888,
    0x0888, 0x0888, 0x0888, 0x0888, 0x0888, 0x0888, 0x0888, 0x0888,
    0x0888, 0x0888, 0x0888, 0x0888, 0x0888, 0x0888, 0x0888, 0x0888,
    0x0888, 0x0888, 0x0888, 0x0888, 0x0888, 0x0888, 0x0888, 0x0888,
    0x0888, 0x0888, 0x0888, 0x0888, 0x0888, 0xF945, 0xF945, 0xFDA6,
    0xFDA6, 0xFDA6, 0xFDA6, 0xFDA6, 0xFDA6, 0xFFDA, 0xFFDA, 0x0888,
    0xF945, 0x0888, 0x0888, 0x0888, 0x0888, 0xF945, 0xF945, 0xF945,
    0xF945, 0xF945, 0xFDA6, 0xFDA6, 0xF945, 0x0888, 0xFFBB, 0xFFBB,
    0xFFBB, 0xFFEB, 0xFFEB, 0xFFEB, 0xFFEB, 0xFD87, 0xFD87, 0xFFEB,
    0xFFEB, 0xFFEB, 0xFFEB, 0xF945, 0xF945, 0x0888, 0x0888, 0x0888,
    0xFDA6, 0x0888, 0x0888, 0xFD87, 0xFD87, 0x0888, 0x0888, 0x0888,
    0x0888, 0x0888, 0x0888, 0x0888, 0x0888, 0x0888, 0x0888, 0x0888,
    0x0888, 0x0888, 0x0888, 0x0888, 0x0888, 0x0888, 0x0888, 0x0888,
    0x0888, 0x0888, 0x0888, 0x0888, 0x0888, 0x0888, 0x0888, 0x0888,
    0x0888, 0x0888, 0x0888, 0x0888, 0x0888, 0x0888, 0x0888, 0x0888,
    0x0888, 0x0888, 0x0888, 0x0888, 0x0888, 0x0888, 0x0888, 0x0888,
    0x0888, 0x0888, 0x0888, 0x0888, 0x0888, 0x0888, 0x0888, 0x0888,
    0x0888, 0x0888, 0x0888, 0x0888, 0x0888, 0x0888, 0x0888, 0x0888,
    0x0888, 0x0888, 0x0888, 0x0888, 0x0888, 0x0888, 0x0888, 0x0888,
    0x0888, 0x0888, 0x0888, 0x0888, 0x0888, 0x0888, 0x0888, 0x0888,
    0x0888, 0x0888, 0x0888, 0x0888, 0x0888, 0x0888, 0x0888, 0x0888,
    0x0888, 0x0888, 0x0888, 0x0888, 0x0888, 0x0888, 0x0888, 0x0888,
    0x0888, 0x0888, 0x0888, 0x0888, 0x0888, 0x0888, 0x0888, 0x0888,
    0x0888, 0x0888, 0x0888, 0x0888, 0x0888, 0x0888, 0x0888, 0x0888,
    0x0888, 0x0888, 0x0888, 0x0888, 0x0888, 0x0888, 0x0888, 0x0888,
    0x0888, 0x0888, 0x0888, 0x0888, 0x0888, 0x0888, 0x0888, 0x0888,
    0x0888, 0x0888, 0x0888, 0x0888, 0x0888, 0x0888, 0x0888, 0x0888,
    0x0888, 0x0888, 0x0888, 0x0888, 0x0888, 0x0888, 0x0888, 0x0888,
    0x0888, 0x0888, 0x0888, 0x0888, 0x0888, 0x0888, 0x0888, 0x0888,
    0x0888, 0x0888, 0x0888, 0x0888, 0x0888, 0x0888, 0x0888, 0x0888,
    0x0888, 0x0888, 0x0888, 0x0888, 0x0888, 0x0888, 0x0888, 0x0888,
    0x0888, 0x0888, 0x0888, 0x0888, 0x0888, 0x0888, 0x0888, 0x0888,
    0x0888, 0x0888, 0x0888, 0x0888, 0x0888, 0x0888, 0x0888, 0x0888,
    0x0888, 0x0888, 0x0888, 0x0888, 0x0888, 0x0888, 0x0888, 0x0888,
    0x0888, 0x0888, 0x0888, 0x0888, 0x0888, 0x0888, 0x0888, 0x0888,
    0x0888, 0x0888, 0x0888, 0x0888, 0x0888, 0x0888, 0x0888, 0x0888,
    0x0888, 0x0888, 0x0888, 0x0888, 0x0888, 0x0888, 0x0888, 0xF945,
    0xF945, 0xFDA6, 0xFDA6, 0xFDA6, 0xFDA6, 0xFDA6, 0xFDA6, 0xFFDA,
    0xFFDA, 0x0888, 0x0888, 0x0888, 0x0888, 0xF945, 0xF945, 0xF945,
    0xF945, 0xF945, 0xFDA6, 0xFDA6, 0xF945, 0xF347, 0xF347, 0xF347,
    0xFFEB, 0xFFEB, 0xFFEB, 0xFFEB, 0xFFEB, 0xFFEB, 0xFFEB, 0xFFEB,
    0xFFEB, 0xF945, 0xF945, 0xF945, 0x0888, 0x0888, 0x0888, 0x0888,
    0x0888, 0x0888, 0xFD87, 0xFD87, 0xFD87, 0xFD87, 0x0888, 0x0888,
    0x0888, 0x0888, 0x0888, 0x0888, 0x0888, 0x0888, 0x0888, 0x0888,
    0x0888, 0x0888, 0x0888, 0x0888, 0x0888, 0x0888, 0x0888, 0x0888,
    0x0888, 0x0888, 0x0888, 0x0888, 0x0888, 0x0888, 0x0888, 0x0888,
    0x0888, 0x0888, 0x0888, 0x0888, 0x0888, 0x0888, 0x0888, 0x0888,
    0x0888, 0x0888, 0x0888, 0x0888, 0x0888, 0x0888, 0x0888, 0x0888,
    0x0888, 0x0888, 0x0888, 0x0888, 0x0888, 0x0888, 0x0888, 0x0888,
    0x0888, 0x0888, 0x0888, 0x0888, 0x0888, 0x0888, 0x0888, 0x0888,
    0x0888, 0x0888, 0x0888, 0x0888, 0x0888, 0x0888, 0x0888, 0x0888,
    0x0888, 0x0888, 0x0888, 0x0888, 0x0888, 0x0888, 0x0888, 0x0888,
    0x0888, 0x0888, 0x0888, 0x0888, 0x0888, 0x0888, 0x0888, 0x0888,
    0x0888, 0x0888, 0x0888, 0x0888, 0x0888, 0x0888, 0x0888, 0x0888,
    0x0888, 0x0888, 0x0888, 0x0888, 0x0888, 0x0888, 0x0888, 0x0888,
    0x0888, 0x0888, 0x0888, 0x0888, 0x0888, 0x0888, 0x0888, 0x0888,
    0x0888, 0x0888, 0x0888, 0x0888, 0x0888, 0x0888, 0x0888, 0x0888,
    0x0888, 0x0888, 0x0888, 0x0888, 0x0888, 0x0888, 0x0888, 0x0888,
    0x0888, 0x0888, 0x0888, 0x0888, 0x0888, 0x0888, 0x0888, 0x0888,
    0x0888, 0x0888, 0x0888, 0x0888, 0x0888, 0x0888, 0x0888, 0x0888,
    0x0888, 0x0888, 0x0888, 0x0888, 0x0888, 0x0888, 0x0888, 0x0888,
    0x0888, 0x0888, 0x0888, 0x0888, 0x0888, 0x0888, 0x0888, 0x0888,
    0x0888, 0x0888, 0x0888, 0x0888, 0x0888, 0x0888, 0x0888, 0x0888,
    0x0888, 0x0888, 0x0888, 0x0888, 0x0888, 0x0888, 0x0888, 0x0888,
    0x0888, 0x0888, 0x0888, 0x0888, 0x0888, 0x0888, 0x0888, 0x0888,
    0x0888, 0x0888, 0x0888, 0x0888, 0x0888, 0x0888, 0x0888, 0x0888,
    0x0888, 0x0888, 0x0888, 0x0888, 0x0888, 0x0888, 0x0888, 0x0888,
    0x0888, 0x0888, 0x0888, 0x0888, 0x0888, 0x0888, 0x0888, 0x0888,
    0x0888, 0x0888, 0x0888, 0x0888, 0x0888, 0x0888, 0x0888, 0x0888,
    0x0888, 0xF945, 0xF945, 0xFDA6, 0xFDA6, 0xFFDA, 0xFFEB, 0xFFEB,
    0xFDA6, 0xFFDA, 0xFFDA, 0x0888, 0x0888, 0x0888, 0xF945, 0xF945,
    0xF945, 0xFFFF, 0xFFFF, 0xFFFF, 0xFFFF, 0xFFFF, 0xFFFF, 0xF347,
    0xF347, 0xF347, 0xFD87, 0xFD87, 0xFD87, 0xF347, 0xF347, 0xF347,
    0xF347, 0xF347, 0xF9CE, 0xF9CE, 0xF9CE, 0xFD87, 0xFD87, 0xFD87,
    0xFD87, 0xFD87, 0xFD87, 0xFD87, 0xFD87, 0xFD87, 0x0888, 0x0888,
    0x0888, 0x0888, 0x0888, 0x0888, 0x0888, 0x0888, 0x0888, 0x0888,
    0x0888, 0x0888, 0x0888, 0x0888, 0x0888, 0x0888, 0x0888, 0x0888,
    0x0888, 0x0888, 0x0888, 0x0888, 0x0888, 0x0888, 0x0888, 0x0888,
    0x0888, 0x0888, 0x0888, 0x0888, 0x0888, 0x0888, 0x0888, 0x0888,
    0x0888, 0x0888, 0x0888, 0x0888, 0x0888, 0x0888, 0x0888, 0x0888,
    0x0888, 0x0888, 0x0888, 0x0888, 0x0888, 0x0888, 0x0888, 0x0888,
    0x0888, 0x0888, 0x0888, 0x0888, 0x0888, 0x0888, 0x0888, 0x0888,
    0x0888, 0x0888, 0x0888, 0x0888, 0x0888, 0x0888, 0x0888, 0x0888,
    0x0888, 0x0888, 0x0888, 0x0888, 0x0888, 0x0888, 0x0888, 0x0888,
    0x0888, 0x0888, 0x0888, 0x0888, 0x0888, 0x0888, 0x0888, 0x0888,
    0x0888, 0x0888, 0x0888, 0x0888, 0x0888, 0x0888, 0x0888, 0x0888,
    0x0888, 0x0888, 0x0888, 0x0888, 0x0888, 0x0888, 0x0888, 0x0888,
    0x0888, 0x0888, 0x0888, 0x0888, 0x0888, 0x0888, 0x0888, 0x0888,
    0x0888, 0x0888, 0x0888, 0x0888, 0x0888, 0x0888, 0x0888, 0x0888,
    0x0888, 0x0888, 0x0888, 0x0888, 0x0888, 0x0888, 0x0888, 0x0888,
    0x0888, 0x0888, 0x0888, 0x0888, 0x0888, 0x0888, 0x0888, 0x0888,
    0x0888, 0x0888, 0x0888, 0x0888, 0x0888, 0x0888, 0x0888, 0x0888,
    0x0888, 0x0888, 0x0888, 0x0888, 0x0888, 0x0888, 0x0888, 0x0888,
    0x0888, 0x0888, 0x0888, 0x0888, 0x0888, 0x0888, 0x0888, 0x0888,
    0x0888, 0x0888, 0x0888, 0x0888, 0x0888, 0x0888, 0x0888, 0x0888,
    0x0888, 0x0888, 0x0888, 0x0888, 0x0888, 0x0888, 0x0888, 0x0888,
    0x0888, 0x0888, 0x0888, 0x0888, 0x0888, 0x0888, 0x0888, 0x0888,
    0x0888, 0x0888, 0x0888, 0x0888, 0x0888, 0x0888, 0x0888, 0x0888,
    0x0888, 0x0888, 0x0888, 0x0888, 0x0888, 0x0888, 0x0888, 0x0888,
    0x0888, 0x0888, 0x0888, 0x0888, 0x0888, 0x0888, 0x0888, 0x0888,
    0x0888, 0x0888, 0x0888, 0x0888, 0x0888, 0x0888, 0x0888, 0x0888,
    0x0888, 0x0888, 0x0888, 0xF945, 0xF945, 0xFD87, 0xFD87, 0xFFEB,
    0xFFEB, 0xFDA6, 0xFDA6, 0xFFDA, 0xFFDA, 0xFFEB, 0xFFEB, 0xFFEB,
    0xFFEB, 0xFD87, 0xFFFF, 0xFFFF, 0xFFFF, 0xFFFF, 0xFFFF, 0xFFFF,
    0xFFFF, 0xFF79, 0xF347, 0xF347, 0xF347, 0xF347, 0xF347, 0xF347,
    0xF9CE, 0xF9CE, 0xF9CE, 0xF9CE, 0xF9CE, 0xFD87, 0xFD87, 0xFD87,
    0xFD87, 0xFD87, 0xFD87, 0xFD87, 0xFD87, 0x0888, 0x0888, 0x0888,
    0x0888, 0x0888, 0x0888, 0x0888, 0x0888, 0x0888, 0x0888, 0x0888,
    0x0888, 0x0888, 0x0888, 0x0888, 0x0888, 0x0888, 0x0888, 0x0888,
    0x0888, 0x0888, 0x0888, 0x0888, 0x0888, 0x0888, 0x0888, 0x0888,
    0x0888, 0x0888, 0x0888, 0x0888, 0x0888, 0x0888, 0x0888, 0x0888,
    0x0888, 0x0888, 0x0888, 0x0888, 0x0888, 0x0888, 0x0888, 0x0888,
    0x0888, 0x0888, 0x0888, 0x0888, 0x0888, 0x0888, 0x0888, 0x0888,
    0x0888, 0x0888, 0x0888, 0x0888, 0x0888, 0x0888, 0x0888, 0x0888,
    0x0888, 0x0888, 0x0888, 0x0888, 0x0888, 0x0888, 0x0888, 0x0888,
    0x0888, 0x0888, 0x0888, 0x0888, 0x0888, 0x0888, 0x0888, 0x0888,
    0x0888, 0x0888, 0x0888, 0x0888, 0x0888, 0x0888, 0x0888, 0x0888,
    0x0888, 0x0888, 0x0888, 0x0888, 0x0888, 0x0888, 0x0888, 0x0888,
    0x0888, 0x0888, 0x0888, 0x0888, 0x0888, 0x0888, 0x0888, 0x0888,
    0x0888, 0x0888, 0x0888, 0x0888, 0x0888, 0x0888, 0x0888, 0x0888,
    0x0888, 0x0888, 0x0888, 0x0888, 0x0888, 0x0888, 0x0888, 0x0888,
    0x0888, 0x0888, 0x0888, 0x0888, 0x0888, 0x0888, 0x0888, 0x0888,
    0x0888, 0x0888, 0x0888, 0x0888, 0x0888, 0x0888, 0x0888, 0x0888,
    0x0888, 0x0888, 0x0888, 0x0888, 0x0888, 0x0888, 0x0888, 0x0888,
    0x0888, 0x0888, 0x0888, 0x0888, 0x0888, 0x0888, 0x0888, 0x0888,
    0x0888, 0x0888, 0x0888, 0x0888, 0x0888, 0x0888, 0x0888, 0x0888,
    0x0888, 0x0888, 0x0888, 0x0888, 0x0888, 0x0888, 0x0888, 0x0888,
    0x0888, 0x0888, 0x0888, 0x0888, 0x0888, 0x0888, 0x0888, 0x0888,
    0x0888, 0x0888, 0x0888, 0x0888, 0x0888, 0x0888, 0x0888, 0x0888,
    0x0888, 0x0888, 0x0888, 0x0888, 0x0888, 0x0888, 0x0888, 0x0888,
    0x0888, 0x0888, 0x0888, 0x0888, 0x0888, 0x0888, 0x0888, 0x0888,
    0x0888, 0x0888, 0x0888, 0x0888, 0x0888, 0x0888, 0x0888, 0x0888,
    0x0888, 0x0888, 0x0888, 0x0888, 0x0888, 0x0888, 0x0888, 0x0888,
    0x0888, 0x0888, 0x0888, 0x0888, 0x0888, 0x0888, 0xFD87, 0xFD87,
    0xFFEB, 0xFFEB, 0xFFEB, 0xFFEB, 0xFFEB, 0xFFEB, 0xFFEB, 0xFFEB,
    0xFFEB, 0xFFEB, 0xFD87, 0xFFFF, 0xFFFF, 0xFFFF, 0xFFFF, 0xFFFF,
    0xFFFF, 0xFFFF, 0xFF79, 0xFF79, 0xFF79, 0xFF79, 0xFF79, 0xFF79,
    0xFF79, 0xFF79, 0xFF79, 0xFF79, 0xFF79, 0xFF79, 0xFF79, 0xFD87,
    0xFD87, 0xFD87, 0xFD87, 0xFD87, 0x0888, 0x0888, 0x0888, 0x0888,
    0x0888, 0x0888, 0x0888, 0x0888, 0x0888, 0x0888, 0x0888, 0x0888,
    0x0888, 0x0888, 0x0888, 0x0888, 0x0888, 0x0888, 0x0888, 0x0888,
    0x0888, 0x0888, 0x0888, 0x0888, 0x0888, 0x0888, 0x0888, 0x0888,
    0x0888, 0x0888, 0x0888, 0x0888, 0x0888, 0x0888, 0x0888, 0x0888,
    0x0888, 0x0888, 0x0888, 0x0888, 0x0888, 0x0888, 0x0888, 0x0888,
    0x0888, 0x0888, 0x0888, 0x0888, 0x0888, 0x0888, 0x0888, 0x0888,
    0x0888, 0x0888, 0x0888, 0x0888, 0x0888, 0x0888, 0x0888, 0x0888,
    0x0888, 0x0888, 0x0888, 0x0888, 0x0888, 0x0888, 0x0888, 0x0888,
    0x0888, 0x0888, 0x0888, 0x0888, 0x0888, 0x0888, 0x0888, 0x0888,
    0x0888, 0x0888, 0x0888, 0x0888, 0x0888, 0x0888, 0x0888, 0x0888,
    0x0888, 0x0888, 0x0888, 0x0888, 0x0888, 0x0888, 0x0888, 0x0888,
    0x0888, 0x0888, 0x0888, 0x0888, 0x0888, 0x0888, 0x0888, 0x0888,
    0x0888, 0x0888, 0x0888, 0x0888, 0x0888, 0x0888, 0x0888, 0x0888,
    0x0888, 0x0888, 0x0888, 0x0888, 0x0888, 0x0888, 0x0888, 0x0888,
    0x0888, 0x0888, 0x0888, 0x0888, 0x0888, 0x0888, 0x0888, 0x0888,
    0x0888, 0x0888, 0x0888, 0x0888, 0x0888, 0x0888, 0x0888, 0x0888,
    0x0888, 0x0888, 0x0888, 0x0888, 0x0888, 0x0888, 0x0888, 0x0888,
    0x0888, 0x0888, 0x0888, 0x0888, 0x0888, 0x0888, 0x0888, 0x0888,
    0x0888, 0x0888, 0x0888, 0x0888, 0x0888, 0x0888, 0x0888, 0x0888,
    0x0888, 0x0888, 0x0888, 0x0888, 0x0888, 0x0888, 0x0888, 0x0888,
    0x0888, 0x0888, 0x0888, 0x0888, 0x0888, 0x0888, 0x0888, 0x0888,
    0x0888, 0x0888, 0x0888, 0x0888, 0x0888, 0x0888, 0x0888, 0x0888,
    0x0888, 0x0888, 0x0888, 0x0888, 0x0888, 0x0888, 0x0888, 0x0888,
    0x0888, 0x0888, 0x0888, 0x0888, 0x0888, 0x0888, 0x0888, 0x0888,
    0x0888, 0x0888, 0x0888, 0x0888, 0x0888, 0x0888, 0x0888, 0x0888,
    0x0888, 0x0888, 0x0888, 0x0888, 0x0888, 0x0888, 0x0888, 0x0888,
    0x0888, 0x0888, 0x0888, 0x0888, 0x0888, 0x0888, 0xFD87, 0xFD87,
    0xFFEB, 0xFFEB, 0xFFEB, 0xFFEB, 0xFFEB, 0xFFEB, 0xFFEB, 0xFFEB,
    0xFFEB, 0xFFEB, 0xFD87, 0xFFFF, 0xFFFF, 0xFFFF, 0xFFFF, 0xFFFF,
    0xFFFF, 0xFFFF, 0xFFFF, 0xFFFF, 0xF9CE, 0xF945, 0xF945, 0xFF79,
    0xFF79, 0xFF79, 0xFF79, 0xFF79, 0xFF79, 0xFF79, 0xF945, 0x0888,
    0x0888, 0xFD87, 0xFD87, 0xFD87, 0xFD87, 0x0888, 0x0888, 0x0888,
    0x0888, 0x0888, 0x0888, 0x0888, 0x0888, 0x0888, 0x0888, 0x0888,
    0x0888, 0x0888, 0x0888, 0x0888, 0x0888, 0x0888, 0x0888, 0x0888,
    0x0888, 0x0888, 0x0888, 0x0888, 0x0888, 0x0888, 0x0888, 0x0888,
    0x0888, 0x0888, 0x0888, 0x0888, 0x0888, 0x0888, 0x0888, 0x0888,
    0x0888, 0x0888, 0x0888, 0x0888, 0x0888, 0x0888, 0x0888, 0x0888,
    0x0888, 0x0888, 0x0888, 0x0888, 0x0888, 0x0888, 0x0888, 0x0888,
    0x0888, 0x0888, 0x0888, 0x0888, 0x0888, 0x0888, 0x0888, 0x0888,
    0x0888, 0x0888, 0x0888, 0x0888, 0x0888, 0x0888, 0x0888, 0x0888,
    0x0888, 0x0888, 0x0888, 0x0888, 0x0888, 0x0888, 0x0888, 0x0888,
    0x0888, 0x0888, 0x0888, 0x0888, 0x0888, 0x0888, 0x0888, 0x0888,
    0x0888, 0x0888, 0x0888, 0x0888, 0x0888, 0x0888, 0x0888, 0x0888,
    0x0888, 0x0888, 0x0888, 0x0888, 0x0888, 0x0888, 0x0888, 0x0888,
    0x0888, 0x0888, 0x0888, 0x0888, 0x0888, 0x0888, 0x0888, 0x0888,
    0x0888, 0x0888, 0x0888, 0x0888, 0x0888, 0x0888, 0x0888, 0x0888,
    0x0888, 0x0888, 0x0888, 0x0888, 0x0888, 0x0888, 0x0888, 0x0888,
    0x0888, 0x0888, 0x0888, 0x0888, 0x0888, 0x0888, 0x0888, 0x0888,
    0x0888, 0x0888, 0x0888, 0x0888, 0x0888, 0x0888, 0x0888, 0x0888,
    0x0888, 0x0888, 0x0888, 0x0888, 0x0888, 0x0888, 0x0888, 0x0888,
    0x0888, 0x0888, 0x0888, 0x0888, 0x0888, 0x0888, 0x0888, 0x0888,
    0x0888, 0x0888, 0x0888, 0x0888, 0x0888, 0x0888, 0x0888, 0x0888,
    0x0888, 0x0888, 0x0888, 0x0888, 0x0888, 0x0888, 0x0888, 0x0888,
    0x0888, 0x0888, 0x0888, 0x0888, 0x0888, 0x0888, 0x0888, 0x0888,
    0x0888, 0x0888, 0x0888, 0x0888, 0x0888, 0x0888, 0x0888, 0x0888,
    0x0888, 0x0888, 0x0888, 0x0888, 0x0888, 0x0888, 0x0888, 0x0888,
    0x0888, 0x0888, 0x0888, 0x0888, 0x0888, 0x0888, 0x0888, 0x0888,
    0x0888, 0x0888, 0x0888, 0x0888, 0x0888, 0x0888, 0x0888, 0x0888,
    0x0888, 0x0888, 0x0888, 0x0888, 0x0888, 0x0888, 0x0888, 0xFD87,
    0xFD87, 0xFFEB, 0xFFEB, 0xFFEB, 0xFFEB, 0xFFEB, 0xFFEB, 0xFFEB,
    0xFFEB, 0xFFEB, 0xFD87, 0xFFFF, 0xFFFF, 0xFFFF, 0xFFFF, 0xFFFF,
    0xFFFF, 0xFFFF, 0xFFFF, 0xFFFF, 0xFFFF, 0xF9CE, 0xF9CE, 0xF945,
    0xF945, 0xF945, 0xF945, 0xF945, 0xF945, 0xF945, 0x0888, 0x0888,
    0x0888, 0x0888, 0x0888, 0x0888, 0x0888, 0x0888, 0x0888, 0x0888,
    0x0888, 0x0888, 0x0888, 0x0888, 0x0888, 0x0888, 0x0888, 0x0888,
    0x0888, 0x0888, 0x0888, 0x0888, 0x0888, 0x0888, 0x0888, 0x0888,
    0x0888, 0x0888, 0x0888, 0x0888, 0x0888, 0x0888, 0x0888, 0x0888,
    0x0888, 0x0888, 0x0888, 0x0888, 0x0888, 0x0888, 0x0888, 0x0888,
    0x0888, 0x0888, 0x0888, 0x0888, 0x0888, 0x0888, 0x0888, 0x0888,
    0x0888, 0x0888, 0x0888, 0x0888, 0x0888, 0x0888, 0x0888, 0x0888,
    0x0888, 0x0888, 0x0888, 0x0888, 0x0888, 0x0888, 0x0888, 0x0888,
    0x0888, 0x0888, 0x0888, 0x0888, 0x0888, 0x0888, 0x0888, 0x0888,
    0x0888, 0x0888, 0x0888, 0x0888, 0x0888, 0x0888, 0x0888, 0x0888,
    0x0888, 0x0888, 0x0888, 0x0888, 0x0888, 0x0888, 0x0888, 0x0888,
    0x0888, 0x0888, 0x0888, 0x0888, 0x0888, 0x0888, 0x0888, 0x0888,
    0x0888, 0x0888, 0x0888, 0x0888, 0x0888, 0x0888, 0x0888, 0x0888,
    0x0888, 0x0888, 0x0888, 0x0888, 0x0888, 0x0888, 0x0888, 0x0888,
    0x0888, 0x0888, 0x0888, 0x0888, 0x0888, 0x0888, 0x0888, 0x0888,
    0x0888, 0x0888, 0x0888, 0x0888, 0x0888, 0x0888, 0x0888, 0x0888,
    0x0888, 0x0888, 0x0888, 0x0888, 0x0888, 0x0888, 0x0888, 0x0888,
    0x0888, 0x0888, 0x0888, 0x0888, 0x0888, 0x0888, 0x0888, 0x0888,
    0x0888, 0x0888, 0x0888, 0x0888, 0x0888, 0x0888, 0x0888, 0x0888,
    0x0888, 0x0888, 0x0888, 0x0888, 0x0888, 0x0888, 0x0888, 0x0888,
    0x0888, 0x0888, 0x0888, 0x0888, 0x0888, 0x0888, 0x0888, 0x0888,
    0x0888, 0x0888, 0x0888, 0x0888, 0x0888, 0x0888, 0x0888, 0x0888,
    0x0888, 0x0888, 0x0888, 0x0888, 0x0888, 0x0888, 0x0888, 0x0888,
    0x0888, 0x0888, 0x0888, 0x0888, 0x0888, 0x0888, 0x0888, 0x0888,
    0x0888, 0x0888, 0x0888, 0x0888, 0x0888, 0x0888, 0x0888, 0x0888,
    0x0888, 0x0888, 0x0888, 0x0888, 0x0888, 0x0888, 0x0888, 0x0888,
    0x0888, 0x0888, 0x0888, 0x0888, 0x0888, 0x0888, 0x0888, 0x0888,
    0x0888, 0x0888, 0x0888, 0x0888, 0x0888, 0x0888, 0x0888, 0xFD87,
    0xFD87, 0xFFEB, 0xFFEB, 0xFFEB, 0xFFEB, 0xFFEB, 0xFFEB, 0xF945,
    0xF945, 0xF945, 0xF945, 0xFFFF, 0xFFFF, 0xFFFF, 0xFFFF, 0xFFFF,
    0xFFFF, 0xFFFF, 0xFFFF, 0xFFFF, 0xFFFF, 0xFFFF, 0xFFFF, 0xF9CE,
    0xF9CE, 0xF9CE, 0xF9CE, 0xF9CE, 0xF9CE, 0x0888, 0x0888, 0x0888,
    0x0888, 0x0888, 0x0888, 0x0888, 0x0888, 0x0888, 0x0888, 0x0888,
    0x0888, 0x0888, 0x0888, 0x0888, 0x0888, 0x0888, 0x0888, 0x0888,
    0x0888, 0x0888, 0x0888, 0x0888, 0x0888, 0x0888, 0x0888, 0x0888,
    0x0888, 0x0888, 0x0888, 0x0888, 0x0888, 0x0888, 0x0888, 0x0888,
    0x0888, 0x0888, 0x0888, 0x0888, 0x0888, 0x0888, 0x0888, 0x0888,
    0x0888, 0x0888, 0x0888, 0x0888, 0x0888, 0x0888, 0x0888, 0x0888,
    0x0888, 0x0888, 0x0888, 0x0888, 0x0888, 0x0888, 0x0888, 0x0888,
    0x0888, 0x0888, 0x0888, 0x0888, 0x0888, 0x0888, 0x0888, 0x0888,
    0x0888, 0x0888, 0x0888, 0x0888, 0x0888, 0x0888, 0x0888, 0x0888,
    0x0888, 0x0888, 0x0888, 0x0888, 0x0888, 0x0888, 0x0888, 0x0888,
    0x0888, 0x0888, 0x0888, 0x0888, 0x0888, 0x0888, 0x0888, 0x0888,
    0x0888, 0x0888, 0x0888, 0x0888, 0x0888, 0x0888, 0x0888, 0x0888,
    0x0888, 0x0888, 0x0888, 0x0888, 0x0888, 0x0888, 0x0888, 0x0888,
    0x0888, 0x0888, 0x0888, 0x0888, 0x0888, 0x0888, 0x0888, 0x0888,
    0x0888, 0x0888, 0x0888, 0x0888, 0x0888, 0x0888, 0x0888, 0x0888,
    0x0888, 0x0888, 0x0888, 0x0888, 0x0888, 0x0888, 0x0888, 0x0888,
    0x0888, 0x0888, 0x0888, 0x0888, 0x0888, 0x0888, 0x0888, 0x0888,
    0x0888, 0x0888, 0x0888, 0x0888, 0x0888, 0x0888, 0x0888, 0x0888,
    0x0888, 0x0888, 0x0888, 0x0888, 0x0888, 0x0888, 0x0888, 0x0888,
    0x0888, 0x0888, 0x0888, 0x0888, 0x0888, 0x0888, 0x0888, 0x0888,
    0x0888, 0x0888, 0x0888, 0x0888, 0x0888, 0x0888, 0x0888, 0x0888,
    0x0888, 0x0888, 0x0888, 0x0888, 0x0888, 0x0888, 0x0888, 0x0888,
    0x0888, 0x0888, 0x0888, 0x0888, 0x0888, 0x0888, 0x0888, 0x0888,
    0x0888, 0x0888, 0x0888, 0x0888, 0x0888, 0x0888, 0x0888, 0x0888,
    0x0888, 0x0888, 0x0888, 0x0888, 0x0888, 0x0888, 0x0888, 0x0888,
    0x0888, 0x0888, 0x0888, 0x0888, 0x0888, 0x0888, 0x0888, 0x0888,
    0x0888, 0x0888, 0x0888, 0x0888, 0x0888, 0x0888, 0x0888, 0x0888,
    0x0888, 0x0888, 0x0888, 0x0888, 0x0888, 0x0888, 0xFFEB, 0xFFEB,
    0xFFEB, 0xFFEB, 0x0888, 0x0888, 0x0888, 0xF945, 0xF945, 0xF945,
    0xF945, 0xF945, 0xF945, 0xFFFF, 0xFFFF, 0xFFFF, 0xF945, 0x0888,
    0xFFFF, 0xFFFF, 0xFFFF, 0xFFFF, 0xFFFF, 0xFFFF, 0xFFFF, 0xFFFF,
    0xFFFF, 0xF9CE, 0xF9CE, 0xF9CE, 0x0888, 0x0888, 0x0888, 0x0888,
    0x0888, 0x0888, 0x0888, 0x0888, 0x0888, 0x0888, 0x0888, 0x0888,
    0x0888, 0x0888, 0x0888, 0x0888, 0x0888, 0x0888, 0x0888, 0x0888,
    0x0888, 0x0888, 0x0888, 0x0888, 0x0888, 0x0888, 0x0888, 0x0888,
    0x0888, 0x0888, 0x0888, 0x0888, 0x0888, 0x0888, 0x0888, 0x0888,
    0x0888, 0x0888, 0x0888, 0x0888, 0x0888, 0x0888, 0x0888, 0x0888,
    0x0888, 0x0888, 0x0888, 0x0888, 0x0888, 0x0888, 0x0888, 0x0888,
    0x0888, 0x0888, 0x0888, 0x0888, 0x0888, 0x0888, 0x0888, 0x0888,
    0x0888, 0x0888, 0x0888, 0x0888, 0x0888, 0x0888, 0x0888, 0x0888,
    0x0888, 0x0888, 0x0888, 0x0888, 0x0888, 0x0888, 0x0888, 0x0888,
    0x0888, 0x0888, 0x0888, 0x0888, 0x0888, 0x0888, 0x0888, 0x0888,
    0x0888, 0x0888, 0x0888, 0x0888, 0x0888, 0x0888, 0x0888, 0x0888,
    0x0888, 0x0888, 0x0888, 0x0888, 0x0888, 0x0888, 0x0888, 0x0888,
    0x0888, 0x0888, 0x0888, 0x0888, 0x0888, 0x0888, 0x0888, 0x0888,
    0x0888, 0x0888, 0x0888, 0x0888, 0x0888, 0x0888, 0x0888, 0x0888,
    0x0888, 0x0888, 0x0888, 0x0888, 0x0888, 0x0888, 0x0888, 0x0888,
    0x0888, 0x0888, 0x0888, 0x0888, 0x0888, 0x0888, 0x0888, 0x0888,
    0x0888, 0x0888, 0x0888, 0x0888, 0x0888, 0x0888, 0x0888, 0x0888,
    0x0888, 0x0888, 0x0888, 0x0888, 0x0888, 0x0888, 0x0888, 0x0888,
    0x0888, 0x0888, 0x0888, 0x0888, 0x0888, 0x0888, 0x0888, 0x0888,
    0x0888, 0x0888, 0x0888, 0x0888, 0x0888, 0x0888, 0x0888, 0x0888,
    0x0888, 0x0888, 0x0888, 0x0888, 0x0888, 0x0888, 0x0888, 0x0888,
    0x0888, 0x0888, 0x0888, 0x0888, 0x0888, 0x0888, 0x0888, 0x0888,
    0x0888, 0x0888, 0x0888, 0x0888, 0x0888, 0x0888, 0x0888, 0x0888,
    0x0888, 0x0888, 0x0888, 0x0888, 0x0888, 0x0888, 0x0888, 0x0888,
    0x0888, 0x0888, 0x0888, 0x0888, 0x0888, 0x0888, 0x0888, 0x0888,
    0x0888, 0x0888, 0x0888, 0x0888, 0x0888, 0x0888, 0x0888, 0x0888,
    0x0888, 0x0888, 0x0888, 0x0888, 0x0888, 0x0888, 0x0888, 0x0888,
    0x0888, 0x0888, 0x0888, 0x0888, 0x0888, 0x0888, 0x0888, 0x0888,
    0x0888, 0x0888, 0x0888, 0x0888, 0x0888, 0x0888, 0x0888, 0x0888,
    0xF945, 0xF945, 0xF945, 0xF945, 0xF945, 0xF945, 0xF945, 0xF945,
    0xF945, 0xFFFF, 0xFFFF, 0xFFFF, 0xFFFF, 0xFFFF, 0xFFFF, 0xFFFF,
    0xFFFF, 0xFFFF, 0xFFFF, 0xFFFF, 0xFFFF, 0x0888, 0x0888, 0x0888,
    0x0888, 0x0888, 0x0888, 0x0888, 0x0888, 0x0888, 0x0888, 0x0888,
    0x0888, 0x0888, 0x0888, 0x0888, 0x0888, 0x0888, 0x0888, 0x0888,
    0x0888, 0x0888, 0x0888, 0x0888, 0x0888, 0x0888, 0x0888, 0x0888,
    0x0888, 0x0888, 0x0888, 0x0888, 0x0888, 0x0888, 0x0888, 0x0888,
    0x0888, 0x0888, 0x0888, 0x0888, 0x0888, 0x0888, 0x0888, 0x0888,
    0x0888, 0x0888, 0x0888, 0x0888, 0x0888, 0x0888, 0x0888, 0x0888,
    0x0888, 0x0888, 0x0888, 0x0888, 0x0888, 0x0888, 0x0888, 0x0888,
    0x0888, 0x0888, 0x0888, 0x0888, 0x0888, 0x0888, 0x0888, 0x0888,
    0x0888, 0x0888, 0x0888, 0x0888, 0x0888, 0x0888, 0x0888, 0x0888,
    0x0888, 0x0888, 0x0888, 0x0888, 0x0888, 0x0888, 0x0888, 0x0888,
    0x0888, 0x0888, 0x0888, 0x0888, 0x0888, 0x0888, 0x0888, 0x0888,
    0x0888, 0x0888, 0x0888, 0x0888, 0x0888, 0x0888, 0x0888, 0x0888,
    0x0888, 0x0888, 0x0888, 0x0888, 0x0888, 0x0888, 0x0888, 0x0888,
    0x0888, 0x0888, 0x0888, 0x0888, 0x0888, 0x0888, 0x0888, 0x0888,
    0x0888, 0x0888, 0x0888, 0x0888, 0x0888, 0x0888, 0x0888, 0x0888,
    0x0888, 0x0888, 0x0888, 0x0888, 0x0888, 0x0888, 0x0888, 0x0888,
    0x0888, 0x0888, 0x0888, 0x0888, 0x0888, 0x0888, 0x0888, 0x0888,
    0x0888, 0x0888, 0x0888, 0x0888, 0x0888, 0x0888, 0x0888, 0x0888,
    0x0888, 0x0888, 0x0888, 0x0888, 0x0888, 0x0888, 0x0888, 0x0888,
    0x0888, 0x0888, 0x0888, 0x0888, 0x0888, 0x0888, 0x0888, 0x0888,
    0x0888, 0x0888, 0x0888, 0x0888, 0x0888, 0x0888, 0x0888, 0x0888,
    0x0888, 0x0888, 0x0888, 0x0888, 0x0888, 0x0888, 0x0888, 0x0888,
    0x0888, 0x0888, 0x0888, 0x0888, 0x0888, 0x0888, 0x0888, 0x0888,
    0x0888, 0x0888, 0x0888, 0x0888, 0x0888, 0x0888, 0x0888, 0x0888,
    0x0888, 0x0888, 0x0888, 0x0888, 0x0888, 0x0888, 0x0888, 0x0888,
    0x0888, 0x0888, 0x0888, 0x0888, 0x0888, 0x0888, 0x0888, 0x0888,
    0x0888, 0x0888, 0x0888, 0x0888, 0x0888, 0x0888, 0x0888, 0x0888,
    0x0888, 0x0888, 0x0888, 0x0888, 0x0888, 0x0888, 0x0888, 0x0888,
    0x0888, 0x0888, 0x0888, 0x0888, 0x0888, 0x0888, 0x0888, 0x0888,
    0x0888, 0x0888, 0x0888, 0xF945, 0xF945, 0xF945, 0xF945, 0xF945,
    0xF945, 0xF945, 0xFFFF, 0xFFFF, 0xFFFF, 0xFFFF, 0xFFFF, 0xFFFF,
    0xFFFF, 0xFFFF, 0xFFFF, 0xFFFF, 0xFFFF, 0xFFFF, 0xFFFF, 0x0888,
    0x0888, 0x0888, 0x0888, 0x0888, 0x0888, 0x0888, 0x0888, 0x0888,
    0x0888, 0x0888, 0x0888, 0x0888, 0x0888, 0x0888, 0x0888, 0x0888,
    0x0888, 0x0888, 0x0888, 0x0888, 0x0888, 0x0888, 0x0888, 0x0888,
    0x0888, 0x0888, 0x0888, 0x0888, 0x0888, 0x0888, 0x0888, 0x0888,
    0x0888, 0x0888, 0x0888, 0x0888, 0x0888, 0x0888, 0x0888, 0x0888,
    0x0888, 0x0888, 0x0888, 0x0888, 0x0888, 0x0888, 0x0888, 0x0888,
    0x0888, 0x0888, 0x0888, 0x0888, 0x0888, 0x0888, 0x0888, 0x0888,
    0x0888, 0x0888, 0x0888, 0x0888, 0x0888, 0x0888, 0x0888, 0x0888,
    0x0888, 0x0888, 0x0888, 0x0888, 0x0888, 0x0888, 0x0888, 0x0888,
    0x0888, 0x0888, 0x0888, 0x0888, 0x0888, 0x0888, 0x0888, 0x0888,
    0x0888, 0x0888, 0x0888, 0x0888, 0x0888, 0x0888, 0x0888, 0x0888,
    0x0888, 0x0888, 0x0888, 0x0888, 0x0888, 0x0888, 0x0888, 0x0888,
    0x0888, 0x0888, 0x0888, 0x0888, 0x0888, 0x0888, 0x0888, 0x0888,
    0x0888, 0x0888, 0x0888, 0x0888, 0x0888, 0x0888, 0x0888, 0x0888,
    0x0888, 0x0888, 0x0888, 0x0888, 0x0888, 0x0888, 0x0888, 0x0888,
    0x0888, 0x0888, 0x0888, 0x0888, 0x0888, 0x0888, 0x0888, 0x0888,
    0x0888, 0x0888, 0x0888, 0x0888, 0x0888, 0x0888, 0x0888, 0x0888,
    0x0888, 0x0888, 0x0888, 0x0888, 0x0888, 0x0888, 0x0888, 0x0888,
    0x0888, 0x0888, 0x0888, 0x0888, 0x0888, 0x0888, 0x0888, 0x0888,
    0x0888, 0x0888, 0x0888, 0x0888, 0x0888, 0x0888, 0x0888, 0x0888,
    0x0888, 0x0888, 0x0888, 0x0888, 0x0888, 0x0888, 0x0888, 0x0888,
    0x0888, 0x0888, 0x0888, 0x0888, 0x0888, 0x0888, 0x0888, 0x0888,
    0x0888, 0x0888, 0x0888, 0x0888, 0x0888, 0x0888, 0x0888, 0x0888,
    0x0888, 0x0888, 0x0888, 0x0888, 0x0888, 0x0888, 0x0888, 0x0888,
    0x0888, 0x0888, 0x0888, 0x0888, 0x0888, 0x0888, 0x0888, 0x0888,
    0x0888, 0x0888, 0x0888, 0x0888, 0x0888, 0x0888, 0x0888, 0x0888,
    0x0888, 0x0888, 0x0888, 0x0888, 0x0888, 0x0888, 0x0888, 0x0888,
    0x0888, 0x0888, 0x0888, 0x0888, 0x0888, 0x0888, 0x0888, 0x0888,
    0x0888, 0x0888, 0x0888, 0x0888, 0x0888, 0x0888, 0x0888, 0x0888,
    0x0888, 0x0888, 0x0888, 0x0888, 0x0888, 0xF945, 0xF945, 0xF945,
    0xF945, 0xF945, 0xFFFF, 0xFFFF, 0xFFFF, 0xFFFF, 0xFFFF, 0xFFFF,
    0xFFFF, 0xFFFF, 0xFFFF, 0xFFFF, 0xFFFF, 0xF325, 0xF9CE, 0xF9CE,
    0x0888, 0x0888, 0x0888, 0x0888, 0x0888, 0x0888, 0x0888, 0x0888,
    0x0888, 0x0888, 0x0888, 0x0888, 0x0888, 0x0888, 0x0888, 0x0888,
    0x0888, 0x0888, 0x0888, 0x0888, 0x0888, 0x0888, 0x0888, 0x0888,
    0x0888, 0x0888, 0x0888, 0x0888, 0x0888, 0x0888, 0x0888, 0x0888,
    0x0888, 0x0888, 0x0888, 0x0888, 0x0888, 0x0888, 0x0888, 0x0888,
    0x0888, 0x0888, 0x0888, 0x0888, 0x0888, 0x0888, 0x0888, 0x0888,
    0x0888, 0x0888, 0x0888, 0x0888, 0x0888, 0x0888, 0x0888, 0x0888,
    0x0888, 0x0888, 0x0888, 0x0888, 0x0888, 0x0888, 0x0888, 0x0888,
    0x0888, 0x0888, 0x0888, 0x0888, 0x0888, 0x0888, 0x0888, 0x0888,
    0x0888, 0x0888, 0x0888, 0x0888, 0x0888, 0x0888, 0x0888, 0x0888,
    0x0888, 0x0888, 0x0888, 0x0888, 0x0888, 0x0888, 0x0888, 0x0888,
    0x0888, 0x0888, 0x0888, 0x0888, 0x0888, 0x0888, 0x0888, 0x0888,
    0x0888, 0x0888, 0x0888, 0x0888, 0x0888, 0x0888, 0x0888, 0x0888,
    0x0888, 0x0888, 0x0888, 0x0888, 0x0888, 0x0888, 0x0888, 0x0888,
    0x0888, 0x0888, 0x0888, 0x0888, 0x0888, 0x0888, 0x0888, 0x0888,
    0x0888, 0x0888, 0x0888, 0x0888, 0x0888, 0x0888, 0x0888, 0x0888,
    0x0888, 0x0888, 0x0888, 0x0888, 0x0888, 0x0888, 0x0888, 0x0888,
    0x0888, 0x0888, 0x0888, 0x0888, 0x0888, 0x0888, 0x0888, 0x0888,
    0x0888, 0x0888, 0x0888, 0x0888, 0x0888, 0x0888, 0x0888, 0x0888,
    0x0888, 0x0888, 0x0888, 0x0888, 0x0888, 0x0888, 0x0888, 0x0888,
    0x0888, 0x0888, 0x0888, 0x0888, 0x0888, 0x0888, 0x0888, 0x0888,
    0x0888, 0x0888, 0x0888, 0x0888, 0x0888, 0x0888, 0x0888, 0x0888,
    0x0888, 0x0888, 0x0888, 0x0888, 0x0888, 0x0888, 0x0888, 0x0888,
    0x0888, 0x0888, 0x0888, 0x0888, 0x0888, 0x0888, 0x0888, 0x0888,
    0x0888, 0x0888, 0x0888, 0x0888, 0x0888, 0x0888, 0x0888, 0x0888,
    0x0888, 0x0888, 0x0888, 0x0888, 0x0888, 0x0888, 0x0888, 0x0888,
    0x0888, 0x0888, 0x0888, 0x0888, 0x0888, 0x0888, 0x0888, 0x0888,
    0x0888, 0x0888, 0x0888, 0x0888, 0x0888, 0x0888, 0x0888, 0x0888,
    0x0888, 0x0888, 0x0888, 0x0888, 0x0888, 0x0888, 0x0888, 0x0888,
    0x0888, 0x0888, 0x0888, 0x0888, 0x0888, 0x0888, 0x0888, 0xF945,
    0xF945, 0xF945, 0xFFFF, 0xFFFF, 0xFFFF, 0xFFFF, 0xFFFF, 0xFFFF,
    0xFFFF, 0xFFFF, 0xF325, 0xF325, 0xF325, 0xF325, 0xF325, 0xF9CE,
    0x0888, 0x0888, 0x0888, 0x0888, 0x0888, 0x0888, 0x0888, 0x0888,
    0x0888, 0x0888, 0x0888, 0x0888, 0x0888, 0x0888, 0x0888, 0x0888,
    0x0888, 0x0888, 0x0888, 0x0888, 0x0888, 0x0888, 0x0888, 0x0888,
    0x0888, 0x0888, 0x0888, 0x0888, 0x0888, 0x0888, 0x0888, 0x0888,
    0x0888, 0x0888, 0x0888, 0x0888, 0x0888, 0x0888, 0x0888, 0x0888,
    0x0888, 0x0888, 0x0888, 0x0888, 0x0888, 0x0888, 0x0888, 0x0888,
    0x0888, 0x0888, 0x0888, 0x0888, 0x0888, 0x0888, 0x0888, 0x0888,
    0x0888, 0x0888, 0x0888, 0x0888, 0x0888, 0x0888, 0x0888, 0x0888,
    0x0888, 0x0888, 0x0888, 0x0888, 0x0888, 0x0888, 0x0888, 0x0888,
    0x0888, 0x0888, 0x0888, 0x0888, 0x0888, 0x0888, 0x0888, 0x0888,
    0x0888, 0x0888, 0x0888, 0x0888, 0x0888, 0x0888, 0x0888, 0x0888,
    0x0888, 0x0888, 0x0888, 0x0888, 0x0888, 0x0888, 0x0888, 0x0888,
    0x0888, 0x0888, 0x0888, 0x0888, 0x0888, 0x0888, 0x0888, 0x0888,
    0x0888, 0x0888, 0x0888, 0x0888, 0x0888, 0x0888, 0x0888, 0x0888,
    0x0888, 0x0888, 0x0888, 0x0888, 0x0888, 0x0888, 0x0888, 0x0888,
    0x0888, 0x0888, 0x0888, 0x0888, 0x0888, 0x0888, 0x0888, 0x0888,
    0x0888, 0x0888, 0x0888, 0x0888, 0x0888, 0x0888, 0x0888, 0x0888,
    0x0888, 0x0888, 0x0888, 0x0888, 0x0888, 0x0888, 0x0888, 0x0888,
    0x0888, 0x0888, 0x0888, 0x0888, 0x0888, 0x0888, 0x0888, 0x0888,
    0x0888, 0x0888, 0x0888, 0x0888, 0x0888, 0x0888, 0x0888, 0x0888,
    0x0888, 0x0888, 0x0888, 0x0888, 0x0888, 0x0888, 0x0888, 0x0888,
    0x0888, 0x0888, 0x0888, 0x0888, 0x0888, 0x0888, 0x0888, 0x0888,
    0x0888, 0x0888, 0x0888, 0x0888, 0x0888, 0x0888, 0x0888, 0x0888,
    0x0888, 0x0888, 0x0888, 0x0888, 0x0888, 0x0888, 0x0888, 0x0888,
    0x0888, 0x0888, 0x0888, 0x0888, 0x0888, 0x0888, 0x0888, 0x0888,
    0x0888, 0x0888, 0x0888, 0x0888, 0x0888, 0x0888, 0x0888, 0x0888,
    0x0888, 0x0888, 0x0888, 0x0888, 0x0888, 0x0888, 0x0888, 0x0888,
    0x0888, 0x0888, 0x0888, 0x0888, 0x0888, 0x0888, 0x0888, 0x0888,
    0x0888, 0x0888, 0x0888, 0x0888, 0x0888, 0x0888, 0x0888, 0x0888,
    0x0888, 0x0888, 0x0888, 0x0888, 0x0888, 0x0888, 0x0888, 0x0888,
    0x0888, 0xF347, 0xF325, 0xF325, 0xF325, 0xF325, 0xF325, 0xF325,
    0xF325, 0xF325, 0xF347, 0xF347, 0xF347, 0xF347, 0xF347, 0xF347,
    0xF347, 0x0888, 0x0888, 0x0888, 0x0888, 0x0888, 0x0888, 0x0888,
    0x0888, 0x0888, 0x0888, 0x0888, 0x0888, 0x0888, 0x0888, 0x0888,
    0x0888, 0x0888, 0x0888, 0x0888, 0x0888, 0x0888, 0x0888, 0x0888,
    0x0888, 0x0888, 0x0888, 0x0888, 0x0888, 0x0888, 0x0888, 0x0888,
    0x0888, 0x0888, 0x0888, 0x0888, 0x0888, 0x0888, 0x0888, 0x0888,
    0x0888, 0x0888, 0x0888, 0x0888, 0x0888, 0x0888, 0x0888, 0x0888,
    0x0888, 0x0888, 0x0888, 0x0888, 0x0888, 0x0888, 0x0888, 0x0888,
    0x0888, 0x0888, 0x0888, 0x0888, 0x0888, 0x0888, 0x0888, 0x0888,
    0x0888, 0x0888, 0x0888, 0x0888, 0x0888, 0x0888, 0x0888, 0x0888,
    0x0888, 0x0888, 0x0888, 0x0888, 0x0888, 0x0888, 0x0888, 0x0888,
    0x0888, 0x0888, 0x0888, 0x0888, 0x0888, 0x0888, 0x0888, 0x0888,
    0x0888, 0x0888, 0x0888, 0x0888, 0x0888, 0x0888, 0x0888, 0x0888,
    0x0888, 0x0888, 0x0888, 0x0888, 0x0888, 0x0888, 0x0888, 0x0888,
    0x0888, 0x0888, 0x0888, 0x0888, 0x0888, 0x0888, 0x0888, 0x0888,
    0x0888, 0x0888, 0x0888, 0x0888, 0x0888, 0x0888, 0x0888, 0x0888,
    0x0888, 0x0888, 0x0888, 0x0888, 0x0888, 0x0888, 0x0888, 0x0888,
    0x0888, 0x0888, 0x0888, 0x0888, 0x0888, 0x0888, 0x0888, 0x0888,
    0x0888, 0x0888, 0x0888, 0x0888, 0x0888, 0x0888, 0x0888, 0x0888,
    0x0888, 0x0888, 0x0888, 0x0888, 0x0888, 0x0888, 0x0888, 0x0888,
    0x0888, 0x0888, 0x0888, 0x0888, 0x0888, 0x0888, 0x0888, 0x0888,
    0x0888, 0x0888, 0x0888, 0x0888, 0x0888, 0x0888, 0x0888, 0x0888,
    0x0888, 0x0888, 0x0888, 0x0888, 0x0888, 0x0888, 0x0888, 0x0888,
    0x0888, 0x0888, 0x0888, 0x0888, 0x0888, 0x0888, 0x0888, 0x0888,
    0x0888, 0x0888, 0x0888, 0x0888, 0x0888, 0x0888, 0x0888, 0x0888,
    0x0888, 0x0888, 0x0888, 0x0888, 0x0888, 0x0888, 0x0888, 0x0888,
    0x0888, 0x0888, 0x0888, 0x0888, 0x0888, 0x0888, 0x0888, 0x0888,
    0x0888, 0x0888, 0x0888, 0x0888, 0x0888, 0x0888, 0x0888, 0x0888,
    0x0888, 0x0888, 0x0888, 0x0888, 0x0888, 0x0888, 0x0888, 0x0888,
    0x0888, 0x0888, 0x0888, 0x0888, 0x0888, 0x0888, 0x0888, 0x0888,
    0x0888, 0x0888, 0x0888, 0x0888, 0x0888, 0x0888, 0x0888, 0x0888,
    0xF347, 0xF347, 0xF347, 0xF347, 0xF347, 0xF347, 0xF347, 0xF347,
    0xF347, 0xF347, 0xF347, 0xF347, 0xF347, 0xF347, 0xF347, 0xF347,
    0xF347, 0xF347, 0x0888, 0x0888, 0x0888, 0x0888, 0x0888, 0x0888,
    0x0888, 0x0888, 0x0888, 0x0888, 0x0888, 0x0888, 0x0888, 0x0888,
    0x0888, 0x0888, 0x0888, 0x0888, 0x0888, 0x0888, 0x0888, 0x0888,
    0x0888, 0x0888, 0x0888, 0x0888, 0x0888, 0x0888, 0x0888, 0x0888,
    0x0888, 0x0888, 0x0888, 0x0888, 0x0888, 0x0888, 0x0888, 0x0888,
    0x0888, 0x0888, 0x0888, 0x0888, 0x0888, 0x0888, 0x0888, 0x0888,
    0x0888, 0x0888, 0x0888, 0x0888, 0x0888, 0x0888, 0x0888, 0x0888,
    0x0888, 0x0888, 0x0888, 0x0888, 0x0888, 0x0888, 0x0888, 0x0888,
    0x0888, 0x0888, 0x0888, 0x0888, 0x0888, 0x0888, 0x0888, 0x0888,
    0x0888, 0x0888, 0x0888, 0x0888, 0x0888, 0x0888, 0x0888, 0x0888,
    0x0888, 0x0888, 0x0888, 0x0888, 0x0888, 0x0888, 0x0888, 0x0888,
    0x0888, 0x0888, 0x0888, 0x0888, 0x0888, 0x0888, 0x0888, 0x0888,
    0x0888, 0x0888, 0x0888, 0x0888, 0x0888, 0x0888, 0x0888, 0x0888,
    0x0888, 0x0888, 0x0888, 0x0888, 0x0888, 0x0888, 0x0888, 0x0888,
    0x0888, 0x0888, 0x0888, 0x0888, 0x0888, 0x0888, 0x0888, 0x0888,
    0x0888, 0x0888, 0x0888, 0x0888, 0x0888, 0x0888, 0x0888, 0x0888,
    0x0888, 0x0888, 0x0888, 0x0888, 0x0888, 0x0888, 0x0888, 0x0888,
    0x0888, 0x0888, 0x0888, 0x0888, 0x0888, 0x0888, 0x0888, 0x0888,
    0x0888, 0x0888, 0x0888, 0x0888, 0x0888, 0x0888, 0x0888, 0x0888,
    0x0888, 0x0888, 0x0888, 0x0888, 0x0888, 0x0888, 0x0888, 0x0888,
    0x0888, 0x0888, 0x0888, 0x0888, 0x0888, 0x0888, 0x0888, 0x0888,
    0x0888, 0x0888, 0x0888, 0x0888, 0x0888, 0x0888, 0x0888, 0x0888,
    0x0888, 0x0888, 0x0888, 0x0888, 0x0888, 0x0888, 0x0888, 0x0888,
    0x0888, 0x0888, 0x0888, 0x0888, 0x0888, 0x0888, 0x0888, 0x0888,
    0x0888, 0x0888, 0x0888, 0x0888, 0x0888, 0x0888, 0x0888, 0x0888,
    0x0888, 0x0888, 0x0888, 0x0888, 0x0888, 0x0888, 0x0888, 0x0888,
    0x0888, 0x0888, 0x0888, 0x0888, 0x0888, 0x0888, 0x0888, 0x0888,
    0x0888, 0x0888, 0x0888, 0x0888, 0x0888, 0x0888, 0x0888, 0x0888,
    0x0888, 0x0888, 0x0888, 0x0888, 0x0888, 0x0888, 0x0888, 0x0888,
    0x0888, 0x0888, 0x0888, 0x0888, 0x0888, 0x0888, 0x0888, 0xF347,
    0xF347, 0xF347, 0xF347, 0xF347, 0xF347, 0xF347, 0xF347, 0xF347,
    0xF347, 0xF347, 0xF347, 0xF347, 0xF347, 0xF347, 0xF347, 0xF347,
    0xF347, 0xF347, 0xF347, 0x0888, 0x0888, 0x0888, 0x0888, 0x0888,
    0x0888, 0x0888, 0x0888, 0x0888, 0x0888, 0x0888, 0x0888, 0x0888,
    0x0888, 0x0888, 0x0888, 0x0888, 0x0888, 0x0888, 0x0888, 0x0888,
    0x0888, 0x0888, 0x0888, 0x0888, 0x0888, 0x0888, 0x0888, 0x0888,
    0x0888, 0x0888, 0x0888, 0x0888, 0x0888, 0x0888, 0x0888, 0x0888,
    0x0888, 0x0888, 0x0888, 0x0888, 0x0888, 0x0888, 0x0888, 0x0888,
    0x0888, 0x0888, 0x0888, 0x0888, 0x0888, 0x0888, 0x0888, 0x0888,
    0x0888, 0x0888, 0x0888, 0x0888, 0x0888, 0x0888, 0x0888, 0x0888,
    0x0888, 0x0888, 0x0888, 0x0888, 0x0888, 0x0888, 0x0888, 0x0888,
    0x0888, 0x0888, 0x0888, 0x0888, 0x0888, 0x0888, 0x0888, 0x0888,
    0x0888, 0x0888, 0x0888, 0x0888, 0x0888, 0x0888, 0x0888, 0x0888,
    0x0888, 0x0888, 0x0888, 0x0888, 0x0888, 0x0888, 0x0888, 0x0888,
    0x0888, 0x0888, 0x0888, 0x0888, 0x0888, 0x0888, 0x0888, 0x0888,
    0x0888, 0x0888, 0x0888, 0x0888, 0x0888, 0x0888, 0x0888, 0x0888,
    0x0888, 0x0888, 0x0888, 0x0888, 0x0888, 0x0888, 0x0888, 0x0888,
    0x0888, 0x0888, 0x0888, 0x0888, 0x0888, 0x0888, 0x0888, 0x0888,
    0x0888, 0x0888, 0x0888, 0x0888, 0x0888, 0x0888, 0x0888, 0x0888,
    0x0888, 0x0888, 0x0888, 0x0888, 0x0888, 0x0888, 0x0888, 0x0888,
    0x0888, 0x0888, 0x0888, 0x0888, 0x0888, 0x0888, 0x0888, 0x0888,
    0x0888, 0x0888, 0x0888, 0x0888, 0x0888, 0x0888, 0x0888, 0x0888,
    0x0888, 0x0888, 0x0888, 0x0888, 0x0888, 0x0888, 0x0888, 0x0888,
    0x0888, 0x0888, 0x0888, 0x0888, 0x0888, 0x0888, 0x0888, 0x0888,
    0x0888, 0x0888, 0x0888, 0x0888, 0x0888, 0x0888, 0x0888, 0x0888,
    0x0888, 0x0888, 0x0888, 0x0888, 0x0888, 0x0888, 0x0888, 0x0888,
    0x0888, 0x0888, 0x0888, 0x0888, 0x0888, 0x0888, 0x0888, 0x0888,
    0x0888, 0x0888, 0x0888, 0x0888, 0x0888, 0x0888, 0x0888, 0x0888,
    0x0888, 0x0888, 0x0888, 0x0888, 0x0888, 0x0888, 0x0888, 0x0888,
    0x0888, 0x0888, 0x0888, 0x0888, 0x0888, 0x0888, 0x0888, 0x0888,
    0x0888, 0x0888, 0x0888, 0x0888, 0x0888, 0x0888, 0x0888, 0x0888,
    0x0888, 0x0888, 0x0888, 0x0888, 0x0888, 0x0888, 0xF347, 0xF347,
    0xF347, 0xF347, 0xF347, 0xF347, 0xF347, 0xF347, 0xF347, 0xF347,
    0xF347, 0xF347, 0xF347, 0xF347, 0xF347, 0xF347, 0xF347, 0xF347,
    0xF347, 0xF347, 0xF347, 0xF347, 0x0888, 0x0888, 0x0888, 0x0888,
    0x0888, 0x0888, 0x0888, 0x0888, 0x0888, 0x0888, 0x0888, 0x0888,
    0x0888, 0x0888, 0x0888, 0x0888, 0x0888, 0x0888, 0x0888, 0x0888,
    0x0888, 0x0888, 0x0888, 0x0888, 0x0888, 0x0888, 0x0888, 0x0888,
    0x0888, 0x0888, 0x0888, 0x0888, 0x0888, 0x0888, 0x0888, 0x0888,
    0x0888, 0x0888, 0x0888, 0x0888, 0x0888, 0x0888, 0x0888, 0x0888,
    0x0888, 0x0888, 0x0888, 0x0888, 0x0888, 0x0888, 0x0888, 0x0888,
    0x0888, 0x0888, 0x0888, 0x0888, 0x0888, 0x0888, 0x0888, 0x0888,
    0x0888, 0x0888, 0x0888, 0x0888, 0x0888, 0x0888, 0x0888, 0x0888,
    0x0888, 0x0888, 0x0888, 0x0888, 0x0888, 0x0888, 0x0888, 0x0888,
    0x0888, 0x0888, 0x0888, 0x0888, 0x0888, 0x0888, 0x0888, 0x0888,
    0x0888, 0x0888, 0x0888, 0x0888, 0x0888, 0x0888, 0x0888, 0x0888,
    0x0888, 0x0888, 0x0888, 0x0888, 0x0888, 0x0888, 0x0888, 0x0888,
    0x0888, 0x0888, 0x0888, 0x0888, 0x0888, 0x0888, 0x0888, 0x0888,
    0x0888, 0x0888, 0x0888, 0x0888, 0x0888, 0x0888, 0x0888, 0x0888,
    0x0888, 0x0888, 0x0888, 0x0888, 0x0888, 0x0888, 0x0888, 0x0888,
    0x0888, 0x0888, 0x0888, 0x0888, 0x0888, 0x0888, 0x0888, 0x0888,
    0x0888, 0x0888, 0x0888, 0x0888, 0x0888, 0x0888, 0x0888, 0x0888,
    0x0888, 0x0888, 0x0888, 0x0888, 0x0888, 0x0888, 0x0888, 0x0888,
    0x0888, 0x0888, 0x0888, 0x0888, 0x0888, 0x0888, 0x0888, 0x0888,
    0x0888, 0x0888, 0x0888, 0x0888, 0x0888, 0x0888, 0x0888, 0x0888,
    0x0888, 0x0888, 0x0888, 0x0888, 0x0888, 0x0888, 0x0888, 0x0888,
    0x0888, 0x0888, 0x0888, 0x0888, 0x0888, 0x0888, 0x0888, 0x0888,
    0x0888, 0x0888, 0x0888, 0x0888, 0x0888, 0x0888, 0x0888, 0x0888,
    0x0888, 0x0888, 0x0888, 0x0888, 0x0888, 0x0888, 0x0888, 0x0888,
    0x0888, 0x0888, 0x0888, 0x0888, 0x0888, 0x0888, 0x0888, 0x0888,
    0x0888, 0x0888, 0x0888, 0x0888, 0x0888, 0x0888, 0x0888, 0x0888,
    0x0888, 0x0888, 0x0888, 0x0888, 0x0888, 0x0888, 0x0888, 0x0888,
    0x0888, 0x0888, 0x0888, 0x0888, 0x0888, 0x0888, 0x0888, 0x0888,
    0x0888, 0x0888, 0x0888, 0x0888, 0x0888, 0xF347, 0xF347, 0xF347,
    0xF347, 0xF347, 0xF347, 0xF347, 0xF347, 0xF347, 0xF347, 0xF347,
    0xF347, 0xF347, 0xF347, 0xF347, 0xF347, 0xF347, 0xF347, 0xF347,
    0xF347, 0xF9CE, 0xF325, 0xF325, 0x0888, 0x0888, 0x0888, 0x0888,
    0x0888, 0x0888, 0x0888, 0x0888, 0x0888, 0x0888, 0x0888, 0x0888,
    0x0888, 0x0888, 0x0888, 0x0888, 0x0888, 0x0888, 0x0888, 0x0888,
    0x0888, 0x0888, 0x0888, 0x0888, 0x0888, 0x0888, 0x0888, 0x0888,
    0x0888, 0x0888, 0x0888, 0x0888, 0x0888, 0x0888, 0x0888, 0x0888,
    0x0888, 0x0888, 0x0888, 0x0888, 0x0888, 0x0888, 0x0888, 0x0888,
    0x0888, 0x0888, 0x0888, 0x0888, 0x0888, 0x0888, 0x0888, 0x0888,
    0x0888, 0x0888, 0x0888, 0x0888, 0x0888, 0x0888, 0x0888, 0x0888,
    0x0888, 0x0888, 0x0888, 0x0888, 0x0888, 0x0888, 0x0888, 0x0888,
    0x0888, 0x0888, 0x0888, 0x0888, 0x0888, 0x0888, 0x0888, 0x0888,
    0x0888, 0x0888, 0x0888, 0x0888, 0x0888, 0x0888, 0x0888, 0x0888,
    0x0888, 0x0888, 0x0888, 0x0888, 0x0888, 0x0888, 0x0888, 0x0888,
    0x0888, 0x0888, 0x0888, 0x0888, 0x0888, 0x0888, 0x0888, 0x0888,
    0x0888, 0x0888, 0x0888, 0x0888, 0x0888, 0x0888, 0x0888, 0x0888,
    0x0888, 0x0888, 0x0888, 0x0888, 0x0888, 0x0888, 0x0888, 0x0888,
    0x0888, 0x0888, 0x0888, 0x0888, 0x0888, 0x0888, 0x0888, 0x0888,
    0x0888, 0x0888, 0x0888, 0x0888, 0x0888, 0x0888, 0x0888, 0x0888,
    0x0888, 0x0888, 0x0888, 0x0888, 0x0888, 0x0888, 0x0888, 0x0888,
    0x0888, 0x0888, 0x0888, 0x0888, 0x0888, 0x0888, 0x0888, 0x0888,
    0x0888, 0x0888, 0x0888, 0x0888, 0x0888, 0x0888, 0x0888, 0x0888,
    0x0888, 0x0888, 0x0888, 0x0888, 0x0888, 0x0888, 0x0888, 0x0888,
    0x0888, 0x0888, 0x0888, 0x0888, 0x0888, 0x0888, 0x0888, 0x0888,
    0x0888, 0x0888, 0x0888, 0x0888, 0x0888, 0x0888, 0x0888, 0x0888,
    0x0888, 0x0888, 0x0888, 0x0888, 0x0888, 0x0888, 0x0888, 0x0888,
    0x0888, 0x0888, 0x0888, 0x0888, 0x0888, 0x0888, 0x0888, 0x0888,
    0x0888, 0x0888, 0x0888, 0x0888, 0x0888, 0x0888, 0x0888, 0x0888,
    0x0888, 0x0888, 0x0888, 0x0888, 0x0888, 0x0888, 0x0888, 0x0888,
    0x0888, 0x0888, 0x0888, 0x0888, 0x0888, 0x0888, 0x0888, 0x0888,
    0x0888, 0x0888, 0x0888, 0x0888, 0x0888, 0x0888, 0x0888, 0x0888,
    0x0888, 0x0888, 0x0888, 0x0888, 0xF325, 0xF9CE, 0xF9CE, 0xF9CE,
    0xF347, 0xF347, 0xF347, 0xF347, 0xF347, 0xF347, 0xF347, 0xF347,
    0xF347, 0xF347, 0xF347, 0xF347, 0xF347, 0xF347, 0xF347, 0xFD87,
    0xF9CE, 0xF9CE, 0xF325, 0x0888, 0x0888, 0x0888, 0x0888, 0x0888,
    0x0888, 0x0888, 0x0888, 0x0888, 0x0888, 0x0888, 0x0888, 0x0888,
    0x0888, 0x0888, 0x0888, 0x0888, 0x0888, 0x0888, 0x0888, 0x0888,
    0x0888, 0x0888, 0x0888, 0x0888, 0x0888, 0x0888, 0x0888, 0x0888,
    0x0888, 0x0888, 0x0888, 0x0888, 0x0888, 0x0888, 0x0888, 0x0888,
    0x0888, 0x0888, 0x0888, 0x0888, 0x0888, 0x0888, 0x0888, 0x0888,
    0x0888, 0x0888, 0x0888, 0x0888, 0x0888, 0x0888, 0x0888, 0x0888,
    0x0888, 0x0888, 0x0888, 0x0888, 0x0888, 0x0888, 0x0888, 0x0888,
    0x0888, 0x0888, 0x0888, 0x0888, 0x0888, 0x0888, 0x0888, 0x0888,
    0x0888, 0x0888, 0x0888, 0x0888, 0x0888, 0x0888, 0x0888, 0x0888,
    0x0888, 0x0888, 0x0888, 0x0888, 0x0888, 0x0888, 0x0888, 0x0888,
    0x0888, 0x0888, 0x0888, 0x0888, 0x0888, 0x0888, 0x0888, 0x0888,
    0x0888, 0x0888, 0x0888, 0x0888, 0x0888, 0x0888, 0x0888, 0x0888,
    0x0888, 0x0888, 0x0888, 0x0888, 0x0888, 0x0888, 0x0888, 0x0888,
    0x0888, 0x0888, 0x0888, 0x0888, 0x0888, 0x0888, 0x0888, 0x0888,
    0x0888, 0x0888, 0x0888, 0x0888, 0x0888, 0x0888, 0x0888, 0x0888,
    0x0888, 0x0888, 0x0888, 0x0888, 0x0888, 0x0888, 0x0888, 0x0888,
    0x0888, 0x0888, 0x0888, 0x0888, 0x0888, 0x0888, 0x0888, 0x0888,
    0x0888, 0x0888, 0x0888, 0x0888, 0x0888, 0x0888, 0x0888, 0x0888,
    0x0888, 0x0888, 0x0888, 0x0888, 0x0888, 0x0888, 0x0888, 0x0888,
    0x0888, 0x0888, 0x0888, 0x0888, 0x0888, 0x0888, 0x0888, 0x0888,
    0x0888, 0x0888, 0x0888, 0x0888, 0x0888, 0x0888, 0x0888, 0x0888,
    0x0888, 0x0888, 0x0888, 0x0888, 0x0888, 0x0888, 0x0888, 0x0888,
    0x0888, 0x0888, 0x0888, 0x0888, 0x0888, 0x0888, 0x0888, 0x0888,
    0x0888, 0x0888, 0x0888, 0x0888, 0x0888, 0x0888, 0x0888, 0x0888,
    0x0888, 0x0888, 0x0888, 0x0888, 0x0888, 0x0888, 0x0888, 0x0888,
    0x0888, 0x0888, 0x0888, 0x0888, 0x0888, 0x0888, 0x0888, 0x0888,
    0x0888, 0x0888, 0x0888, 0x0888, 0x0888, 0x0888, 0x0888, 0x0888,
    0x0888, 0x0888, 0x0888, 0x0888, 0x0888, 0x0888, 0x0888, 0x0888,
    0x0888, 0x0888, 0x0888, 0x0888, 0x0888, 0xF325, 0xF325, 0xFD87,
    0xFD87, 0xFD87, 0xFD87, 0xF347, 0xF347, 0xF347, 0xF347, 0xF347,
    0xF347, 0xF347, 0xF347, 0xF347, 0xFD87, 0xFD87, 0xFD87, 0xFD87,
    0xF9CE, 0xF325, 0x0888, 0x0888, 0x0888, 0x0888, 0x0888, 0x0888,
    0x0888, 0x0888, 0x0888, 0x0888, 0x0888, 0x0888, 0x0888, 0x0888,
    0x0888, 0x0888, 0x0888, 0x0888, 0x0888, 0x0888, 0x0888, 0x0888,
    0x0888, 0x0888, 0x0888, 0x0888, 0x0888, 0x0888, 0x0888, 0x0888,
    0x0888, 0x0888, 0x0888, 0x0888, 0x0888, 0x0888, 0x0888, 0x0888,
    0x0888, 0x0888, 0x0888, 0x0888, 0x0888, 0x0888, 0x0888, 0x0888,
    0x0888, 0x0888, 0x0888, 0x0888, 0x0888, 0x0888, 0x0888, 0x0888,
    0x0888, 0x0888, 0x0888, 0x0888, 0x0888, 0x0888, 0x0888, 0x0888,
    0x0888, 0x0888, 0x0888, 0x0888, 0x0888, 0x0888, 0x0888, 0x0888,
    0x0888, 0x0888, 0x0888, 0x0888, 0x0888, 0x0888, 0x0888, 0x0888,
    0x0888, 0x0888, 0x0888, 0x0888, 0x0888, 0x0888, 0x0888, 0x0888,
    0x0888, 0x0888, 0x0888, 0x0888, 0x0888, 0x0888, 0x0888, 0x0888,
    0x0888, 0x0888, 0x0888, 0x0888, 0x0888, 0x0888, 0x0888, 0x0888,
    0x0888, 0x0888, 0x0888, 0x0888, 0x0888, 0x0888, 0x0888, 0x0888,
    0x0888, 0x0888, 0x0888, 0x0888, 0x0888, 0x0888, 0x0888, 0x0888,
    0x0888, 0x0888, 0x0888, 0x0888, 0x0888, 0x0888, 0x0888, 0x0888,
    0x0888, 0x0888, 0x0888, 0x0888, 0x0888, 0x0888, 0x0888, 0x0888,
    0x0888, 0x0888, 0x0888, 0x0888, 0x0888, 0x0888, 0x0888, 0x0888,
    0x0888, 0x0888, 0x0888, 0x0888, 0x0888, 0x0888, 0x0888, 0x0888,
    0x0888, 0x0888, 0x0888, 0x0888, 0x0888, 0x0888, 0x0888, 0x0888,
    0x0888, 0x0888, 0x0888, 0x0888, 0x0888, 0x0888, 0x0888, 0x0888,
    0x0888, 0x0888, 0x0888, 0x0888, 0x0888, 0x0888, 0x0888, 0x0888,
    0x0888, 0x0888, 0x0888, 0x0888, 0x0888, 0x0888, 0x0888, 0x0888,
    0x0888, 0x0888, 0x0888, 0x0888, 0x0888, 0x0888, 0x0888, 0x0888,
    0x0888, 0x0888, 0x0888, 0x0888, 0x0888, 0x0888, 0x0888, 0x0888,
    0x0888, 0x0888, 0x0888, 0x0888, 0x0888, 0x0888, 0x0888, 0x0888,
    0x0888, 0x0888, 0x0888, 0x0888, 0x0888, 0x0888, 0x0888, 0x0888,
    0x0888, 0x0888, 0x0888, 0x0888, 0x0888, 0x0888, 0x0888, 0x0888,
    0x0888, 0x0888, 0x0888, 0x0888, 0x0888, 0x0888, 0x0888, 0x0888,
    0x0888, 0x0888, 0x0888, 0x0888, 0x0888, 0x0888, 0xFFEB, 0xFFEB,
    0xFFEB, 0xFFEB, 0xFFEB, 0xFD87, 0xFD87, 0xFD87, 0xF9CE, 0xF9CE,
    0xF9CE, 0xF9CE, 0xFD87, 0xFD87, 0xFD87, 0xFD87, 0xFD87, 0xFD87,
    0xF325, 0x0888, 0x0888, 0x0888, 0x0888, 0x0888, 0x0888, 0x0888,
    0x0888, 0x0888, 0x0888, 0x0888, 0x0888, 0x0888, 0x0888, 0x0888,
    0x0888, 0x0888, 0x0888, 0x0888, 0x0888, 0x0888, 0x0888, 0x0888,
    0x0888, 0x0888, 0x0888, 0x0888, 0x0888, 0x0888, 0x0888, 0x0888,
    0x0888, 0x0888, 0x0888, 0x0888, 0x0888, 0x0888, 0x0888, 0x0888,
    0x0888, 0x0888, 0x0888, 0x0888, 0x0888, 0x0888, 0x0888, 0x0888,
    0x0888, 0x0888, 0x0888, 0x0888, 0x0888, 0x0888, 0x0888, 0x0888,
    0x0888, 0x0888, 0x0888, 0x0888, 0x0888, 0x0888, 0x0888, 0x0888,
    0x0888, 0x0888, 0x0888, 0x0888, 0x0888, 0x0888, 0x0888, 0x0888,
    0x0888, 0x0888, 0x0888, 0x0888, 0x0888, 0x0888, 0x0888, 0x0888,
    0x0888, 0x0888, 0x0888, 0x0888, 0x0888, 0x0888, 0x0888, 0x0888,
    0x0888, 0x0888, 0x0888, 0x0888, 0x0888, 0x0888, 0x0888, 0x0888,
    0x0888, 0x0888, 0x0888, 0x0888, 0x0888, 0x0888, 0x0888, 0x0888,
    0x0888, 0x0888, 0x0888, 0x0888, 0x0888, 0x0888, 0x0888, 0x0888,
    0x0888, 0x0888, 0x0888, 0x0888, 0x0888, 0x0888, 0x0888, 0x0888,
    0x0888, 0x0888, 0x0888, 0x0888, 0x0888, 0x0888, 0x0888, 0x0888,
    0x0888, 0x0888, 0x0888, 0x0888, 0x0888, 0x0888, 0x0888, 0x0888,
    0x0888, 0x0888, 0x0888, 0x0888, 0x0888, 0x0888, 0x0888, 0x0888,
    0x0888, 0x0888, 0x0888, 0x0888, 0x0888, 0x0888, 0x0888, 0x0888,
    0x0888, 0x0888, 0x0888, 0x0888, 0x0888, 0x0888, 0x0888, 0x0888,
    0x0888, 0x0888, 0x0888, 0x0888, 0x0888, 0x0888, 0x0888, 0x0888,
    0x0888, 0x0888, 0x0888, 0x0888, 0x0888, 0x0888, 0x0888, 0x0888,
    0x0888, 0x0888, 0x0888, 0x0888, 0x0888, 0x0888, 0x0888, 0x0888,
    0x0888, 0x0888, 0x0888, 0x0888, 0x0888, 0x0888, 0x0888, 0x0888,
    0x0888, 0x0888, 0x0888, 0x0888, 0x0888, 0x0888, 0x0888, 0x0888,
    0x0888, 0x0888, 0x0888, 0x0888, 0x0888, 0x0888, 0x0888, 0x0888,
    0x0888, 0x0888, 0x0888, 0x0888, 0x0888, 0x0888, 0x0888, 0x0888,
    0x0888, 0x0888, 0x0888, 0x0888, 0x0888, 0x0888, 0x0888, 0x0888,
    0x0888, 0x0888, 0x0888, 0x0888, 0x0888, 0x0888, 0x0888, 0x0888,
    0x0888, 0x0888, 0x0888, 0x0888, 0x0888, 0xFFEB, 0xFFEB, 0xFFEB,
    0xFFEB, 0xFFEB, 0xFFEB, 0xFFEB, 0xFFEB, 0xF325, 0xF325, 0xF325,
    0xF325, 0xF325, 0xFD87, 0xFD87, 0xFD87, 0xFD87, 0xFD87, 0xFD87,
    0x0888, 0x0888, 0x0888, 0x0888, 0x0888, 0x0888, 0x0888, 0x0888,
    0x0888, 0x0888, 0x0888, 0x0888, 0x0888, 0x0888, 0x0888, 0x0888,
    0x0888, 0x0888, 0x0888, 0x0888, 0x0888, 0x0888, 0x0888, 0x0888,
    0x0888, 0x0888, 0x0888, 0x0888, 0x0888, 0x0888, 0x0888, 0x0888,
    0x0888, 0x0888, 0x0888, 0x0888, 0x0888, 0x0888, 0x0888, 0x0888,
    0x0888, 0x0888, 0x0888, 0x0888, 0x0888, 0x0888, 0x0888, 0x0888,
    0x0888, 0x0888, 0x0888, 0x0888, 0x0888, 0x0888, 0x0888, 0x0888,
    0x0888, 0x0888, 0x0888, 0x0888, 0x0888, 0x0888, 0x0888, 0x0888,
    0x0888, 0x0888, 0x0888, 0x0888, 0x0888, 0x0888, 0x0888, 0x0888,
    0x0888, 0x0888, 0x0888, 0x0888, 0x0888, 0x0888, 0x0888, 0x0888,
    0x0888, 0x0888, 0x0888, 0x0888, 0x0888, 0x0888, 0x0888, 0x0888,
    0x0888, 0x0888, 0x0888, 0x0888, 0x0888, 0x0888, 0x0888, 0x0888,
    0x0888, 0x0888, 0x0888, 0x0888, 0x0888, 0x0888, 0x0888, 0x0888,
    0x0888, 0x0888, 0x0888, 0x0888, 0x0888, 0x0888, 0x0888, 0x0888,
    0x0888, 0x0888, 0x0888, 0x0888, 0x0888, 0x0888, 0x0888, 0x0888,
    0x0888, 0x0888, 0x0888, 0x0888, 0x0888, 0x0888, 0x0888, 0x0888,
    0x0888, 0x0888, 0x0888, 0x0888, 0x0888, 0x0888, 0x0888, 0x0888,
    0x0888, 0x0888, 0x0888, 0x0888, 0x0888, 0x0888, 0x0888, 0x0888,
    0x0888, 0x0888, 0x0888, 0x0888, 0x0888, 0x0888, 0x0888, 0x0888,
    0x0888, 0x0888, 0x0888, 0x0888, 0x0888, 0x0888, 0x0888, 0x0888,
    0x0888, 0x0888, 0x0888, 0x0888, 0x0888, 0x0888, 0x0888, 0x0888,
    0x0888, 0x0888, 0x0888, 0x0888, 0x0888, 0x0888, 0x0888, 0x0888,
    0x0888, 0x0888, 0x0888, 0x0888, 0x0888, 0x0888, 0x0888, 0x0888,
    0x0888, 0x0888, 0x0888, 0x0888, 0x0888, 0x0888, 0x0888, 0x0888,
    0x0888, 0x0888, 0x0888, 0x0888, 0x0888, 0x0888, 0x0888, 0x0888,
    0x0888, 0x0888, 0x0888, 0x0888, 0x0888, 0x0888, 0x0888, 0x0888,
    0x0888, 0x0888, 0x0888, 0x0888, 0x0888, 0x0888, 0x0888, 0x0888,
    0x0888, 0x0888, 0x0888, 0x0888, 0x0888, 0x0888, 0x0888, 0x0888,
    0x0888, 0x0888, 0x0888, 0x0888, 0x0888, 0x0888, 0x0888, 0x0888,
    0x0888, 0x0888, 0x0888, 0x0888, 0xFFEB, 0xFFEB, 0xFFEB, 0xFFEB,
    0xFFEB, 0xFFEB, 0xFFEB, 0xFFEB, 0x0888, 0x0888, 0x0888, 0x0888,
    0x0888, 0x0888, 0xFD87, 0xFD87, 0xFD87, 0xFD87, 0xFD87, 0xFD87,
    0x0888, 0x0888, 0x0888, 0x0888, 0x0888, 0x0888, 0x0888, 0x0888,
    0x0888, 0x0888, 0x0888, 0x0888, 0x0888, 0x0888, 0x0888, 0x0888,
    0x0888, 0x0888, 0x0888, 0x0888, 0x0888, 0x0888, 0x0888, 0x0888,
    0x0888, 0x0888, 0x0888, 0x0888, 0x0888, 0x0888, 0x0888, 0x0888,
    0x0888, 0x0888, 0x0888, 0x0888, 0x0888, 0x0888, 0x0888, 0x0888,
    0x0888, 0x0888, 0x0888, 0x0888, 0x0888, 0x0888, 0x0888, 0x0888,
    0x0888, 0x0888, 0x0888, 0x0888, 0x0888, 0x0888, 0x0888, 0x0888,
    0x0888, 0x0888, 0x0888, 0x0888, 0x0888, 0x0888, 0x0888, 0x0888,
    0x0888, 0x0888, 0x0888, 0x0888, 0x0888, 0x0888, 0x0888, 0x0888,
    0x0888, 0x0888, 0x0888, 0x0888, 0x0888, 0x0888, 0x0888, 0x0888,
    0x0888, 0x0888, 0x0888, 0x0888, 0x0888, 0x0888, 0x0888, 0x0888,
    0x0888, 0x0888, 0x0888, 0x0888, 0x0888, 0x0888, 0x0888, 0x0888,
    0x0888, 0x0888, 0x0888, 0x0888, 0x0888, 0x0888, 0x0888, 0x0888,
    0x0888, 0x0888, 0x0888, 0x0888, 0x0888, 0x0888, 0x0888, 0x0888,
    0x0888, 0x0888, 0x0888, 0x0888, 0x0888, 0x0888, 0x0888, 0x0888,
    0x0888, 0x0888, 0x0888, 0x0888, 0x0888, 0x0888, 0x0888, 0x0888,
    0x0888, 0x0888, 0x0888, 0x0888, 0x0888, 0x0888, 0x0888, 0x0888,
    0x0888, 0x0888, 0x0888, 0x0888, 0x0888, 0x0888, 0x0888, 0x0888,
    0x0888, 0x0888, 0x0888, 0x0888, 0x0888, 0x0888, 0x0888, 0x0888,
    0x0888, 0x0888, 0x0888, 0x0888, 0x0888, 0x0888, 0x0888, 0x0888,
    0x0888, 0x0888, 0x0888, 0x0888, 0x0888, 0x0888, 0x0888, 0x0888,
    0x0888, 0x0888, 0x0888, 0x0888, 0x0888, 0x0888, 0x0888, 0x0888,
    0x0888, 0x0888, 0x0888, 0x0888, 0x0888, 0x0888, 0x0888, 0x0888,
    0x0888, 0x0888, 0x0888, 0x0888, 0x0888, 0x0888, 0x0888, 0x0888,
    0x0888, 0x0888, 0x0888, 0x0888, 0x0888, 0x0888, 0x0888, 0x0888,
    0x0888, 0x0888, 0x0888, 0x0888, 0x0888, 0x0888, 0x0888, 0x0888,
    0x0888, 0x0888, 0x0888, 0x0888, 0x0888, 0x0888, 0x0888, 0x0888,
    0x0888, 0x0888, 0x0888, 0x0888, 0x0888, 0x0888, 0x0888, 0x0888,
    0x0888, 0x0888, 0x0888, 0x0888, 0x0888, 0x0888, 0x0888, 0x0888,
    0x0888, 0x0888, 0x0888, 0xF347, 0xFFEB, 0xFFEB, 0xFFEB, 0xFFEB,
    0xFFEB, 0xFFEB, 0xFFEB, 0x0888, 0x0888, 0x0888, 0x0888, 0x0888,
    0x0888, 0x0888, 0xF325, 0xFD87, 0xFD87, 0xFD87, 0xFD87, 0xF325,
    0x0888, 0x0888, 0x0888, 0x0888, 0x0888, 0x0888, 0x0888, 0x0888,
    0x0888, 0x0888, 0x0888, 0x0888, 0x0888, 0x0888, 0x0888, 0x0888,
    0x0888, 0x0888, 0x0888, 0x0888, 0x0888, 0x0888, 0x0888, 0x0888,
    0x0888, 0x0888, 0x0888, 0x0888, 0x0888, 0x0888, 0x0888, 0x0888,
    0x0888, 0x0888, 0x0888, 0x0888, 0x0888, 0x0888, 0x0888, 0x0888,
    0x0888, 0x0888, 0x0888, 0x0888, 0x0888, 0x0888, 0x0888, 0x0888,
    0x0888, 0x0888, 0x0888, 0x0888, 0x0888, 0x0888, 0x0888, 0x0888,
    0x0888, 0x0888, 0x0888, 0x0888, 0x0888, 0x0888, 0x0888, 0x0888,
    0x0888, 0x0888, 0x0888, 0x0888, 0x0888, 0x0888, 0x0888, 0x0888,
    0x0888, 0x0888, 0x0888, 0x0888, 0x0888, 0x0888, 0x0888, 0x0888,
    0x0888, 0x0888, 0x0888, 0x0888, 0x0888, 0x0888, 0x0888, 0x0888,
    0x0888, 0x0888, 0x0888, 0x0888, 0x0888, 0x0888, 0x0888, 0x0888,
    0x0888, 0x0888, 0x0888, 0x0888, 0x0888, 0x0888, 0x0888, 0x0888,
    0x0888, 0x0888, 0x0888, 0x0888, 0x0888, 0x0888, 0x0888, 0x0888,
    0x0888, 0x0888, 0x0888, 0x0888, 0x0888, 0x0888, 0x0888, 0x0888,
    0x0888, 0x0888, 0x0888, 0x0888, 0x0888, 0x0888, 0x0888, 0x0888,
    0x0888, 0x0888, 0x0888, 0x0888, 0x0888, 0x0888, 0x0888, 0x0888,
    0x0888, 0x0888, 0x0888, 0x0888, 0x0888, 0x0888, 0x0888, 0x0888,
    0x0888, 0x0888, 0x0888, 0x0888, 0x0888, 0x0888, 0x0888, 0x0888,
    0x0888, 0x0888, 0x0888, 0x0888, 0x0888, 0x0888, 0x0888, 0x0888,
    0x0888, 0x0888, 0x0888, 0x0888, 0x0888, 0x0888, 0x0888, 0x0888,
    0x0888, 0x0888, 0x0888, 0x0888, 0x0888, 0x0888, 0x0888, 0x0888,
    0x0888, 0x0888, 0x0888, 0x0888, 0x0888, 0x0888, 0x0888, 0x0888,
    0x0888, 0x0888, 0x0888, 0x0888, 0x0888, 0x0888, 0x0888, 0x0888,
    0x0888, 0x0888, 0x0888, 0x0888, 0x0888, 0x0888, 0x0888, 0x0888,
    0x0888, 0x0888, 0x0888, 0x0888, 0x0888, 0x0888, 0x0888, 0x0888,
    0x0888, 0x0888, 0x0888, 0x0888, 0x0888, 0x0888, 0x0888, 0x0888,
    0x0888, 0x0888, 0x0888, 0x0888, 0x0888, 0x0888, 0x0888, 0x0888,
    0x0888, 0x0888, 0x0888, 0x0888, 0x0888, 0x0888, 0x0888, 0x0888,
    0x0888, 0x0888, 0xF347, 0xF347, 0xF347, 0xFFEB, 0xFFEB, 0xFFEB,
    0xFFEB, 0xFFEB, 0x0888, 0x0888, 0x0888, 0x0888, 0x0888, 0x0888,
    0x0888, 0x0888, 0xF325, 0xF325, 0xF325, 0xF325, 0xF325, 0xF325,
    0x0888, 0x0888, 0x0888, 0x0888, 0x0888, 0x0888, 0x0888, 0x0888,
    0x0888, 0x0888, 0x0888, 0x0888, 0x0888, 0x0888, 0x0888, 0x0888,
    0x0888, 0x0888, 0x0888, 0x0888, 0x0888, 0x0888, 0x0888, 0x0888,
    0x0888, 0x0888, 0x0888, 0x0888, 0x0888, 0x0888, 0x0888, 0x0888,
    0x0888, 0x0888, 0x0888, 0x0888, 0x0888, 0x0888, 0x0888, 0x0888,
    0x0888, 0x0888, 0x0888, 0x0888, 0x0888, 0x0888, 0x0888, 0x0888,
    0x0888, 0x0888, 0x0888, 0x0888, 0x0888, 0x0888, 0x0888, 0x0888,
    0x0888, 0x0888, 0x0888, 0x0888, 0x0888, 0x0888, 0x0888, 0x0888,
    0x0888, 0x0888, 0x0888, 0x0888, 0x0888, 0x0888, 0x0888, 0x0888,
    0x0888, 0x0888, 0x0888, 0x0888, 0x0888, 0x0888, 0x0888, 0x0888,
    0x0888, 0x0888, 0x0888, 0x0888, 0x0888, 0x0888, 0x0888, 0x0888,
    0x0888, 0x0888, 0x0888, 0x0888, 0x0888, 0x0888, 0x0888, 0x0888,
    0x0888, 0x0888, 0x0888, 0x0888, 0x0888, 0x0888, 0x0888, 0x0888,
    0x0888, 0x0888, 0x0888, 0x0888, 0x0888, 0x0888, 0x0888, 0x0888,
    0x0888, 0x0888, 0x0888, 0x0888, 0x0888, 0x0888, 0x0888, 0x0888,
    0x0888, 0x0888, 0x0888, 0x0888, 0x0888, 0x0888, 0x0888, 0x0888,
    0x0888, 0x0888, 0x0888, 0x0888, 0x0888, 0x0888, 0x0888, 0x0888,
    0x0888, 0x0888, 0x0888, 0x0888, 0x0888, 0x0888, 0x0888, 0x0888,
    0x0888, 0x0888, 0x0888, 0x0888, 0x0888, 0x0888, 0x0888, 0x0888,
    0x0888, 0x0888, 0x0888, 0x0888, 0x0888, 0x0888, 0x0888, 0x0888,
    0x0888, 0x0888, 0x0888, 0x0888, 0x0888, 0x0888, 0x0888, 0x0888,
    0x0888, 0x0888, 0x0888, 0x0888, 0x0888, 0x0888, 0x0888, 0x0888,
    0x0888, 0x0888, 0x0888, 0x0888, 0x0888, 0x0888, 0x0888, 0x0888,
    0x0888, 0x0888, 0x0888, 0x0888, 0x0888, 0x0888, 0x0888, 0x0888,
    0x0888, 0x0888, 0x0888, 0x0888, 0x0888, 0x0888, 0x0888, 0x0888,
    0x0888, 0x0888, 0x0888, 0x0888, 0x0888, 0x0888, 0x0888, 0x0888,
    0x0888, 0x0888, 0x0888, 0x0888, 0x0888, 0x0888, 0x0888, 0x0888,
    0x0888, 0x0888, 0x0888, 0x0888, 0x0888, 0x0888, 0x0888, 0x0888,
    0x0888, 0x0888, 0x0888, 0x0888, 0x0888, 0x0888, 0x0888, 0x0888,
    0x0888, 0xF347, 0xF347, 0xF347, 0xF347, 0xF347, 0xFFEB, 0xFFEB,
    0xFFEB, 0x0888, 0x0888, 0x0888, 0x0888, 0x0888, 0x0888, 0x0888,
    0x0888, 0x0888, 0xF325, 0xF325, 0xF325, 0xF325, 0xF325, 0xF325,
    0x0888, 0x0888, 0x0888, 0x0888, 0x0888, 0x0888, 0x0888, 0x0888,
    0x0888, 0x0888, 0x0888, 0x0888, 0x0888, 0x0888, 0x0888, 0x0888,
    0x0888, 0x0888, 0x0888, 0x0888, 0x0888, 0x0888, 0x0888, 0x0888,
    0x0888, 0x0888, 0x0888, 0x0888, 0x0888, 0x0888, 0x0888, 0x0888,
    0x0888, 0x0888, 0x0888, 0x0888, 0x0888, 0x0888, 0x0888, 0x0888,
    0x0888, 0x0888, 0x0888, 0x0888, 0x0888, 0x0888, 0x0888, 0x0888,
    0x0888, 0x0888, 0x0888, 0x0888, 0x0888, 0x0888, 0x0888, 0x0888,
    0x0888, 0x0888, 0x0888, 0x0888, 0x0888, 0x0888, 0x0888, 0x0888,
    0x0888, 0x0888, 0x0888, 0x0888, 0x0888, 0x0888, 0x0888, 0x0888,
    0x0888, 0x0888, 0x0888, 0x0888, 0x0888, 0x0888, 0x0888, 0x0888,
    0x0888, 0x0888, 0x0888, 0x0888, 0x0888, 0x0888, 0x0888, 0x0888,
    0x0888, 0x0888, 0x0888, 0x0888, 0x0888, 0x0888, 0x0888, 0x0888,
    0x0888, 0x0888, 0x0888, 0x0888, 0x0888, 0x0888, 0x0888, 0x0888,
    0x0888, 0x0888, 0x0888, 0x0888, 0x0888, 0x0888, 0x0888, 0x0888,
    0x0888, 0x0888, 0x0888, 0x0888, 0x0888, 0x0888, 0x0888, 0x0888,
    0x0888, 0x0888, 0x0888, 0x0888, 0x0888, 0x0888, 0x0888, 0x0888,
    0x0888, 0x0888, 0x0888, 0x0888, 0x0888, 0x0888, 0x0888, 0x0888,
    0x0888, 0x0888, 0x0888, 0x0888, 0x0888, 0x0888, 0x0888, 0x0888,
    0x0888, 0x0888, 0x0888, 0x0888, 0x0888, 0x0888, 0x0888, 0x0888,
    0x0888, 0x0888, 0x0888, 0x0888, 0x0888, 0x0888, 0x0888, 0x0888,
    0x0888, 0x0888, 0x0888, 0x0888, 0x0888, 0x0888, 0x0888, 0x0888,
    0x0888, 0x0888, 0x0888, 0x0888, 0x0888, 0x0888, 0x0888, 0x0888,
    0x0888, 0x0888, 0x0888, 0x0888, 0x0888, 0x0888, 0x0888, 0x0888,
    0x0888, 0x0888, 0x0888, 0x0888, 0x0888, 0x0888, 0x0888, 0x0888,
    0x0888, 0x0888, 0x0888, 0x0888, 0x0888, 0x0888, 0x0888, 0x0888,
    0x0888, 0x0888, 0x0888, 0x0888, 0x0888, 0x0888, 0x0888, 0x0888,
    0x0888, 0x0888, 0x0888, 0x0888, 0x0888, 0x0888, 0x0888, 0x0888,
    0x0888, 0x0888, 0x0888, 0x0888, 0x0888, 0x0888, 0x0888, 0x0888,
    0x0888, 0x0888, 0x0888, 0x0888, 0x0888, 0x0888, 0x0888, 0x0888,
    0xF347, 0xF347, 0xF347, 0xF347, 0xF347, 0xF347, 0xF347, 0xF347,
    0x0888, 0x0888, 0x0888, 0x0888, 0x0888, 0x0888, 0x0888, 0x0888,
    0x0888, 0x0888, 0xF325, 0xF325, 0xF325, 0xF325, 0xF325, 0xF325,
    0x0888, 0x0888, 0x0888, 0x0888, 0x0888, 0x0888, 0x0888, 0x0888,
    0x0888, 0x0888, 0x0888, 0x0888, 0x0888, 0x0888, 0x0888, 0x0888,
    0x0888, 0x0888, 0x0888, 0x0888, 0x0888, 0x0888, 0x0888, 0x0888,
    0x0888, 0x0888, 0x0888, 0x0888, 0x0888, 0x0888, 0x0888, 0x0888,
    0x0888, 0x0888, 0x0888, 0x0888, 0x0888, 0x0888, 0x0888, 0x0888,
    0x0888, 0x0888, 0x0888, 0x0888, 0x0888, 0x0888, 0x0888, 0x0888,
    0x0888, 0x0888, 0x0888, 0x0888, 0x0888, 0x0888, 0x0888, 0x0888,
    0x0888, 0x0888, 0x0888, 0x0888, 0x0888, 0x0888, 0x0888, 0x0888,
    0x0888, 0x0888, 0x0888, 0x0888, 0x0888, 0x0888, 0x0888, 0x0888,
    0x0888, 0x0888, 0x0888, 0x0888, 0x0888, 0x0888, 0x0888, 0x0888,
    0x0888, 0x0888, 0x0888, 0x0888, 0x0888, 0x0888, 0x0888, 0x0888,
    0x0888, 0x0888, 0x0888, 0x0888, 0x0888, 0x0888, 0x0888, 0x0888,
    0x0888, 0x0888, 0x0888, 0x0888, 0x0888, 0x0888, 0x0888, 0x0888,
    0x0888, 0x0888, 0x0888, 0x0888, 0x0888, 0x0888, 0x0888, 0x0888,
    0x0888, 0x0888, 0x0888, 0x0888, 0x0888, 0x0888, 0x0888, 0x0888,
    0x0888, 0x0888, 0x0888, 0x0888, 0x0888, 0x0888, 0x0888, 0x0888,
    0x0888, 0x0888, 0x0888, 0x0888, 0x0888, 0x0888, 0x0888, 0x0888,
    0x0888, 0x0888, 0x0888, 0x0888, 0x0888, 0x0888, 0x0888, 0x0888,
    0x0888, 0x0888, 0x0888, 0x0888, 0x0888, 0x0888, 0x0888, 0x0888,
    0x0888, 0x0888, 0x0888, 0x0888, 0x0888, 0x0888, 0x0888, 0x0888,
    0x0888, 0x0888, 0x0888, 0x0888, 0x0888, 0x0888, 0x0888, 0x0888,
    0x0888, 0x0888, 0x0888, 0x0888, 0x0888, 0x0888, 0x0888, 0x0888,
    0x0888, 0x0888, 0x0888, 0x0888, 0x0888, 0x0888, 0x0888, 0x0888,
    0x0888, 0x0888, 0x0888, 0x0888, 0x0888, 0x0888, 0x0888, 0x0888,
    0x0888, 0x0888, 0x0888, 0x0888, 0x0888, 0x0888, 0x0888, 0x0888,
    0x0888, 0x0888, 0x0888, 0x0888, 0x0888, 0x0888, 0x0888, 0x0888,
    0x0888, 0x0888, 0x0888, 0x0888, 0x0888, 0x0888, 0x0888, 0x0888,
    0x0888, 0x0888, 0x0888, 0x0888, 0x0888, 0x0888, 0x0888, 0x0888,
    0x0888, 0x0888, 0x0888, 0x0888, 0x0888, 0x0888, 0x0888, 0xF347,
    0xF347, 0xF347, 0xF347, 0xF347, 0xF347, 0xF347, 0xF347, 0x0888,
    0x0888, 0x0888, 0x0888, 0x0888, 0x0888, 0x0888, 0x0888, 0x0888,
    0x0888, 0x0888, 0xF325, 0xF325, 0xF325, 0xF325, 0xF325, 0xF325,
    0xF325, 0x0888, 0x0888, 0x0888, 0x0888, 0x0888, 0x0888, 0x0888,
    0x0888, 0x0888, 0x0888, 0x0888, 0x0888, 0x0888, 0x0888, 0x0888,
    0x0888, 0x0888, 0x0888, 0x0888, 0x0888, 0x0888, 0x0888, 0x0888,
    0x0888, 0x0888, 0x0888, 0x0888, 0x0888, 0x0888, 0x0888, 0x0888,
    0x0888, 0x0888, 0x0888, 0x0888, 0x0888, 0x0888, 0x0888, 0x0888,
    0x0888, 0x0888, 0x0888, 0x0888, 0x0888, 0x0888, 0x0888, 0x0888,
    0x0888, 0x0888, 0x0888, 0x0888, 0x0888, 0x0888, 0x0888, 0x0888,
    0x0888, 0x0888, 0x0888, 0x0888, 0x0888, 0x0888, 0x0888, 0x0888,
    0x0888, 0x0888, 0x0888, 0x0888, 0x0888, 0x0888, 0x0888, 0x0888,
    0x0888, 0x0888, 0x0888, 0x0888, 0x0888, 0x0888, 0x0888, 0x0888,
    0x0888, 0x0888, 0x0888, 0x0888, 0x0888, 0x0888, 0x0888, 0x0888,
    0x0888, 0x0888, 0x0888, 0x0888, 0x0888, 0x0888, 0x0888, 0x0888,
    0x0888, 0x0888, 0x0888, 0x0888, 0x0888, 0x0888, 0x0888, 0x0888,
    0x0888, 0x0888, 0x0888, 0x0888, 0x0888, 0x0888, 0x0888, 0x0888,
    0x0888, 0x0888, 0x0888, 0x0888, 0x0888, 0x0888, 0x0888, 0x0888,
    0x0888, 0x0888, 0x0888, 0x0888, 0x0888, 0x0888, 0x0888, 0x0888,
    0x0888, 0x0888, 0x0888, 0x0888, 0x0888, 0x0888, 0x0888, 0x0888,
    0x0888, 0x0888, 0x0888, 0x0888, 0x0888, 0x0888, 0x0888, 0x0888,
    0x0888, 0x0888, 0x0888, 0x0888, 0x0888, 0x0888, 0x0888, 0x0888,
    0x0888, 0x0888, 0x0888, 0x0888, 0x0888, 0x0888, 0x0888, 0x0888,
    0x0888, 0x0888, 0x0888, 0x0888, 0x0888, 0x0888, 0x0888, 0x0888,
    0x0888, 0x0888, 0x0888, 0x0888, 0x0888, 0x0888, 0x0888, 0x0888,
    0x0888, 0x0888, 0x0888, 0x0888, 0x0888, 0x0888, 0x0888, 0x0888,
    0x0888, 0x0888, 0x0888, 0x0888, 0x0888, 0x0888, 0x0888, 0x0888,
    0x0888, 0x0888, 0x0888, 0x0888, 0x0888, 0x0888, 0x0888, 0x0888,
    0x0888, 0x0888, 0x0888, 0x0888, 0x0888, 0x0888, 0x0888, 0x0888,
    0x0888, 0x0888, 0x0888, 0x0888, 0x0888, 0x0888, 0x0888, 0x0888,
    0x0888, 0x0888, 0x0888, 0x0888, 0x0888, 0x0888, 0x0888, 0x0888,
    0x0888, 0x0888, 0x0888, 0x0888, 0x0888, 0x0888, 0xF347, 0xF347,
    0xF347, 0xF347, 0xF347, 0xF347, 0xF347, 0xF347, 0x0888, 0x0888,
    0x0888, 0x0888, 0x0888, 0x0888, 0x0888, 0x0888, 0x0888, 0x0888,
    0x0888, 0x0888, 0x0888, 0xF325, 0xF325, 0xF325, 0xF325, 0xF325,
    0xF325, 0x0888, 0x0888, 0x0888, 0x0888, 0x0888, 0x0888, 0x0888,
    0x0888, 0x0888, 0x0888, 0x0888, 0x0888, 0x0888, 0x0888, 0x0888,
    0x0888, 0x0888, 0x0888, 0x0888, 0x0888, 0x0888, 0x0888, 0x0888,
    0x0888, 0x0888, 0x0888, 0x0888, 0x0888, 0x0888, 0x0888, 0x0888,
    0x0888, 0x0888, 0x0888, 0x0888, 0x0888, 0x0888, 0x0888, 0x0888,
    0x0888, 0x0888, 0x0888, 0x0888, 0x0888, 0x0888, 0x0888, 0x0888,
    0x0888, 0x0888, 0x0888, 0x0888, 0x0888, 0x0888, 0x0888, 0x0888,
    0x0888, 0x0888, 0x0888, 0x0888, 0x0888, 0x0888, 0x0888, 0x0888,
    0x0888, 0x0888, 0x0888, 0x0888, 0x0888, 0x0888, 0x0888, 0x0888,
    0x0888, 0x0888, 0x0888, 0x0888, 0x0888, 0x0888, 0x0888, 0x0888,
    0x0888, 0x0888, 0x0888, 0x0888, 0x0888, 0x0888, 0x0888, 0x0888,
    0x0888, 0x0888, 0x0888, 0x0888, 0x0888, 0x0888, 0x0888, 0x0888,
    0x0888, 0x0888, 0x0888, 0x0888, 0x0888, 0x0888, 0x0888, 0x0888,
    0x0888, 0x0888, 0x0888, 0x0888, 0x0888, 0x0888, 0x0888, 0x0888,
    0x0888, 0x0888, 0x0888, 0x0888, 0x0888, 0x0888, 0x0888, 0x0888,
    0x0888, 0x0888, 0x0888, 0x0888, 0x0888, 0x0888, 0x0888, 0x0888,
    0x0888, 0x0888, 0x0888, 0x0888, 0x0888, 0x0888, 0x0888, 0x0888,
    0x0888, 0x0888, 0x0888, 0x0888, 0x0888, 0x0888, 0x0888, 0x0888,
    0x0888, 0x0888, 0x0888, 0x0888, 0x0888, 0x0888, 0x0888, 0x0888,
    0x0888, 0x0888, 0x0888, 0x0888, 0x0888, 0x0888, 0x0888, 0x0888,
    0x0888, 0x0888, 0x0888, 0x0888, 0x0888, 0x0888, 0x0888, 0x0888,
    0x0888, 0x0888, 0x0888, 0x0888, 0x0888, 0x0888, 0x0888, 0x0888,
    0x0888, 0x0888, 0x0888, 0x0888, 0x0888, 0x0888, 0x0888, 0x0888,
    0x0888, 0x0888, 0x0888, 0x0888, 0x0888, 0x0888, 0x0888, 0x0888,
    0x0888, 0x0888, 0x0888, 0x0888, 0x0888, 0x0888, 0x0888, 0x0888,
    0x0888, 0x0888, 0x0888, 0x0888, 0x0888, 0x0888, 0x0888, 0x0888,
    0x0888, 0x0888, 0x0888, 0x0888, 0x0888, 0x0888, 0x0888, 0x0888,
    0x0888, 0x0888, 0x0888, 0x0888, 0x0888, 0x0888, 0x0888, 0x0888,
    0x0888, 0x0888, 0x0888, 0x0888, 0x0888, 0x0888, 0xF347, 0xF347,
    0xF347, 0xF347, 0xF347, 0xF347, 0xF347, 0x0888, 0x0888, 0x0888,
    0x0888, 0x0888, 0x0888, 0x0888, 0x0888, 0x0888, 0x0888, 0x0888,
    0x0888, 0x0888, 0x0888, 0xF325, 0xF325, 0xF325, 0xF325, 0xF325,
    0xF325, 0x0888, 0x0888, 0x0888, 0x0888, 0x0888, 0x0888, 0x0888,
    0x0888, 0x0888, 0x0888, 0x0888, 0x0888, 0x0888, 0x0888, 0x0888,
    0x0888, 0x0888, 0x0888, 0x0888, 0x0888, 0x0888, 0x0888, 0x0888,
    0x0888, 0x0888, 0x0888, 0x0888, 0x0888, 0x0888, 0x0888, 0x0888,
    0x0888, 0x0888, 0x0888, 0x0888, 0x0888, 0x0888, 0x0888, 0x0888,
    0x0888, 0x0888, 0x0888, 0x0888, 0x0888, 0x0888, 0x0888, 0x0888,
    0x0888, 0x0888, 0x0888, 0x0888, 0x0888, 0x0888, 0x0888, 0x0888,
    0x0888, 0x0888, 0x0888, 0x0888, 0x0888, 0x0888, 0x0888, 0x0888,
    0x0888, 0x0888, 0x0888, 0x0888, 0x0888, 0x0888, 0x0888, 0x0888,
    0x0888, 0x0888, 0x0888, 0x0888, 0x0888, 0x0888, 0x0888, 0x0888,
    0x0888, 0x0888, 0x0888, 0x0888, 0x0888, 0x0888, 0x0888, 0x0888,
    0x0888, 0x0888, 0x0888, 0x0888, 0x0888, 0x0888, 0x0888, 0x0888,
    0x0888, 0x0888, 0x0888, 0x0888, 0x0888, 0x0888, 0x0888, 0x0888,
    0x0888, 0x0888, 0x0888, 0x0888, 0x0888, 0x0888, 0x0888, 0x0888,
    0x0888, 0x0888, 0x0888, 0x0888, 0x0888, 0x0888, 0x0888, 0x0888,
    0x0888, 0x0888, 0x0888, 0x0888, 0x0888, 0x0888, 0x0888, 0x0888,
    0x0888, 0x0888, 0x0888, 0x0888, 0x0888, 0x0888, 0x0888, 0x0888,
    0x0888, 0x0888, 0x0888, 0x0888, 0x0888, 0x0888, 0x0888, 0x0888,
    0x0888, 0x0888, 0x0888, 0x0888, 0x0888, 0x0888, 0x0888, 0x0888,
    0x0888, 0x0888, 0x0888, 0x0888, 0x0888, 0x0888, 0x0888, 0x0888,
    0x0888, 0x0888, 0x0888, 0x0888, 0x0888, 0x0888, 0x0888, 0x0888,
    0x0888, 0x0888, 0x0888, 0x0888, 0x0888, 0x0888, 0x0888, 0x0888,
    0x0888, 0x0888, 0x0888, 0x0888, 0x0888, 0x0888, 0x0888, 0x0888,
    0x0888, 0x0888, 0x0888, 0x0888, 0x0888, 0x0888, 0x0888, 0x0888,
    0x0888, 0x0888, 0x0888, 0x0888, 0x0888, 0x0888, 0x0888, 0x0888,
    0x0888, 0x0888, 0x0888, 0x0888, 0x0888, 0x0888, 0x0888, 0x0888,
    0x0888, 0x0888, 0x0888, 0x0888, 0x0888, 0x0888, 0x0888, 0x0888,
    0x0888, 0x0888, 0x0888, 0x0888, 0x0888, 0x0888, 0x0888, 0x0888,
    0x0888, 0x0888, 0x0888, 0x0888, 0x0888, 0xF347, 0xF347, 0xF347,
    0xF347, 0xF347, 0xF347, 0xF347, 0xF347, 0x0888, 0x0888, 0x0888,
    0x0888, 0x0888, 0x0888, 0x0888, 0x0888, 0x0888, 0x0888, 0x0888,
    0x0888, 0x0888, 0x0888, 0xF325, 0xF325, 0xF325, 0xF325, 0xF325,
    0xF325, 0x0888, 0x0888, 0x0888, 0x0888, 0x0888, 0x0888, 0x0888,
    0x0888, 0x0888, 0x0888, 0x0888, 0x0888, 0x0888, 0x0888, 0x0888,
    0x0888, 0x0888, 0x0888, 0x0888, 0x0888, 0x0888, 0x0888, 0x0888,
    0x0888, 0x0888, 0x0888, 0x0888, 0x0888, 0x0888, 0x0888, 0x0888,
    0x0888, 0x0888, 0x0888, 0x0888, 0x0888, 0x0888, 0x0888, 0x0888,
    0x0888, 0x0888, 0x0888, 0x0888, 0x0888, 0x0888, 0x0888, 0x0888,
    0x0888, 0x0888, 0x0888, 0x0888, 0x0888, 0x0888, 0x0888, 0x0888,
    0x0888, 0x0888, 0x0888, 0x0888, 0x0888, 0x0888, 0x0888, 0x0888,
    0x0888, 0x0888, 0x0888, 0x0888, 0x0888, 0x0888, 0x0888, 0x0888,
    0x0888, 0x0888, 0x0888, 0x0888, 0x0888, 0x0888, 0x0888, 0x0888,
    0x0888, 0x0888, 0x0888, 0x0888, 0x0888, 0x0888, 0x0888, 0x0888,
    0x0888, 0x0888, 0x0888, 0x0888, 0x0888, 0x0888, 0x0888, 0x0888,
    0x0888, 0x0888, 0x0888, 0x0888, 0x0888, 0x0888, 0x0888, 0x0888,
    0x0888, 0x0888, 0x0888, 0x0888, 0x0888, 0x0888, 0x0888, 0x0888,
    0x0888, 0x0888, 0x0888, 0x0888, 0x0888, 0x0888, 0x0888, 0x0888,
    0x0888, 0x0888, 0x0888, 0x0888, 0x0888, 0x0888, 0x0888, 0x0888,
    0x0888, 0x0888, 0x0888, 0x0888, 0x0888, 0x0888, 0x0888, 0x0888,
    0x0888, 0x0888, 0x0888, 0x0888, 0x0888, 0x0888, 0x0888, 0x0888,
    0x0888, 0x0888, 0x0888, 0x0888, 0x0888, 0x0888, 0x0888, 0x0888,
    0x0888, 0x0888, 0x0888, 0x0888, 0x0888, 0x0888, 0x0888, 0x0888,
    0x0888, 0x0888, 0x0888, 0x0888, 0x0888, 0x0888, 0x0888, 0x0888,
    0x0888, 0x0888, 0x0888, 0x0888, 0x0888, 0x0888, 0x0888, 0x0888,
    0x0888, 0x0888, 0x0888, 0x0888, 0x0888, 0x0888, 0x0888, 0x0888,
    0x0888, 0x0888, 0x0888, 0x0888, 0x0888, 0x0888, 0x0888, 0x0888,
    0x0888, 0x0888, 0x0888, 0x0888, 0x0888, 0x0888, 0x0888, 0x0888,
    0x0888, 0x0888, 0x0888, 0x0888, 0x0888, 0x0888, 0x0888, 0x0888,
    0x0888, 0x0888, 0x0888, 0x0888, 0x0888, 0x0888, 0x0888, 0x0888,
    0x0888, 0x0888, 0x0888, 0x0888, 0x0888, 0x0888, 0x0888, 0x0888,
    0x0888, 0x0888, 0x0888, 0x0888, 0x0888, 0xF347, 0xF347, 0xF347,
    0xF347, 0xF347, 0xF347, 0xF347, 0x0888, 0x0888, 0x0888, 0x0888,
    0x0888, 0x0888, 0x0888, 0x0888, 0x0888, 0x0888, 0x0888, 0x0888,
    0x0888, 0x0888, 0x0888, 0xF325, 0xF325, 0xF325, 0xF325, 0xF325,
    0xF325, 0x0888, 0x0888, 0x0888, 0x0888, 0x0888, 0x0888, 0x0888,
    0x0888, 0x0888, 0x0888, 0x0888, 0x0888, 0x0888, 0x0888, 0x0888,
    0x0888, 0x0888, 0x0888, 0x0888, 0x0888, 0x0888, 0x0888, 0x0888,
    0x0888, 0x0888, 0x0888, 0x0888, 0x0888, 0x0888, 0x0888, 0x0888,
    0x0888, 0x0888, 0x0888, 0x0888, 0x0888, 0x0888, 0x0888, 0x0888,
    0x0888, 0x0888, 0x0888, 0x0888, 0x0888, 0x0888, 0x0888, 0x0888,
    0x0888, 0x0888, 0x0888, 0x0888, 0x0888, 0x0888, 0x0888, 0x0888,
    0x0888, 0x0888, 0x0888, 0x0888, 0x0888, 0x0888, 0x0888, 0x0888,
    0x0888, 0x0888, 0x0888, 0x0888, 0x0888, 0x0888, 0x0888, 0x0888,
    0x0888, 0x0888, 0x0888, 0x0888, 0x0888, 0x0888, 0x0888, 0x0888,
    0x0888, 0x0888, 0x0888, 0x0888, 0x0888, 0x0888, 0x0888, 0x0888,
    0x0888, 0x0888, 0x0888, 0x0888, 0x0888, 0x0888, 0x0888, 0x0888,
    0x0888, 0x0888, 0x0888, 0x0888, 0x0888, 0x0888, 0x0888, 0x0888,
    0x0888, 0x0888, 0x0888, 0x0888, 0x0888, 0x0888, 0x0888, 0x0888,
    0x0888, 0x0888, 0x0888, 0x0888, 0x0888, 0x0888, 0x0888, 0x0888,
    0x0888, 0x0888, 0x0888, 0x0888, 0x0888, 0x0888, 0x0888, 0x0888,
    0x0888, 0x0888, 0x0888, 0x0888, 0x0888, 0x0888, 0x0888, 0x0888,
    0x0888, 0x0888, 0x0888, 0x0888, 0x0888, 0x0888, 0x0888, 0x0888,
    0x0888, 0x0888, 0x0888, 0x0888, 0x0888, 0x0888, 0x0888, 0x0888,
    0x0888, 0x0888, 0x0888, 0x0888, 0x0888, 0x0888, 0x0888, 0x0888,
    0x0888, 0x0888, 0x0888, 0x0888, 0x0888, 0x0888, 0x0888, 0x0888,
    0x0888, 0x0888, 0x0888, 0x0888, 0x0888, 0x0888, 0x0888, 0x0888,
    0x0888, 0x0888, 0x0888, 0x0888, 0x0888, 0x0888, 0x0888, 0x0888,
    0x0888, 0x0888, 0x0888, 0x0888, 0x0888, 0x0888, 0x0888, 0x0888,
    0x0888, 0x0888, 0x0888, 0x0888, 0x0888, 0x0888, 0x0888, 0x0888,
    0x0888, 0x0888, 0x0888, 0x0888, 0x0888, 0x0888, 0x0888, 0x0888,
    0x0888, 0x0888, 0x0888, 0x0888, 0x0888, 0x0888, 0x0888, 0x0888,
    0x0888, 0x0888, 0x0888, 0x0888, 0x0888, 0x0888, 0x0888, 0x0888,
    0x0888, 0x0888, 0x0888, 0x0888, 0x0888, 0xF347, 0xF347, 0xF347,
    0xF347, 0xF347, 0xF347, 0xF347, 0x0888, 0x0888, 0x0888, 0x0888,
    0x0888, 0x0888, 0x0888, 0x0888, 0x0888, 0x0888, 0x0888, 0x0888,
    0x0888, 0x0888, 0x0888, 0x0888, 0xF325, 0xF325, 0xF325, 0xF325,
    0xF325, 0x0888, 0x0888, 0x0888, 0x0888, 0x0888, 0x0888, 0x0888,
    0x0888, 0x0888, 0x0888, 0x0888, 0x0888, 0x0888, 0x0888, 0x0888,
    0x0888, 0x0888, 0x0888, 0x0888, 0x0888, 0x0888, 0x0888, 0x0888,
    0x0888, 0x0888, 0x0888, 0x0888, 0x0888, 0x0888, 0x0888, 0x0888,
    0x0888, 0x0888, 0x0888, 0x0888, 0x0888, 0x0888, 0x0888, 0x0888,
    0x0888, 0x0888, 0x0888, 0x0888, 0x0888, 0x0888, 0x0888, 0x0888,
    0x0888, 0x0888, 0x0888, 0x0888, 0x0888, 0x0888, 0x0888, 0x0888,
    0x0888, 0x0888, 0x0888, 0x0888, 0x0888, 0x0888, 0x0888, 0x0888,
    0x0888, 0x0888, 0x0888, 0x0888, 0x0888, 0x0888, 0x0888, 0x0888,
    0x0888, 0x0888, 0x0888, 0x0888, 0x0888, 0x0888, 0x0888, 0x0888,
    0x0888, 0x0888, 0x0888, 0x0888, 0x0888, 0x0888, 0x0888, 0x0888,
    0x0888, 0x0888, 0x0888, 0x0888, 0x0888, 0x0888, 0x0888, 0x0888,
    0x0888, 0x0888, 0x0888, 0x0888, 0x0888, 0x0888, 0x0888, 0x0888,
    0x0888, 0x0888, 0x0888, 0x0888, 0x0888, 0x0888, 0x0888, 0x0888,
    0x0888, 0x0888, 0x0888, 0x0888, 0x0888, 0x0888, 0x0888, 0x0888,
    0x0888, 0x0888, 0x0888, 0x0888, 0x0888, 0x0888, 0x0888, 0x0888,
    0x0888, 0x0888, 0x0888, 0x0888, 0x0888, 0x0888, 0x0888, 0x0888,
    0x0888, 0x0888, 0x0888, 0x0888, 0x0888, 0x0888, 0x0888, 0x0888,
    0x0888, 0x0888, 0x0888, 0x0888, 0x0888, 0x0888, 0x0888, 0x0888,
    0x0888, 0x0888, 0x0888, 0x0888, 0x0888, 0x0888, 0x0888, 0x0888,
    0x0888, 0x0888, 0x0888, 0x0888, 0x0888, 0x0888, 0x0888, 0x0888,
    0x0888, 0x0888, 0x0888, 0x0888, 0x0888, 0x0888, 0x0888, 0x0888,
    0x0888, 0x0888, 0x0888, 0x0888, 0x0888, 0x0888, 0x0888, 0x0888,
    0x0888, 0x0888, 0x0888, 0x0888, 0x0888, 0x0888, 0x0888, 0x0888,
    0x0888, 0x0888, 0x0888, 0x0888, 0x0888, 0x0888, 0x0888, 0x0888,
    0x0888, 0x0888, 0x0888, 0x0888, 0x0888, 0x0888, 0x0888, 0x0888,
    0x0888, 0x0888, 0x0888, 0x0888, 0x0888, 0x0888, 0x0888, 0x0888,
    0x0888, 0x0888, 0x0888, 0x0888, 0x0888, 0x0888, 0x0888, 0x0888,
    0x0888, 0x0888, 0x0888, 0x0888, 0x0888, 0x0888, 0xF347, 0xF347,
    0xF347, 0xF347, 0xF347, 0x0888, 0x0888, 0x0888, 0x0888, 0x0888,
    0x0888, 0x0888, 0x0888, 0x0888, 0x0888, 0x0888, 0x0888, 0x0888,
    0x0888, 0x0888, 0x0888, 0x0888, 0x0888, 0xF325, 0xF325, 0xF325,
    0x0888, 0x0888, 0x0888, 0x0888, 0x0888, 0x0888, 0x0888, 0x0888,
    0x0888, 0x0888, 0x0888, 0x0888, 0x0888, 0x0888, 0x0888, 0x0888,
    0x0888, 0x0888, 0x0888, 0x0888, 0x0888, 0x0888, 0x0888, 0x0888,
    0x0888, 0x0888, 0x0888, 0x0888, 0x0888, 0x0888, 0x0888, 0x0888,
    0x0888, 0x0888, 0x0888, 0x0888, 0x0888, 0x0888, 0x0888, 0x0888,
    0x0888, 0x0888, 0x0888, 0x0888, 0x0888, 0x0888, 0x0888, 0x0888,
    0x0888, 0x0888, 0x0888, 0x0888, 0x0888, 0x0888, 0x0888, 0x0888,
    0x0888, 0x0888, 0x0888, 0x0888, 0x0888, 0x0888, 0x0888, 0x0888,
    0x0888, 0x0888, 0x0888, 0x0888, 0x0888, 0x0888, 0x0888, 0x0888,
    0x0888, 0x0888, 0x0888, 0x0888, 0x0888, 0x0888, 0x0888, 0x0888,
    0x0888, 0x0888, 0x0888, 0x0888, 0x0888, 0x0888, 0x0888, 0x0888,
    0x0888, 0x0888, 0x0888, 0x0888, 0x0888, 0x0888, 0x0888, 0x0888,
    0x0888, 0x0888, 0x0888, 0x0888, 0x0888, 0x0888, 0x0888, 0x0888,
    0x0888, 0x0888, 0x0888, 0x0888, 0x0888, 0x0888, 0x0888, 0x0888,
    0x0888, 0x0888, 0x0888, 0x0888, 0x0888, 0x0888, 0x0888, 0x0888,
    0x0888, 0x0888, 0x0888, 0x0888, 0x0888, 0x0888, 0x0888, 0x0888,
    0x0888, 0x0888, 0x0888, 0x0888, 0x0888, 0x0888, 0x0888, 0x0888,
    0x0888, 0x0888, 0x0888, 0x0888, 0x0888, 0x0888, 0x0888, 0x0888,
    0x0888, 0x0888, 0x0888, 0x0888, 0x0888, 0x0888, 0x0888, 0x0888,
    0x0888, 0x0888, 0x0888, 0x0888, 0x0888, 0x0888, 0x0888, 0x0888,
    0x0888, 0x0888, 0x0888, 0x0888, 0x0888, 0x0888, 0x0888, 0x0888,
    0x0888, 0x0888, 0x0888, 0x0888, 0x0888, 0x0888, 0x0888, 0x0888,
    0x0888, 0x0888, 0x0888, 0x0888, 0x0888, 0x0888, 0x0888, 0x0888,
    0x0888, 0x0888, 0x0888, 0x0888, 0x0888, 0x0888, 0x0888, 0x0888,
    0x0888, 0x0888, 0x0888, 0x0888, 0x0888, 0x0888, 0x0888, 0x0888,
    0x0888, 0x0888, 0x0888, 0x0888, 0x0888, 0x0888, 0x0888, 0x0888,
    0x0888, 0x0888, 0x0888, 0x0888, 0x0888, 0x0888, 0x0888, 0x0888,
    0x0888, 0x0888, 0x0888, 0x0888, 0x0888, 0x0888, 0x0888, 0x0888,
    0x0888, 0x0888, 0x0888, 0x0888, 0x0888, 0x0888, 0x0888, 0xF347,
    0xF347, 0xF347, 0x0888, 0x0888, 0x0888, 0x0888, 0x0888, 0x0888,
    0x0888, 0x0888, 0x0888, 0x0888, 0x0888, 0x0888, 0x0888, 0x0888,
    0x0888, 0x0888, 0x0888, 0x0888, 0x0888, 0x0888, 0x0888, 0x0888,
    0x0888, 0x0888, 0x0888, 0x0888, 0x0888, 0x0888, 0x0888, 0x0888,
    0x0888, 0x0888, 0x0888, 0x0888, 0x0888, 0x0888, 0x0888, 0x0888,
    0x0888, 0x0888, 0x0888, 0x0888, 0x0888, 0x0888, 0x0888, 0x0888,
    0x0888, 0x0888, 0x0888, 0x0888, 0x0888, 0x0888, 0x0888, 0x0888,
    0x0888, 0x0888, 0x0888, 0x0888, 0x0888, 0x0888, 0x0888, 0x0888,
    0x0888, 0x0888, 0x0888, 0x0888, 0x0888, 0x0888, 0x0888, 0x0888,
    0x0888, 0x0888, 0x0888, 0x0888, 0x0888, 0x0888, 0x0888, 0x0888,
    0x0888, 0x0888, 0x0888, 0x0888, 0x0888, 0x0888, 0x0888, 0x0888,
    0x0888, 0x0888, 0x0888, 0x0888, 0x0888, 0x0888, 0x0888, 0x0888,
    0x0888, 0x0888, 0x0888, 0x0888, 0x0888, 0x0888, 0x0888, 0x0888,
    0x0888, 0x0888, 0x0888, 0x0888, 0x0888, 0x0888, 0x0888, 0x0888,
    0x0888, 0x0888, 0x0888, 0x0888, 0x0888, 0x0888, 0x0888, 0x0888,
    0x0888, 0x0888, 0x0888, 0x0888, 0x0888, 0x0888, 0x0888, 0x0888,
    0x0888, 0x0888, 0x0888, 0x0888, 0x0888, 0x0888, 0x0888, 0x0888,
    0x0888, 0x0888, 0x0888, 0x0888, 0x0888, 0x0888, 0x0888, 0x0888,
    0x0888, 0x0888, 0x0888, 0x0888, 0x0888, 0x0888, 0x0888, 0x0888,
    0x0888, 0x0888, 0x0888, 0x0888, 0x0888, 0x0888, 0x0888, 0x0888,
    0x0888, 0x0888, 0x0888, 0x0888, 0x0888, 0x0888, 0x0888, 0x0888,
    0x0888, 0x0888, 0x0888, 0x0888, 0x0888, 0x0888, 0x0888, 0x0888,
    0x0888, 0x0888, 0x0888, 0x0888, 0x0888, 0x0888, 0x0888, 0x0888,
    0x0888, 0x0888, 0x0888, 0x0888, 0x0888, 0x0888, 0x0888, 0x0888,
    0x0888, 0x0888, 0x0888, 0x0888, 0x0888, 0x0888, 0x0888, 0x0888,
    0x0888, 0x0888, 0x0888, 0x0888, 0x0888, 0x0888, 0x0888, 0x0888,
    0x0888, 0x0888, 0x0888, 0x0888, 0x0888, 0x0888, 0x0888, 0x0888,
    0x0888, 0x0888, 0x0888, 0x0888, 0x0888, 0x0888, 0x0888, 0x0888,
};

static inline xmc::Sprite createBmpShapoSprite() {
  return xmc::createSprite4444(
    256,
    256,
    (void *)bmpShapoData
  );
}

#endif
